SET @OLD_CHARACTER_SET_CLIENT=@@CHARACTER_SET_CLIENT;
SET NAMES utf8;
SET NAMES utf8mb4;
SET @OLD_TIME_ZONE=@@TIME_ZONE;
SET TIME_ZONE='+00:00';
SET @OLD_FOREIGN_KEY_CHECKS=@@FOREIGN_KEY_CHECKS, FOREIGN_KEY_CHECKS=0;
SET @OLD_SQL_MODE=@@SQL_MODE, SQL_MODE='NO_AUTO_VALUE_ON_ZERO';
SET @OLD_SQL_NOTES=@@SQL_NOTES, SQL_NOTES=0;

INSERT INTO `approval` (`id`, `create_time`, `update_time`, `approve_user_id`, `copy_user_id`, `meeting_id`, `meeting_topic_id`, `plan_id`, `progress_id`, `request_user_id`, `approval_type`, `matter_form_id`) VALUES
	(11, '2022-06-22 09:25:25.764751', '2022-06-22 09:25:25.764751', 1, NULL, NULL, 1, NULL, NULL, NULL, NULL, NULL),
	(12, '2022-06-22 09:29:38.344481', '2022-06-22 09:29:38.344481', 1, NULL, NULL, 2, NULL, NULL, NULL, NULL, NULL),
	(13, '2022-06-22 09:32:17.461596', '2022-06-22 09:32:17.461596', 1, NULL, NULL, 3, NULL, NULL, NULL, NULL, NULL),
	(14, '2022-06-22 09:35:20.236672', '2022-06-22 09:35:20.236672', 1, NULL, NULL, 4, NULL, NULL, NULL, NULL, NULL),
	(15, '2022-06-22 09:37:47.979886', '2022-06-22 09:37:47.979886', 1, NULL, NULL, 5, NULL, NULL, NULL, NULL, NULL),
	(16, '2022-06-22 09:48:42.644277', '2022-06-22 09:48:42.644277', 1, NULL, NULL, 8, NULL, NULL, NULL, NULL, NULL),
	(17, '2022-06-22 09:53:56.901966', '2022-06-22 09:53:56.901966', 1, NULL, NULL, 9, NULL, NULL, NULL, NULL, NULL),
	(18, '2022-06-22 09:56:53.375730', '2022-06-22 09:56:53.375730', 1, NULL, NULL, 10, NULL, NULL, NULL, NULL, NULL),
	(19, '2022-06-22 10:00:18.101276', '2022-06-22 10:00:18.101276', 1, NULL, NULL, 11, NULL, NULL, NULL, NULL, NULL),
	(20, '2022-06-22 10:04:00.490744', '2022-06-22 10:04:00.490744', 1, NULL, NULL, 12, NULL, NULL, NULL, NULL, NULL),
	(21, '2022-06-22 10:06:25.741811', '2022-06-22 10:06:25.741811', 1, NULL, NULL, 13, NULL, NULL, NULL, NULL, NULL),
	(22, '2022-06-22 10:10:26.996799', '2022-06-22 10:10:26.996799', 1, NULL, NULL, 14, NULL, NULL, NULL, NULL, NULL),
	(23, '2022-06-22 10:12:57.058596', '2022-06-22 10:12:57.058596', 1, NULL, NULL, 15, NULL, NULL, NULL, NULL, NULL),
	(24, '2022-06-22 10:16:41.787490', '2022-06-22 10:16:41.787490', 1, NULL, NULL, 16, NULL, NULL, NULL, NULL, NULL),
	(25, '2022-06-22 10:18:50.325287', '2022-06-22 10:18:50.325287', 1, NULL, NULL, 17, NULL, NULL, NULL, NULL, NULL),
	(26, '2022-06-22 10:20:53.119294', '2022-06-22 10:20:53.119294', 1, NULL, NULL, 18, NULL, NULL, NULL, NULL, NULL),
	(27, '2022-06-22 10:22:46.556498', '2022-06-22 10:22:46.556498', 1, NULL, NULL, 19, NULL, NULL, NULL, NULL, NULL),
	(28, '2022-06-22 10:24:34.590958', '2022-06-22 10:24:34.590958', 1, NULL, NULL, 20, NULL, NULL, NULL, NULL, NULL),
	(29, '2022-06-22 10:26:28.607896', '2022-06-22 10:26:28.607896', 1, NULL, NULL, 21, NULL, NULL, NULL, NULL, NULL),
	(30, '2022-06-22 10:28:45.979118', '2022-06-22 10:28:45.979118', 1, NULL, NULL, 22, NULL, NULL, NULL, NULL, NULL),
	(32, '2022-07-19 15:54:39.019021', '2022-07-19 15:54:39.019021', 6, NULL, NULL, NULL, 2, NULL, 48, NULL, NULL),
	(33, '2022-07-21 16:03:18.323687', '2022-07-21 16:03:18.323687', 317, NULL, NULL, 23, NULL, NULL, 207, NULL, NULL),
	(34, '2022-07-21 16:06:37.723352', '2022-07-21 16:06:37.723352', 317, NULL, NULL, 24, NULL, NULL, 208, NULL, NULL),
	(35, '2022-07-21 16:08:28.565873', '2022-07-21 16:08:28.565873', 317, NULL, NULL, 25, NULL, NULL, 209, NULL, NULL),
	(41, '2022-07-25 22:00:54.000000', '2022-07-25 22:00:54.000000', 1, NULL, NULL, 26, NULL, NULL, NULL, NULL, NULL),
	(43, '2022-07-26 16:55:44.381124', '2022-07-26 16:55:44.381124', 324, NULL, NULL, 28, NULL, NULL, 268, NULL, NULL),
	(60, '2022-07-28 15:12:29.156820', '2022-07-28 15:12:29.156820', 324, NULL, NULL, 37, NULL, NULL, 324, NULL, NULL),
	(61, '2022-07-28 16:48:11.649284', '2022-07-28 16:48:11.649284', 324, NULL, NULL, 38, NULL, NULL, 335, NULL, NULL),
	(65, '2022-07-29 17:35:07.486823', '2022-07-29 17:35:07.486823', 324, NULL, NULL, 39, NULL, NULL, 269, NULL, NULL),
	(66, '2022-07-29 17:39:18.370540', '2022-07-29 17:39:18.370540', 324, NULL, NULL, 40, NULL, NULL, 271, NULL, NULL),
	(67, '2022-07-29 17:40:38.362627', '2022-07-29 17:40:38.362627', 324, NULL, NULL, 41, NULL, NULL, 272, NULL, NULL),
	(68, '2022-07-29 17:49:10.111915', '2022-07-29 17:49:10.111915', 324, NULL, NULL, 42, NULL, NULL, 270, NULL, NULL),
	(72, '2022-08-01 11:38:11.055677', '2022-08-01 11:38:11.055677', 324, NULL, NULL, 44, NULL, NULL, 267, NULL, NULL),
	(76, '2022-08-03 08:39:43.799845', '2022-08-03 08:39:43.799845', 311, NULL, NULL, 45, NULL, NULL, 311, NULL, NULL),
	(77, '2022-08-03 08:41:36.403956', '2022-08-03 08:41:36.403956', 311, NULL, NULL, 46, NULL, NULL, 145, NULL, NULL),
	(78, '2022-08-03 08:43:13.861753', '2022-08-03 08:43:13.861753', 311, NULL, NULL, 47, NULL, NULL, 143, NULL, NULL),
	(83, '2022-08-03 09:12:40.038102', '2022-08-03 09:12:40.038102', 3, NULL, 13, NULL, NULL, NULL, 311, NULL, NULL),
	(85, '2022-08-03 14:59:20.251602', '2022-08-03 14:59:20.251602', 321, NULL, NULL, 53, NULL, NULL, 321, NULL, NULL),
	(86, '2022-08-03 15:12:44.008366', '2022-08-03 15:12:44.008366', 321, NULL, NULL, 54, NULL, NULL, 332, NULL, NULL),
	(87, '2022-08-03 15:21:42.432676', '2022-08-03 15:21:42.432676', 321, NULL, NULL, 55, NULL, NULL, 252, NULL, NULL),
	(89, '2022-08-03 15:32:25.051946', '2022-08-03 15:32:25.051946', 321, NULL, NULL, 57, NULL, NULL, 254, NULL, NULL),
	(90, '2022-08-03 15:34:34.358972', '2022-08-03 15:34:34.358972', 321, NULL, NULL, 58, NULL, NULL, 251, NULL, NULL),
	(91, '2022-08-03 16:07:55.872262', '2022-08-03 16:07:55.872262', 321, NULL, NULL, 59, NULL, NULL, 253, NULL, NULL),
	(92, '2022-08-03 16:12:45.493076', '2022-08-03 16:12:45.493076', 321, NULL, NULL, 60, NULL, NULL, 250, NULL, NULL),
	(93, '2022-08-03 16:30:46.594576', '2022-08-03 16:30:46.594576', 1, NULL, 3, NULL, NULL, NULL, 324, NULL, NULL),
	(94, '2022-08-04 09:27:58.776210', '2022-08-04 09:27:58.776210', 317, NULL, NULL, 61, NULL, NULL, 317, NULL, NULL),
	(95, '2022-08-04 09:29:39.454393', '2022-08-04 09:29:39.454393', 15, NULL, 2, NULL, NULL, NULL, 317, NULL, NULL),
	(96, '2022-08-04 09:36:00.926470', '2022-08-04 09:36:00.926470', 1, NULL, 6, NULL, NULL, NULL, 321, NULL, NULL),
	(97, '2022-08-04 16:35:01.467134', '2022-08-04 16:35:01.467134', 329, NULL, NULL, 62, NULL, NULL, 329, NULL, NULL),
	(98, '2022-08-04 16:37:16.102739', '2022-08-04 16:37:16.102739', 329, NULL, NULL, 63, NULL, NULL, 340, NULL, NULL),
	(99, '2022-08-04 16:38:37.356250', '2022-08-04 16:38:37.356250', 329, NULL, NULL, 64, NULL, NULL, 293, NULL, NULL),
	(100, '2022-08-04 16:40:15.773031', '2022-08-04 16:40:15.773031', 329, NULL, NULL, 65, NULL, NULL, 294, NULL, NULL),
	(101, '2022-08-04 16:41:51.558609', '2022-08-04 16:41:51.558609', 329, NULL, NULL, 66, NULL, NULL, 296, NULL, NULL),
	(102, '2022-08-04 16:43:17.143007', '2022-08-04 16:43:17.143007', 329, NULL, NULL, 67, NULL, NULL, 295, NULL, NULL),
	(103, '2022-08-04 16:44:30.714275', '2022-08-04 16:44:30.714275', 329, NULL, NULL, 68, NULL, NULL, 297, NULL, NULL),
	(104, '2022-08-04 16:45:39.905009', '2022-08-04 16:45:39.905009', 329, NULL, NULL, 69, NULL, NULL, 298, NULL, NULL),
	(105, '2022-08-04 16:47:03.300929', '2022-08-04 16:47:03.300929', 329, NULL, NULL, 70, NULL, NULL, 299, NULL, NULL),
	(106, '2022-08-04 16:50:41.382366', '2022-08-04 16:50:41.382366', 1, NULL, 14, NULL, NULL, NULL, 329, NULL, NULL),
	(111, '2022-08-05 15:22:35.963628', '2022-08-05 15:22:35.963628', 318, NULL, NULL, 73, NULL, NULL, 346, NULL, NULL),
	(112, '2022-08-05 15:46:27.784098', '2022-08-05 15:46:27.784098', 318, NULL, NULL, 74, NULL, NULL, 215, NULL, NULL),
	(114, '2022-08-05 16:13:23.999579', '2022-08-05 16:13:23.999579', 318, NULL, NULL, 75, NULL, NULL, 318, NULL, NULL),
	(115, '2022-08-05 16:14:30.023248', '2022-08-05 16:14:30.023248', 6, NULL, 18, NULL, NULL, NULL, 318, NULL, NULL),
	(120, '2022-08-06 09:41:44.720743', '2022-08-06 09:41:44.720743', 322, NULL, NULL, 80, NULL, NULL, 256, NULL, NULL),
	(121, '2022-08-06 09:42:16.628828', '2022-08-06 09:42:16.628828', 322, NULL, NULL, 81, NULL, NULL, 257, NULL, NULL),
	(122, '2022-08-06 09:43:01.005041', '2022-08-06 09:43:01.005041', 322, NULL, NULL, 82, NULL, NULL, 259, NULL, NULL),
	(123, '2022-08-06 09:43:27.056309', '2022-08-06 09:43:27.056309', 322, NULL, NULL, 83, NULL, NULL, 258, NULL, NULL),
	(124, '2022-08-06 09:43:56.795997', '2022-08-06 09:43:56.795997', 322, NULL, NULL, 84, NULL, NULL, 260, NULL, NULL),
	(125, '2022-08-06 09:44:26.178236', '2022-08-06 09:44:26.178236', 322, NULL, NULL, 85, NULL, NULL, 333, NULL, NULL),
	(126, '2022-08-06 09:44:56.554015', '2022-08-06 09:44:56.554015', 322, NULL, NULL, 86, NULL, NULL, 322, NULL, NULL),
	(127, '2022-08-06 09:45:57.215636', '2022-08-06 09:45:57.215636', 322, NULL, NULL, 87, NULL, NULL, 255, NULL, NULL),
	(128, '2022-08-06 09:58:04.860256', '2022-08-06 09:58:04.860256', 1, NULL, 20, NULL, NULL, NULL, 322, NULL, NULL),
	(129, '2022-08-06 10:06:51.564814', '2022-08-06 10:06:51.564814', 325, NULL, NULL, 88, NULL, NULL, 274, NULL, NULL),
	(130, '2022-08-06 10:17:55.051526', '2022-08-06 10:17:55.051526', 325, NULL, NULL, 89, NULL, NULL, 336, NULL, NULL),
	(131, '2022-08-06 10:24:36.016386', '2022-08-06 10:24:36.016386', 325, NULL, NULL, 90, NULL, NULL, 276, NULL, NULL),
	(132, '2022-08-06 10:28:06.354703', '2022-08-06 10:28:06.354703', 325, NULL, NULL, 91, NULL, NULL, 275, NULL, NULL),
	(133, '2022-08-06 10:29:57.030343', '2022-08-06 10:29:57.030343', 325, NULL, NULL, 92, NULL, NULL, 278, NULL, NULL),
	(134, '2022-08-06 10:31:15.145528', '2022-08-06 10:31:15.145528', 325, NULL, NULL, 93, NULL, NULL, 325, NULL, NULL),
	(136, '2022-08-06 10:50:17.575572', '2022-08-06 10:50:17.575572', 325, NULL, NULL, 94, NULL, NULL, 273, NULL, NULL),
	(137, '2022-08-06 10:52:17.153890', '2022-08-06 10:52:17.153890', 325, NULL, NULL, 95, NULL, NULL, 277, NULL, NULL),
	(139, '2022-08-08 08:39:02.395028', '2022-08-08 08:39:02.395028', 320, NULL, NULL, 96, NULL, NULL, 245, NULL, NULL),
	(140, '2022-08-08 08:41:51.568176', '2022-08-08 08:41:51.568176', 320, NULL, NULL, 97, NULL, NULL, 331, NULL, NULL),
	(141, '2022-08-08 08:43:09.433411', '2022-08-08 08:43:09.433411', 320, NULL, NULL, 98, NULL, NULL, 243, NULL, NULL),
	(142, '2022-08-08 08:52:12.328259', '2022-08-08 08:52:12.328259', 320, NULL, NULL, 99, NULL, NULL, 248, NULL, NULL),
	(143, '2022-08-08 08:53:01.473173', '2022-08-08 08:53:01.473173', 320, NULL, NULL, 100, NULL, NULL, 249, NULL, NULL),
	(144, '2022-08-08 08:53:05.895761', '2022-08-08 08:53:05.895761', 320, NULL, NULL, 101, NULL, NULL, 247, NULL, NULL),
	(146, '2022-08-08 08:58:16.527650', '2022-08-08 08:58:16.527650', 320, NULL, NULL, 103, NULL, NULL, 244, NULL, NULL),
	(147, '2022-08-08 09:35:54.959793', '2022-08-08 09:35:54.959793', 1, NULL, 19, NULL, NULL, NULL, 325, NULL, NULL),
	(148, '2022-08-08 10:03:32.191566', '2022-08-08 10:03:32.191566', 320, NULL, NULL, 104, NULL, NULL, 246, NULL, NULL),
	(151, '2022-08-08 15:06:33.934643', '2022-08-08 15:06:33.934643', 326, NULL, NULL, 105, NULL, NULL, 326, NULL, NULL),
	(152, '2022-08-08 15:07:38.156450', '2022-08-08 15:07:38.156450', 326, NULL, NULL, 106, NULL, NULL, 282, NULL, NULL),
	(153, '2022-08-08 15:08:06.425323', '2022-08-08 15:08:06.425323', 306, NULL, NULL, 107, NULL, NULL, 306, NULL, NULL),
	(154, '2022-08-08 15:14:18.827173', '2022-08-08 15:14:18.827173', 326, NULL, NULL, 108, NULL, NULL, 281, NULL, NULL),
	(155, '2022-08-08 15:15:45.214625', '2022-08-08 15:15:45.214625', 326, NULL, NULL, 109, NULL, NULL, 226, NULL, NULL),
	(156, '2022-08-08 15:16:38.533111', '2022-08-08 15:16:38.533111', 326, NULL, NULL, 110, NULL, NULL, 345, NULL, NULL),
	(157, '2022-08-08 15:19:37.388221', '2022-08-08 15:19:37.388221', 326, NULL, NULL, 111, NULL, NULL, 337, NULL, NULL),
	(159, '2022-08-08 15:33:50.093795', '2022-08-08 15:33:50.093795', 326, NULL, NULL, 113, NULL, NULL, 279, NULL, NULL),
	(160, '2022-08-08 15:34:56.300329', '2022-08-08 15:34:56.300329', 326, NULL, NULL, 114, NULL, NULL, 344, NULL, NULL),
	(161, '2022-08-08 15:37:34.481102', '2022-08-08 15:37:34.481102', 326, NULL, NULL, 115, NULL, NULL, 280, NULL, NULL),
	(162, '2022-08-08 16:00:28.238645', '2022-08-08 16:00:28.238645', 1, NULL, 22, NULL, NULL, NULL, 326, NULL, NULL),
	(163, '2022-08-08 16:36:42.977330', '2022-08-08 16:36:42.977330', 306, NULL, NULL, 116, NULL, NULL, 40, NULL, NULL),
	(164, '2022-08-08 16:38:08.433606', '2022-08-08 16:38:08.433606', 5, NULL, 21, NULL, NULL, NULL, 306, NULL, NULL),
	(165, '2022-08-08 16:46:26.955870', '2022-08-08 16:46:26.955870', 6, NULL, NULL, 117, NULL, NULL, 307, NULL, NULL),
	(166, '2022-08-08 16:48:21.481701', '2022-08-08 16:48:21.481701', 315, NULL, NULL, 118, NULL, NULL, 315, NULL, NULL),
	(167, '2022-08-08 16:50:30.005614', '2022-08-08 16:50:30.005614', 315, NULL, NULL, 119, NULL, NULL, 202, NULL, NULL),
	(168, '2022-08-08 16:56:17.187540', '2022-08-08 16:56:17.187540', 307, NULL, NULL, 120, NULL, NULL, 48, NULL, NULL),
	(169, '2022-08-08 16:58:36.726320', '2022-08-08 16:58:36.726320', 6, NULL, 23, NULL, NULL, NULL, 315, NULL, NULL),
	(170, '2022-08-09 09:29:46.913545', '2022-08-09 09:29:46.913545', 307, NULL, NULL, 121, NULL, NULL, 50, NULL, NULL),
	(171, '2022-08-09 09:48:01.531381', '2022-08-09 09:48:01.531381', 307, NULL, NULL, 122, NULL, NULL, 49, NULL, NULL),
	(172, '2022-08-09 09:50:21.886018', '2022-08-09 09:50:21.886018', 6, NULL, 25, NULL, NULL, NULL, 307, NULL, NULL),
	(173, '2022-08-09 09:50:21.886018', '2022-08-09 09:50:21.886018', 1, NULL, NULL, 123, NULL, NULL, 29, NULL, NULL),
	(179, '2022-08-09 16:37:07.758196', '2022-08-09 16:37:07.758196', 320, NULL, NULL, 125, NULL, NULL, 242, NULL, NULL),
	(180, '2022-08-09 16:49:00.572360', '2022-08-09 16:49:00.572360', 1, NULL, NULL, 126, NULL, NULL, 320, NULL, NULL),
	(181, '2022-08-10 08:57:01.055161', '2022-08-10 08:57:01.055161', 343, NULL, NULL, 127, NULL, NULL, 343, NULL, NULL),
	(182, '2022-08-10 08:59:24.444183', '2022-08-10 08:59:24.444183', 343, NULL, NULL, 128, NULL, NULL, 186, NULL, NULL),
	(183, '2022-08-10 09:02:11.774558', '2022-08-10 09:02:11.774558', 343, NULL, NULL, 129, NULL, NULL, 187, NULL, NULL),
	(194, '2022-08-10 16:06:32.257710', '2022-08-10 16:06:32.257710', 1, NULL, 11, NULL, NULL, NULL, 320, NULL, NULL),
	(198, '2022-08-11 09:56:18.767082', '2022-08-11 09:56:18.767082', 308, NULL, NULL, 132, NULL, NULL, 78, NULL, NULL),
	(199, '2022-08-11 10:03:12.079378', '2022-08-11 10:03:12.079378', 308, NULL, NULL, 133, NULL, NULL, 308, NULL, NULL),
	(200, '2022-08-11 10:07:20.033831', '2022-08-11 10:07:20.033831', 308, NULL, NULL, 134, NULL, NULL, 75, NULL, NULL),
	(201, '2022-08-11 10:14:06.278375', '2022-08-11 10:14:06.278375', 308, NULL, NULL, 135, NULL, NULL, 77, NULL, NULL),
	(202, '2022-08-11 10:16:00.067340', '2022-08-11 10:16:00.067340', 308, NULL, NULL, 136, NULL, NULL, 76, NULL, NULL),
	(203, '2022-08-11 10:20:00.244124', '2022-08-11 10:20:00.244124', 15, NULL, 32, NULL, NULL, NULL, 308, NULL, NULL),
	(207, '2022-08-11 14:24:11.694132', '2022-08-11 14:24:11.694132', 1, NULL, NULL, 140, NULL, NULL, 323, NULL, NULL),
	(208, '2022-08-11 14:25:37.435376', '2022-08-11 14:25:37.435376', 323, NULL, NULL, 141, NULL, NULL, 261, NULL, NULL),
	(209, '2022-08-11 14:31:01.398850', '2022-08-11 14:31:01.398850', 323, NULL, NULL, 142, NULL, NULL, 262, NULL, NULL),
	(210, '2022-08-11 14:31:54.387218', '2022-08-11 14:31:54.387218', 323, NULL, NULL, 143, NULL, NULL, 265, NULL, NULL),
	(211, '2022-08-11 14:32:36.740065', '2022-08-11 14:32:36.740065', 323, NULL, NULL, 144, NULL, NULL, 264, NULL, NULL),
	(212, '2022-08-11 14:33:18.807831', '2022-08-11 14:33:18.807831', 323, NULL, NULL, 145, NULL, NULL, 263, NULL, NULL),
	(213, '2022-08-11 14:34:02.967816', '2022-08-11 14:34:02.967816', 323, NULL, NULL, 146, NULL, NULL, 266, NULL, NULL),
	(214, '2022-08-11 14:35:03.490124', '2022-08-11 14:35:03.490124', 323, NULL, NULL, 147, NULL, NULL, 334, NULL, NULL),
	(217, '2022-08-11 15:15:54.875393', '2022-08-11 15:15:54.875393', 1, NULL, 34, NULL, NULL, NULL, 323, NULL, NULL),
	(218, '2022-08-11 15:20:45.983383', '2022-08-11 15:20:45.983383', 319, NULL, NULL, 148, NULL, NULL, 319, NULL, NULL),
	(219, '2022-08-11 15:22:11.644172', '2022-08-11 15:22:11.644172', 319, NULL, NULL, 149, NULL, NULL, 236, NULL, NULL),
	(220, '2022-08-11 15:23:09.990226', '2022-08-11 15:23:09.990226', 319, NULL, NULL, 150, NULL, NULL, 239, NULL, NULL),
	(221, '2022-08-11 15:38:56.911911', '2022-08-11 15:38:56.911911', 17, NULL, 29, NULL, NULL, NULL, 319, NULL, NULL),
	(229, '2022-08-12 11:10:31.529949', '2022-08-12 11:10:31.529949', 312, NULL, NULL, 151, NULL, NULL, 312, NULL, NULL),
	(230, '2022-08-12 11:12:13.758904', '2022-08-12 11:12:13.758904', 312, NULL, NULL, 152, NULL, NULL, 155, NULL, NULL),
	(231, '2022-08-12 11:14:49.760198', '2022-08-12 11:14:49.760198', 312, NULL, NULL, 153, NULL, NULL, 165, NULL, NULL),
	(232, '2022-08-12 11:15:42.035008', '2022-08-12 11:15:42.035008', 312, NULL, NULL, 154, NULL, NULL, 156, NULL, NULL),
	(233, '2022-08-12 11:16:28.618097', '2022-08-12 11:16:28.618097', 312, NULL, NULL, 155, NULL, NULL, 158, NULL, NULL),
	(234, '2022-08-12 11:17:59.687598', '2022-08-12 11:17:59.687598', 21, NULL, 35, NULL, NULL, NULL, 312, NULL, NULL),
	(236, '2022-08-12 15:13:06.449729', '2022-08-12 15:13:06.449729', 342, NULL, NULL, 156, NULL, NULL, 342, NULL, NULL),
	(238, '2022-08-12 15:18:25.036335', '2022-08-12 15:18:25.036335', 342, NULL, NULL, 157, NULL, NULL, 134, NULL, NULL),
	(239, '2022-08-12 15:19:31.014575', '2022-08-12 15:19:31.014575', 342, NULL, NULL, 158, NULL, NULL, 139, NULL, NULL),
	(240, '2022-08-12 15:22:11.675904', '2022-08-12 15:22:11.675904', 19, NULL, 33, NULL, NULL, NULL, 342, NULL, NULL),
	(243, '2022-08-12 20:53:44.612940', '2022-08-12 20:53:44.612940', 327, NULL, NULL, 159, NULL, NULL, 327, NULL, NULL),
	(244, '2022-08-12 20:55:08.446335', '2022-08-12 20:55:08.446335', 327, NULL, NULL, 160, NULL, NULL, 287, NULL, NULL),
	(245, '2022-08-12 20:56:24.798181', '2022-08-12 20:56:24.798181', 327, NULL, NULL, 161, NULL, NULL, 286, NULL, NULL),
	(246, '2022-08-12 20:57:48.196915', '2022-08-12 20:57:48.196915', 327, NULL, NULL, 162, NULL, NULL, 284, NULL, NULL),
	(247, '2022-08-12 20:58:22.623360', '2022-08-12 20:58:22.623360', 327, NULL, NULL, 163, NULL, NULL, 285, NULL, NULL),
	(248, '2022-08-12 21:06:53.977269', '2022-08-12 21:06:53.977269', 327, NULL, NULL, 164, NULL, NULL, 338, NULL, NULL),
	(249, '2022-08-12 21:08:49.458762', '2022-08-12 21:08:49.458762', 327, NULL, NULL, 165, NULL, NULL, 283, NULL, NULL),
	(250, '2022-08-12 21:10:29.916921', '2022-08-12 21:10:29.916921', 1, NULL, 36, NULL, NULL, NULL, 327, NULL, NULL),
	(254, '2022-08-13 10:20:35.255127', '2022-08-13 10:20:35.255127', 316, NULL, NULL, 166, NULL, NULL, 203, NULL, NULL),
	(256, '2022-08-15 11:00:47.175701', '2022-08-15 11:00:47.175701', 330, NULL, NULL, 168, NULL, NULL, 330, NULL, NULL),
	(257, '2022-08-15 11:01:07.520561', '2022-08-15 11:01:07.520561', 330, NULL, NULL, 169, NULL, NULL, 304, NULL, NULL),
	(258, '2022-08-15 11:03:24.500770', '2022-08-15 11:03:24.500770', 330, NULL, NULL, 170, NULL, NULL, 301, NULL, NULL),
	(259, '2022-08-15 11:03:39.470993', '2022-08-15 11:03:39.470993', 330, NULL, NULL, 171, NULL, NULL, 303, NULL, NULL),
	(260, '2022-08-15 11:04:03.474693', '2022-08-15 11:04:03.474693', 330, NULL, NULL, 172, NULL, NULL, 302, NULL, NULL),
	(261, '2022-08-15 11:05:40.112610', '2022-08-15 11:05:40.112610', 330, NULL, NULL, 173, NULL, NULL, 300, NULL, NULL),
	(262, '2022-08-15 11:07:27.888280', '2022-08-15 11:07:27.888280', 330, NULL, NULL, 174, NULL, NULL, 341, NULL, NULL),
	(263, '2022-08-15 11:08:08.422679', '2022-08-15 11:08:08.422679', 1, NULL, 38, NULL, NULL, NULL, 330, NULL, NULL),
	(264, '2022-08-15 11:14:18.975221', '2022-08-15 11:14:18.975221', 310, NULL, NULL, 175, NULL, NULL, 310, NULL, NULL),
	(265, '2022-08-15 11:16:41.274510', '2022-08-15 11:16:41.274510', 310, NULL, NULL, 176, NULL, NULL, 116, NULL, NULL),
	(266, '2022-08-15 11:23:43.454434', '2022-08-15 11:23:43.454434', 310, NULL, NULL, 177, NULL, NULL, 117, NULL, NULL),
	(267, '2022-08-15 13:59:39.290643', '2022-08-15 13:59:39.290643', 310, NULL, NULL, 178, NULL, NULL, 118, NULL, NULL),
	(268, '2022-08-15 14:16:42.054270', '2022-08-15 14:16:42.054270', 17, NULL, 39, NULL, NULL, NULL, 310, NULL, NULL),
	(276, '2022-08-16 09:32:58.345692', '2022-08-16 09:32:58.345692', 328, NULL, NULL, 179, NULL, NULL, 328, NULL, NULL),
	(278, '2022-08-16 09:37:51.545784', '2022-08-16 09:37:51.545784', 328, NULL, NULL, 181, NULL, NULL, 292, NULL, NULL),
	(280, '2022-08-16 09:45:22.554766', '2022-08-16 09:45:22.554766', 328, NULL, NULL, 183, NULL, NULL, 339, NULL, NULL),
	(282, '2022-08-16 10:21:37.995850', '2022-08-16 10:21:37.995850', 328, NULL, NULL, 185, NULL, NULL, 291, NULL, NULL),
	(283, '2022-08-16 10:23:12.610416', '2022-08-16 10:23:12.610416', 328, NULL, NULL, 186, NULL, NULL, 290, NULL, NULL),
	(284, '2022-08-16 10:24:53.061208', '2022-08-16 10:24:53.061208', 328, NULL, NULL, 187, NULL, NULL, 288, NULL, NULL),
	(285, '2022-08-16 10:26:03.567218', '2022-08-16 10:26:03.567218', 1, NULL, 41, NULL, NULL, NULL, 328, NULL, NULL),
	(286, '2022-08-16 10:46:28.205277', '2022-08-16 10:46:28.205277', 9, NULL, 27, NULL, NULL, NULL, 343, NULL, NULL),
	(295, '2022-08-18 11:58:36.588358', '2022-08-18 11:58:36.588358', 313, NULL, NULL, 188, NULL, NULL, 313, NULL, NULL),
	(296, '2022-08-18 12:02:53.490593', '2022-08-18 12:02:53.490593', 313, NULL, NULL, 189, NULL, NULL, 176, NULL, NULL),
	(297, '2022-08-18 12:04:36.780535', '2022-08-18 12:04:36.780535', 313, NULL, NULL, 190, NULL, NULL, 173, NULL, NULL),
	(298, '2022-08-18 12:08:03.798312', '2022-08-18 12:08:03.798312', 313, NULL, NULL, 191, NULL, NULL, 172, NULL, NULL),
	(299, '2022-08-18 12:11:18.626948', '2022-08-18 12:11:18.626948', 313, NULL, NULL, 192, NULL, NULL, 174, NULL, NULL),
	(300, '2022-08-18 12:12:40.618507', '2022-08-18 12:12:40.618507', 5, NULL, 44, NULL, NULL, NULL, 313, NULL, NULL),
	(301, '2022-08-18 14:15:37.755834', '2022-08-18 14:15:37.755834', 309, NULL, NULL, 193, NULL, NULL, 98, NULL, NULL),
	(302, '2022-08-18 14:24:38.588443', '2022-08-18 14:24:38.588443', 309, NULL, NULL, 194, NULL, NULL, 309, NULL, NULL),
	(303, '2022-08-18 14:25:24.497079', '2022-08-18 14:25:24.497079', 309, NULL, NULL, 195, NULL, NULL, 110, NULL, NULL),
	(304, '2022-08-18 14:29:22.296835', '2022-08-18 14:29:22.296835', 309, NULL, NULL, 196, NULL, NULL, 99, NULL, NULL),
	(305, '2022-08-18 14:34:44.157458', '2022-08-18 14:34:44.157458', 309, NULL, NULL, 197, NULL, NULL, 101, NULL, NULL),
	(306, '2022-08-18 14:39:38.802655', '2022-08-18 14:39:38.802655', 16, NULL, 45, NULL, NULL, NULL, 309, NULL, NULL),
	(457, '2022-09-01 09:08:47.979177', '2022-09-01 09:08:47.979177', 1, NULL, NULL, NULL, NULL, 14, 326, NULL, NULL),
	(458, '2022-09-01 09:09:04.247191', '2022-09-01 09:09:04.247191', 1, NULL, NULL, NULL, NULL, 15, 326, NULL, NULL),
	(459, '2022-09-01 09:09:16.310727', '2022-09-01 09:09:16.310727', 1, NULL, NULL, NULL, NULL, 16, 326, NULL, NULL),
	(465, '2022-09-02 10:54:36.379301', '2022-09-02 10:54:36.379301', 305, NULL, NULL, 200, NULL, NULL, 104, NULL, NULL),
	(466, '2022-09-02 10:59:36.619008', '2022-09-02 10:59:36.619008', 305, NULL, NULL, 201, NULL, NULL, 305, NULL, NULL),
	(467, '2022-09-02 11:14:53.813606', '2022-09-02 11:14:53.813606', 305, NULL, NULL, 202, NULL, NULL, 30, NULL, NULL),
	(469, '2022-09-02 12:49:42.754503', '2022-09-02 12:49:42.754503', 305, NULL, NULL, 203, NULL, NULL, 31, NULL, NULL),
	(473, '2022-09-02 15:40:15.429065', '2022-09-02 15:40:15.429065', 5, NULL, 47, NULL, NULL, NULL, 305, NULL, NULL),
	(507, '2022-10-20 08:31:19.619882', '2022-10-20 08:31:19.619882', 21, NULL, NULL, NULL, NULL, 13, 312, NULL, NULL),
	(508, '2022-10-20 08:50:26.555299', '2022-10-20 08:50:26.555299', 21, NULL, NULL, NULL, NULL, 10, 312, NULL, NULL),
	(509, '2022-10-20 08:51:07.369302', '2022-10-20 08:51:07.369302', 21, NULL, NULL, NULL, NULL, 11, 312, NULL, NULL),
	(510, '2022-10-20 08:51:43.214561', '2022-10-20 08:51:43.214561', 21, NULL, NULL, NULL, NULL, 12, 312, NULL, NULL),
	(601, '2022-11-15 15:38:08.066928', '2022-11-15 15:38:08.066928', 1, NULL, NULL, NULL, NULL, NULL, 2, 'matterForm', 2),
	(602, '2022-11-15 15:38:08.097023', '2022-11-15 15:38:08.097023', 1, NULL, NULL, NULL, NULL, NULL, 3, 'matterForm', 3),
	(603, '2022-11-15 15:38:08.101684', '2022-11-15 15:38:08.101684', 1, NULL, NULL, NULL, NULL, NULL, 4, 'matterForm', 4),
	(604, '2022-11-15 15:38:08.106684', '2022-11-15 15:38:08.106684', 1, NULL, NULL, NULL, NULL, NULL, 5, 'matterForm', 5),
	(605, '2022-11-15 15:38:08.111683', '2022-11-15 15:38:08.111683', 1, NULL, NULL, NULL, NULL, NULL, 6, 'matterForm', 6),
	(606, '2022-11-15 15:38:08.116683', '2022-11-15 15:38:08.116683', 1, NULL, NULL, NULL, NULL, NULL, 7, 'matterForm', 7),
	(607, '2022-11-15 15:38:08.122067', '2022-11-15 15:38:08.122067', 1, NULL, NULL, NULL, NULL, NULL, 8, 'matterForm', 8),
	(608, '2022-11-15 15:38:08.126527', '2022-11-15 15:38:08.126527', 1, NULL, NULL, NULL, NULL, NULL, 9, 'matterForm', 9),
	(609, '2022-11-15 15:38:08.131581', '2022-11-15 15:38:08.131581', 1, NULL, NULL, NULL, NULL, NULL, 10, 'matterForm', 10),
	(610, '2022-11-15 15:38:08.136581', '2022-11-15 15:38:08.136581', 1, NULL, NULL, NULL, NULL, NULL, 11, 'matterForm', 11),
	(611, '2022-11-15 15:38:08.141579', '2022-11-15 15:38:08.141579', 1, NULL, NULL, NULL, NULL, NULL, 12, 'matterForm', 12),
	(612, '2022-11-15 15:38:08.146268', '2022-11-15 15:38:08.146268', 1, NULL, NULL, NULL, NULL, NULL, 13, 'matterForm', 13),
	(613, '2022-11-15 15:38:08.150282', '2022-11-15 15:38:08.150282', 1, NULL, NULL, NULL, NULL, NULL, 14, 'matterForm', 14),
	(614, '2022-11-15 15:38:08.154824', '2022-11-15 15:38:08.154824', 1, NULL, NULL, NULL, NULL, NULL, 15, 'matterForm', 15),
	(615, '2022-11-15 15:38:08.160159', '2022-11-15 15:38:08.160159', 1, NULL, NULL, NULL, NULL, NULL, 16, 'matterForm', 16),
	(616, '2022-11-15 15:38:08.166038', '2022-11-15 15:38:08.166038', 1, NULL, NULL, NULL, NULL, NULL, 17, 'matterForm', 17),
	(617, '2022-11-15 15:38:08.170578', '2022-11-15 15:38:08.170578', 1, NULL, NULL, NULL, NULL, NULL, 18, 'matterForm', 18),
	(618, '2022-11-15 15:38:08.174578', '2022-11-15 15:38:08.174578', 1, NULL, NULL, NULL, NULL, NULL, 19, 'matterForm', 19),
	(619, '2022-11-15 15:38:08.179428', '2022-11-15 15:38:08.179428', 1, NULL, NULL, NULL, NULL, NULL, 20, 'matterForm', 20),
	(620, '2022-11-15 15:38:08.182723', '2022-11-15 15:38:08.182723', 1, NULL, NULL, NULL, NULL, NULL, 21, 'matterForm', 21),
	(621, '2022-11-15 15:38:08.194469', '2022-11-15 15:38:08.194469', 1, NULL, NULL, NULL, NULL, NULL, 28, 'matterForm', 28),
	(622, '2022-11-15 15:38:08.197909', '2022-11-15 15:38:08.197909', 1, NULL, NULL, NULL, NULL, NULL, 29, 'matterForm', 29),
	(623, '2022-11-15 15:38:08.202042', '2022-11-15 15:38:08.202042', 305, NULL, NULL, NULL, NULL, NULL, 30, 'matterForm', 30),
	(624, '2022-11-15 15:38:08.205472', '2022-11-15 15:38:08.205472', 305, NULL, NULL, NULL, NULL, NULL, 31, 'matterForm', 31),
	(625, '2022-11-15 15:38:08.208959', '2022-11-15 15:38:08.208959', 306, NULL, NULL, NULL, NULL, NULL, 40, 'matterForm', 40),
	(626, '2022-11-15 15:38:08.212757', '2022-11-15 15:38:08.212757', 307, NULL, NULL, NULL, NULL, NULL, 48, 'matterForm', 48),
	(627, '2022-11-15 15:38:08.216129', '2022-11-15 15:38:08.216129', 307, NULL, NULL, NULL, NULL, NULL, 49, 'matterForm', 49),
	(628, '2022-11-15 15:38:08.220156', '2022-11-15 15:38:08.220156', 307, NULL, NULL, NULL, NULL, NULL, 50, 'matterForm', 50),
	(629, '2022-11-15 15:38:08.224163', '2022-11-15 15:38:08.224163', 308, NULL, NULL, NULL, NULL, NULL, 75, 'matterForm', 75),
	(630, '2022-11-15 15:38:08.228168', '2022-11-15 15:38:08.228168', 308, NULL, NULL, NULL, NULL, NULL, 76, 'matterForm', 76),
	(631, '2022-11-15 15:38:08.231703', '2022-11-15 15:38:08.231703', 308, NULL, NULL, NULL, NULL, NULL, 77, 'matterForm', 77),
	(632, '2022-11-15 15:38:08.235506', '2022-11-15 15:38:08.235506', 308, NULL, NULL, NULL, NULL, NULL, 78, 'matterForm', 78),
	(633, '2022-11-15 15:38:08.239506', '2022-11-15 15:38:08.239506', 309, NULL, NULL, NULL, NULL, NULL, 98, 'matterForm', 98),
	(634, '2022-11-15 15:38:08.243507', '2022-11-15 15:38:08.243507', 309, NULL, NULL, NULL, NULL, NULL, 99, 'matterForm', 99),
	(635, '2022-11-15 15:38:08.248334', '2022-11-15 15:38:08.248334', 309, NULL, NULL, NULL, NULL, NULL, 101, 'matterForm', 101),
	(636, '2022-11-15 15:38:08.251367', '2022-11-15 15:38:08.251367', 309, NULL, NULL, NULL, NULL, NULL, 104, 'matterForm', 104),
	(637, '2022-11-15 15:38:08.255046', '2022-11-15 15:38:08.255046', 309, NULL, NULL, NULL, NULL, NULL, 110, 'matterForm', 110),
	(638, '2022-11-15 15:38:08.258056', '2022-11-15 15:38:08.258056', 310, NULL, NULL, NULL, NULL, NULL, 116, 'matterForm', 116),
	(639, '2022-11-15 15:38:08.262840', '2022-11-15 15:38:08.262840', 310, NULL, NULL, NULL, NULL, NULL, 117, 'matterForm', 117),
	(640, '2022-11-15 15:38:08.266573', '2022-11-15 15:38:08.266573', 310, NULL, NULL, NULL, NULL, NULL, 118, 'matterForm', 118),
	(641, '2022-11-15 15:38:08.270573', '2022-11-15 15:38:08.270573', 310, NULL, NULL, NULL, NULL, NULL, 134, 'matterForm', 134),
	(642, '2022-11-15 15:38:08.273588', '2022-11-15 15:38:08.273588', 310, NULL, NULL, NULL, NULL, NULL, 139, 'matterForm', 139),
	(643, '2022-11-15 15:38:08.276916', '2022-11-15 15:38:08.276916', 311, NULL, NULL, NULL, NULL, NULL, 143, 'matterForm', 143),
	(644, '2022-11-15 15:38:08.280917', '2022-11-15 15:38:08.280917', 311, NULL, NULL, NULL, NULL, NULL, 145, 'matterForm', 145),
	(645, '2022-11-15 15:38:08.284651', '2022-11-15 15:38:08.284651', 312, NULL, NULL, NULL, NULL, NULL, 155, 'matterForm', 155),
	(646, '2022-11-15 15:38:08.288651', '2022-11-15 15:38:08.288651', 312, NULL, NULL, NULL, NULL, NULL, 156, 'matterForm', 156),
	(647, '2022-11-15 15:38:08.292192', '2022-11-15 15:38:08.292192', 312, NULL, NULL, NULL, NULL, NULL, 158, 'matterForm', 158),
	(648, '2022-11-15 15:38:08.295682', '2022-11-15 15:38:08.295682', 312, NULL, NULL, NULL, NULL, NULL, 165, 'matterForm', 165),
	(649, '2022-11-15 15:38:08.299242', '2022-11-15 15:38:08.299242', 313, NULL, NULL, NULL, NULL, NULL, 172, 'matterForm', 172),
	(650, '2022-11-15 15:38:08.302276', '2022-11-15 15:38:08.302276', 313, NULL, NULL, NULL, NULL, NULL, 173, 'matterForm', 173),
	(651, '2022-11-15 15:38:08.306258', '2022-11-15 15:38:08.306258', 313, NULL, NULL, NULL, NULL, NULL, 174, 'matterForm', 174),
	(652, '2022-11-15 15:38:08.309334', '2022-11-15 15:38:08.309334', 313, NULL, NULL, NULL, NULL, NULL, 176, 'matterForm', 176),
	(653, '2022-11-15 15:38:08.313242', '2022-11-15 15:38:08.313242', 343, NULL, NULL, NULL, NULL, NULL, 186, 'matterForm', 186),
	(654, '2022-11-15 15:38:08.317691', '2022-11-15 15:38:08.317691', 343, NULL, NULL, NULL, NULL, NULL, 187, 'matterForm', 187),
	(655, '2022-11-15 15:38:08.320886', '2022-11-15 15:38:08.320886', 315, NULL, NULL, NULL, NULL, NULL, 202, 'matterForm', 202),
	(656, '2022-11-15 15:38:08.324805', '2022-11-15 15:38:08.324805', 317, NULL, NULL, NULL, NULL, NULL, 207, 'matterForm', 207),
	(657, '2022-11-15 15:38:08.328805', '2022-11-15 15:38:08.328805', 317, NULL, NULL, NULL, NULL, NULL, 208, 'matterForm', 208),
	(658, '2022-11-15 15:38:08.332296', '2022-11-15 15:38:08.332296', 317, NULL, NULL, NULL, NULL, NULL, 209, 'matterForm', 209),
	(659, '2022-11-15 15:38:08.336296', '2022-11-15 15:38:08.336296', 318, NULL, NULL, NULL, NULL, NULL, 215, 'matterForm', 215),
	(660, '2022-11-15 15:38:08.340296', '2022-11-15 15:38:08.340296', 326, NULL, NULL, NULL, NULL, NULL, 226, 'matterForm', 226),
	(661, '2022-11-15 15:38:08.344295', '2022-11-15 15:38:08.344295', 319, NULL, NULL, NULL, NULL, NULL, 236, 'matterForm', 236),
	(662, '2022-11-15 15:38:08.348295', '2022-11-15 15:38:08.348295', 319, NULL, NULL, NULL, NULL, NULL, 239, 'matterForm', 239),
	(663, '2022-11-15 15:38:08.352296', '2022-11-15 15:38:08.352296', 320, NULL, NULL, NULL, NULL, NULL, 241, 'matterForm', 241),
	(664, '2022-11-15 15:38:08.356296', '2022-11-15 15:38:08.356296', 320, NULL, NULL, NULL, NULL, NULL, 242, 'matterForm', 242),
	(665, '2022-11-15 15:38:08.371666', '2022-11-15 15:38:08.371666', 320, NULL, NULL, NULL, NULL, NULL, 243, 'matterForm', 243),
	(666, '2022-11-15 15:38:08.374666', '2022-11-15 15:38:08.374666', 320, NULL, NULL, NULL, NULL, NULL, 244, 'matterForm', 244),
	(667, '2022-11-15 15:38:08.378535', '2022-11-15 15:38:08.378535', 320, NULL, NULL, NULL, NULL, NULL, 245, 'matterForm', 245),
	(668, '2022-11-15 15:38:08.383535', '2022-11-15 15:38:08.383535', 320, NULL, NULL, NULL, NULL, NULL, 246, 'matterForm', 246),
	(669, '2022-11-15 15:38:08.387002', '2022-11-15 15:38:08.387002', 320, NULL, NULL, NULL, NULL, NULL, 247, 'matterForm', 247),
	(670, '2022-11-15 15:38:08.390572', '2022-11-15 15:38:08.390572', 320, NULL, NULL, NULL, NULL, NULL, 248, 'matterForm', 248),
	(671, '2022-11-15 15:38:08.393711', '2022-11-15 15:38:08.393711', 320, NULL, NULL, NULL, NULL, NULL, 249, 'matterForm', 249),
	(672, '2022-11-15 15:38:08.396517', '2022-11-15 15:38:08.396517', 321, NULL, NULL, NULL, NULL, NULL, 250, 'matterForm', 250),
	(673, '2022-11-15 15:38:08.399899', '2022-11-15 15:38:08.399899', 321, NULL, NULL, NULL, NULL, NULL, 251, 'matterForm', 251),
	(674, '2022-11-15 15:38:08.402526', '2022-11-15 15:38:08.402526', 321, NULL, NULL, NULL, NULL, NULL, 252, 'matterForm', 252),
	(675, '2022-11-15 15:38:08.406184', '2022-11-15 15:38:08.406184', 321, NULL, NULL, NULL, NULL, NULL, 253, 'matterForm', 253),
	(676, '2022-11-15 15:38:08.409800', '2022-11-15 15:38:08.409800', 321, NULL, NULL, NULL, NULL, NULL, 254, 'matterForm', 254),
	(677, '2022-11-15 15:38:08.412954', '2022-11-15 15:38:08.412954', 322, NULL, NULL, NULL, NULL, NULL, 255, 'matterForm', 255),
	(678, '2022-11-15 15:38:08.416859', '2022-11-15 15:38:08.416859', 322, NULL, NULL, NULL, NULL, NULL, 256, 'matterForm', 256),
	(679, '2022-11-15 15:38:08.420949', '2022-11-15 15:38:08.420949', 322, NULL, NULL, NULL, NULL, NULL, 257, 'matterForm', 257),
	(680, '2022-11-15 15:38:08.424417', '2022-11-15 15:38:08.424417', 322, NULL, NULL, NULL, NULL, NULL, 258, 'matterForm', 258),
	(681, '2022-11-15 15:38:08.426909', '2022-11-15 15:38:08.426909', 322, NULL, NULL, NULL, NULL, NULL, 259, 'matterForm', 259),
	(682, '2022-11-15 15:38:08.429977', '2022-11-15 15:38:08.429977', 322, NULL, NULL, NULL, NULL, NULL, 260, 'matterForm', 260),
	(683, '2022-11-15 15:38:08.433463', '2022-11-15 15:38:08.433463', 323, NULL, NULL, NULL, NULL, NULL, 261, 'matterForm', 261),
	(684, '2022-11-15 15:38:08.436025', '2022-11-15 15:38:08.436025', 323, NULL, NULL, NULL, NULL, NULL, 262, 'matterForm', 262),
	(685, '2022-11-15 15:38:08.438686', '2022-11-15 15:38:08.438686', 323, NULL, NULL, NULL, NULL, NULL, 263, 'matterForm', 263),
	(686, '2022-11-15 15:38:08.441981', '2022-11-15 15:38:08.441981', 323, NULL, NULL, NULL, NULL, NULL, 264, 'matterForm', 264),
	(687, '2022-11-15 15:38:08.445491', '2022-11-15 15:38:08.445491', 323, NULL, NULL, NULL, NULL, NULL, 265, 'matterForm', 265),
	(688, '2022-11-15 15:38:08.448490', '2022-11-15 15:38:08.448490', 323, NULL, NULL, NULL, NULL, NULL, 266, 'matterForm', 266),
	(689, '2022-11-15 15:38:08.451360', '2022-11-15 15:38:08.451360', 324, NULL, NULL, NULL, NULL, NULL, 267, 'matterForm', 267),
	(690, '2022-11-15 15:38:08.454271', '2022-11-15 15:38:08.454271', 324, NULL, NULL, NULL, NULL, NULL, 268, 'matterForm', 268),
	(691, '2022-11-15 15:38:08.457687', '2022-11-15 15:38:08.457687', 324, NULL, NULL, NULL, NULL, NULL, 269, 'matterForm', 269),
	(692, '2022-11-15 15:38:08.462148', '2022-11-15 15:38:08.462148', 324, NULL, NULL, NULL, NULL, NULL, 270, 'matterForm', 270),
	(693, '2022-11-15 15:38:08.465480', '2022-11-15 15:38:08.465480', 324, NULL, NULL, NULL, NULL, NULL, 271, 'matterForm', 271),
	(694, '2022-11-15 15:38:08.467197', '2022-11-15 15:38:08.467197', 324, NULL, NULL, NULL, NULL, NULL, 272, 'matterForm', 272),
	(695, '2022-11-15 15:38:08.470937', '2022-11-15 15:38:08.470937', 325, NULL, NULL, NULL, NULL, NULL, 273, 'matterForm', 273),
	(696, '2022-11-15 15:38:08.472737', '2022-11-15 15:38:08.472737', 325, NULL, NULL, NULL, NULL, NULL, 274, 'matterForm', 274),
	(697, '2022-11-15 15:38:08.475758', '2022-11-15 15:38:08.475758', 325, NULL, NULL, NULL, NULL, NULL, 275, 'matterForm', 275),
	(698, '2022-11-15 15:38:08.479576', '2022-11-15 15:38:08.479576', 325, NULL, NULL, NULL, NULL, NULL, 276, 'matterForm', 276),
	(699, '2022-11-15 15:38:08.483366', '2022-11-15 15:38:08.483366', 325, NULL, NULL, NULL, NULL, NULL, 277, 'matterForm', 277),
	(700, '2022-11-15 15:38:08.486185', '2022-11-15 15:38:08.486185', 325, NULL, NULL, NULL, NULL, NULL, 278, 'matterForm', 278),
	(701, '2022-11-15 15:38:08.489168', '2022-11-15 15:38:08.489168', 326, NULL, NULL, NULL, NULL, NULL, 279, 'matterForm', 279),
	(702, '2022-11-15 15:38:08.492026', '2022-11-15 15:38:08.492026', 326, NULL, NULL, NULL, NULL, NULL, 281, 'matterForm', 281),
	(703, '2022-11-15 15:38:08.494997', '2022-11-15 15:38:08.494997', 326, NULL, NULL, NULL, NULL, NULL, 282, 'matterForm', 282),
	(704, '2022-11-15 15:38:08.496953', '2022-11-15 15:38:08.496953', 327, NULL, NULL, NULL, NULL, NULL, 283, 'matterForm', 283),
	(705, '2022-11-15 15:38:08.500334', '2022-11-15 15:38:08.500334', 327, NULL, NULL, NULL, NULL, NULL, 284, 'matterForm', 284),
	(706, '2022-11-15 15:38:08.502982', '2022-11-15 15:38:08.502982', 327, NULL, NULL, NULL, NULL, NULL, 285, 'matterForm', 285),
	(707, '2022-11-15 15:38:08.504835', '2022-11-15 15:38:08.504835', 327, NULL, NULL, NULL, NULL, NULL, 286, 'matterForm', 286),
	(708, '2022-11-15 15:38:08.509846', '2022-11-15 15:38:08.509846', 327, NULL, NULL, NULL, NULL, NULL, 287, 'matterForm', 287),
	(709, '2022-11-15 15:38:08.512771', '2022-11-15 15:38:08.512771', 328, NULL, NULL, NULL, NULL, NULL, 288, 'matterForm', 288),
	(710, '2022-11-15 15:38:08.515695', '2022-11-15 15:38:08.515695', 328, NULL, NULL, NULL, NULL, NULL, 289, 'matterForm', 289),
	(711, '2022-11-15 15:38:08.518746', '2022-11-15 15:38:08.518746', 328, NULL, NULL, NULL, NULL, NULL, 290, 'matterForm', 290),
	(712, '2022-11-15 15:38:08.520696', '2022-11-15 15:38:08.520696', 328, NULL, NULL, NULL, NULL, NULL, 291, 'matterForm', 291),
	(713, '2022-11-15 15:38:08.524458', '2022-11-15 15:38:08.524458', 328, NULL, NULL, NULL, NULL, NULL, 292, 'matterForm', 292),
	(714, '2022-11-15 15:38:08.527674', '2022-11-15 15:38:08.527674', 329, NULL, NULL, NULL, NULL, NULL, 293, 'matterForm', 293),
	(715, '2022-11-15 15:38:08.530905', '2022-11-15 15:38:08.530905', 329, NULL, NULL, NULL, NULL, NULL, 294, 'matterForm', 294),
	(716, '2022-11-15 15:38:08.534027', '2022-11-15 15:38:08.534027', 329, NULL, NULL, NULL, NULL, NULL, 295, 'matterForm', 295),
	(717, '2022-11-15 15:38:08.537150', '2022-11-15 15:38:08.537150', 329, NULL, NULL, NULL, NULL, NULL, 296, 'matterForm', 296),
	(718, '2022-11-15 15:38:08.540864', '2022-11-15 15:38:08.540864', 329, NULL, NULL, NULL, NULL, NULL, 297, 'matterForm', 297),
	(719, '2022-11-15 15:38:08.543155', '2022-11-15 15:38:08.543155', 329, NULL, NULL, NULL, NULL, NULL, 298, 'matterForm', 298),
	(720, '2022-11-15 15:38:08.546903', '2022-11-15 15:38:08.546903', 329, NULL, NULL, NULL, NULL, NULL, 299, 'matterForm', 299),
	(721, '2022-11-15 15:38:08.549699', '2022-11-15 15:38:08.549699', 330, NULL, NULL, NULL, NULL, NULL, 301, 'matterForm', 301),
	(722, '2022-11-15 15:38:08.553698', '2022-11-15 15:38:08.553698', 330, NULL, NULL, NULL, NULL, NULL, 302, 'matterForm', 302),
	(723, '2022-11-15 15:38:08.557031', '2022-11-15 15:38:08.557031', 330, NULL, NULL, NULL, NULL, NULL, 303, 'matterForm', 303),
	(724, '2022-11-15 15:38:08.558782', '2022-11-15 15:38:08.558782', 330, NULL, NULL, NULL, NULL, NULL, 304, 'matterForm', 304),
	(725, '2022-11-15 15:38:08.561407', '2022-11-15 15:38:08.561407', 5, NULL, NULL, NULL, NULL, NULL, 305, 'matterForm', 305),
	(726, '2022-11-15 15:38:08.563260', '2022-11-15 15:38:08.563260', 5, NULL, NULL, NULL, NULL, NULL, 306, 'matterForm', 306),
	(727, '2022-11-15 15:38:08.564918', '2022-11-15 15:38:08.564918', 6, NULL, NULL, NULL, NULL, NULL, 307, 'matterForm', 307),
	(728, '2022-11-15 15:38:08.566392', '2022-11-15 15:38:08.566392', 15, NULL, NULL, NULL, NULL, NULL, 308, 'matterForm', 308),
	(729, '2022-11-15 15:38:08.568862', '2022-11-15 15:38:08.568862', 16, NULL, NULL, NULL, NULL, NULL, 309, 'matterForm', 309),
	(730, '2022-11-15 15:38:08.571861', '2022-11-15 15:38:08.571861', 17, NULL, NULL, NULL, NULL, NULL, 310, 'matterForm', 310),
	(731, '2022-11-15 15:38:08.573584', '2022-11-15 15:38:08.573584', 3, NULL, NULL, NULL, NULL, NULL, 311, 'matterForm', 311),
	(732, '2022-11-15 15:38:08.575255', '2022-11-15 15:38:08.575255', 21, NULL, NULL, NULL, NULL, NULL, 312, 'matterForm', 312),
	(733, '2022-11-15 15:38:08.576948', '2022-11-15 15:38:08.576948', 5, NULL, NULL, NULL, NULL, NULL, 313, 'matterForm', 313),
	(734, '2022-11-15 15:38:08.578415', '2022-11-15 15:38:08.578415', 6, NULL, NULL, NULL, NULL, NULL, 315, 'matterForm', 315),
	(735, '2022-11-15 15:38:08.580738', '2022-11-15 15:38:08.580738', 15, NULL, NULL, NULL, NULL, NULL, 317, 'matterForm', 317),
	(736, '2022-11-15 15:38:08.582749', '2022-11-15 15:38:08.582749', 6, NULL, NULL, NULL, NULL, NULL, 318, 'matterForm', 318),
	(737, '2022-11-15 15:38:08.583749', '2022-11-15 15:38:08.583749', 17, NULL, NULL, NULL, NULL, NULL, 319, 'matterForm', 319),
	(738, '2022-11-15 15:38:08.586749', '2022-11-15 15:38:08.586749', 1, NULL, NULL, NULL, NULL, NULL, 320, 'matterForm', 320),
	(739, '2022-11-15 15:38:08.588871', '2022-11-15 15:38:08.588871', 1, NULL, NULL, NULL, NULL, NULL, 321, 'matterForm', 321),
	(740, '2022-11-15 15:38:08.590482', '2022-11-15 15:38:08.590482', 1, NULL, NULL, NULL, NULL, NULL, 322, 'matterForm', 322),
	(741, '2022-11-15 15:38:08.592103', '2022-11-15 15:38:08.592103', 1, NULL, NULL, NULL, NULL, NULL, 323, 'matterForm', 323),
	(742, '2022-11-15 15:38:08.593870', '2022-11-15 15:38:08.593870', 1, NULL, NULL, NULL, NULL, NULL, 324, 'matterForm', 324),
	(743, '2022-11-15 15:38:08.595438', '2022-11-15 15:38:08.595438', 1, NULL, NULL, NULL, NULL, NULL, 325, 'matterForm', 325),
	(744, '2022-11-15 15:38:08.597196', '2022-11-15 15:38:08.597196', 1, NULL, NULL, NULL, NULL, NULL, 326, 'matterForm', 326),
	(745, '2022-11-15 15:38:08.598945', '2022-11-15 15:38:08.598945', 1, NULL, NULL, NULL, NULL, NULL, 327, 'matterForm', 327),
	(746, '2022-11-15 15:38:08.600716', '2022-11-15 15:38:08.600716', 1, NULL, NULL, NULL, NULL, NULL, 328, 'matterForm', 328),
	(747, '2022-11-15 15:38:08.602442', '2022-11-15 15:38:08.602442', 1, NULL, NULL, NULL, NULL, NULL, 329, 'matterForm', 329),
	(748, '2022-11-15 15:38:08.604061', '2022-11-15 15:38:08.604061', 1, NULL, NULL, NULL, NULL, NULL, 330, 'matterForm', 330),
	(749, '2022-11-15 15:38:08.606915', '2022-11-15 15:38:08.606915', 320, NULL, NULL, NULL, NULL, NULL, 331, 'matterForm', 331),
	(750, '2022-11-15 15:38:08.608926', '2022-11-15 15:38:08.608926', 321, NULL, NULL, NULL, NULL, NULL, 332, 'matterForm', 332),
	(751, '2022-11-15 15:38:08.612745', '2022-11-15 15:38:08.612745', 322, NULL, NULL, NULL, NULL, NULL, 333, 'matterForm', 333),
	(752, '2022-11-15 15:38:08.617742', '2022-11-15 15:38:08.617742', 323, NULL, NULL, NULL, NULL, NULL, 334, 'matterForm', 334),
	(753, '2022-11-15 15:38:08.620607', '2022-11-15 15:38:08.620607', 324, NULL, NULL, NULL, NULL, NULL, 335, 'matterForm', 335),
	(754, '2022-11-15 15:38:08.623804', '2022-11-15 15:38:08.623804', 325, NULL, NULL, NULL, NULL, NULL, 336, 'matterForm', 336),
	(755, '2022-11-15 15:38:08.625423', '2022-11-15 15:38:08.625423', 326, NULL, NULL, NULL, NULL, NULL, 337, 'matterForm', 337),
	(756, '2022-11-15 15:38:08.629078', '2022-11-15 15:38:08.629078', 327, NULL, NULL, NULL, NULL, NULL, 338, 'matterForm', 338),
	(757, '2022-11-15 15:38:08.632078', '2022-11-15 15:38:08.632078', 328, NULL, NULL, NULL, NULL, NULL, 339, 'matterForm', 339),
	(758, '2022-11-15 15:38:08.635078', '2022-11-15 15:38:08.635078', 329, NULL, NULL, NULL, NULL, NULL, 340, 'matterForm', 340),
	(759, '2022-11-15 15:38:08.638077', '2022-11-15 15:38:08.638077', 330, NULL, NULL, NULL, NULL, NULL, 341, 'matterForm', 341),
	(760, '2022-11-15 15:38:08.640078', '2022-11-15 15:38:08.640078', 19, NULL, NULL, NULL, NULL, NULL, 342, 'matterForm', 342),
	(761, '2022-11-15 15:38:08.641078', '2022-11-15 15:38:08.641078', 9, NULL, NULL, NULL, NULL, NULL, 343, 'matterForm', 343),
	(762, '2022-11-15 15:38:08.644077', '2022-11-15 15:38:08.644077', 326, NULL, NULL, NULL, NULL, NULL, 344, 'matterForm', 344),
	(763, '2022-11-15 15:38:08.648078', '2022-11-15 15:38:08.648078', 326, NULL, NULL, NULL, NULL, NULL, 345, 'matterForm', 345),
	(764, '2022-11-15 15:38:08.650100', '2022-11-15 15:38:08.650100', 326, NULL, NULL, NULL, NULL, NULL, 346, 'matterForm', 346);

INSERT INTO `approval_step` (`id`, `content`, `status`, `update_time`, `approval_id`, `approve_user_id`) VALUES
	(11, NULL, 'REVIEWED', '2022-06-22 15:04:48.259757', 11, 1),
	(12, NULL, 'REVIEWED', '2022-06-22 15:04:37.312012', 12, 1),
	(13, NULL, 'REVIEWED', '2022-06-22 15:04:21.308740', 13, 1),
	(14, NULL, 'REVIEWED', '2022-06-22 15:04:13.338456', 14, 1),
	(15, NULL, 'REVIEWED', '2022-06-22 15:04:05.496040', 15, 1),
	(16, NULL, 'REVIEWED', '2022-06-22 15:03:58.310137', 16, 1),
	(17, NULL, 'REVIEWED', '2022-06-22 15:03:49.963567', 17, 1),
	(18, NULL, 'REVIEWED', '2022-06-22 15:03:41.983764', 18, 1),
	(19, NULL, 'REVIEWED', '2022-06-22 15:03:32.826277', 19, 1),
	(20, NULL, 'REVIEWED', '2022-06-22 15:03:23.448840', 20, 1),
	(21, NULL, 'REVIEWED', '2022-06-22 15:03:15.319213', 21, 1),
	(22, NULL, 'REVIEWED', '2022-06-22 15:02:56.439444', 22, 1),
	(23, NULL, 'REVIEWED', '2022-06-22 15:02:48.540445', 23, 1),
	(24, NULL, 'REVIEWED', '2022-06-22 15:02:40.866013', 24, 1),
	(25, NULL, 'REVIEWED', '2022-06-22 15:02:32.011107', 25, 1),
	(26, NULL, 'REVIEWED', '2022-06-22 15:02:23.265959', 26, 1),
	(27, NULL, 'REVIEWED', '2022-06-22 15:02:14.757220', 27, 1),
	(28, NULL, 'REVIEWED', '2022-06-22 14:59:36.341597', 28, 1),
	(29, NULL, 'REVIEWED', '2022-06-22 14:59:23.128084', 29, 1),
	(30, NULL, 'REVIEWED', '2022-06-22 14:59:10.819077', 30, 1),
	(32, NULL, 'AWAITING_REVIEW', '2022-07-21 08:14:59.000000', 32, 6),
	(33, NULL, 'REVIEWED', '2022-08-04 09:28:53.263357', 33, 317),
	(34, NULL, 'REVIEWED', '2022-08-02 09:57:13.748282', 34, 317),
	(35, NULL, 'REVIEWED', '2022-08-04 09:28:42.981777', 35, 317),
	(41, NULL, 'REVIEWED', '2022-07-25 22:00:54.000000', 41, 1),
	(43, NULL, 'REVIEWED', '2022-07-29 17:18:45.472190', 43, 324),
	(60, NULL, 'REVIEWED', '2022-08-02 10:38:13.440650', 60, 324),
	(61, NULL, 'REVIEWED', '2022-07-29 16:38:08.129379', 61, 324),
	(65, NULL, 'REVIEWED', '2022-08-01 11:40:05.364301', 65, 324),
	(66, NULL, 'REVIEWED', '2022-07-30 16:45:42.571272', 66, 324),
	(67, NULL, 'REVIEWED', '2022-08-02 10:37:03.093454', 67, 324),
	(68, NULL, 'REVIEWED', '2022-08-01 11:39:14.625656', 68, 324),
	(72, '', 'REVIEW_DENIED', '2022-08-03 16:19:04.521252', 72, 324),
	(75, NULL, 'REVIEWED', '2022-08-03 08:44:00.114723', 76, 311),
	(76, NULL, 'REVIEWED', '2022-08-03 08:57:51.356984', 77, 311),
	(77, NULL, 'REVIEWED', '2022-08-03 08:57:24.606323', 78, 311),
	(82, NULL, 'REVIEWED', '2022-08-03 20:49:07.811170', 83, 3),
	(84, NULL, 'REVIEWED', '2022-08-03 16:40:51.996708', 85, 321),
	(85, NULL, 'REVIEWED', '2022-08-03 16:40:40.074522', 86, 321),
	(86, NULL, 'REVIEWED', '2022-08-03 16:40:25.916782', 87, 321),
	(88, NULL, 'REVIEWED', '2022-08-03 16:40:12.210403', 89, 321),
	(89, NULL, 'REVIEWED', '2022-08-03 16:39:40.989733', 90, 321),
	(90, NULL, 'REVIEWED', '2022-08-03 16:38:51.751557', 91, 321),
	(91, NULL, 'REVIEWED', '2022-08-03 16:35:13.140000', 92, 321),
	(92, NULL, 'FIXED', '2022-08-03 16:20:14.527939', 72, 267),
	(93, '', 'REVIEW_DENIED', '2022-08-03 16:22:51.481203', 72, 324),
	(94, NULL, 'FIXED', '2022-08-03 16:27:03.816066', 72, 267),
	(95, NULL, 'REVIEWED', '2022-08-03 16:27:41.945080', 72, 324),
	(96, NULL, 'REVIEWED', '2022-08-04 11:25:13.870780', 93, 1),
	(97, NULL, 'REVIEWED', '2022-08-04 09:28:18.434269', 94, 317),
	(98, NULL, 'REVIEWED', '2022-08-04 14:29:51.949720', 95, 15),
	(99, NULL, 'REVIEWED', '2022-08-04 11:26:14.423129', 96, 1),
	(100, NULL, 'REVIEWED', '2022-08-04 16:35:11.748640', 97, 329),
	(101, NULL, 'REVIEWED', '2022-08-04 16:48:11.475922', 98, 329),
	(102, NULL, 'REVIEWED', '2022-08-04 16:48:26.259914', 99, 329),
	(103, NULL, 'REVIEWED', '2022-08-04 16:48:40.323278', 100, 329),
	(104, NULL, 'REVIEWED', '2022-08-04 16:48:52.011923', 101, 329),
	(105, NULL, 'REVIEWED', '2022-08-04 16:49:00.887152', 102, 329),
	(106, NULL, 'REVIEWED', '2022-08-04 16:49:12.827193', 103, 329),
	(107, NULL, 'REVIEWED', '2022-08-04 16:49:23.780598', 104, 329),
	(108, NULL, 'REVIEWED', '2022-08-04 16:49:34.233992', 105, 329),
	(109, NULL, 'REVIEWED', '2022-08-04 17:06:21.701821', 106, 1),
	(115, NULL, 'REVIEWED', '2022-08-05 15:50:16.666627', 111, 318),
	(116, NULL, 'REVIEWED', '2022-08-05 15:49:38.868097', 112, 318),
	(118, NULL, 'REVIEWED', '2022-08-05 16:13:32.094583', 114, 318),
	(119, NULL, 'REVIEWED', '2022-08-06 12:29:40.482737', 115, 6),
	(124, NULL, 'REVIEWED', '2022-08-06 10:04:48.787520', 120, 322),
	(125, NULL, 'REVIEWED', '2022-08-06 10:05:17.276587', 121, 322),
	(126, NULL, 'REVIEWED', '2022-08-06 10:05:32.621037', 122, 322),
	(127, NULL, 'REVIEWED', '2022-08-06 10:05:25.589303', 123, 322),
	(128, NULL, 'REVIEWED', '2022-08-06 10:05:08.025899', 124, 322),
	(129, NULL, 'REVIEWED', '2022-08-06 10:04:59.260047', 125, 322),
	(130, NULL, 'REVIEWED', '2022-08-06 09:49:50.459695', 126, 322),
	(131, NULL, 'REVIEWED', '2022-08-06 10:04:38.662260', 127, 322),
	(132, NULL, 'REVIEWED', '2022-08-06 11:09:34.190284', 128, 1),
	(133, NULL, 'REVIEWED', '2022-08-06 10:38:00.214181', 129, 325),
	(134, NULL, 'REVIEWED', '2022-08-06 10:37:48.618496', 130, 325),
	(135, NULL, 'REVIEWED', '2022-08-06 10:37:28.772233', 131, 325),
	(136, NULL, 'REVIEWED', '2022-08-06 10:36:57.958100', 132, 325),
	(137, NULL, 'REVIEWED', '2022-08-06 10:36:40.471185', 133, 325),
	(138, '', 'REVIEWED', '2022-08-06 10:31:35.334110', 134, 325),
	(141, NULL, 'REVIEWED', '2022-08-06 10:52:58.343285', 136, 325),
	(142, NULL, 'REVIEWED', '2022-08-06 10:52:27.638513', 137, 325),
	(145, NULL, 'REVIEWED', '2022-08-09 16:47:31.332272', 139, 320),
	(146, NULL, 'REVIEWED', '2022-08-09 16:47:18.579800', 140, 320),
	(147, NULL, 'REVIEWED', '2022-08-09 16:47:03.809730', 141, 320),
	(148, NULL, 'REVIEWED', '2022-08-09 16:46:47.086745', 142, 320),
	(149, NULL, 'REVIEWED', '2022-08-09 16:46:25.175638', 143, 320),
	(150, NULL, 'REVIEWED', '2022-08-09 16:46:07.828174', 144, 320),
	(152, NULL, 'REVIEWED', '2022-08-09 16:45:43.291097', 146, 320),
	(153, NULL, 'REVIEWED', '2022-08-08 13:50:26.337671', 147, 1),
	(154, NULL, 'REVIEWED', '2022-08-09 16:45:11.891570', 148, 320),
	(157, NULL, 'REVIEWED', '2022-08-08 15:47:57.372510', 151, 326),
	(158, NULL, 'REVIEWED', '2022-08-08 15:55:46.789282', 152, 326),
	(159, NULL, 'REVIEWED', '2022-08-08 15:16:04.186363', 153, 306),
	(160, NULL, 'REVIEWED', '2022-08-08 15:53:59.812159', 154, 326),
	(161, NULL, 'REVIEWED', '2022-08-08 15:53:45.389896', 155, 326),
	(162, NULL, 'REVIEWED', '2022-08-08 15:53:32.311455', 156, 326),
	(163, NULL, 'REVIEWED', '2022-08-08 15:52:58.290628', 157, 326),
	(165, '', 'REVIEW_DENIED', '2022-08-08 15:52:20.038197', 159, 326),
	(166, NULL, 'REVIEWED', '2022-08-08 15:51:42.175121', 160, 326),
	(167, NULL, 'REVIEWED', '2022-08-08 15:50:52.922684', 161, 326),
	(168, NULL, 'FIXED', '2022-08-08 15:56:37.887790', 159, 279),
	(169, NULL, 'REVIEWED', '2022-08-08 15:59:14.750416', 159, 326),
	(170, NULL, 'REVIEWED', '2022-08-09 07:57:17.724740', 162, 1),
	(171, NULL, 'REVIEWED', '2022-08-09 08:12:08.329644', 163, 306),
	(172, NULL, 'REVIEWED', '2022-08-22 15:25:41.286659', 164, 5),
	(173, NULL, 'REVIEWED', '2022-08-10 09:09:52.814954', 165, 6),
	(174, NULL, 'REVIEWED', '2022-08-08 16:51:30.093127', 166, 315),
	(175, NULL, 'REVIEWED', '2022-08-08 16:52:29.191473', 167, 315),
	(176, NULL, 'REVIEWED', '2022-08-09 09:48:37.690138', 168, 307),
	(177, NULL, 'REVIEWED', '2022-08-10 09:09:37.157326', 169, 6),
	(178, NULL, 'REVIEWED', '2022-08-09 09:49:02.755880', 170, 307),
	(179, NULL, 'REVIEWED', '2022-08-09 09:48:50.940477', 171, 307),
	(180, NULL, 'REVIEWED', '2022-08-10 09:10:04.804857', 172, 6),
	(181, NULL, 'REVIEWED', '2022-08-09 09:50:21.886018', 173, 1),
	(187, NULL, 'REVIEWED', '2022-08-09 16:42:22.419638', 179, 320),
	(188, '', 'REVIEW_DENIED', '2022-08-09 17:48:29.166591', 180, 1),
	(189, NULL, 'AWAITING_FIX', '2022-08-09 17:48:29.166591', 180, 320),
	(190, NULL, 'REVIEWED', '2022-08-16 10:40:50.512086', 181, 343),
	(191, NULL, 'REVIEWED', '2022-08-16 10:40:08.822729', 182, 343),
	(192, NULL, 'REVIEWED', '2022-08-16 10:40:27.073466', 183, 343),
	(203, NULL, 'REVIEWED', '2022-08-10 16:09:02.353613', 194, 1),
	(208, NULL, 'REVIEWED', '2022-08-11 10:11:47.594864', 198, 308),
	(209, NULL, 'REVIEWED', '2022-08-11 10:03:31.239233', 199, 308),
	(210, NULL, 'REVIEWED', '2022-08-11 10:11:35.140425', 200, 308),
	(212, NULL, 'REVIEWED', '2022-08-11 10:16:24.085592', 201, 308),
	(213, NULL, 'REVIEWED', '2022-08-11 10:16:31.367029', 202, 308),
	(214, NULL, 'REVIEWED', '2022-08-11 12:03:39.714085', 203, 15),
	(218, NULL, 'REVIEWED', '2022-08-11 15:06:49.521228', 207, 1),
	(219, NULL, 'REVIEWED', '2022-08-11 14:36:40.799226', 208, 323),
	(220, NULL, 'REVIEWED', '2022-08-11 14:36:35.611127', 209, 323),
	(221, NULL, 'REVIEWED', '2022-08-11 14:36:28.251581', 210, 323),
	(222, NULL, 'REVIEWED', '2022-08-11 14:36:22.892070', 211, 323),
	(223, NULL, 'REVIEWED', '2022-08-11 14:36:17.329258', 212, 323),
	(224, NULL, 'REVIEWED', '2022-08-11 14:36:11.844095', 213, 323),
	(225, NULL, 'REVIEWED', '2022-08-11 14:36:05.389695', 214, 323),
	(228, NULL, 'REVIEWED', '2022-08-11 15:19:13.026732', 217, 1),
	(229, NULL, 'REVIEWED', '2022-08-11 15:30:22.689757', 218, 319),
	(230, NULL, 'REVIEWED', '2022-08-16 08:27:49.386499', 219, 319),
	(231, NULL, 'REVIEWED', '2022-08-16 08:27:37.229937', 220, 319),
	(232, NULL, 'REVIEWED', '2022-08-11 19:00:33.808729', 221, 17),
	(241, '', 'REVIEW_DENIED', '2022-08-12 11:13:32.187788', 229, 312),
	(242, NULL, 'REVIEWED', '2022-08-12 15:44:50.968097', 230, 312),
	(243, NULL, 'FIXED', '2022-08-12 11:13:48.048406', 229, 312),
	(244, NULL, 'REVIEWED', '2022-08-12 11:16:50.044390', 229, 312),
	(245, NULL, 'REVIEWED', '2022-08-12 15:44:42.279097', 231, 312),
	(246, NULL, 'REVIEWED', '2022-08-12 15:44:33.402435', 232, 312),
	(247, NULL, 'REVIEWED', '2022-08-12 15:44:25.339710', 233, 312),
	(248, '', 'REVIEW_DENIED', '2022-08-12 15:30:04.431305', 234, 21),
	(250, NULL, 'REVIEWED', '2022-08-12 15:20:43.961326', 236, 342),
	(252, '', 'REVIEWED', '2022-08-12 16:36:14.100717', 238, 342),
	(253, '', 'REVIEWED', '2022-08-12 16:36:26.367538', 239, 342),
	(254, '', 'REVIEW_DENIED', '2022-08-12 16:10:28.396315', 240, 19),
	(256, NULL, 'FIXED', '2022-08-12 15:39:39.734599', 234, 312),
	(258, NULL, 'REVIEWED', '2022-08-16 10:39:26.552640', 234, 21),
	(259, NULL, 'FIXED', '2022-08-12 16:37:14.076444', 240, 342),
	(262, NULL, 'REVIEWED', '2022-08-12 16:38:02.472016', 240, 19),
	(264, NULL, 'REVIEWED', '2022-08-12 21:02:35.112917', 243, 327),
	(265, NULL, 'REVIEWED', '2022-08-12 21:02:46.706965', 244, 327),
	(266, NULL, 'REVIEWED', '2022-08-12 21:02:23.034481', 245, 327),
	(267, NULL, 'REVIEWED', '2022-08-12 21:02:12.188884', 246, 327),
	(268, NULL, 'REVIEWED', '2022-08-12 20:59:36.082387', 247, 327),
	(269, NULL, 'REVIEWED', '2022-08-12 21:09:28.040333', 248, 327),
	(270, NULL, 'REVIEWED', '2022-08-12 21:09:10.633637', 249, 327),
	(271, '', 'REVIEW_DENIED', '2022-08-14 16:02:50.335752', 250, 1),
	(275, NULL, 'REVIEWED', '2022-08-13 10:21:22.635621', 254, 316),
	(277, NULL, 'FIXED', '2022-08-15 10:12:39.170931', 250, 327),
	(289, NULL, 'REVIEWED', '2022-08-15 10:35:23.705361', 250, 1),
	(290, NULL, 'REVIEWED', '2022-08-15 11:16:02.596677', 256, 330),
	(291, NULL, 'REVIEWED', '2022-08-15 11:16:22.005134', 257, 330),
	(292, NULL, 'REVIEWED', '2022-08-15 11:16:34.397073', 258, 330),
	(293, NULL, 'REVIEWED', '2022-08-15 11:16:58.542181', 259, 330),
	(294, NULL, 'REVIEWED', '2022-08-15 11:17:48.206437', 260, 330),
	(295, NULL, 'REVIEWED', '2022-08-15 11:17:16.201029', 261, 330),
	(296, NULL, 'REVIEWED', '2022-08-15 11:17:31.845850', 262, 330),
	(297, NULL, 'REVIEWED', '2022-08-15 14:21:47.627371', 263, 1),
	(298, NULL, 'REVIEWED', '2022-08-15 14:16:25.505497', 264, 310),
	(299, NULL, 'REVIEWED', '2022-08-15 14:16:17.176783', 265, 310),
	(300, NULL, 'REVIEWED', '2022-08-15 14:16:08.454846', 266, 310),
	(301, NULL, 'REVIEWED', '2022-08-15 14:15:59.798047', 267, 310),
	(302, NULL, 'REVIEWED', '2022-08-15 14:27:49.678572', 268, 17),
	(312, NULL, 'REVIEWED', '2022-08-16 09:33:01.830147', 276, 328),
	(314, NULL, 'REVIEWED', '2022-08-16 09:40:00.461723', 278, 328),
	(316, NULL, 'REVIEWED', '2022-08-16 10:25:44.080798', 280, 328),
	(318, NULL, 'REVIEWED', '2022-08-16 10:25:36.892764', 282, 328),
	(319, NULL, 'REVIEWED', '2022-08-16 10:25:28.939219', 283, 328),
	(320, NULL, 'REVIEWED', '2022-08-16 10:25:16.046837', 284, 328),
	(321, NULL, 'REVIEWED', '2022-08-16 11:19:48.027386', 285, 1),
	(322, NULL, 'REVIEWED', '2022-08-24 16:19:08.325149', 286, 9),
	(331, NULL, 'REVIEWED', '2022-08-18 12:00:53.633235', 295, 313),
	(332, NULL, 'REVIEWED', '2022-08-18 12:13:29.121818', 296, 313),
	(333, NULL, 'REVIEWED', '2022-08-18 12:13:40.965876', 297, 313),
	(334, NULL, 'REVIEWED', '2022-08-18 12:14:04.701267', 298, 313),
	(335, NULL, 'REVIEWED', '2022-08-18 12:13:12.511170', 299, 313),
	(336, NULL, 'REVIEWED', '2022-08-22 15:25:27.410452', 300, 5),
	(338, NULL, 'REVIEWED', '2022-08-18 14:34:21.125620', 301, 309),
	(339, NULL, 'REVIEWED', '2022-08-18 14:33:34.747834', 302, 309),
	(340, '', 'REVIEW_DENIED', '2022-08-18 14:26:30.314362', 303, 309),
	(341, NULL, 'FIXED', '2022-08-18 14:27:45.616517', 303, 110),
	(342, '', 'REVIEW_DENIED', '2022-08-18 14:29:28.672607', 303, 309),
	(343, NULL, 'REVIEWED', '2022-08-18 14:34:43.235556', 304, 309),
	(344, NULL, 'FIXED', '2022-08-18 14:32:23.663774', 303, 110),
	(345, NULL, 'REVIEWED', '2022-08-18 14:37:30.184896', 303, 309),
	(346, NULL, 'REVIEWED', '2022-08-18 14:35:17.285426', 305, 309),
	(347, NULL, 'REVIEWED', '2022-08-18 14:49:59.832176', 306, 16),
	(529, NULL, 'REVIEWED', '2022-09-01 11:14:50.287408', 457, 1),
	(530, NULL, 'REVIEWED', '2022-09-01 11:16:09.734799', 458, 1),
	(531, NULL, 'REVIEWED', '2022-09-01 11:15:38.795431', 459, 1),
	(537, NULL, 'REVIEWED', '2022-09-02 15:39:53.090606', 465, 305),
	(538, NULL, 'REVIEWED', '2022-09-02 15:39:37.594946', 466, 305),
	(539, NULL, 'REVIEWED', '2022-09-02 15:39:06.934289', 467, 305),
	(541, NULL, 'REVIEWED', '2022-09-02 15:38:39.821417', 469, 305),
	(545, NULL, 'REVIEWED', '2022-09-13 15:09:39.736023', 473, 5),
	(583, '', 'REVIEW_DENIED', '2022-10-20 08:40:56.328545', 507, 21),
	(584, NULL, 'FIXED', '2022-10-20 08:47:25.576552', 507, 312),
	(585, NULL, 'REVIEWED', '2022-10-20 08:48:05.595548', 507, 21),
	(586, NULL, 'REVIEWED', '2022-10-20 08:54:06.071896', 508, 21),
	(587, NULL, 'REVIEWED', '2022-10-20 08:54:58.260736', 509, 21),
	(588, NULL, 'REVIEWED', '2022-10-20 08:53:17.255802', 510, 21),
	(601, NULL, 'REVIEWED', '2022-11-15 15:38:08.088566', 601, 1),
	(602, NULL, 'REVIEWED', '2022-11-15 15:38:08.099023', 602, 1),
	(603, NULL, 'REVIEWED', '2022-11-15 15:38:08.103682', 603, 1),
	(604, NULL, 'REVIEWED', '2022-11-15 15:38:08.108683', 604, 1),
	(605, NULL, 'REVIEWED', '2022-11-15 15:38:08.113684', 605, 1),
	(606, NULL, 'REVIEWED', '2022-11-15 15:38:08.118683', 606, 1),
	(607, NULL, 'REVIEWED', '2022-11-15 15:38:08.123347', 607, 1),
	(608, NULL, 'REVIEWED', '2022-11-15 15:38:08.127569', 608, 1),
	(609, NULL, 'REVIEWED', '2022-11-15 15:38:08.133591', 609, 1),
	(610, NULL, 'REVIEWED', '2022-11-15 15:38:08.138582', 610, 1),
	(611, NULL, 'REVIEWED', '2022-11-15 15:38:08.143255', 611, 1),
	(612, NULL, 'REVIEWED', '2022-11-15 15:38:08.148112', 612, 1),
	(613, NULL, 'REVIEWED', '2022-11-15 15:38:08.152275', 613, 1),
	(614, NULL, 'REVIEWED', '2022-11-15 15:38:08.156827', 614, 1),
	(615, NULL, 'REVIEWED', '2022-11-15 15:38:08.162161', 615, 1),
	(616, NULL, 'REVIEWED', '2022-11-15 15:38:08.168170', 616, 1),
	(617, NULL, 'REVIEWED', '2022-11-15 15:38:08.172561', 617, 1),
	(618, NULL, 'REVIEWED', '2022-11-15 15:38:08.176418', 618, 1),
	(619, NULL, 'REVIEWED', '2022-11-15 15:38:08.180500', 619, 1),
	(620, NULL, 'REVIEWED', '2022-11-15 15:38:08.184790', 620, 1),
	(621, NULL, 'REVIEWED', '2022-11-15 15:38:08.195599', 621, 1),
	(622, NULL, 'REVIEWED', '2022-11-15 15:38:08.199908', 622, 1),
	(623, NULL, 'REVIEWED', '2022-11-15 15:38:08.203421', 623, 305),
	(624, NULL, 'REVIEWED', '2022-11-15 15:38:08.206472', 624, 305),
	(625, NULL, 'REVIEWED', '2022-11-15 15:38:08.210678', 625, 306),
	(626, NULL, 'REVIEWED', '2022-11-15 15:38:08.214127', 626, 307),
	(627, NULL, 'REVIEWED', '2022-11-15 15:38:08.218129', 627, 307),
	(628, NULL, 'REVIEWED', '2022-11-15 15:38:08.222154', 628, 307),
	(629, NULL, 'REVIEWED', '2022-11-15 15:38:08.226050', 629, 308),
	(630, NULL, 'REVIEWED', '2022-11-15 15:38:08.229693', 630, 308),
	(631, NULL, 'REVIEWED', '2022-11-15 15:38:08.232703', 631, 308),
	(632, NULL, 'REVIEWED', '2022-11-15 15:38:08.236506', 632, 308),
	(633, NULL, 'REVIEWED', '2022-11-15 15:38:08.241506', 633, 309),
	(634, NULL, 'REVIEWED', '2022-11-15 15:38:08.245506', 634, 309),
	(635, NULL, 'REVIEWED', '2022-11-15 15:38:08.249354', 635, 309),
	(636, NULL, 'REVIEWED', '2022-11-15 15:38:08.252367', 636, 309),
	(637, NULL, 'REVIEWED', '2022-11-15 15:38:08.256046', 637, 309),
	(638, NULL, 'REVIEWED', '2022-11-15 15:38:08.259830', 638, 310),
	(639, NULL, 'REVIEWED', '2022-11-15 15:38:08.263840', 639, 310),
	(640, NULL, 'REVIEWED', '2022-11-15 15:38:08.267573', 640, 310),
	(641, NULL, 'REVIEWED', '2022-11-15 15:38:08.271586', 641, 310),
	(642, NULL, 'REVIEWED', '2022-11-15 15:38:08.274803', 642, 310),
	(643, NULL, 'REVIEWED', '2022-11-15 15:38:08.278917', 643, 311),
	(644, NULL, 'REVIEWED', '2022-11-15 15:38:08.282642', 644, 311),
	(645, NULL, 'REVIEWED', '2022-11-15 15:38:08.285651', 645, 312),
	(646, NULL, 'REVIEWED', '2022-11-15 15:38:08.289652', 646, 312),
	(647, NULL, 'REVIEWED', '2022-11-15 15:38:08.293192', 647, 312),
	(648, NULL, 'REVIEWED', '2022-11-15 15:38:08.297133', 648, 312),
	(649, NULL, 'REVIEWED', '2022-11-15 15:38:08.300242', 649, 313),
	(650, NULL, 'REVIEWED', '2022-11-15 15:38:08.304277', 650, 313),
	(651, NULL, 'REVIEWED', '2022-11-15 15:38:08.307644', 651, 313),
	(652, NULL, 'REVIEWED', '2022-11-15 15:38:08.311333', 652, 313),
	(653, NULL, 'REVIEWED', '2022-11-15 15:38:08.314681', 653, 343),
	(654, NULL, 'REVIEWED', '2022-11-15 15:38:08.318702', 654, 343),
	(655, NULL, 'REVIEWED', '2022-11-15 15:38:08.322886', 655, 315),
	(656, NULL, 'REVIEWED', '2022-11-15 15:38:08.326804', 656, 317),
	(657, NULL, 'REVIEWED', '2022-11-15 15:38:08.330286', 657, 317),
	(658, NULL, 'REVIEWED', '2022-11-15 15:38:08.334295', 658, 317),
	(659, NULL, 'REVIEWED', '2022-11-15 15:38:08.337295', 659, 318),
	(660, NULL, 'REVIEWED', '2022-11-15 15:38:08.341296', 660, 326),
	(661, NULL, 'REVIEWED', '2022-11-15 15:38:08.345296', 661, 319),
	(662, NULL, 'REVIEWED', '2022-11-15 15:38:08.349295', 662, 319),
	(663, NULL, 'REVIEWED', '2022-11-15 15:38:08.353308', 663, 320),
	(664, NULL, 'REVIEWED', '2022-11-15 15:38:08.357657', 664, 320),
	(665, NULL, 'REVIEWED', '2022-11-15 15:38:08.373666', 665, 320),
	(666, NULL, 'REVIEWED', '2022-11-15 15:38:08.376666', 666, 320),
	(667, NULL, 'REVIEWED', '2022-11-15 15:38:08.379536', 667, 320),
	(668, NULL, 'REVIEWED', '2022-11-15 15:38:08.384965', 668, 320),
	(669, NULL, 'REVIEWED', '2022-11-15 15:38:08.388365', 669, 320),
	(670, NULL, 'REVIEWED', '2022-11-15 15:38:08.391625', 670, 320),
	(671, NULL, 'REVIEWED', '2022-11-15 15:38:08.394502', 671, 320),
	(672, NULL, 'REVIEWED', '2022-11-15 15:38:08.397901', 672, 321),
	(673, NULL, 'REVIEWED', '2022-11-15 15:38:08.400825', 673, 321),
	(674, NULL, 'REVIEWED', '2022-11-15 15:38:08.403994', 674, 321),
	(675, NULL, 'REVIEWED', '2022-11-15 15:38:08.407186', 675, 321),
	(676, NULL, 'REVIEWED', '2022-11-15 15:38:08.410800', 676, 321),
	(677, NULL, 'REVIEWED', '2022-11-15 15:38:08.414691', 677, 322),
	(678, NULL, 'REVIEWED', '2022-11-15 15:38:08.418858', 678, 322),
	(679, NULL, 'REVIEWED', '2022-11-15 15:38:08.422333', 679, 322),
	(680, NULL, 'REVIEWED', '2022-11-15 15:38:08.425416', 680, 322),
	(681, NULL, 'REVIEWED', '2022-11-15 15:38:08.427909', 681, 322),
	(682, NULL, 'REVIEWED', '2022-11-15 15:38:08.431453', 682, 322),
	(683, NULL, 'REVIEWED', '2022-11-15 15:38:08.434240', 683, 323),
	(684, NULL, 'REVIEWED', '2022-11-15 15:38:08.436591', 684, 323),
	(685, NULL, 'REVIEWED', '2022-11-15 15:38:08.439968', 685, 323),
	(686, NULL, 'REVIEWED', '2022-11-15 15:38:08.442981', 686, 323),
	(687, NULL, 'REVIEWED', '2022-11-15 15:38:08.446502', 687, 323),
	(688, NULL, 'REVIEWED', '2022-11-15 15:38:08.449437', 688, 323),
	(689, NULL, 'REVIEWED', '2022-11-15 15:38:08.452363', 689, 324),
	(690, NULL, 'REVIEWED', '2022-11-15 15:38:08.455270', 690, 324),
	(691, NULL, 'REVIEWED', '2022-11-15 15:38:08.460138', 691, 324),
	(692, NULL, 'REVIEWED', '2022-11-15 15:38:08.463148', 692, 324),
	(693, NULL, 'REVIEWED', '2022-11-15 15:38:08.466295', 693, 324),
	(694, NULL, 'REVIEWED', '2022-11-15 15:38:08.469208', 694, 324),
	(695, NULL, 'REVIEWED', '2022-11-15 15:38:08.471822', 695, 325),
	(696, NULL, 'REVIEWED', '2022-11-15 15:38:08.473747', 696, 325),
	(697, NULL, 'REVIEWED', '2022-11-15 15:38:08.477746', 697, 325),
	(698, NULL, 'REVIEWED', '2022-11-15 15:38:08.481223', 698, 325),
	(699, NULL, 'REVIEWED', '2022-11-15 15:38:08.484176', 699, 325),
	(700, NULL, 'REVIEWED', '2022-11-15 15:38:08.487143', 700, 325),
	(701, NULL, 'REVIEWED', '2022-11-15 15:38:08.490018', 701, 326),
	(702, NULL, 'REVIEWED', '2022-11-15 15:38:08.492707', 702, 326),
	(703, NULL, 'REVIEWED', '2022-11-15 15:38:08.495945', 703, 326),
	(704, NULL, 'REVIEWED', '2022-11-15 15:38:08.498331', 704, 327),
	(705, NULL, 'REVIEWED', '2022-11-15 15:38:08.501439', 705, 327),
	(706, NULL, 'REVIEWED', '2022-11-15 15:38:08.503991', 706, 327),
	(707, NULL, 'REVIEWED', '2022-11-15 15:38:08.505846', 707, 327),
	(708, NULL, 'REVIEWED', '2022-11-15 15:38:08.510788', 708, 327),
	(709, NULL, 'REVIEWED', '2022-11-15 15:38:08.513683', 709, 328),
	(710, NULL, 'REVIEWED', '2022-11-15 15:38:08.516620', 710, 328),
	(711, NULL, 'REVIEWED', '2022-11-15 15:38:08.519685', 711, 328),
	(712, NULL, 'REVIEWED', '2022-11-15 15:38:08.522697', 712, 328),
	(713, NULL, 'REVIEWED', '2022-11-15 15:38:08.525662', 713, 328),
	(714, NULL, 'REVIEWED', '2022-11-15 15:38:08.528763', 714, 329),
	(715, NULL, 'REVIEWED', '2022-11-15 15:38:08.531957', 715, 329),
	(716, NULL, 'REVIEWED', '2022-11-15 15:38:08.535140', 716, 329),
	(717, NULL, 'REVIEWED', '2022-11-15 15:38:08.538149', 717, 329),
	(718, NULL, 'REVIEWED', '2022-11-15 15:38:08.542147', 718, 329),
	(719, NULL, 'REVIEWED', '2022-11-15 15:38:08.544834', 719, 329),
	(720, NULL, 'REVIEWED', '2022-11-15 15:38:08.547688', 720, 329),
	(721, NULL, 'REVIEWED', '2022-11-15 15:38:08.551698', 721, 330),
	(722, NULL, 'REVIEWED', '2022-11-15 15:38:08.554699', 722, 330),
	(723, NULL, 'REVIEWED', '2022-11-15 15:38:08.557876', 723, 330),
	(724, NULL, 'REVIEWED', '2022-11-15 15:38:08.559792', 724, 330),
	(725, NULL, 'REVIEWED', '2022-11-15 15:38:08.562445', 725, 5),
	(726, NULL, 'REVIEWED', '2022-11-15 15:38:08.564141', 726, 5),
	(727, NULL, 'REVIEWED', '2022-11-15 15:38:08.565844', 727, 6),
	(728, NULL, 'REVIEWED', '2022-11-15 15:38:08.567859', 728, 15),
	(729, NULL, 'REVIEWED', '2022-11-15 15:38:08.570862', 729, 16),
	(730, NULL, 'REVIEWED', '2022-11-15 15:38:08.572677', 730, 17),
	(731, NULL, 'REVIEWED', '2022-11-15 15:38:08.574491', 731, 3),
	(732, NULL, 'REVIEWED', '2022-11-15 15:38:08.576055', 732, 21),
	(733, NULL, 'REVIEWED', '2022-11-15 15:38:08.577786', 733, 5),
	(734, NULL, 'REVIEWED', '2022-11-15 15:38:08.579428', 734, 6),
	(735, NULL, 'REVIEWED', '2022-11-15 15:38:08.581761', 735, 15),
	(736, NULL, 'REVIEWED', '2022-11-15 15:38:08.582749', 736, 6),
	(737, NULL, 'REVIEWED', '2022-11-15 15:38:08.585749', 737, 17),
	(738, NULL, 'REVIEWED', '2022-11-15 15:38:08.587749', 738, 1),
	(739, NULL, 'REVIEWED', '2022-11-15 15:38:08.589666', 739, 1),
	(740, NULL, 'REVIEWED', '2022-11-15 15:38:08.591291', 740, 1),
	(741, NULL, 'REVIEWED', '2022-11-15 15:38:08.592963', 741, 1),
	(742, NULL, 'REVIEWED', '2022-11-15 15:38:08.594639', 742, 1),
	(743, NULL, 'REVIEWED', '2022-11-15 15:38:08.596359', 743, 1),
	(744, NULL, 'REVIEWED', '2022-11-15 15:38:08.598030', 744, 1),
	(745, NULL, 'REVIEWED', '2022-11-15 15:38:08.598945', 745, 1),
	(746, NULL, 'REVIEWED', '2022-11-15 15:38:08.601670', 746, 1),
	(747, NULL, 'REVIEWED', '2022-11-15 15:38:08.603244', 747, 1),
	(748, NULL, 'REVIEWED', '2022-11-15 15:38:08.604895', 748, 1),
	(749, NULL, 'REVIEWED', '2022-11-15 15:38:08.607914', 749, 320),
	(750, NULL, 'REVIEWED', '2022-11-15 15:38:08.610238', 750, 321),
	(751, NULL, 'REVIEWED', '2022-11-15 15:38:08.613755', 751, 322),
	(752, NULL, 'REVIEWED', '2022-11-15 15:38:08.618607', 752, 323),
	(753, NULL, 'REVIEWED', '2022-11-15 15:38:08.621904', 753, 324),
	(754, NULL, 'REVIEWED', '2022-11-15 15:38:08.624536', 754, 325),
	(755, NULL, 'REVIEWED', '2022-11-15 15:38:08.626432', 755, 326),
	(756, NULL, 'REVIEWED', '2022-11-15 15:38:08.630079', 756, 327),
	(757, NULL, 'REVIEWED', '2022-11-15 15:38:08.633078', 757, 328),
	(758, NULL, 'REVIEWED', '2022-11-15 15:38:08.636078', 758, 329),
	(759, NULL, 'REVIEWED', '2022-11-15 15:38:08.639078', 759, 330),
	(760, NULL, 'REVIEWED', '2022-11-15 15:38:08.641078', 760, 19),
	(761, NULL, 'REVIEWED', '2022-11-15 15:38:08.642078', 761, 9),
	(762, NULL, 'REVIEWED', '2022-11-15 15:38:08.645078', 762, 326),
	(763, NULL, 'REVIEWED', '2022-11-15 15:38:08.649092', 763, 326),
	(764, NULL, 'REVIEWED', '2022-11-15 15:38:08.651787', 764, 326);

INSERT INTO `attach` (`id`, `file_name`, `fs_file_name`, `update_time`, `upload_user_id`, `source_ordinal_form_id`, `source_meeting_id`, `source_inform_id`, `is_template`, `source_progress_id`) VALUES
	(1, '.jpg', '1_.jpg', '2022-06-28 15:53:09.127789', 999, 1, NULL, NULL, NULL, NULL),
	(2, '202205.doc', '202205_20220711_003136.doc', '2022-07-11 00:31:36.814575', 999, NULL, NULL, 5, NULL, NULL),
	(3, '202205.doc', '202205_20220711_004017.doc', '2022-07-11 00:40:17.231204', 999, NULL, NULL, 4, NULL, NULL),
	(4, '202201.docx', '202201_20220711_004036.docx', '2022-07-11 00:40:36.731937', 999, NULL, NULL, 6, NULL, NULL),
	(5, '4.2810.doc', '4.2810.doc', '2022-07-11 10:12:44.944404', 7, 4, NULL, NULL, NULL, NULL),
	(6, '5.68.doc', '5.68.doc', '2022-07-11 10:16:20.058873', 7, 5, NULL, NULL, NULL, NULL),
	(7, '6.5.doc', '6.5.doc', '2022-07-11 10:17:56.990437', 7, 6, NULL, NULL, NULL, NULL),
	(8, '.docx', '.docx', '2022-07-11 10:26:15.418963', 21, 7, NULL, NULL, NULL, NULL),
	(9, '.docx', '.docx', '2022-07-11 10:28:05.915877', 21, 8, NULL, NULL, NULL, NULL),
	(10, '.docx', '.docx', '2022-07-11 10:29:31.339530', 21, 9, NULL, NULL, NULL, NULL),
	(11, '  2021.1.11.docx', '  2021.1.11.docx', '2022-07-11 10:31:54.277814', 17, 10, NULL, NULL, NULL, NULL),
	(12, '5.docx', '5_20220711_165643.docx', '2022-07-11 16:56:43.733886', 1, 3, NULL, NULL, NULL, NULL),
	(20, '202028.doc', '202028.doc', NULL, NULL, NULL, NULL, NULL, b'1', NULL),
	(21, '.doc', '.doc', NULL, NULL, NULL, NULL, NULL, b'1', NULL),
	(22, '  [2022]34 .doc', '  [2022]34 .doc', NULL, NULL, NULL, NULL, NULL, b'1', NULL),
	(23, '.zip', '.zip', NULL, NULL, NULL, NULL, NULL, b'1', NULL),
	(24, '  [2022]12 2022.doc', '  [2022]12 2022_20220731_144713.doc', '2022-07-31 14:47:13.119112', 327, NULL, NULL, NULL, NULL, NULL),
	(25, '2022.doc', '2022_20220731_144713.doc', '2022-07-31 14:47:13.119112', 327, NULL, NULL, NULL, NULL, NULL),
	(26, '  [2022]13 2022.doc', '  [2022]13 2022_20220731_144713.doc', '2022-07-31 14:47:13.119112', 327, NULL, NULL, NULL, NULL, NULL),
	(27, '.docx', '_20220817_161807.docx', '2022-08-17 16:18:07.104665', 313, NULL, 42, NULL, NULL, NULL),
	(28, '01.docx', '01_20220823_145033.docx', '2022-08-23 14:50:33.462664', 1, 22, NULL, NULL, NULL, NULL),
	(29, '26().docx', '26()_20220826_095545.docx', '2022-08-26 09:55:45.576438', 7, 45, NULL, NULL, NULL, NULL),
	(32, '26().docx', '26()_20220826_100035.docx', '2022-08-26 10:00:35.233426', 7, 45, NULL, NULL, NULL, NULL),
	(34, '26().docx', '26()_20220829_121305.docx', '2022-08-29 12:13:05.413911', 7, 48, NULL, NULL, NULL, NULL),
	(35, '04.docx', '04_20220829_140555.docx', '2022-08-29 14:05:55.547319', 16, 49, NULL, NULL, NULL, NULL),
	(36, '.doc', '_20220831_144926.doc', '2022-08-31 14:49:26.899726', 8, 53, NULL, NULL, NULL, NULL),
	(37, '2022.7.16.xlsx', '2022.7.16_20220831_145231.xlsx', '2022-08-31 14:52:31.262074', 8, 54, NULL, NULL, NULL, NULL),
	(38, '.docx', '_20220831_145434.docx', '2022-08-31 14:54:34.665525', 8, 55, NULL, NULL, NULL, NULL),
	(39, '(1).docx', '(1)_20220831_145437.docx', '2022-08-31 14:54:37.134365', 8, 55, NULL, NULL, NULL, NULL),
	(40, '.docx', '_20220831_145440.docx', '2022-08-31 14:54:40.025080', 8, 55, NULL, NULL, NULL, NULL),
	(41, '.xlsx', '_20220831_145510.xlsx', '2022-08-31 14:55:10.559682', 8, 56, NULL, NULL, NULL, NULL),
	(42, '.JPG', '_20220904_171506.JPG', '2022-09-04 17:15:06.738751', 8, 61, NULL, NULL, NULL, NULL),
	(43, '.JPG', '_20220904_171622.JPG', '2022-09-04 17:16:22.619376', 8, 62, NULL, NULL, NULL, NULL),
	(44, 'Tcpip6.reg', 'Tcpip6_20220905_075216.reg', '2022-09-05 07:52:16.268090', 312, NULL, NULL, NULL, NULL, NULL),
	(46, '.jpg', '_20220908_082543.jpg', '2022-09-08 08:25:43.440282', 207, 64, NULL, NULL, NULL, NULL),
	(47, '.jpg', '_20220908_140902.jpg', '2022-09-08 14:09:02.329126', 207, 66, NULL, NULL, NULL, NULL),
	(48, '.jpg', '_20220909_102501.jpg', '2022-09-09 10:25:01.350570', 7, 67, NULL, NULL, NULL, NULL),
	(49, '.pdf', '_20220909_160751.pdf', '2022-09-09 16:07:51.160872', 5, 68, NULL, NULL, NULL, NULL),
	(50, '.pdf', '_20220913_091318.pdf', '2022-09-13 09:13:18.236474', 30, 69, NULL, NULL, NULL, NULL),
	(51, '.pdf', '_20220913_091448.pdf', '2022-09-13 09:14:48.727850', 30, 70, NULL, NULL, NULL, NULL),
	(52, '2022.9.jpg', '2022.9_20220913_091602.jpg', '2022-09-13 09:16:02.158982', 215, NULL, NULL, NULL, NULL, NULL),
	(53, '2022.9.jpg', '2022.9_20220913_092326.jpg', '2022-09-13 09:23:26.280101', 215, 71, NULL, NULL, NULL, NULL),
	(54, '.JPG', '_20220913_143641.JPG', '2022-09-13 14:36:41.462936', 143, 72, NULL, NULL, NULL, NULL),
	(55, '.JPG', '_20220913_143945.JPG', '2022-09-13 14:39:45.463122', 3, 73, NULL, NULL, NULL, NULL),
	(56, '_20220913151210.jpg', '_20220913151210_20220913_151259.jpg', '2022-09-13 15:12:59.317867', 155, 74, NULL, NULL, NULL, NULL),
	(57, '.jpg', '_20220913_151420.jpg', '2022-09-13 15:14:20.214322', 155, 75, NULL, NULL, NULL, NULL),
	(58, '.jpg', '_20220913_151457.jpg', '2022-09-13 15:14:57.234251', 155, 76, NULL, NULL, NULL, NULL),
	(59, '.jpg', '_20220913_151553.jpg', '2022-09-13 15:15:53.160499', 134, 77, NULL, NULL, NULL, NULL),
	(60, '_20220913151106.jpg', '_20220913151106_20220913_152005.jpg', '2022-09-13 15:20:05.169538', 242, 78, NULL, NULL, NULL, NULL),
	(61, '.jpg', '_20220913_152315.jpg', '2022-09-13 15:23:15.193369', 242, 79, NULL, NULL, NULL, NULL),
	(62, '.jpg', '_20220913_152518.jpg', '2022-09-13 15:25:18.711167', 242, 80, NULL, NULL, NULL, NULL),
	(63, '.jpg', '_20220913_152615.jpg', '2022-09-13 15:26:15.619501', 139, 81, NULL, NULL, NULL, NULL),
	(64, '_20220913152703.jpg', '_20220913152703_20220913_152817.jpg', '2022-09-13 15:28:17.213479', 186, 82, NULL, NULL, NULL, NULL),
	(65, '41kvs670bovpjebx4x4rekn2d_0.jpg', '41kvs670bovpjebx4x4rekn2d_0_20220913_153126.jpg', '2022-09-13 15:31:26.094393', 207, 83, NULL, NULL, NULL, NULL),
	(66, '.jpg', '_20220913_154259.jpg', '2022-09-13 15:42:59.551637', 75, 84, NULL, NULL, NULL, NULL),
	(67, '.jpg', '_20220913_154839.jpg', '2022-09-13 15:48:39.176557', 75, 85, NULL, NULL, NULL, NULL),
	(68, '.jpg', '_20220913_155009.jpg', '2022-09-13 15:50:09.185915', 75, 86, NULL, NULL, NULL, NULL),
	(69, '.jpg', '_20220913_155115.jpg', '2022-09-13 15:51:15.158315', 75, 87, NULL, NULL, NULL, NULL),
	(70, '.jpg', '_20220913_210832.jpg', '2022-09-13 21:08:32.430946', 283, 88, NULL, NULL, NULL, NULL),
	(71, '.jpg', '_20220913_211121.jpg', '2022-09-13 21:11:21.635952', 283, 90, NULL, NULL, NULL, NULL),
	(72, '.jpg', '_20220913_211206.jpg', '2022-09-13 21:12:06.356304', 283, 91, NULL, NULL, NULL, NULL),
	(73, '.jpg', '_20220913_211901.jpg', '2022-09-13 21:19:01.859081', 283, 92, NULL, NULL, NULL, NULL),
	(74, 'af2b9d434ce3e2b2b5f92b4b3d56658.jpg', 'af2b9d434ce3e2b2b5f92b4b3d56658_20220913_212813.jpg', '2022-09-13 21:28:13.740111', 250, 93, NULL, NULL, NULL, NULL),
	(75, '.jpg', '_20220913_213135.jpg', '2022-09-13 21:31:35.862144', 250, 94, NULL, NULL, NULL, NULL),
	(76, '.jpg', '_20220913_213806.jpg', '2022-09-13 21:38:06.151715', 250, 95, NULL, NULL, NULL, NULL),
	(77, '.jpg', '_20220913_214245.jpg', '2022-09-13 21:42:45.985423', 250, 96, NULL, NULL, NULL, NULL),
	(78, '.jpg', '_20220914_083346.jpg', '2022-09-14 08:33:46.127225', 15, 97, NULL, NULL, NULL, NULL),
	(79, '.jpg', '_20220914_084048.jpg', '2022-09-14 08:40:48.580152', 15, 98, NULL, NULL, NULL, NULL),
	(80, '_20220914095919.jpg', '_20220914095919_20220914_095934.jpg', '2022-09-14 09:59:34.363469', 21, 99, NULL, NULL, NULL, NULL),
	(81, '.jpg', '_20220914_101808.jpg', '2022-09-14 10:18:08.111901', 15, 100, NULL, NULL, NULL, NULL),
	(82, '_20220914144803.jpg', '_20220914144803_20220914_144824.jpg', '2022-09-14 14:48:24.497900', 293, 101, NULL, NULL, NULL, NULL),
	(83, '20220914_09465357.jpg', '20220914_09465357_20220914_145253.jpg', '2022-09-14 14:52:53.661135', 293, 102, NULL, NULL, NULL, NULL),
	(84, '20220914_15092100.jpg', '20220914_15092100_20220914_151032.jpg', '2022-09-14 15:10:32.944315', 293, 103, NULL, NULL, NULL, NULL),
	(85, '20220914_15313281.jpg', '20220914_15313281_20220914_153440.jpg', '2022-09-14 15:34:40.175043', 293, 104, NULL, NULL, NULL, NULL),
	(86, '.jpg', '_20220914_162359.jpg', '2022-09-14 16:23:59.480549', 261, 105, NULL, NULL, NULL, NULL),
	(87, '.jpg', '_20220914_162703.jpg', '2022-09-14 16:27:03.988276', 261, 106, NULL, NULL, NULL, NULL),
	(88, '.jpg', '_20220914_162834.jpg', '2022-09-14 16:28:34.926634', 261, 107, NULL, NULL, NULL, NULL),
	(89, '.jpg', '_20220914_162932.jpg', '2022-09-14 16:29:32.899953', 261, 108, NULL, NULL, NULL, NULL),
	(90, '.jpg', '_20220914_163035.jpg', '2022-09-14 16:30:35.501470', 261, 109, NULL, NULL, NULL, NULL),
	(91, '.pdf', '_20220914_163116.pdf', '2022-09-14 16:31:16.177111', 116, 110, NULL, NULL, NULL, NULL),
	(92, '.pdf', '_20220914_163208.pdf', '2022-09-14 16:32:08.555155', 116, 111, NULL, NULL, NULL, NULL),
	(93, '20220914_16511687.jpg', '20220914_16511687_20220914_165545.jpg', '2022-09-14 16:55:46.004591', 293, 112, NULL, NULL, NULL, NULL),
	(94, '20220914_16511475.jpg', '20220914_16511475_20220914_165656.jpg', '2022-09-14 16:56:56.756992', 293, 113, NULL, NULL, NULL, NULL),
	(95, '_20220410173409.jpg', '_20220410173409_20220914_182452.jpg', '2022-09-14 18:24:52.066886', 319, 114, NULL, NULL, NULL, NULL),
	(96, '.jpg', '_20220914_182604.jpg', '2022-09-14 18:26:04.513724', 288, 115, NULL, NULL, NULL, NULL),
	(97, '.jpg', '_20220914_182710.jpg', '2022-09-14 18:27:10.803546', 288, 116, NULL, NULL, NULL, NULL),
	(98, '.jpg', '_20220914_182755.jpg', '2022-09-14 18:27:55.961837', 288, 117, NULL, NULL, NULL, NULL),
	(99, '.jpg', '_20220914_182938.jpg', '2022-09-14 18:29:38.846257', 288, 118, NULL, NULL, NULL, NULL),
	(100, '.JPG', '_20220914_191010.JPG', '2022-09-14 19:10:10.338839', 48, 119, NULL, NULL, NULL, NULL),
	(101, '.JPG', '_20220914_191057.JPG', '2022-09-14 19:10:57.156124', 48, 120, NULL, NULL, NULL, NULL),
	(102, '22022.doc', '22022_20220915_093831.doc', '2022-09-15 09:38:31.226547', 13, NULL, NULL, NULL, NULL, NULL),
	(103, '.pdf', '_20220915_093842.pdf', '2022-09-15 09:38:42.852632', 13, 122, NULL, NULL, NULL, NULL),
	(104, '.pdf', '_20220915_093956.pdf', '2022-09-15 09:39:56.109205', 13, 123, NULL, NULL, NULL, NULL),
	(105, '.pdf', '_20220915_094059.pdf', '2022-09-15 09:40:59.319620', 13, 124, NULL, NULL, NULL, NULL),
	(106, '.pdf', '_20220915_094220.pdf', '2022-09-15 09:42:20.136894', 13, 125, NULL, NULL, NULL, NULL),
	(107, '_20220915112701.jpg', '_20220915112701_20220915_112819.jpg', '2022-09-15 11:28:19.749456', 14, 126, NULL, NULL, NULL, NULL),
	(108, '.jpg', '_20220915_113046.jpg', '2022-09-15 11:30:46.503315', 4, 127, NULL, NULL, NULL, NULL),
	(109, '.jpg', '_20220915_114243.jpg', '2022-09-15 11:42:43.686304', 16, 128, NULL, NULL, NULL, NULL),
	(110, '.jpg', '_20220915_135908.jpg', '2022-09-15 13:59:08.233427', 16, 129, NULL, NULL, NULL, NULL),
	(111, '22022--.doc', '22022--_20220915_150617.doc', '2022-09-15 15:06:17.657805', 255, 131, NULL, NULL, NULL, NULL),
	(112, '22022-.doc', '22022-_20220915_150735.doc', '2022-09-15 15:07:35.822571', 255, 132, NULL, NULL, NULL, NULL),
	(113, '22022-.doc', '22022-_20220915_150840.doc', '2022-09-15 15:08:40.113380', 255, 133, NULL, NULL, NULL, NULL),
	(114, '22022-.doc', '22022-_20220915_150959.doc', '2022-09-15 15:09:59.919610', 255, 134, NULL, NULL, NULL, NULL),
	(115, '22022-.doc', '22022-_20220915_151055.doc', '2022-09-15 15:10:55.863975', 255, 135, NULL, NULL, NULL, NULL),
	(116, 'IMG_20220915_150907.jpg', 'IMG_20220915_150907_20220915_151201.jpg', '2022-09-15 15:12:01.224408', 273, NULL, NULL, NULL, NULL, NULL),
	(117, 'IMG_20220915_150928.jpg', 'IMG_20220915_150928_20220915_151242.jpg', '2022-09-15 15:12:42.830560', 273, 136, NULL, NULL, NULL, NULL),
	(118, 'IMG_20220915_150907.jpg', 'IMG_20220915_150907_20220915_151955.jpg', '2022-09-15 15:19:55.983769', 273, 137, NULL, NULL, NULL, NULL),
	(119, 'IMG_20220915_150915.jpg', 'IMG_20220915_150915_20220915_152103.jpg', '2022-09-15 15:21:03.128581', 273, 138, NULL, NULL, NULL, NULL),
	(120, 'IMG_20220915_150922.jpg', 'IMG_20220915_150922_20220915_152135.jpg', '2022-09-15 15:21:35.898898', 273, 139, NULL, NULL, NULL, NULL),
	(121, '498e6beba69b9d0da2b8949afff37041.jpg', '498e6beba69b9d0da2b8949afff37041_20220915_152328.jpg', '2022-09-15 15:23:28.499079', 273, 140, NULL, NULL, NULL, NULL),
	(122, '_20220915152811.jpg', '_20220915152811_20220915_152928.jpg', '2022-09-15 15:29:28.066153', 172, 141, NULL, NULL, NULL, NULL),
	(123, '_20220915152822.jpg', '_20220915152822_20220915_153800.jpg', '2022-09-15 15:38:00.072763', 172, 142, NULL, NULL, NULL, NULL),
	(124, '_20220915152848.jpg', '_20220915152848_20220915_155205.jpg', '2022-09-15 15:52:05.896908', 172, 144, NULL, NULL, NULL, NULL),
	(126, '.jpg', '_20220915_161020.jpg', '2022-09-15 16:10:20.049592', 279, 146, NULL, NULL, NULL, NULL),
	(127, '.jpg', '_20220915_161147.jpg', '2022-09-15 16:11:47.342082', 279, 147, NULL, NULL, NULL, NULL),
	(128, '.jpg', '_20220915_161404.jpg', '2022-09-15 16:14:04.181619', 279, 148, NULL, NULL, NULL, NULL),
	(129, '.jpg', '_20220915_161515.jpg', '2022-09-15 16:15:15.204136', 279, 149, NULL, NULL, NULL, NULL),
	(130, '.jpg', '_20220915_161616.jpg', '2022-09-15 16:16:16.492318', 279, 150, NULL, NULL, NULL, NULL),
	(131, '.jpg', '_20220915_162319.jpg', '2022-09-15 16:23:19.931171', 309, 151, NULL, NULL, NULL, NULL),
	(132, '.jpg', '_20220915_162434.jpg', '2022-09-15 16:24:34.655798', 309, 152, NULL, NULL, NULL, NULL),
	(133, '.jpg', '_20220915_162623.jpg', '2022-09-15 16:26:23.292228', 309, 153, NULL, NULL, NULL, NULL),
	(134, '.jpg', '_20220915_164807.jpg', '2022-09-15 16:48:07.494188', 309, 154, NULL, NULL, NULL, NULL),
	(135, '_20220915170300.jpg', '_20220915170300_20220915_170317.jpg', '2022-09-15 17:03:17.252915', 301, 155, NULL, NULL, NULL, NULL),
	(136, '_20220915170404.jpg', '_20220915170404_20220915_170429.jpg', '2022-09-15 17:04:29.555366', 301, 156, NULL, NULL, NULL, NULL),
	(137, '_20220915170515.jpg', '_20220915170515_20220915_170536.jpg', '2022-09-15 17:05:36.999518', 301, 157, NULL, NULL, NULL, NULL),
	(138, '220915152056.pdf', '220915152056_20220915_171227.pdf', '2022-09-15 17:12:27.252527', 20, 158, NULL, NULL, NULL, NULL),
	(139, '.pdf', '_20220919_154614.pdf', '2022-09-19 15:46:14.104934', 2, 160, NULL, NULL, NULL, NULL),
	(140, '.pdf', '_20220919_154841.pdf', '2022-09-19 15:48:41.726219', 2, 161, NULL, NULL, NULL, NULL),
	(141, '.pdf', '_20220919_154928.pdf', '2022-09-19 15:49:28.352696', 2, 162, NULL, NULL, NULL, NULL),
	(142, '.pdf', '_20220919_155013.pdf', '2022-09-19 15:50:13.655191', 2, 163, NULL, NULL, NULL, NULL),
	(143, '.pdf', '_20220919_155052.pdf', '2022-09-19 15:50:52.659402', 2, 164, NULL, NULL, NULL, NULL),
	(144, '.pdf', '_20220919_155133.pdf', '2022-09-19 15:51:33.038973', 2, 165, NULL, NULL, NULL, NULL),
	(145, '.pdf', '_20220919_155239.pdf', '2022-09-19 15:52:39.497487', 2, 166, NULL, NULL, NULL, NULL),
	(146, '.pdf', '_20220919_155329.pdf', '2022-09-19 15:53:29.298959', 2, 167, NULL, NULL, NULL, NULL),
	(147, '.pdf', '_20220919_155422.pdf', '2022-09-19 15:54:22.975537', 2, 168, NULL, NULL, NULL, NULL),
	(148, '.pdf', '_20220919_155539.pdf', '2022-09-19 15:55:39.012795', 2, 169, NULL, NULL, NULL, NULL),
	(149, '.pdf', '_20220919_155627.pdf', '2022-09-19 15:56:27.082273', 2, 170, NULL, NULL, NULL, NULL),
	(150, '.pdf', '_20220919_163224.pdf', '2022-09-19 16:32:24.049194', 2, 171, NULL, NULL, NULL, NULL),
	(151, '.pdf', '_20220919_163319.pdf', '2022-09-19 16:33:19.098680', 2, 172, NULL, NULL, NULL, NULL),
	(152, '.pdf', '_20220919_163412.pdf', '2022-09-19 16:34:12.774512', 2, 173, NULL, NULL, NULL, NULL),
	(153, '.pdf', '_20220919_163501.pdf', '2022-09-19 16:35:01.666710', 2, 174, NULL, NULL, NULL, NULL),
	(154, '.pdf', '_20220919_163547.pdf', '2022-09-19 16:35:47.747474', 2, 175, NULL, NULL, NULL, NULL),
	(155, '.pdf', '_20220919_163640.pdf', '2022-09-19 16:36:40.500437', 2, 176, NULL, NULL, NULL, NULL),
	(156, '.pdf', '_20220919_163746.pdf', '2022-09-19 16:37:46.317008', 2, 177, NULL, NULL, NULL, NULL),
	(157, '.pdf', '_20220919_163834.pdf', '2022-09-19 16:38:34.069692', 2, 178, NULL, NULL, NULL, NULL),
	(158, '.pdf', '_20220919_163946.pdf', '2022-09-19 16:39:46.307562', 2, 179, NULL, NULL, NULL, NULL),
	(159, '.pdf', '_20220919_164030.pdf', '2022-09-19 16:40:30.903886', 2, 180, NULL, NULL, NULL, NULL),
	(160, '.pdf', '_20220919_164124.pdf', '2022-09-19 16:41:24.015506', 2, 181, NULL, NULL, NULL, NULL),
	(161, '.pdf', '_20220919_164228.pdf', '2022-09-19 16:42:28.973116', 2, 182, NULL, NULL, NULL, NULL),
	(162, '.pdf', '_20220919_164309.pdf', '2022-09-19 16:43:09.507223', 2, 183, NULL, NULL, NULL, NULL),
	(163, '.pdf', '_20220919_164357.pdf', '2022-09-19 16:43:57.243116', 2, 184, NULL, NULL, NULL, NULL),
	(164, '.pdf', '_20220919_164453.pdf', '2022-09-19 16:44:53.606349', 2, 185, NULL, NULL, NULL, NULL),
	(165, '.pdf', '_20220919_164532.pdf', '2022-09-19 16:45:32.000204', 2, 186, NULL, NULL, NULL, NULL),
	(166, '.pdf', '_20220919_164611.pdf', '2022-09-19 16:46:11.269243', 2, 187, NULL, NULL, NULL, NULL),
	(167, '.pdf', '_20220919_164655.pdf', '2022-09-19 16:46:55.586949', 2, 188, NULL, NULL, NULL, NULL),
	(168, '.pdf', '_20220919_164732.pdf', '2022-09-19 16:47:32.450357', 2, 189, NULL, NULL, NULL, NULL),
	(169, '617487648390885144.jpg', '617487648390885144_20220921_143043.jpg', '2022-09-21 14:30:43.153156', 267, 190, NULL, NULL, NULL, NULL),
	(170, '656102985175019963.jpg', '656102985175019963_20220922_102137.jpg', '2022-09-22 10:21:37.431271', 267, 191, NULL, NULL, NULL, NULL),
	(171, '378549067021302340.jpg', '378549067021302340_20220922_151044.jpg', '2022-09-22 15:10:44.535816', 267, 196, NULL, NULL, NULL, NULL),
	(172, '.jpg', '_20220926_110125.jpg', '2022-09-26 11:01:25.455289', 6, 197, NULL, NULL, NULL, NULL),
	(173, '.jpg', '_20220926_110245.jpg', '2022-09-26 11:02:45.667131', 6, 198, NULL, NULL, NULL, NULL),
	(174, '.jpg', '_20220926_110357.jpg', '2022-09-26 11:03:57.988794', 6, 199, NULL, NULL, NULL, NULL),
	(175, '.jpg', '_20220926_110453.jpg', '2022-09-26 11:04:53.323982', 6, 200, NULL, NULL, NULL, NULL),
	(176, '.pdf', '_20220926_133951.pdf', '2022-09-26 13:39:51.793952', 17, NULL, NULL, NULL, NULL, NULL),
	(177, '.pdf', '_20220926_134225.pdf', '2022-09-26 13:42:25.500615', 17, 201, NULL, NULL, NULL, NULL),
	(178, '.pdf', '_20220926_141259.pdf', '2022-09-26 14:12:59.753898', 5, 202, NULL, NULL, NULL, NULL),
	(179, 'c1641d062d3a806a41a2658cddb1d8bc.jpg', 'c1641d062d3a806a41a2658cddb1d8bc_20220926_143426.jpg', '2022-09-26 14:34:26.063286', 267, 203, NULL, NULL, NULL, NULL),
	(180, '270fb2f6e94406a44d79f1ee78c6056.jpg', '270fb2f6e94406a44d79f1ee78c6056_20220926_163411.jpg', '2022-09-26 16:34:11.103068', 12, 204, NULL, NULL, NULL, NULL),
	(181, '.pdf', '_20220926_164454.pdf', '2022-09-26 16:44:54.698804', 18, 205, NULL, NULL, NULL, NULL),
	(182, '.pdf', '_20220926_164556.pdf', '2022-09-26 16:45:56.350613', 18, 206, NULL, NULL, NULL, NULL),
	(183, '7d4758c4f53569d7ec9af4a74b6d139.jpg', '7d4758c4f53569d7ec9af4a74b6d139_20220926_164705.jpg', '2022-09-26 16:47:05.932980', 12, 207, NULL, NULL, NULL, NULL),
	(184, 'IMG_0054.jpeg.JPG', 'IMG_0054.jpeg_20220926_194306.JPG', '2022-09-26 19:43:06.463821', 17, 208, NULL, NULL, NULL, NULL),
	(185, '.zip', '_20220930_083420.zip', '2022-09-30 08:34:20.563226', 1, 213, NULL, NULL, NULL, NULL),
	(186, '1.jpg', '1_20220930_111856.jpg', '2022-09-30 11:18:56.946595', 11, 214, NULL, NULL, NULL, NULL),
	(187, '2.jpg', '2_20220930_113211.jpg', '2022-09-30 11:32:11.087281', 11, 215, NULL, NULL, NULL, NULL),
	(188, '3.jpg', '3_20220930_113619.jpg', '2022-09-30 11:36:19.598228', 11, 216, NULL, NULL, NULL, NULL),
	(189, '656102985175019963.jpg', '656102985175019963_20221008_150648.jpg', '2022-10-08 15:06:48.366304', 267, NULL, NULL, NULL, NULL, NULL),
	(190, '439293654979199992.jpg', '439293654979199992_20221008_150704.jpg', '2022-10-08 15:07:04.757353', 267, 223, NULL, NULL, NULL, NULL),
	(191, 'IMG_20221010_092256.jpg', 'IMG_20221010_092256_20221010_100218.jpg', '2022-10-10 10:02:18.218343', 10, 225, NULL, NULL, NULL, NULL),
	(192, 'IMG_20221010_100710.jpg', 'IMG_20221010_100710_20221010_100818.jpg', '2022-10-10 10:08:18.125640', 10, 226, NULL, NULL, NULL, NULL),
	(193, '  [2022]12 2022.doc', '  [2022]12 2022_20221010_135648.doc', '2022-10-10 13:56:48.776841', 327, 227, NULL, NULL, NULL, NULL),
	(195, '.doc', '_20221011_150955.doc', '2022-10-11 15:09:55.977522', 343, 234, NULL, NULL, NULL, NULL),
	(196, '_20221011151018.jpg', '_20221011151018_20221011_151038.jpg', '2022-10-11 15:10:38.277214', 343, 234, NULL, NULL, NULL, NULL),
	(197, '  .doc', '  _20221011_151431.doc', '2022-10-11 15:14:31.130492', 343, NULL, NULL, NULL, NULL, NULL),
	(198, '_20221011151551.jpg', '_20221011151551_20221011_151951.jpg', '2022-10-11 15:19:51.672948', 343, 235, NULL, NULL, NULL, NULL),
	(199, '.doc', '_20221011_151957.doc', '2022-10-11 15:19:57.423071', 343, 235, NULL, NULL, NULL, NULL),
	(200, '0..docx', '0._20221011_155036.docx', '2022-10-11 15:50:36.479156', 5, NULL, NULL, NULL, NULL, NULL),
	(201, '0..docx', '0._20221011_155204.docx', '2022-10-11 15:52:04.778799', 5, 236, NULL, NULL, NULL, NULL),
	(202, '1..docx', '1._20221011_155335.docx', '2022-10-11 15:53:35.599917', 5, 237, NULL, NULL, NULL, NULL),
	(203, '2..docx', '2._20221011_155335.docx', '2022-10-11 15:53:35.599917', 5, 237, NULL, NULL, NULL, NULL),
	(204, '2..docx', '2._20221011_155509.docx', '2022-10-11 15:55:09.133932', 5, 238, NULL, NULL, NULL, NULL),
	(205, '_202210120846021.jpg', '_202210120846021_20221012_085021.jpg', '2022-10-12 08:50:21.641427', 320, 239, NULL, NULL, NULL, NULL),
	(206, '2022.doc', '2022_20221012_085040.doc', '2022-10-12 08:50:40.767879', 320, 239, NULL, NULL, NULL, NULL),
	(207, '  [2022]13 2022.doc', '  [2022]13 2022_20221012_090025.doc', '2022-10-12 09:00:25.523885', 320, NULL, NULL, NULL, NULL, NULL),
	(208, '  [2022]12 2022.doc', '  [2022]12 2022_20221012_090042.doc', '2022-10-12 09:00:42.790844', 320, 240, NULL, NULL, NULL, NULL),
	(209, '_20221012084602.jpg', '_20221012084602_20221012_090057.jpg', '2022-10-12 09:00:57.416215', 320, 240, NULL, NULL, NULL, NULL),
	(210, ' .pdf', ' _20221012_091749.pdf', '2022-10-12 09:17:49.031976', 320, 241, NULL, NULL, NULL, NULL),
	(211, '20221011.jpg', '20221011_20221012_091757.jpg', '2022-10-12 09:17:57.907176', 320, 241, NULL, NULL, NULL, NULL),
	(212, 'IMG_2112.HEIC.JPG.JPG', 'IMG_2112.HEIC.JPG_20221012_101151.JPG', '2022-10-12 10:11:51.335521', 5, 242, NULL, NULL, NULL, NULL),
	(214, 'IMG_20221013_133557.jpg', 'IMG_20221013_133557_20221013_134237.jpg', '2022-10-13 13:42:37.463473', 273, 247, NULL, NULL, NULL, NULL),
	(215, '(20221012).doc', '(20221012)_20221013_135352.doc', '2022-10-13 13:53:52.421986', 10, 248, NULL, NULL, NULL, NULL),
	(216, '.docx', '_20221013_135554.docx', '2022-10-13 13:55:54.475393', 10, 249, NULL, NULL, NULL, NULL),
	(217, '202210.docx', '202210_20221013_145236.docx', '2022-10-13 14:52:36.354650', 20, 250, NULL, NULL, NULL, NULL),
	(218, '20210817.pdf', '20210817_20221013_145338.pdf', '2022-10-13 14:53:38.030362', 20, 250, NULL, NULL, NULL, NULL),
	(219, '20200717.pdf', '20200717_20221013_145447.pdf', '2022-10-13 14:54:47.237408', 20, 250, NULL, NULL, NULL, NULL),
	(220, '2022.pdf', '2022_20221013_145558.pdf', '2022-10-13 14:55:58.741378', 20, 250, NULL, NULL, NULL, NULL),
	(221, '.pdf', '_20221013_163152.pdf', '2022-10-13 16:31:52.378005', 7, 251, NULL, NULL, NULL, NULL),
	(222, '.pdf', '_20221013_163334.pdf', '2022-10-13 16:33:34.119956', 7, 252, NULL, NULL, NULL, NULL),
	(223, '10.docx', '10_20221014_090749.docx', '2022-10-14 09:07:49.978858', 317, 253, NULL, NULL, NULL, NULL),
	(224, '8.docx', '8_20221014_092106.docx', '2022-10-14 09:21:06.245288', 317, 255, NULL, NULL, NULL, NULL),
	(225, '8.docx', '8_20221014_093805.docx', '2022-10-14 09:38:05.964807', 306, 256, NULL, NULL, NULL, NULL),
	(226, '9.docx', '9_20221014_093824.docx', '2022-10-14 09:38:24.934009', 317, 257, NULL, NULL, NULL, NULL),
	(227, '1 .doc', '1 _20221014_100101.doc', '2022-10-14 10:01:01.068394', 305, 260, NULL, NULL, NULL, NULL),
	(228, '.doc', '_20221014_100556.doc', '2022-10-14 10:05:56.413543', 305, 261, NULL, NULL, NULL, NULL),
	(229, '9 .docx', '9 _20221014_101744.docx', '2022-10-14 10:17:44.165786', 306, 262, NULL, NULL, NULL, NULL),
	(230, 'IMG_7782.HEIC.JPG.JPG', 'IMG_7782.HEIC.JPG_20221014_141936.JPG', '2022-10-14 14:19:36.177263', 315, 265, NULL, NULL, NULL, NULL),
	(231, '.docx', '_20221014_144301.docx', '2022-10-14 14:43:01.329125', 315, 266, NULL, NULL, NULL, NULL),
	(232, '.docx', '_20221014_144345.docx', '2022-10-14 14:43:45.910427', 315, 267, NULL, NULL, NULL, NULL),
	(233, '.jpg', '_20221014_154449.jpg', '2022-10-14 15:44:49.645092', 319, 268, NULL, NULL, NULL, NULL),
	(234, '  [2022]12 2022.doc', '  [2022]12 2022_20221014_155834.doc', '2022-10-14 15:58:34.790398', 305, 269, NULL, NULL, NULL, NULL),
	(235, '82022.docx', '82022_20221015_094310.docx', '2022-10-15 09:43:10.245699', 309, 271, NULL, NULL, NULL, NULL),
	(236, '9.doc', '9_20221015_094815.doc', '2022-10-15 09:48:15.525072', 309, 272, NULL, NULL, NULL, NULL),
	(237, '  [2022]12 2022.doc', '  [2022]12 2022_20221015_095344.doc', '2022-10-15 09:53:44.945622', 312, 273, NULL, NULL, NULL, NULL),
	(238, '10.doc', '10_20221015_095912.doc', '2022-10-15 09:59:12.097621', 309, 274, NULL, NULL, NULL, NULL),
	(239, '.pdf', '_20221015_103845.pdf', '2022-10-15 10:38:45.794074', 312, 275, NULL, NULL, NULL, NULL),
	(240, '.docx', '_20221015_104446.docx', '2022-10-15 10:44:46.923208', 312, 276, NULL, NULL, NULL, NULL),
	(241, '.pdf', '_20221015_113435.pdf', '2022-10-15 11:34:35.637643', 7, 277, NULL, NULL, NULL, NULL),
	(242, '10.pdf', '10_20221015_113851.pdf', '2022-10-15 11:38:51.317233', 7, 278, NULL, NULL, NULL, NULL),
	(243, '.pdf', '_20221015_113859.pdf', '2022-10-15 11:38:59.317433', 7, 278, NULL, NULL, NULL, NULL),
	(244, '.pdf', '_20221015_114118.pdf', '2022-10-15 11:41:18.387411', 7, 279, NULL, NULL, NULL, NULL),
	(245, '10.pdf', '10_20221015_114127.pdf', '2022-10-15 11:41:27.059504', 7, 279, NULL, NULL, NULL, NULL),
	(246, '.pdf', '_20221015_114323.pdf', '2022-10-15 11:43:23.969861', 7, 280, NULL, NULL, NULL, NULL),
	(247, '10.pdf', '10_20221015_114332.pdf', '2022-10-15 11:43:32.657588', 7, 280, NULL, NULL, NULL, NULL),
	(248, '10.pdf', '10_20221015_114504.pdf', '2022-10-15 11:45:04.159899', 7, 281, NULL, NULL, NULL, NULL),
	(249, '.pdf', '_20221015_114510.pdf', '2022-10-15 11:45:10.035466', 7, 281, NULL, NULL, NULL, NULL),
	(250, '10.pdf', '10_20221015_114616.pdf', '2022-10-15 11:46:16.695237', 7, 282, NULL, NULL, NULL, NULL),
	(251, '.pdf', '_20221015_114623.pdf', '2022-10-15 11:46:23.509000', 7, 282, NULL, NULL, NULL, NULL),
	(252, '.pdf', '_20221015_114745.pdf', '2022-10-15 11:47:45.186456', 7, 283, NULL, NULL, NULL, NULL),
	(253, '10.pdf', '10_20221015_114757.pdf', '2022-10-15 11:47:57.327409', 7, 283, NULL, NULL, NULL, NULL),
	(254, '10.pdf', '10_20221015_114921.pdf', '2022-10-15 11:49:21.564542', 7, 284, NULL, NULL, NULL, NULL),
	(255, '.pdf', '_20221015_114929.pdf', '2022-10-15 11:49:29.083260', 7, 284, NULL, NULL, NULL, NULL),
	(256, '.pdf', '_20221015_140057.pdf', '2022-10-15 14:00:57.641027', 7, 285, NULL, NULL, NULL, NULL),
	(257, '10.pdf', '10_20221015_140107.pdf', '2022-10-15 14:01:07.406924', 7, 285, NULL, NULL, NULL, NULL),
	(258, '.pdf', '_20221015_140315.pdf', '2022-10-15 14:03:15.740383', 7, 286, NULL, NULL, NULL, NULL),
	(259, '10.pdf', '10_20221015_140323.pdf', '2022-10-15 14:03:23.508548', 7, 286, NULL, NULL, NULL, NULL),
	(260, '.pdf', '_20221015_140925.pdf', '2022-10-15 14:09:25.940079', 7, 287, NULL, NULL, NULL, NULL),
	(261, '10.pdf', '10_20221015_140937.pdf', '2022-10-15 14:09:37.721631', 7, 287, NULL, NULL, NULL, NULL),
	(262, '2.doc', '2_20221015_175518.doc', '2022-10-15 17:55:18.036934', 326, 288, NULL, NULL, NULL, NULL),
	(263, '2.JPG', '2_20221015_175529.JPG', '2022-10-15 17:55:29.146602', 326, 288, NULL, NULL, NULL, NULL),
	(264, '3.JPG', '3_20221015_175736.JPG', '2022-10-15 17:57:36.778462', 326, NULL, NULL, NULL, NULL, NULL),
	(265, '3.doc', '3_20221015_175805.doc', '2022-10-15 17:58:05.185473', 326, NULL, NULL, NULL, NULL, NULL),
	(266, '2.doc', '2_20221015_175937.doc', '2022-10-15 17:59:37.568416', 326, 289, NULL, NULL, NULL, NULL),
	(267, '2.JPG', '2_20221015_175949.JPG', '2022-10-15 17:59:49.334344', 326, 289, NULL, NULL, NULL, NULL),
	(268, '___________________.pdf', '____________________20221015_180159.pdf', '2022-10-15 18:01:59.388006', 326, 290, NULL, NULL, NULL, NULL),
	(269, '1.jpg', '1_20221015_180218.jpg', '2022-10-15 18:02:18.279866', 326, 290, NULL, NULL, NULL, NULL),
	(270, '2.JPG', '2_20221015_182122.JPG', '2022-10-15 18:21:22.547899', 326, 291, NULL, NULL, NULL, NULL),
	(271, '9___.docx', '9____20221015_182136.docx', '2022-10-15 18:21:36.565239', 326, 291, NULL, NULL, NULL, NULL),
	(272, '864412915432603769.jpg', '864412915432603769_20221015_193534.jpg', '2022-10-15 19:35:34.685734', 267, 292, NULL, NULL, NULL, NULL),
	(273, '.jpg', '_20221016_162639.jpg', '2022-10-16 16:26:39.816169', 11, 293, NULL, NULL, NULL, NULL),
	(274, '8.docx', '8_20221017_084034.docx', '2022-10-17 08:40:34.180257', 307, 294, NULL, NULL, NULL, NULL),
	(275, '9.docx', '9_20221017_084513.docx', '2022-10-17 08:45:13.377773', 307, 295, NULL, NULL, NULL, NULL),
	(276, '10.docx', '10_20221017_084717.docx', '2022-10-17 08:47:17.585536', 307, 296, NULL, NULL, NULL, NULL),
	(277, '.JPG', '_20221017_091241.JPG', '2022-10-17 09:12:41.179988', 313, 299, NULL, NULL, NULL, NULL),
	(278, '8.doc', '8_20221017_095257.doc', '2022-10-17 09:52:57.673849', 342, 300, NULL, NULL, NULL, NULL),
	(279, '10.doc', '10_20221017_095915.doc', '2022-10-17 09:59:15.766138', 342, NULL, NULL, NULL, NULL, NULL),
	(280, '10.jpg', '10_20221017_100307.jpg', '2022-10-17 10:03:07.776058', 342, 301, NULL, NULL, NULL, NULL),
	(281, '.docx', '_20221017_102639.docx', '2022-10-17 10:26:39.715019', 330, 302, NULL, NULL, NULL, NULL),
	(282, '.docx', '_20221017_103300.docx', '2022-10-17 10:33:00.108886', 330, 303, NULL, NULL, NULL, NULL),
	(283, '9.doc', '9_20221017_103320.doc', '2022-10-17 10:33:20.250025', 342, 304, NULL, NULL, NULL, NULL),
	(284, '.pdf', '_20221017_103635.pdf', '2022-10-17 10:36:35.868268', 999, 243, NULL, NULL, NULL, NULL),
	(285, 'b491747b231d55a1f1f8023a3f39af8.jpg', 'b491747b231d55a1f1f8023a3f39af8_20221017_103642.jpg', '2022-10-17 10:36:42.651831', 999, 244, NULL, NULL, NULL, NULL),
	(286, '  .pdf', '  _20221017_103645.pdf', '2022-10-17 10:36:45.855041', 999, 245, NULL, NULL, NULL, NULL),
	(287, '220822593553789447.jpg', '220822593553789447_20221017_110121.jpg', '2022-10-17 11:01:21.647247', 324, 305, NULL, NULL, NULL, NULL),
	(288, '12068147707992307.jpg', '12068147707992307_20221017_110131.jpg', '2022-10-17 11:01:31.775328', 324, 305, NULL, NULL, NULL, NULL),
	(289, '563597724178060513.jpg', '563597724178060513_20221017_110140.jpg', '2022-10-17 11:01:40.963061', 324, 305, NULL, NULL, NULL, NULL),
	(290, '.pdf', '_20221017_112524.pdf', '2022-10-17 11:25:25.001288', 324, 306, NULL, NULL, NULL, NULL),
	(291, '10.16.jpg', '10.16_20221017_140303.jpg', '2022-10-17 14:03:03.825853', 319, 307, NULL, NULL, NULL, NULL),
	(292, 'IMG_20221017_141956.jpg', 'IMG_20221017_141956_20221017_143009.jpg', '2022-10-17 14:30:09.016742', 325, 308, NULL, NULL, NULL, NULL),
	(293, 'IMG_20221017_142005.jpg', 'IMG_20221017_142005_20221017_143016.jpg', '2022-10-17 14:30:16.486746', 325, 308, NULL, NULL, NULL, NULL),
	(294, 'IMG_20221017_143428.jpg', 'IMG_20221017_143428_20221017_144111.jpg', '2022-10-17 14:41:11.827794', 325, 309, NULL, NULL, NULL, NULL),
	(295, 'IMG_20221017_143539.jpg', 'IMG_20221017_143539_20221017_144120.jpg', '2022-10-17 14:41:20.422199', 325, 309, NULL, NULL, NULL, NULL),
	(296, '_20221017150648.jpg', '_20221017150648_20221017_151000.jpg', '2022-10-17 15:10:00.917851', 322, 310, NULL, NULL, NULL, NULL),
	(297, '_20221017153538.jpg', '_20221017153538_20221017_153818.jpg', '2022-10-17 15:38:18.905089', 321, 316, NULL, NULL, NULL, NULL),
	(298, '.docx', '_20221017_153935.docx', '2022-10-17 15:39:35.580048', 311, 317, NULL, NULL, NULL, NULL),
	(299, '.docx', '_20221017_154126.docx', '2022-10-17 15:41:26.600301', 311, 321, NULL, NULL, NULL, NULL),
	(300, '11.jpg', '11_20221017_154137.jpg', '2022-10-17 15:41:37.959968', 321, 318, NULL, NULL, NULL, NULL),
	(301, '_20221017150802.jpg', '_20221017150802_20221017_154238.jpg', '2022-10-17 15:42:38.494161', 322, 319, NULL, NULL, NULL, NULL),
	(302, '.docx', '_20221017_155728.docx', '2022-10-17 15:57:28.581220', 311, 323, NULL, NULL, NULL, NULL),
	(303, '.doc', '_20221017_160315.doc', '2022-10-17 16:03:15.004156', 324, 322, NULL, NULL, NULL, NULL),
	(304, 'IMG_20221017_161041.jpg', 'IMG_20221017_161041_20221017_161530.jpg', '2022-10-17 16:15:30.902556', 325, 324, NULL, NULL, NULL, NULL),
	(305, 'IMG_20221017_161045.jpg', 'IMG_20221017_161045_20221017_161538.jpg', '2022-10-17 16:15:38.809574', 325, 324, NULL, NULL, NULL, NULL),
	(306, '9fd2ea388cc3daf682f2d061df920c31.jpg', '9fd2ea388cc3daf682f2d061df920c31_20221018_105208.jpg', '2022-10-18 10:52:08.103312', 323, 325, NULL, NULL, NULL, NULL),
	(307, '(.pdf', '(_20221020_082953.pdf', '2022-10-20 08:29:53.411886', 312, NULL, NULL, NULL, NULL, 13),
	(308, '(.pdf', '(_20221020_084251.pdf', '2022-10-20 08:42:51.604904', 312, NULL, NULL, NULL, NULL, 10),
	(309, '(.pdf', '(_20221020_084438.pdf', '2022-10-20 08:44:38.315611', 312, NULL, NULL, NULL, NULL, 11),
	(310, '(.pdf', '(_20221020_084555.pdf', '2022-10-20 08:45:55.663597', 312, NULL, NULL, NULL, NULL, 12),
	(311, '20221020.pdf', '20221020_20221020_134241.pdf', '2022-10-20 13:42:41.378873', 16, 326, NULL, NULL, NULL, NULL),
	(312, '20221020.pdf', '20221020_20221020_134622.pdf', '2022-10-20 13:46:22.019066', 16, 327, NULL, NULL, NULL, NULL),
	(313, '8.jpg', '8_20221020_151644.jpg', '2022-10-20 15:16:44.567046', 329, 328, NULL, NULL, NULL, NULL),
	(314, '.docx', '_20221020_151659.docx', '2022-10-20 15:16:59.256149', 329, 328, NULL, NULL, NULL, NULL),
	(315, '9.jpg', '9_20221020_151816.jpg', '2022-10-20 15:18:16.996062', 329, 329, NULL, NULL, NULL, NULL),
	(316, '50.docx', '50_20221020_151822.docx', '2022-10-20 15:18:22.558713', 329, 329, NULL, NULL, NULL, NULL),
	(317, '51 .docx', '51 _20221020_152231.docx', '2022-10-20 15:22:31.665166', 329, 330, NULL, NULL, NULL, NULL),
	(318, '10.jpg', '10_20221020_152247.jpg', '2022-10-20 15:22:47.431220', 329, 330, NULL, NULL, NULL, NULL),
	(319, '.pdf', '_20221026_095955.pdf', '2022-10-26 09:59:55.337359', 16, 333, NULL, NULL, NULL, NULL),
	(320, '5+1.jpg', '5+1_20221026_112518.jpg', '2022-10-26 11:25:18.385061', 15, NULL, NULL, NULL, NULL, NULL),
	(321, '8.JPG', '8_20221031_105832.JPG', '2022-10-31 10:58:32.419310', 328, 334, NULL, NULL, NULL, NULL),
	(322, '.docx', '_20221031_105901.docx', '2022-10-31 10:59:01.906270', 328, 334, NULL, NULL, NULL, NULL),
	(323, '.docx', '_20221031_110121.docx', '2022-10-31 11:01:21.803108', 328, 335, NULL, NULL, NULL, NULL),
	(324, '9.JPG', '9_20221031_110132.JPG', '2022-10-31 11:01:32.584659', 328, 335, NULL, NULL, NULL, NULL),
	(325, '10.JPG', '10_20221031_110600.JPG', '2022-10-31 11:06:00.329099', 328, 336, NULL, NULL, NULL, NULL),
	(326, '.docx', '_20221031_110632.docx', '2022-10-31 11:06:32.189301', 328, 336, NULL, NULL, NULL, NULL),
	(327, '.JPG', '_20221031_202114.JPG', '2022-10-31 20:21:14.575945', 8, 340, NULL, NULL, NULL, NULL),
	(328, '.JPG', '_20221031_202247.JPG', '2022-10-31 20:22:47.876431', 8, 341, NULL, NULL, NULL, NULL),
	(329, '.JPG', '_20221031_202411.JPG', '2022-10-31 20:24:11.895899', 8, 342, NULL, NULL, NULL, NULL),
	(330, '20221030.docx', '20221030_20221101_141929.docx', '2022-11-01 14:19:29.554520', 8, 343, NULL, NULL, NULL, NULL),
	(331, '20221026(1).doc', '20221026(1)_20221101_141929.doc', '2022-11-01 14:19:29.570144', 8, 343, NULL, NULL, NULL, NULL),
	(332, '.JPG', '_20221101_142044.JPG', '2022-11-01 14:20:44.510344', 8, 344, NULL, NULL, NULL, NULL),
	(333, '-11.2.docx', '-11.2_20221102_090520.docx', '2022-11-02 09:05:20.560183', 22, 345, NULL, NULL, NULL, NULL),
	(334, '(3).xlsx', '(3)_20221102_090904.xlsx', '2022-11-02 09:09:04.856754', 22, 346, NULL, NULL, NULL, NULL),
	(335, '(1).xlsx', '(1)_20221102_134659.xlsx', '2022-11-02 13:46:59.495669', 17, NULL, NULL, NULL, NULL, NULL),
	(339, '(1).xlsx', '(1)_20221103_135742.xlsx', '2022-11-03 13:57:42.796762', 17, 355, NULL, NULL, NULL, NULL),
	(340, ' .doc', ' _20221104_094035.doc', '2022-11-04 09:40:35.413902', 343, 359, NULL, NULL, NULL, NULL),
	(341, 'da091eb0e44db503bab706ce87d72889.JPG', 'da091eb0e44db503bab706ce87d72889_20221104_094056.JPG', '2022-11-04 09:40:56.149599', 343, 359, NULL, NULL, NULL, NULL),
	(342, '11.doc', '11_20221108_092748.doc', '2022-11-08 09:27:48.545554', 342, 370, NULL, NULL, NULL, NULL),
	(343, '862c690e27bcbb7c992327a5e9e28b85.jpg', '862c690e27bcbb7c992327a5e9e28b85_20221108_101002.jpg', '2022-11-08 10:10:02.080029', 323, 372, NULL, NULL, NULL, NULL),
	(344, 'd42c081e5a82365bc0bd27ec72ad76a.jpg', 'd42c081e5a82365bc0bd27ec72ad76a_20221108_144647.jpg', '2022-11-08 14:46:47.687123', 323, 383, NULL, NULL, NULL, NULL),
	(345, '15c2ce9cea1e217f08d6ba4a82082da.jpg', '15c2ce9cea1e217f08d6ba4a82082da_20221108_151523.jpg', '2022-11-08 15:15:23.063903', 323, 384, NULL, NULL, NULL, NULL),
	(346, '_____________________.docx', '______________________20221108_165659.docx', '2022-11-08 16:56:59.519342', 326, 389, NULL, NULL, NULL, NULL),
	(347, 'IMG_20220923_090839.jpg', 'IMG_20220923_090839_20221109_115401.jpg', '2022-11-09 11:54:01.923597', 325, 391, NULL, NULL, NULL, NULL),
	(348, 'IMG_20220927_091938.jpg', 'IMG_20220927_091938_20221109_115415.jpg', '2022-11-09 11:54:15.470841', 325, 391, NULL, NULL, NULL, NULL),
	(349, 'IMG_20220927_092107.jpg', 'IMG_20220927_092107_20221109_115423.jpg', '2022-11-09 11:54:23.549176', 325, 391, NULL, NULL, NULL, NULL),
	(350, 'IMG_20220927_092529.jpg', 'IMG_20220927_092529_20221109_115430.jpg', '2022-11-09 11:54:30.034542', 325, 391, NULL, NULL, NULL, NULL),
	(351, '_20221110142416.jpg', '_20221110142416_20221110_142430.jpg', '2022-11-10 14:24:30.710724', 332, NULL, NULL, NULL, NULL, NULL),
	(352, '.jpg', '_20221110_142503.jpg', '2022-11-10 14:25:03.930325', 332, 402, NULL, NULL, NULL, NULL),
	(353, 'IMG_7185.HEIC.JPG', 'IMG_7185.HEIC_20221111_093402.JPG', '2022-11-11 09:34:02.914834', 274, 413, NULL, NULL, NULL, NULL),
	(354, '0ed167925df866c5cfb41fcc9298304.jpg', '0ed167925df866c5cfb41fcc9298304_20221111_094238.jpg', '2022-11-11 09:42:38.618100', 292, 414, NULL, NULL, NULL, NULL),
	(355, '29c0bd1071bec582e8e216ece27b5ff4.jpg', '29c0bd1071bec582e8e216ece27b5ff4_20221111_103709.jpg', '2022-11-11 10:37:09.297084', 277, 420, NULL, NULL, NULL, NULL),
	(356, '9e46c09a8808d2f402b480e4dd9708e.jpg', '9e46c09a8808d2f402b480e4dd9708e_20221111_152745.jpg', '2022-11-11 15:27:45.744955', 323, 425, NULL, NULL, NULL, NULL),
	(357, '5+1.jpg', '5+1_20221113_134306.jpg', '2022-11-13 13:43:06.577135', 15, 434, NULL, NULL, NULL, NULL);

INSERT INTO `department` (`id`, `dept_order`, `name`, `parent_id`, `short_name`) VALUES
	(-999, 1, '', NULL, NULL),
	(1, 1, '()', NULL, NULL),
	(2, 2, '()', NULL, NULL),
	(3, 3, '', NULL, NULL),
	(4, 4, '', NULL, NULL),
	(5, 5, '', NULL, NULL),
	(6, 6, '', 1, ''),
	(7, 7, '', 1, ''),
	(8, 8, '', 1, ''),
	(9, 9, '', 1, ''),
	(10, 10, '', 1, ''),
	(11, 11, '', 1, ''),
	(12, 12, '', 1, ''),
	(13, 13, '', 1, ''),
	(14, 14, '', 1, NULL),
	(15, 16, '', 1, ''),
	(16, 17, '', 1, NULL),
	(17, 18, '', 1, ''),
	(18, 19, '', 1, ''),
	(19, 20, '', 1, ''),
	(20, 21, '', 1, ''),
	(21, 22, '', 1, NULL),
	(22, 23, '', 1, NULL),
	(23, 24, '', 1, NULL),
	(24, 25, '', 1, NULL),
	(25, 26, '', 1, NULL),
	(26, 27, '', 1, NULL),
	(27, 28, '', 1, NULL),
	(28, 29, '', 1, NULL),
	(29, 30, '', 1, NULL),
	(30, 31, '', 1, NULL),
	(31, 32, '', 1, NULL),
	(32, 15, '', 1, NULL);

insert into fr_evaluation (id, content, focus, name, page, type, value)
values  (1, '1+X', '41010.50.51510.280%20%', '1+X', 1, '', 4.00),
        (2, '	', '43312022831121180%20%', '', 1, '', 8.00),
        (3, '1', '	10.280%20%', '', 1, '', 2.00),
        (4, '', ' 202212311220231101180%20%', '', 1, '', 16.00),
        (5, '	5+1', '  202212311', '	5+1', 1, '', 2.00),
        (6, '	1', ' 4210202311011202222202211180%20%', '', 1, '', 4.00),
        (7, '(', ' 1111', '', 1, '', 10.00),
        (8, '', '  12312211180%20%	', '', 1, '', 4.00),
        (9, '', '123112', '', 1, '', 2.00),
        (10, '', '122180%20%', '', 1, '', 4.00),
        (11, '', '212', '', 1, '', 4.00),
        (12, '	', '111', '', 1, '', 2.00),
        (13, '', '11', '', 1, '', 2.00),
        (14, '', '1', '', 1, '', 2.00),
        (15, '', '1', '', 1, '', 4.00),
        (16, '', '180%20%', '', 1, '', 2.00),
        (17, '', '1', '', 1, '', 2.00),
        (18, '', '1231180%20%', '', 1, '', 2.00),
        (19, '', '280%20%', '', 1, '', 4.00),
        (20, '', '380%20%', '', 1, '', 4.00),
        (21, ',', '2481660%25%1640%', '', 1, '', 16.00),
        (22, '1+X', '410110.211510.2', '1+X', 2, '', 4.00),
        (23, '', '433120228311211', '', 2, '', 8.00),
        (24, '()1', '110.2', '', 2, '', 4.00),
        (25, '', '2022123112202311011', '', 2, '', 16.00),
        (26, '5+1', '12', '5+1', 2, '', 2.00),
        (27, '5+1', '12', '5+1', 2, '', 2.00),
        (28, '1', '	42102023110112022222022111', '', 2, '', 4.00),
        (29, '(', '11', '', 2, '', 4.00),
        (30, '', '123122111', '', 2, '', 6.00),
        (31, '', '121', '', 2, '', 4.00),
        (32, '', '	212', '', 2, '', 4.00),
        (33, '', '1', '', 2, '', 2.00),
        (34, '', '1', '', 2, '', 2.00),
        (35, '', '1', '', 2, '', 8.00),
        (36, '', '1', '', 2, '', 4.00),
        (37, '', '1', '', 2, '', 2.00),
        (38, '', '12311', '', 2, '', 2.00),
        (39, '', '2', '', 2, '', 4.00),
        (40, '', '4', '', 2, '', 4.00),
        (41, ',', '2481625%16', '', 2, '', 16.00),
        (42, '1+X', '41010.50.10.51510.1', '1+X', 3, '', 2.00),
        (43, '', '4331202283110.510.25', '', 3, '', 6.00),
        (44, '1', '110.1', '', 3, '', 2.00),
        (45, '', '2022123111202311010.5', '', 3, '', 12.00),
        (46, '5+1', '202212310.512', '5+1', 3, '', 2.00),
        (47, '1', '42102023110112022222022111', '', 3, '', 4.00),
        (48, '(', '11', '', 3, '', 6.00),
        (49, '', '12312211.520.53', '', 3, '', 4.00),
        (50, '', '1231110.5', '', 3, '', 2.00),
        (51, '', '0.510.5', '', 3, '', 4.00),
        (52, '', '0.512112', '', 3, '', 4.00),
        (53, '', '11', '', 3, '', 2.00),
        (54, '', '0.5', '', 3, '', 2.00),
        (55, '', '1', '', 3, '', 2.00),
        (56, '', '', '', 3, '', 6.00),
        (57, '', '', '', 3, '', 10.00),
        (58, '', '1', '', 3, '', 2.00),
        (59, '', '1', '', 3, '', 2.00),
        (60, '', '12311', '', 3, '', 2.00),
        (61, '', '2', '', 3, '', 4.00),
        (62, '', '4', '', 3, '', 4.00),
        (63, ',', '2481616', '', 3, '', 16.00);

INSERT INTO `fr_inform` (`id`, `code`, `content`, `create_date`, `type`, `dest_department_id`, `dest_user_id`, `from_department_id`, `from_user_id`) VALUES
	(4, '3-01', '', NULL, 'ADVICE', NULL, 312, NULL, 1),
	(5, '2-01', '2013', NULL, 'OPINION', NULL, 326, NULL, 1),
	(6, '4-01', '2013', NULL, 'ANNOUNCE', NULL, 21, NULL, 1);

INSERT INTO `fr_matter` (`id`, `code`, `content`, `end_date`, `origin`, `update_time`, `source_ordinal_form_id`, `source_inform_id`, `matter_form_id`) VALUES
	(1, '1', '', '2022-12-31', '//', '2022-06-16 14:01:07.510173', NULL, NULL, 21),
	(2, '2', '', '2022-12-31', '//', '2022-06-16 14:03:04.445081', NULL, NULL, 21),
	(3, '3', '', '2022-07-31', '//', '2022-06-16 14:03:52.824138', NULL, NULL, 21),
	(4, '4', '', '2022-07-31', '//', '2022-06-16 14:04:27.406135', NULL, NULL, 21),
	(5, '5', '', '2022-07-31', '//', '2022-06-16 14:05:02.359230', NULL, NULL, 21),
	(6, '6', '', '2022-07-31', '//', '2022-06-16 14:05:31.845099', NULL, NULL, 21),
	(7, '7', '', '2022-12-31', '//', '2022-06-16 14:06:04.601392', NULL, NULL, 21),
	(8, '8', '', '2021-12-31', '//', '2022-06-16 15:09:03.242952', NULL, NULL, 21),
	(9, '9', '', '2022-07-15', '/()/', '2022-06-16 15:10:15.407846', NULL, NULL, 17),
	(18, NULL, '', '2022-06-24', '//', '2022-07-05 16:52:18.104401', NULL, 4, 312),
	(19, NULL, '2013', '2022-06-24', '//', '2022-07-05 16:54:38.120840', NULL, 5, 326),
	(21, NULL, '', '2022-12-31', ' /  / ', '2022-07-25 11:19:13.615817', NULL, NULL, 7),
	(22, NULL, '', '2022-12-31', ' /  / ', '2022-07-25 11:19:13.615817', NULL, NULL, 7),
	(23, NULL, '', '2022-12-31', ' /  / ', '2022-07-25 11:19:13.615817', NULL, NULL, 7),
	(24, NULL, '', '2022-12-31', ' /  / ', '2022-07-25 11:19:13.615817', NULL, NULL, 7),
	(25, NULL, '', '2022-12-31', ' /  / ', '2022-07-25 11:19:13.615817', NULL, NULL, 7),
	(26, NULL, '', '2022-12-31', ' /  / ', '2022-07-25 11:19:13.631440', NULL, NULL, 7),
	(27, NULL, '', '2022-12-31', ' /  / ', '2022-07-25 11:19:13.631440', NULL, NULL, 7),
	(28, NULL, '', '2022-12-31', ' /  / ', '2022-07-25 11:19:13.631440', NULL, NULL, 7),
	(29, NULL, '', '2022-12-31', ' /  / ', '2022-07-25 11:19:13.631440', NULL, NULL, 7),
	(30, NULL, '', '2022-12-31', ' /  / ', '2022-07-25 11:19:13.631440', NULL, NULL, 7),
	(31, NULL, '', '2022-10-31', ' /  / ', '2022-08-02 10:08:24.040400', NULL, NULL, 208),
	(32, NULL, '', '2022-10-31', ' /  / ', '2022-08-02 10:08:24.040400', NULL, NULL, 208),
	(33, NULL, '', '2022-12-31', ' /  / ', '2022-08-11 12:06:30.836160', NULL, NULL, 209),
	(34, NULL, '', '2022-12-31', ' /  / ', '2022-08-11 12:06:30.836160', NULL, NULL, 209),
	(35, NULL, '', '2022-12-31', ' /  / ', '2022-07-25 12:33:55.104040', NULL, NULL, 28),
	(36, NULL, '', '2022-12-31', ' /  / ', '2022-07-25 12:33:55.104040', NULL, NULL, 28),
	(37, NULL, '', '2022-12-31', ' /  / ', '2022-07-25 12:33:55.104040', NULL, NULL, 28),
	(38, NULL, '', '2022-12-31', ' /  / ', '2022-07-25 12:33:55.104040', NULL, NULL, 28),
	(39, NULL, '', '2022-12-31', ' /  / ', '2022-07-25 12:33:55.104040', NULL, NULL, 28),
	(40, NULL, '', '2022-12-31', ' /  / ', '2022-07-25 12:33:55.104040', NULL, NULL, 28),
	(41, NULL, '', '2022-12-31', ' /  / ', '2022-07-25 12:33:55.104040', NULL, NULL, 28),
	(42, NULL, '', '2022-11-01', ' /  / ', '2022-08-02 10:08:24.040400', NULL, NULL, 208),
	(43, NULL, '', '2022-09-09', ' /  / ', '2022-08-02 10:08:24.040400', NULL, NULL, 208),
	(44, NULL, '', '2022-08-01', ' /  / ', '2022-08-02 10:08:24.040400', NULL, NULL, 208),
	(45, NULL, '', NULL, ' /  / ', '2022-08-02 10:08:24.040400', NULL, NULL, 208),
	(46, NULL, '', '2022-11-02', ' /  / ', '2022-08-02 10:08:24.056026', NULL, NULL, 208),
	(47, NULL, '', '2022-08-19', ' /  / ', '2022-08-02 10:08:24.056026', NULL, NULL, 208),
	(48, NULL, '', '2022-12-31', ' /  / ', '2022-08-11 12:06:30.836160', NULL, NULL, 209),
	(49, NULL, '', '2022-12-31', ' /  / ', '2022-08-11 12:06:30.836160', NULL, NULL, 209),
	(50, NULL, '', '2022-10-31', ' /  / ', '2022-08-11 12:06:30.836160', NULL, NULL, 209),
	(51, NULL, '', '2022-10-31', ' /  / ', '2022-08-11 12:06:30.836160', NULL, NULL, 209),
	(52, NULL, '', '2022-12-31', ' /  / ', '2022-08-11 12:06:30.836160', NULL, NULL, 209),
	(64, NULL, '', '2022-12-31', ' /  / ', '2022-08-11 12:06:30.836160', NULL, NULL, 317),
	(65, NULL, '', '2022-12-31', ' /  / ', '2022-08-11 12:06:30.836160', NULL, NULL, 317),
	(66, NULL, '', '2022-12-31', ' /  / ', '2022-08-11 12:06:30.836160', NULL, NULL, 317),
	(67, NULL, '', '2022-12-31', ' /  / ', '2022-08-11 12:06:30.851758', NULL, NULL, 317),
	(70, NULL, '', '2022-12-31', ' /  / ', '2022-08-11 12:06:30.851758', NULL, NULL, 317),
	(71, NULL, '', '2022-12-31', ' /  / ', '2022-08-11 12:06:30.851758', NULL, NULL, 317),
	(73, NULL, '', '2022-12-31', ' /  / ', '2022-08-02 10:51:42.813860', NULL, NULL, 5),
	(74, NULL, '', '2022-12-31', ' /  / ', '2022-08-02 10:51:42.813860', NULL, NULL, 5),
	(75, NULL, '', '2022-12-31', ' /  / ', '2022-08-02 10:51:42.813860', NULL, NULL, 5),
	(76, NULL, '', '2022-12-31', ' /  / ', '2022-08-02 10:51:42.813860', NULL, NULL, 5),
	(77, NULL, '', '2022-12-31', ' /  / ', '2022-08-02 10:51:42.813860', NULL, NULL, 5),
	(78, NULL, '', '2022-12-31', ' /  / ', '2022-08-24 09:42:25.488374', NULL, NULL, 309),
	(79, NULL, '', '2022-10-31', ' /  / ', '2022-08-24 09:42:25.488374', NULL, NULL, 309),
	(80, NULL, '', '2022-12-31', ' /  / ', '2022-08-24 09:42:25.488374', NULL, NULL, 309),
	(82, NULL, '', '2022-12-31', ' /  / ', '2022-08-24 09:42:25.488374', NULL, NULL, 309),
	(83, NULL, '', '2022-12-31', ' /  / ', '2022-08-24 09:42:25.488374', NULL, NULL, 309),
	(85, NULL, '', '2022-12-31', ' /  / ', '2022-08-24 09:42:25.488374', NULL, NULL, 309),
	(90, NULL, '', '2022-12-31', ' /  / ', '2022-08-02 10:51:42.813860', NULL, NULL, 5),
	(91, NULL, '', '2022-12-31', ' /  / ', '2022-08-03 08:53:32.477518', NULL, NULL, 12),
	(92, NULL, '', '2022-12-31', ' /  / ', '2022-08-03 08:53:32.477518', NULL, NULL, 12),
	(93, NULL, '', '2022-12-31', ' /  / ', '2022-08-03 08:53:32.477518', NULL, NULL, 12),
	(94, NULL, '', '2022-12-31', ' /  / ', '2022-08-03 08:53:32.477518', NULL, NULL, 12),
	(95, NULL, '', '2022-12-31', ' /  / ', '2022-08-03 08:53:32.477518', NULL, NULL, 12),
	(96, NULL, '', '2022-12-31', ' /  / ', '2022-08-03 08:53:32.477518', NULL, NULL, 12),
	(97, NULL, '', '2022-12-31', ' /  / ', '2022-08-03 08:53:32.477518', NULL, NULL, 12),
	(98, NULL, '', '2022-12-30', ' /  / ', '2022-08-08 07:42:17.357952', NULL, NULL, 8),
	(99, NULL, '', '2022-12-30', ' /  / ', '2022-08-08 07:42:17.357952', NULL, NULL, 8),
	(100, NULL, '', '2022-12-30', ' /  / ', '2022-08-08 07:42:17.357952', NULL, NULL, 8),
	(101, NULL, '', '2022-12-30', ' /  / ', '2022-08-08 07:42:17.357952', NULL, NULL, 8),
	(102, NULL, '', '2022-12-30', ' /  / ', '2022-08-08 07:42:17.357952', NULL, NULL, 8),
	(105, NULL, '', '2022-12-31', ' /  / ', '2022-08-11 12:06:30.851758', NULL, NULL, 207),
	(106, NULL, '', '2022-12-31', ' /  / ', '2022-08-11 12:06:30.851758', NULL, NULL, 207),
	(107, NULL, '', '2022-12-31', ' /  / ', '2022-08-11 12:06:30.851758', NULL, NULL, 207),
	(108, NULL, '\n\n ', '2022-12-31', ' /  / ', '2022-08-11 12:06:30.851758', NULL, NULL, 207),
	(109, NULL, '\n', '2022-12-31', ' /  / ', '2022-08-11 12:06:30.851758', NULL, NULL, 207),
	(110, NULL, '', '2022-12-31', ' /  / ', '2022-08-11 12:06:30.851758', NULL, NULL, 207),
	(111, NULL, '', '2022-12-31', ' /  / ', '2022-08-11 12:06:30.851758', NULL, NULL, 207),
	(112, NULL, '', '2022-12-31', ' /  / ', '2022-08-11 12:06:30.851758', NULL, NULL, 207),
	(113, NULL, '', '2022-12-31', ' /  / ', '2022-08-11 12:06:30.851758', NULL, NULL, 207),
	(114, NULL, '', '2022-12-31', ' /  / ', '2022-08-11 12:06:30.851758', NULL, NULL, 207),
	(115, NULL, '', '2022-12-31', ' /  / ', '2022-08-09 14:38:25.509182', NULL, NULL, 16),
	(116, NULL, '', '2022-12-31', ' /  / ', '2022-08-09 14:38:25.509182', NULL, NULL, 16),
	(117, NULL, '', '2022-12-31', ' /  / ', '2022-08-05 16:06:57.304177', NULL, NULL, 13),
	(118, NULL, '', '2022-12-31', ' /  / ', '2022-08-09 14:38:25.509182', NULL, NULL, 16),
	(120, NULL, '', '2022-12-31', ' /  / ', '2022-08-09 14:38:25.509182', NULL, NULL, 16),
	(121, NULL, '', '2022-12-30', ' /  / ', '2022-08-06 14:04:09.985326', NULL, NULL, 6),
	(122, NULL, '', '2022-12-31', ' /  / ', '2022-08-05 16:06:57.304177', NULL, NULL, 13),
	(123, NULL, '', '2022-12-31', ' /  / ', '2022-08-05 16:06:57.304177', NULL, NULL, 13),
	(124, NULL, '', '2022-12-31', ' /  / ', '2022-08-05 16:06:57.304177', NULL, NULL, 13),
	(125, NULL, '', '2022-12-31', ' /  / ', '2022-08-05 16:06:57.304177', NULL, NULL, 13),
	(126, NULL, '', '2022-12-31', ' /  / ', '2022-08-05 16:06:57.304177', NULL, NULL, 13),
	(127, NULL, '', '2022-12-31', ' /  / ', '2022-08-05 16:06:57.304177', NULL, NULL, 13),
	(128, NULL, '', '2022-12-31', ' /  / ', '2022-08-05 16:06:57.304177', NULL, NULL, 13),
	(129, NULL, '', '2022-12-31', ' /  / ', '2022-08-06 14:04:09.985326', NULL, NULL, 6),
	(130, NULL, '', '2022-12-31', ' /  / ', '2022-08-06 14:04:09.985326', NULL, NULL, 6),
	(131, NULL, '', '2022-12-31', ' /  / ', '2022-08-06 14:04:09.985326', NULL, NULL, 6),
	(132, NULL, '', '2022-12-31', ' /  / ', '2022-08-06 14:04:09.985326', NULL, NULL, 6),
	(133, NULL, '', '2022-12-31', ' /  / ', '2022-08-06 14:04:09.985326', NULL, NULL, 6),
	(134, NULL, '', '2022-12-31', ' /  / ', '2022-08-06 14:04:09.985326', NULL, NULL, 6),
	(135, NULL, '', '2022-12-31', ' /  / ', '2022-08-06 14:04:09.985326', NULL, NULL, 6),
	(136, NULL, '', '2022-12-31', ' /  / ', '2022-08-06 14:04:09.985326', NULL, NULL, 6),
	(137, NULL, '', '2022-12-31', ' /  / ', '2022-08-05 16:06:57.304177', NULL, NULL, 13),
	(138, NULL, '', '2022-08-08', '', '2022-08-06 18:48:30.975687', 14, NULL, 215),
	(139, NULL, '', '2022-12-31', ' /  / ', '2022-08-11 08:10:41.332593', NULL, NULL, 11),
	(140, NULL, '', '2022-12-31', ' /  / ', '2022-08-11 08:10:41.332593', NULL, NULL, 11),
	(141, NULL, '', '2022-12-31', ' /  / ', '2022-08-11 08:10:41.332593', NULL, NULL, 11),
	(142, NULL, '', '2022-12-31', ' /  / ', '2022-08-11 08:10:41.332593', NULL, NULL, 11),
	(143, NULL, 'VOC', '2022-12-31', ' /  / ', '2022-08-11 08:10:41.332593', NULL, NULL, 11),
	(144, NULL, '', '2022-12-31', ' /  / ', '2022-08-11 08:10:41.348219', NULL, NULL, 11),
	(145, NULL, '', '2022-12-31', ' /  / ', '2022-08-11 08:10:41.348219', NULL, NULL, 11),
	(146, NULL, ' ', '2022-12-31', ' /  / ', '2022-08-11 08:10:41.348219', NULL, NULL, 11),
	(147, NULL, '', '2022-12-31', ' /  / ', '2022-08-11 08:10:41.348219', NULL, NULL, 11),
	(148, NULL, '', '2022-12-31', ' /  / ', '2022-08-11 08:10:41.348219', NULL, NULL, 11),
	(149, NULL, '', '2022-08-31', ' /  / ', '2022-08-22 22:13:14.759652', NULL, NULL, 76),
	(150, NULL, '', '2022-08-31', ' /  / ', '2022-08-22 22:13:14.759652', NULL, NULL, 76),
	(152, NULL, '', '2022-12-30', ' /  / ', '2022-08-10 16:07:52.465067', NULL, NULL, 15),
	(153, NULL, '', '2022-12-30', ' /  / ', '2022-08-10 16:07:52.465067', NULL, NULL, 15),
	(154, NULL, '', '2022-12-30', ' /  / ', '2022-08-10 16:07:52.465067', NULL, NULL, 15),
	(155, NULL, '\n', '2022-12-30', ' /  / ', '2022-08-10 16:07:52.465067', NULL, NULL, 15),
	(156, NULL, '', '2022-12-30', ' /  / ', '2022-08-10 16:07:52.465067', NULL, NULL, 15),
	(157, NULL, '', '2022-12-30', ' /  / ', '2022-08-10 16:07:52.465067', NULL, NULL, 15),
	(158, NULL, '', '2022-12-30', ' /  / ', '2022-08-10 16:07:52.465067', NULL, NULL, 15),
	(159, NULL, '', '2022-12-30', ' /  / ', '2022-08-10 16:07:52.465067', NULL, NULL, 15),
	(160, NULL, '', '2022-12-31', ' /  / ', '2022-08-10 16:06:53.993195', NULL, NULL, 18),
	(161, NULL, '', '2022-12-31', ' /  / ', '2022-08-10 16:06:53.993195', NULL, NULL, 18),
	(162, NULL, '', '2022-12-31', ' /  / ', '2022-08-10 16:06:53.993195', NULL, NULL, 18),
	(163, NULL, '', '2022-12-31', ' /  / ', '2022-08-10 16:06:53.993195', NULL, NULL, 18),
	(164, NULL, '', '2022-12-31', ' /  / ', '2022-08-10 16:06:53.993195', NULL, NULL, 18),
	(165, NULL, '', '2022-12-31', ' /  / ', '2022-08-10 16:06:53.993195', NULL, NULL, 18),
	(167, NULL, '', '2022-08-31', ' /  / ', '2022-08-22 22:13:37.293125', NULL, NULL, 308),
	(168, NULL, '', '2022-08-31', ' /  / ', '2022-08-22 22:13:14.759652', NULL, NULL, 76),
	(169, NULL, '', '2022-08-31', ' /  / ', '2022-08-22 22:13:14.775274', NULL, NULL, 76),
	(170, NULL, '', '2022-08-31', ' /  / ', '2022-08-22 22:13:14.775274', NULL, NULL, 76),
	(171, NULL, '', '2022-08-31', ' /  / ', '2022-08-22 22:13:14.775274', NULL, NULL, 76),
	(172, NULL, '', '2022-08-31', ' /  / ', '2022-08-22 22:13:14.775274', NULL, NULL, 76),
	(173, NULL, '', '2022-08-31', ' /  / ', '2022-08-22 22:13:37.293125', NULL, NULL, 308),
	(174, NULL, '', '2022-08-31', ' /  / ', '2022-08-22 22:13:37.293125', NULL, NULL, 308),
	(175, NULL, '', '2022-08-31', ' /  / ', '2022-08-22 22:13:37.293125', NULL, NULL, 308),
	(176, NULL, '', '2022-08-31', ' /  / ', '2022-08-22 22:13:37.293125', NULL, NULL, 308),
	(177, NULL, '', '2022-08-31', ' /  / ', '2022-08-22 22:13:37.308750', NULL, NULL, 308),
	(178, NULL, '', '2022-08-31', ' /  / ', '2022-08-22 22:13:37.308750', NULL, NULL, 308),
	(179, NULL, '', '2022-08-31', ' /  / ', '2022-08-22 22:13:37.308750', NULL, NULL, 308),
	(180, NULL, '', '2022-08-31', ' /  / ', '2022-08-22 22:13:14.775274', NULL, NULL, 75),
	(181, NULL, '', '2022-08-31', ' /  / ', '2022-08-22 22:13:14.775274', NULL, NULL, 75),
	(182, NULL, '', '2022-08-31', ' /  / ', '2022-08-22 22:13:14.775274', NULL, NULL, 75),
	(183, NULL, '', '2022-08-31', ' /  / ', '2022-08-22 22:13:14.775274', NULL, NULL, 75),
	(184, NULL, '', '2022-08-31', ' /  / ', '2022-08-22 22:13:14.775274', NULL, NULL, 75),
	(185, NULL, '', '2022-08-31', ' /  / ', '2022-08-22 22:13:14.775274', NULL, NULL, 75),
	(186, NULL, '', '2022-08-31', ' /  / ', '2022-08-22 22:13:14.775274', NULL, NULL, 75),
	(187, NULL, '', '2022-08-31', ' /  / ', '2022-08-22 22:13:14.775274', NULL, NULL, 75),
	(188, NULL, '', '2022-08-31', ' /  / ', '2022-08-31 14:18:55.481640', NULL, NULL, 202),
	(189, NULL, '', '2022-08-31', ' /  / ', '2022-08-31 14:18:55.512898', NULL, NULL, 202),
	(190, NULL, '', '2022-08-31', ' /  / ', '2022-08-31 14:18:55.512898', NULL, NULL, 202),
	(192, NULL, '', '2022-08-31', ' /  / ', '2022-08-31 14:18:55.512898', NULL, NULL, 202),
	(193, NULL, '', '2022-08-31', ' /  / ', '2022-08-31 14:18:55.512898', NULL, NULL, 202),
	(194, NULL, '', '2022-12-31', ' /  / ', '2022-08-12 10:54:36.444117', NULL, NULL, 10),
	(195, NULL, '', '2022-12-31', ' /  / ', '2022-08-12 10:54:36.444117', NULL, NULL, 10),
	(196, NULL, '', '2022-12-30', ' /  / ', '2022-08-12 10:54:36.444117', NULL, NULL, 10),
	(197, NULL, '', '2022-12-30', ' /  / ', '2022-08-12 10:54:36.444117', NULL, NULL, 10),
	(198, NULL, '', '2022-12-30', ' /  / ', '2022-08-12 10:54:36.444117', NULL, NULL, 10),
	(199, NULL, '', '2022-12-30', ' /  / ', '2022-08-12 10:54:36.444117', NULL, NULL, 10),
	(200, NULL, '', '2022-12-30', ' /  / ', '2022-08-12 10:54:36.444117', NULL, NULL, 10),
	(203, NULL, '\n', '2022-12-31', ' /  / ', '2022-08-12 10:53:57.081327', NULL, NULL, 14),
	(204, NULL, '', '2022-12-31', ' /  / ', '2022-08-12 10:53:57.081327', NULL, NULL, 14),
	(205, NULL, '', '2022-12-31', ' /  / ', '2022-08-12 10:53:57.081327', NULL, NULL, 14),
	(206, NULL, '', '2022-12-31', ' /  / ', '2022-08-12 10:53:57.096953', NULL, NULL, 14),
	(207, NULL, '', '2022-12-31', ' /  / ', '2022-08-12 10:53:57.096953', NULL, NULL, 14),
	(208, NULL, '', '2023-12-31', ' /  / ', '2022-08-12 10:53:57.096953', NULL, NULL, 14),
	(209, NULL, '', '2022-12-31', ' /  / ', '2022-08-12 10:53:57.096953', NULL, NULL, 14),
	(217, NULL, '', '2022-08-31', ' /  / ', '2022-08-22 22:13:14.775274', NULL, NULL, 78),
	(218, NULL, '', '2022-08-31', ' /  / ', '2022-08-22 22:13:14.775274', NULL, NULL, 78),
	(219, NULL, '', '2022-08-31', ' /  / ', '2022-08-22 22:13:14.775274', NULL, NULL, 78),
	(220, NULL, '', '2022-08-31', ' /  / ', '2022-08-22 22:13:14.775274', NULL, NULL, 78),
	(221, NULL, '', '2022-08-31', ' /  / ', '2022-08-22 22:13:14.775274', NULL, NULL, 78),
	(222, NULL, '', '2022-08-31', ' /  / ', '2022-08-22 22:13:14.775274', NULL, NULL, 78),
	(223, NULL, '', '2022-08-31', ' /  / ', '2022-08-22 22:13:14.775274', NULL, NULL, 78),
	(224, NULL, '', '2022-08-31', ' /  / ', '2022-08-22 22:13:14.790876', NULL, NULL, 78),
	(225, NULL, '', '2022-12-31', ' /  / ', '2022-08-12 14:52:30.810998', NULL, NULL, 4),
	(226, NULL, '\n', '2022-12-31', ' /  / ', '2022-08-12 14:52:30.810998', NULL, NULL, 4),
	(227, NULL, '', '2022-12-31', ' /  / ', '2022-08-12 14:52:30.810998', NULL, NULL, 4),
	(228, NULL, '', '2022-01-01', ' /  / ', '2022-08-12 14:52:30.810998', NULL, NULL, 4),
	(229, NULL, '', '2022-01-01', ' /  / ', '2022-08-12 14:52:30.826623', NULL, NULL, 4),
	(230, NULL, '', '2022-01-01', ' /  / ', '2022-08-12 14:52:30.826623', NULL, NULL, 4),
	(231, NULL, '', '2022-01-01', ' /  / ', '2022-08-12 14:52:30.826623', NULL, NULL, 4),
	(232, NULL, '', '2022-08-31', ' /  / ', '2022-08-22 22:13:14.790876', NULL, NULL, 77),
	(233, NULL, '', '2022-08-31', ' /  / ', '2022-08-22 22:13:14.790876', NULL, NULL, 77),
	(234, NULL, '', '2022-08-31', ' /  / ', '2022-08-22 22:13:14.790876', NULL, NULL, 77),
	(235, NULL, '', '2022-08-31', ' /  / ', '2022-08-22 22:13:14.790876', NULL, NULL, 77),
	(236, NULL, '', '2022-08-31', ' /  / ', '2022-08-22 22:13:14.790876', NULL, NULL, 77),
	(237, NULL, '', '2022-08-31', ' /  / ', '2022-08-22 22:13:14.790876', NULL, NULL, 77),
	(238, NULL, '', '2022-08-31', ' /  / ', '2022-08-22 22:13:14.790876', NULL, NULL, 77),
	(239, NULL, '', '2022-08-31', ' /  / ', '2022-08-22 22:13:14.790876', NULL, NULL, 77),
	(241, NULL, '', '2022-12-31', ' /  / ', '2022-08-31 10:27:41.586458', NULL, NULL, 307),
	(242, NULL, '', '2022-12-31', ' /  / ', '2022-08-31 10:27:41.586458', NULL, NULL, 307),
	(243, NULL, '', '2022-12-31', ' /  / ', '2022-08-31 10:27:41.586458', NULL, NULL, 307),
	(244, NULL, '', '2022-12-31', ' /  / ', '2022-08-31 10:27:41.586458', NULL, NULL, 307),
	(245, NULL, '', '2022-12-31', ' /  / ', '2022-08-31 10:27:41.586458', NULL, NULL, 307),
	(246, NULL, '', '2022-12-31', ' /  / ', '2022-08-31 10:27:41.602084', NULL, NULL, 307),
	(247, NULL, '', '2022-12-31', ' /  / ', '2022-08-31 10:27:41.570834', NULL, NULL, 48),
	(248, NULL, '', '2022-12-31', ' /  / ', '2022-08-31 10:27:41.570834', NULL, NULL, 48),
	(249, NULL, '', '2022-12-31', ' /  / ', '2022-08-31 10:27:41.586458', NULL, NULL, 48),
	(250, NULL, '', '2022-12-31', ' /  / ', '2022-08-31 10:27:41.586458', NULL, NULL, 48),
	(251, NULL, '', '2022-08-31', ' /  / ', '2022-08-31 10:27:41.586458', NULL, NULL, 48),
	(252, NULL, '', '2022-12-31', ' /  / ', '2022-08-31 10:27:41.586458', NULL, NULL, 49),
	(253, NULL, '', '2022-12-31', ' /  / ', '2022-08-31 10:27:41.586458', NULL, NULL, 49),
	(254, NULL, '', '2022-11-30', ' /  / ', '2022-08-31 10:27:41.586458', NULL, NULL, 49),
	(255, NULL, '', '2022-12-31', ' /  / ', '2022-08-31 10:27:41.586458', NULL, NULL, 49),
	(256, NULL, '', '2022-12-31', ' /  / ', '2022-08-31 10:27:41.586458', NULL, NULL, 50),
	(257, NULL, '', '2022-12-31', ' /  / ', '2022-08-31 10:27:41.586458', NULL, NULL, 50),
	(258, NULL, '', '2022-12-31', ' /  / ', '2022-08-31 10:27:41.586458', NULL, NULL, 50),
	(259, NULL, '', '2022-12-31', ' /  / ', '2022-08-31 10:27:41.586458', NULL, NULL, 50),
	(260, NULL, '', '2022-08-31', ' /  / ', '2022-08-22 22:13:14.790876', NULL, NULL, 76),
	(262, NULL, '', '2022-12-31', ' /  / ', '2022-08-16 12:13:19.031406', NULL, NULL, 20),
	(263, NULL, '', '2022-12-31', ' /  / ', '2022-08-16 12:13:19.031406', NULL, NULL, 20),
	(264, NULL, '', '2022-12-31', ' /  / ', '2022-08-16 12:13:19.031406', NULL, NULL, 20),
	(265, NULL, '', '2022-12-31', ' /  / ', '2022-08-16 12:13:19.031406', NULL, NULL, 20),
	(266, NULL, '', '2022-12-31', ' /  / ', '2022-08-16 12:13:19.031406', NULL, NULL, 20),
	(267, NULL, '', '2022-12-31', ' /  / ', '2022-08-16 12:13:19.031406', NULL, NULL, 20),
	(268, NULL, '', '2022-12-31', ' /  / ', '2022-08-16 12:13:19.031406', NULL, NULL, 20),
	(269, NULL, '', '2022-12-31', ' /  / ', '2022-08-23 16:03:41.904808', NULL, NULL, 165),
	(270, NULL, '', '2022-12-31', ' /  / ', '2022-08-23 16:03:41.904808', NULL, NULL, 158),
	(271, NULL, '', '2022-12-31', ' /  / ', '2022-08-23 16:03:41.904808', NULL, NULL, 156),
	(272, NULL, '', '2022-12-31', ' /  / ', '2022-08-23 16:03:41.904808', NULL, NULL, 155),
	(273, NULL, '', '2022-12-31', ' /  / ', '2022-08-23 16:03:41.904808', NULL, NULL, 155),
	(274, NULL, '\n', '2022-12-31', ' /  / ', '2022-08-24 09:42:25.472745', NULL, NULL, 99),
	(275, NULL, '', '2022-12-31', ' /  / ', '2022-08-24 09:42:25.472745', NULL, NULL, 99),
	(276, NULL, '', '2022-12-31', ' /  / ', '2022-08-24 09:42:25.472745', NULL, NULL, 99),
	(277, NULL, '', '2022-12-31', ' /  / ', '2022-08-24 09:42:25.472745', NULL, NULL, 99),
	(278, NULL, '', '2022-12-31', ' /  / ', '2022-08-24 09:42:25.472745', NULL, NULL, 99),
	(281, NULL, '', NULL, ' /  / ', '2022-08-24 15:38:03.387725', NULL, NULL, 145),
	(282, NULL, '', NULL, ' /  / ', '2022-08-24 15:38:03.387725', NULL, NULL, 145),
	(283, NULL, '', NULL, ' /  / ', '2022-08-24 15:38:03.387725', NULL, NULL, 145),
	(284, NULL, '', NULL, ' /  / ', '2022-08-24 15:38:03.403350', NULL, NULL, 145),
	(285, NULL, '', NULL, ' /  / ', '2022-08-24 15:38:03.403350', NULL, NULL, 145),
	(286, NULL, '', NULL, ' /  / ', '2022-08-24 15:38:03.387725', NULL, NULL, 143),
	(287, NULL, '', NULL, ' /  / ', '2022-08-24 15:38:03.387725', NULL, NULL, 143),
	(288, NULL, '', NULL, ' /  / ', '2022-08-24 15:38:03.387725', NULL, NULL, 143),
	(289, NULL, '', NULL, ' /  / ', '2022-08-24 15:38:03.387725', NULL, NULL, 143),
	(290, NULL, '', NULL, ' /  / ', '2022-08-24 15:38:03.387725', NULL, NULL, 143),
	(291, NULL, '', NULL, ' /  / ', '2022-08-24 15:38:03.387725', NULL, NULL, 143),
	(292, NULL, ' .', NULL, ' /  / ', '2022-08-24 15:38:03.403350', NULL, NULL, 311),
	(293, NULL, '', NULL, ' /  / ', '2022-08-24 15:38:03.403350', NULL, NULL, 311),
	(294, NULL, '', NULL, ' /  / ', '2022-08-24 15:38:03.403350', NULL, NULL, 311),
	(295, NULL, '', NULL, ' /  / ', '2022-08-24 15:38:03.403350', NULL, NULL, 311),
	(296, NULL, '', '2022-12-31', ' /  / ', '2022-08-30 09:07:33.179657', NULL, NULL, 346),
	(297, NULL, '', '2022-12-31', ' /  / ', '2022-08-30 09:07:33.179657', NULL, NULL, 346),
	(298, NULL, '', '2022-12-31', ' /  / ', '2022-08-30 09:07:33.179657', NULL, NULL, 346),
	(299, NULL, '', '2022-12-31', ' /  / ', '2022-08-30 09:07:33.179657', NULL, NULL, 346),
	(300, NULL, '', '2022-12-31', ' /  / ', '2022-08-30 09:07:33.179657', NULL, NULL, 346),
	(301, NULL, '', '2022-12-31', ' /  / ', '2022-08-22 21:49:53.893527', NULL, NULL, 322),
	(302, NULL, '', '2022-12-31', ' /  / ', '2022-08-22 21:49:53.893527', NULL, NULL, 322),
	(303, NULL, '', '2022-12-31', ' /  / ', '2022-08-22 21:49:53.909152', NULL, NULL, 322),
	(304, NULL, '', '2022-12-31', ' /  / ', '2022-08-22 21:49:53.909152', NULL, NULL, 322),
	(305, NULL, '', '2022-12-31', ' /  / ', '2022-08-22 21:49:53.909152', NULL, NULL, 322),
	(306, NULL, '', '2022-12-31', ' /  / ', '2022-08-22 21:49:53.909152', NULL, NULL, 322),
	(307, NULL, '', '2022-12-31', ' /  / ', '2022-08-22 21:49:53.909152', NULL, NULL, 322),
	(308, NULL, '', '2022-12-31', ' /  / ', '2022-08-22 21:49:53.909152', NULL, NULL, 322),
	(329, NULL, '', '2022-12-31', ' /  / ', '2022-08-24 08:16:46.919688', NULL, NULL, 251),
	(330, NULL, '', '2022-12-31', ' /  / ', '2022-08-24 08:16:46.919688', NULL, NULL, 251),
	(331, NULL, '', '2022-12-31', ' /  / ', '2022-08-24 08:16:46.919688', NULL, NULL, 251),
	(332, NULL, '', '2022-12-31', ' /  / ', '2022-08-24 08:16:46.919688', NULL, NULL, 251),
	(333, NULL, '', '2022-12-31', ' /  / ', '2022-08-24 08:16:46.919688', NULL, NULL, 251),
	(334, NULL, '', '2022-12-31', ' /  / ', '2022-08-24 08:16:46.919688', NULL, NULL, 251),
	(335, NULL, '', '2022-12-31', ' /  / ', '2022-08-24 08:16:46.919688', NULL, NULL, 251),
	(336, NULL, '', '2022-12-31', ' /  / ', '2022-08-24 08:16:46.919688', NULL, NULL, 251),
	(337, NULL, '', '2022-12-31', ' /  / ', '2022-08-22 16:09:18.694264', NULL, NULL, 321),
	(338, NULL, '', '2022-12-31', ' /  / ', '2022-08-22 16:09:18.694264', NULL, NULL, 321),
	(339, NULL, '\n', '2022-12-31', ' /  / ', '2022-08-22 16:09:18.694264', NULL, NULL, 321),
	(340, NULL, '\n', '2022-12-31', ' /  / ', '2022-08-22 16:09:18.694264', NULL, NULL, 321),
	(341, NULL, '', '2022-12-31', ' /  / ', '2022-08-22 16:09:18.709890', NULL, NULL, 321),
	(342, NULL, '', '2022-12-31', ' /  / ', '2022-08-22 16:09:18.709890', NULL, NULL, 321),
	(343, NULL, '', '2022-12-31', ' /  / ', '2022-08-24 08:16:46.919688', NULL, NULL, 250),
	(344, NULL, '', '2022-12-31', ' /  / ', '2022-08-24 08:16:46.919688', NULL, NULL, 250),
	(345, NULL, '', '2022-12-31', ' /  / ', '2022-08-24 08:16:46.919688', NULL, NULL, 250),
	(346, NULL, '', '2022-12-31', ' /  / ', '2022-08-24 08:16:46.919688', NULL, NULL, 250),
	(347, NULL, '', '2022-12-31', ' /  / ', '2022-08-24 08:16:46.919688', NULL, NULL, 250),
	(348, NULL, '', '2022-12-31', ' /  / ', '2022-08-24 08:16:46.919688', NULL, NULL, 250),
	(349, NULL, '', '2022-12-31', ' /  / ', '2022-08-24 08:16:46.919688', NULL, NULL, 250),
	(350, NULL, '', '2022-12-31', ' /  / ', '2022-08-24 08:16:46.919688', NULL, NULL, 332),
	(351, NULL, '', '2022-12-31', ' /  / ', '2022-08-24 08:16:46.919688', NULL, NULL, 332),
	(352, NULL, '', '2022-12-31', ' /  / ', '2022-08-24 08:16:46.919688', NULL, NULL, 332),
	(353, NULL, '', '2022-12-31', ' /  / ', '2022-08-24 08:16:46.919688', NULL, NULL, 332),
	(354, NULL, '', '2022-12-31', ' /  / ', '2022-08-24 08:16:46.919688', NULL, NULL, 332),
	(355, NULL, '', '2022-12-31', ' /  / ', '2022-08-24 08:16:46.919688', NULL, NULL, 332),
	(356, NULL, '', '2022-12-31', ' /  / ', '2022-08-22 08:13:37.592326', NULL, NULL, 3),
	(357, NULL, '', '2022-12-31', ' /  / ', '2022-08-22 08:13:37.592326', NULL, NULL, 3),
	(358, NULL, '', '2022-12-31', ' /  / ', '2022-08-22 08:13:37.592326', NULL, NULL, 3),
	(359, NULL, '', '2022-12-31', ' /  / ', '2022-08-22 08:13:37.592326', NULL, NULL, 3),
	(360, NULL, '', '2022-12-31', ' /  / ', '2022-08-22 08:13:37.592326', NULL, NULL, 3),
	(361, NULL, '', '2022-12-31', ' /  / ', '2022-08-22 08:13:37.592326', NULL, NULL, 3),
	(369, NULL, '', '2022-12-31', ' /  / ', '2022-08-22 21:49:53.893527', NULL, NULL, 259),
	(370, NULL, '', '2022-12-31', ' /  / ', '2022-08-22 21:49:53.893527', NULL, NULL, 259),
	(371, NULL, '', '2022-12-31', ' /  / ', '2022-08-22 21:49:53.893527', NULL, NULL, 259),
	(372, NULL, '', '2022-12-31', ' /  / ', '2022-08-22 21:49:53.893527', NULL, NULL, 259),
	(373, NULL, '', '2022-12-31', ' /  / ', '2022-08-22 21:49:53.893527', NULL, NULL, 259),
	(374, NULL, '', '2022-12-31', ' /  / ', '2022-08-22 21:49:53.893527', NULL, NULL, 259),
	(375, NULL, '', '2022-12-31', ' /  / ', '2022-08-22 21:49:53.893527', NULL, NULL, 260),
	(376, NULL, '', '2022-12-31', ' /  / ', '2022-08-22 21:49:53.893527', NULL, NULL, 260),
	(377, NULL, '', '2022-12-31', ' /  / ', '2022-08-22 21:49:53.893527', NULL, NULL, 260),
	(378, NULL, '', '2022-12-31', ' /  / ', '2022-08-22 21:49:53.893527', NULL, NULL, 260),
	(379, NULL, '', '2022-12-31', ' /  / ', '2022-08-22 21:49:53.893527', NULL, NULL, 260),
	(380, NULL, '', '2022-12-31', ' /  / ', '2022-08-22 21:49:53.893527', NULL, NULL, 260),
	(382, NULL, '', '2022-12-31', ' /  / ', '2022-08-22 21:49:53.877925', NULL, NULL, 256),
	(383, NULL, '', '2022-12-31', ' /  / ', '2022-08-22 21:49:53.877925', NULL, NULL, 256),
	(384, NULL, '', '2022-12-31', ' /  / ', '2022-08-22 21:49:53.877925', NULL, NULL, 256),
	(385, NULL, '', '2022-12-31', ' /  / ', '2022-08-22 21:49:53.877925', NULL, NULL, 256),
	(386, NULL, '', '2022-12-31', ' /  / ', '2022-08-22 21:49:53.877925', NULL, NULL, 256),
	(387, NULL, '', '2022-12-31', ' /  / ', '2022-08-22 21:49:53.877925', NULL, NULL, 256),
	(388, NULL, '', '2022-12-31', ' /  / ', '2022-08-22 21:49:53.877925', NULL, NULL, 256),
	(389, NULL, '', '2022-12-31', ' /  / ', '2022-08-22 21:49:53.862299', NULL, NULL, 255),
	(390, NULL, '', '2022-12-31', ' /  / ', '2022-08-22 21:49:53.862299', NULL, NULL, 255),
	(391, NULL, '', '2022-12-31', ' /  / ', '2022-08-22 21:49:53.862299', NULL, NULL, 255),
	(392, NULL, '', '2022-12-31', ' /  / ', '2022-08-22 21:49:53.862299', NULL, NULL, 255),
	(393, NULL, '', '2022-12-31', ' /  / ', '2022-08-22 21:49:53.877925', NULL, NULL, 255),
	(394, NULL, '', '2022-12-31', ' /  / ', '2022-08-22 21:49:53.877925', NULL, NULL, 255),
	(395, NULL, '', '2022-12-31', ' /  / ', '2022-08-22 21:49:53.877925', NULL, NULL, 255),
	(396, NULL, '', '2022-12-31', ' /  / ', '2022-08-22 21:49:53.877925', NULL, NULL, 255),
	(401, NULL, '', '2022-12-31', ' /  / ', '2022-08-29 10:00:01.587867', NULL, NULL, 268),
	(402, NULL, '', '2022-12-31', ' /  / ', '2022-08-29 10:00:01.587867', NULL, NULL, 268),
	(403, NULL, '', '2022-12-31', ' /  / ', '2022-08-29 10:00:01.587867', NULL, NULL, 268),
	(404, NULL, '', '2022-12-31', ' /  / ', '2022-08-29 10:00:01.587867', NULL, NULL, 268),
	(405, NULL, '', '2022-12-31', ' /  / ', '2022-08-29 10:00:01.587867', NULL, NULL, 268),
	(406, NULL, '', '2022-12-31', ' /  / ', '2022-08-29 10:00:01.587867', NULL, NULL, 268),
	(407, NULL, '', '2022-12-31', ' /  / ', '2022-08-23 14:18:32.439316', NULL, NULL, 17),
	(408, NULL, '', '2022-12-31', ' /  / ', '2022-08-23 14:18:32.439316', NULL, NULL, 17),
	(409, NULL, '', '2022-12-31', ' /  / ', '2022-08-23 14:18:32.439316', NULL, NULL, 17),
	(410, NULL, '', '2022-12-31', ' /  / ', '2022-08-23 14:18:32.439316', NULL, NULL, 17),
	(411, NULL, '', '2022-12-31', ' /  / ', '2022-08-23 14:18:32.439316', NULL, NULL, 17),
	(412, NULL, '', '2022-12-31', ' /  / ', '2022-08-23 14:18:32.439316', NULL, NULL, 17),
	(415, NULL, '', '2022-12-31', ' /  / ', '2022-08-29 10:00:01.603492', NULL, NULL, 324),
	(416, NULL, '123', '2022-12-31', ' /  / ', '2022-08-29 10:00:01.603492', NULL, NULL, 324),
	(417, NULL, '12', '2022-12-31', ' /  / ', '2022-08-29 10:00:01.603492', NULL, NULL, 324),
	(418, NULL, '', '2022-12-31', ' /  / ', '2022-08-29 10:00:01.603492', NULL, NULL, 324),
	(419, NULL, '', '2022-12-31', ' /  / ', '2022-08-29 10:00:01.603492', NULL, NULL, 324),
	(420, NULL, '12', '2022-12-31', ' /  / ', '2022-08-29 10:00:01.603492', NULL, NULL, 324),
	(421, NULL, '', '2022-12-31', ' /  / ', '2022-08-29 10:00:01.603492', NULL, NULL, 324),
	(422, NULL, '12', '2022-12-31', ' /  / ', '2022-08-29 10:00:01.603492', NULL, NULL, 324),
	(423, NULL, '', '2022-12-31', ' /  / ', '2022-08-29 10:00:01.619115', NULL, NULL, 335),
	(424, NULL, '', '2022-12-31', ' /  / ', '2022-08-29 10:00:01.619115', NULL, NULL, 335),
	(425, NULL, '', '2022-12-31', ' /  / ', '2022-08-29 10:00:01.619115', NULL, NULL, 335),
	(426, NULL, '', '2022-12-31', ' /  / ', '2022-08-29 10:00:01.619115', NULL, NULL, 335),
	(427, NULL, '', '2022-12-31', ' /  / ', '2022-08-29 10:00:01.619115', NULL, NULL, 335),
	(428, NULL, '', '2022-12-31', ' /  / ', '2022-08-29 10:00:01.619115', NULL, NULL, 335),
	(429, NULL, '', '2022-12-31', ' /  / ', '2022-08-29 10:00:01.619115', NULL, NULL, 335),
	(430, NULL, '', '2022-12-31', ' /  / ', '2022-08-29 10:00:01.619115', NULL, NULL, 335),
	(498, NULL, '', '2022-12-31', ' /  / ', '2022-08-22 21:49:53.893527', NULL, NULL, 260),
	(499, NULL, '80', '2022-12-31', ' /  / ', '2022-08-22 21:49:53.877925', NULL, NULL, 257),
	(500, NULL, '', '2022-12-31', ' /  / ', '2022-08-22 21:49:53.877925', NULL, NULL, 257),
	(501, NULL, '', '2022-12-31', ' /  / ', '2022-08-22 21:49:53.877925', NULL, NULL, 257),
	(502, NULL, '', '2022-12-31', ' /  / ', '2022-08-22 21:49:53.877925', NULL, NULL, 257),
	(503, NULL, '', '2022-12-31', ' /  / ', '2022-08-22 21:49:53.877925', NULL, NULL, 257),
	(504, NULL, '', '2022-12-31', ' /  / ', '2022-08-22 21:49:53.877925', NULL, NULL, 257),
	(505, NULL, '', '2022-12-31', ' /  / ', '2022-08-22 21:49:53.877925', NULL, NULL, 258),
	(506, NULL, '60', '2022-12-31', ' /  / ', '2022-08-22 21:49:53.893527', NULL, NULL, 258),
	(507, NULL, '', '2022-12-31', ' /  / ', '2022-08-22 21:49:53.893527', NULL, NULL, 258),
	(508, NULL, '', '2022-12-31', ' /  / ', '2022-08-22 21:49:53.893527', NULL, NULL, 258),
	(509, NULL, '', '2022-12-31', ' /  / ', '2022-08-22 21:49:53.893527', NULL, NULL, 258),
	(510, NULL, '', '2022-12-31', ' /  / ', '2022-08-22 21:49:53.893527', NULL, NULL, 258),
	(511, NULL, '', '2022-12-31', ' /  / ', '2022-08-22 21:49:53.893527', NULL, NULL, 258),
	(512, NULL, '', '2022-12-31', ' /  / ', '2022-08-22 21:49:53.909152', NULL, NULL, 333),
	(513, NULL, '', '2022-12-31', ' /  / ', '2022-08-22 21:49:53.909152', NULL, NULL, 333),
	(514, NULL, '', '2022-12-31', ' /  / ', '2022-08-22 21:49:53.909152', NULL, NULL, 333),
	(515, NULL, '', '2022-12-31', ' /  / ', '2022-08-22 21:49:53.909152', NULL, NULL, 333),
	(516, NULL, '', '2022-12-31', ' /  / ', '2022-08-22 21:49:53.909152', NULL, NULL, 333),
	(517, NULL, '', '2022-12-31', ' /  / ', '2022-08-22 21:49:53.909152', NULL, NULL, 333),
	(518, NULL, '', '2022-12-31', ' /  / ', '2022-08-22 21:49:53.909152', NULL, NULL, 333),
	(519, NULL, '', '2022-12-31', ' /  / ', '2022-08-22 21:49:53.909152', NULL, NULL, 333),
	(521, NULL, '', '2022-12-31', ' /  / ', '2022-08-24 08:15:13.809615', NULL, NULL, 253),
	(524, NULL, '', '2022-12-31', ' /  / ', '2022-08-24 08:15:13.809615', NULL, NULL, 253),
	(525, NULL, '', '2022-12-31', ' /  / ', '2022-08-24 08:15:13.809615', NULL, NULL, 253),
	(526, NULL, '', '2022-12-31', ' /  / ', '2022-08-24 08:15:13.809615', NULL, NULL, 253),
	(527, NULL, '', '2022-12-31', ' /  / ', '2022-08-24 08:15:13.809615', NULL, NULL, 253),
	(528, NULL, '', '2022-12-31', ' /  / ', '2022-08-24 08:15:13.809615', NULL, NULL, 253),
	(529, NULL, '', '2022-12-31', ' /  / ', '2022-08-24 08:15:13.809615', NULL, NULL, 253),
	(530, NULL, '', '2022-12-31', ' /  / ', '2022-08-29 10:00:01.587867', NULL, NULL, 269),
	(531, NULL, '', '2022-12-31', ' /  / ', '2022-08-29 10:00:01.587867', NULL, NULL, 269),
	(532, NULL, '', '2022-12-31', ' /  / ', '2022-08-29 10:00:01.587867', NULL, NULL, 269),
	(533, NULL, '', '2022-12-31', ' /  / ', '2022-08-29 10:00:01.587867', NULL, NULL, 269),
	(534, NULL, '', '2022-12-31', ' /  / ', '2022-08-29 10:00:01.587867', NULL, NULL, 269),
	(535, NULL, '', '2022-12-31', ' /  / ', '2022-08-29 10:00:01.587867', NULL, NULL, 269),
	(536, NULL, '', '2022-12-31', ' /  / ', '2022-08-23 14:20:17.503012', NULL, NULL, 9),
	(537, NULL, '', '2022-12-31', ' /  / ', '2022-08-23 14:20:17.503012', NULL, NULL, 9),
	(538, NULL, '', '2022-12-31', ' /  / ', '2022-08-23 14:20:17.503012', NULL, NULL, 9),
	(539, NULL, '', '2022-12-31', ' /  / ', '2022-08-23 14:20:17.503012', NULL, NULL, 9),
	(540, NULL, '', '2022-12-31', ' /  / ', '2022-08-23 14:20:17.503012', NULL, NULL, 9),
	(541, NULL, '', '2022-12-31', ' /  / ', '2022-08-23 14:20:17.503012', NULL, NULL, 9),
	(542, NULL, '', '2022-12-31', ' /  / ', '2022-08-23 16:03:41.904808', NULL, NULL, 165),
	(543, NULL, '', '2022-12-31', ' /  / ', '2022-08-23 16:03:41.904808', NULL, NULL, 165),
	(544, NULL, '', '2022-12-31', ' /  / ', '2022-08-23 16:03:41.904808', NULL, NULL, 165),
	(545, NULL, '', '2022-12-31', ' /  / ', '2022-08-23 16:03:41.904808', NULL, NULL, 155),
	(546, NULL, '', '2022-12-31', ' /  / ', '2022-08-23 16:03:41.904808', NULL, NULL, 155),
	(547, NULL, '', '2022-12-31', ' /  / ', '2022-08-23 16:03:41.904808', NULL, NULL, 155),
	(548, NULL, '', '2022-12-31', ' /  / ', '2022-08-23 16:03:41.904808', NULL, NULL, 158),
	(549, NULL, '', '2022-12-31', ' /  / ', '2022-08-23 16:03:41.904808', NULL, NULL, 158),
	(550, NULL, '', '2022-12-31', ' /  / ', '2022-08-23 16:03:41.904808', NULL, NULL, 158),
	(551, NULL, '', '2022-12-31', ' /  / ', '2022-08-23 16:03:41.904808', NULL, NULL, 156),
	(552, NULL, '', '2022-12-31', ' /  / ', '2022-08-23 16:03:41.904808', NULL, NULL, 156),
	(553, NULL, '', '2022-12-31', ' /  / ', '2022-08-23 16:03:41.904808', NULL, NULL, 156),
	(554, NULL, '', '2022-12-31', ' /  / ', '2022-08-23 16:03:41.904808', NULL, NULL, 312),
	(555, NULL, '', '2022-12-31', ' /  / ', '2022-08-23 16:03:41.904808', NULL, NULL, 312),
	(556, NULL, '', '2022-12-31', ' /  / ', '2022-08-23 16:03:41.904808', NULL, NULL, 312),
	(557, NULL, '', '2022-12-31', ' /  / ', '2022-08-23 16:03:41.904808', NULL, NULL, 312),
	(558, NULL, '', NULL, ' /  / ', '2022-08-23 16:03:41.904808', NULL, NULL, 312),
	(559, NULL, '', '2022-12-31', ' /  / ', '2022-08-23 16:03:41.904808', NULL, NULL, 312),
	(560, NULL, '', '2022-12-31', ' /  / ', '2022-08-23 16:03:41.904808', NULL, NULL, 312),
	(561, NULL, '', '2022-12-31', ' /  / ', '2022-08-24 08:04:14.829016', NULL, NULL, 252),
	(562, NULL, '', '2022-12-31', ' /  / ', '2022-08-24 08:04:14.844641', NULL, NULL, 252),
	(563, NULL, '', '2022-12-31', ' /  / ', '2022-08-24 08:04:14.844641', NULL, NULL, 252),
	(564, NULL, '', '2022-12-31', ' /  / ', '2022-08-24 08:04:14.844641', NULL, NULL, 252),
	(565, NULL, '', '2022-12-31', ' /  / ', '2022-08-24 08:04:14.844641', NULL, NULL, 252),
	(566, NULL, '', '2022-12-31', ' /  / ', '2022-08-24 08:04:14.844641', NULL, NULL, 252),
	(567, NULL, '', '2022-12-31', ' /  / ', '2022-08-24 08:04:14.844641', NULL, NULL, 252),
	(568, NULL, '', '2022-12-31', ' /  / ', '2022-08-24 08:04:14.844641', NULL, NULL, 252),
	(569, NULL, '', '2022-12-31', ' /  / ', '2022-08-24 08:04:14.844641', NULL, NULL, 254),
	(570, NULL, '', '2022-12-31', ' /  / ', '2022-08-24 08:04:14.844641', NULL, NULL, 254),
	(571, NULL, '', '2022-12-31', ' /  / ', '2022-08-24 08:04:14.844641', NULL, NULL, 254),
	(572, NULL, '', '2022-12-31', ' /  / ', '2022-08-24 08:04:14.844641', NULL, NULL, 254),
	(573, NULL, '', '2022-12-31', ' /  / ', '2022-08-24 08:04:14.844641', NULL, NULL, 254),
	(574, NULL, '', '2022-12-31', ' /  / ', '2022-08-24 08:04:14.844641', NULL, NULL, 254),
	(575, NULL, '', '2022-12-31', ' /  / ', '2022-08-24 08:04:14.844641', NULL, NULL, 254),
	(576, NULL, '', '2022-12-31', ' /  / ', '2022-08-24 08:04:14.844641', NULL, NULL, 254),
	(577, NULL, '', '2022-12-31', ' /  / ', '2022-08-24 09:42:25.472745', NULL, NULL, 98),
	(578, NULL, '', '2022-12-31', ' /  / ', '2022-08-24 09:42:25.472745', NULL, NULL, 98),
	(584, NULL, '', '2022-12-31', ' /  / ', '2022-08-24 09:42:25.472745', NULL, NULL, 98),
	(585, NULL, '', '2022-12-31', ' /  / ', '2022-08-24 09:42:25.472745', NULL, NULL, 98),
	(586, NULL, '', '2022-12-31', ' /  / ', '2022-08-24 09:42:25.472745', NULL, NULL, 98),
	(587, NULL, '', '2022-12-31', ' /  / ', '2022-08-24 09:42:25.472745', NULL, NULL, 98),
	(588, NULL, '', '2022-12-31', ' /  / ', '2022-08-24 09:42:25.472745', NULL, NULL, 110),
	(589, NULL, '', '2022-12-31', ' /  / ', '2022-08-24 09:42:25.472745', NULL, NULL, 99),
	(590, NULL, '', '2022-12-31', ' /  / ', '2022-08-24 09:42:25.488374', NULL, NULL, 110),
	(591, NULL, '', '2022-12-31', ' /  / ', '2022-08-24 09:42:25.488374', NULL, NULL, 110),
	(592, NULL, '', '2022-12-31', ' /  / ', '2022-08-24 09:42:25.488374', NULL, NULL, 110),
	(593, NULL, '', '2022-12-31', ' /  / ', '2022-08-24 09:42:25.488374', NULL, NULL, 110),
	(594, NULL, '', '2022-12-31', ' /  / ', '2022-08-24 09:42:25.472745', NULL, NULL, 99),
	(595, NULL, '', '2022-08-31', ' /  / ', '2022-08-24 09:42:25.472745', NULL, NULL, 101),
	(596, NULL, '', '2022-12-31', ' /  / ', '2022-08-24 09:42:25.472745', NULL, NULL, 101),
	(597, NULL, '', '2022-12-31', ' /  / ', '2022-08-24 09:42:25.472745', NULL, NULL, 101),
	(598, NULL, '', '2022-12-31', ' /  / ', '2022-08-24 09:42:25.472745', NULL, NULL, 101),
	(599, NULL, '', '2022-12-31', ' /  / ', '2022-08-24 09:42:25.472745', NULL, NULL, 101),
	(600, NULL, '', '2022-12-31', ' /  / ', '2022-08-24 09:42:25.472745', NULL, NULL, 101),
	(601, NULL, '', '2022-12-31', ' /  / ', '2022-08-24 09:42:25.472745', NULL, NULL, 101),
	(602, NULL, '', '2022-12-31', ' /  / ', '2022-08-25 14:20:54.165752', NULL, NULL, 278),
	(603, NULL, '', '2022-12-31', ' /  / ', '2022-08-25 14:20:54.165752', NULL, NULL, 278),
	(604, NULL, '', '2022-12-31', ' /  / ', '2022-08-25 14:20:54.165752', NULL, NULL, 278),
	(605, NULL, '', '2022-12-31', ' /  / ', '2022-08-25 14:20:54.165752', NULL, NULL, 278),
	(606, NULL, '', '2022-12-31', ' /  / ', '2022-08-25 14:20:54.165752', NULL, NULL, 278),
	(607, NULL, '', '2022-12-31', ' /  / ', '2022-08-25 14:20:54.165752', NULL, NULL, 278),
	(608, NULL, '', '2022-12-31', ' /  / ', '2022-08-25 14:20:54.150126', NULL, NULL, 274),
	(609, NULL, '', '2022-12-31', ' /  / ', '2022-08-25 14:20:54.150126', NULL, NULL, 274),
	(610, NULL, '', '2022-12-31', ' /  / ', '2022-08-25 14:20:54.150126', NULL, NULL, 274),
	(611, NULL, '', '2022-12-31', ' /  / ', '2022-08-25 14:20:54.150126', NULL, NULL, 274),
	(612, NULL, '', '2022-12-31', ' /  / ', '2022-08-25 14:20:54.150126', NULL, NULL, 274),
	(613, NULL, '', '2022-12-31', ' /  / ', '2022-08-25 14:20:54.165752', NULL, NULL, 274),
	(614, NULL, '', '2022-12-31', ' /  / ', '2022-08-25 14:20:54.165752', NULL, NULL, 276),
	(615, NULL, '', '2022-12-31', ' /  / ', '2022-08-25 14:20:54.165752', NULL, NULL, 276),
	(616, NULL, '', '2022-12-31', ' /  / ', '2022-08-25 14:20:54.165752', NULL, NULL, 276),
	(617, NULL, '', '2022-12-31', ' /  / ', '2022-08-25 14:20:54.165752', NULL, NULL, 276),
	(618, NULL, ',', '2022-12-31', ' /  / ', '2022-08-25 14:20:54.165752', NULL, NULL, 276),
	(619, NULL, '', '2022-12-31', ' /  / ', '2022-08-25 14:20:54.165752', NULL, NULL, 276),
	(620, NULL, '', '2022-12-31', ' /  / ', '2022-08-25 14:20:54.165752', NULL, NULL, 275),
	(621, NULL, '', '2022-12-31', ' /  / ', '2022-08-25 14:20:54.165752', NULL, NULL, 275),
	(622, NULL, '', '2022-12-31', ' /  / ', '2022-08-25 14:20:54.165752', NULL, NULL, 275),
	(623, NULL, '', '2022-12-31', ' /  / ', '2022-08-25 14:20:54.165752', NULL, NULL, 275),
	(624, NULL, '', '2022-12-31', ' /  / ', '2022-08-25 14:20:54.165752', NULL, NULL, 275),
	(625, NULL, '', '2022-12-31', ' /  / ', '2022-08-25 14:20:54.165752', NULL, NULL, 275),
	(626, NULL, '', '2022-12-31', ' /  / ', '2022-08-25 14:20:54.165752', NULL, NULL, 277),
	(627, NULL, '', '2022-12-31', ' /  / ', '2022-08-25 14:20:54.165752', NULL, NULL, 277),
	(628, NULL, '', '2022-12-31', ' /  / ', '2022-08-25 14:20:54.165752', NULL, NULL, 277),
	(629, NULL, '', '2022-12-31', ' /  / ', '2022-08-25 14:20:54.165752', NULL, NULL, 277),
	(630, NULL, '', '2022-12-31', ' /  / ', '2022-08-25 14:20:54.165752', NULL, NULL, 277),
	(631, NULL, '', '2022-12-31', ' /  / ', '2022-08-25 14:20:54.165752', NULL, NULL, 277),
	(632, NULL, '', '2022-12-31', ' /  / ', '2022-08-25 14:20:54.150126', NULL, NULL, 273),
	(633, NULL, '', '2022-12-31', ' /  / ', '2022-08-25 14:20:54.150126', NULL, NULL, 273),
	(634, NULL, '', '2022-12-31', ' /  / ', '2022-08-25 14:20:54.150126', NULL, NULL, 273),
	(635, NULL, '', '2022-12-31', ' /  / ', '2022-08-25 14:20:54.150126', NULL, NULL, 273),
	(636, NULL, '', '2022-12-31', ' /  / ', '2022-08-25 14:20:54.150126', NULL, NULL, 273),
	(637, NULL, '', '2022-12-31', ' /  / ', '2022-08-25 14:20:54.150126', NULL, NULL, 273),
	(638, NULL, '', '2022-12-31', ' /  / ', '2022-08-25 14:20:54.150126', NULL, NULL, 273),
	(639, NULL, '', '2022-12-31', ' /  / ', '2022-08-25 14:20:54.150126', NULL, NULL, 273),
	(640, NULL, ':', '2022-12-31', ' /  / ', '2022-08-25 14:20:54.165752', NULL, NULL, 336),
	(641, NULL, '', '2022-12-31', ' /  / ', '2022-08-25 14:20:54.165752', NULL, NULL, 336),
	(642, NULL, '', '2022-12-31', ' /  / ', '2022-08-25 14:20:54.165752', NULL, NULL, 336),
	(643, NULL, '', '2022-12-31', ' /  / ', '2022-08-25 14:20:54.165752', NULL, NULL, 336),
	(644, NULL, '', '2022-12-31', ' /  / ', '2022-08-25 14:20:54.165752', NULL, NULL, 336),
	(645, NULL, ',', '2022-12-31', ' /  / ', '2022-08-25 14:20:54.165752', NULL, NULL, 336),
	(646, NULL, '', '2022-12-31', ' /  / ', '2022-08-25 14:20:54.165752', NULL, NULL, 336),
	(647, NULL, '', '2022-12-31', ' /  / ', '2022-08-25 14:20:54.165752', NULL, NULL, 325),
	(648, NULL, '', '2022-12-31', ' /  / ', '2022-08-25 14:20:54.165752', NULL, NULL, 325),
	(649, NULL, '', '2022-12-31', ' /  / ', '2022-08-25 14:20:54.165752', NULL, NULL, 325),
	(650, NULL, '', '2022-12-31', ' /  / ', '2022-08-25 14:20:54.165752', NULL, NULL, 325),
	(651, NULL, '', '2022-12-31', ' /  / ', '2022-08-25 14:20:54.165752', NULL, NULL, 325),
	(652, NULL, '', '2022-12-31', ' /  / ', '2022-08-25 14:20:54.165752', NULL, NULL, 325),
	(653, NULL, '', '2022-12-31', ' /  / ', '2022-08-25 14:20:54.165752', NULL, NULL, 325),
	(654, NULL, '', '2022-12-31', ' /  / ', '2022-08-25 15:36:48.920004', NULL, NULL, 245),
	(655, NULL, '', '2022-12-31', ' /  / ', '2022-08-25 15:36:48.920004', NULL, NULL, 245),
	(656, NULL, '', '2022-12-31', ' /  / ', '2022-08-25 15:36:48.920004', NULL, NULL, 245),
	(657, NULL, '', '2022-12-31', ' /  / ', '2022-08-25 15:36:48.920004', NULL, NULL, 245),
	(658, NULL, '', '2022-12-31', ' /  / ', '2022-08-25 15:36:48.920004', NULL, NULL, 245),
	(661, NULL, '', '2022-08-31', ' /  / ', '2022-08-30 09:07:33.179657', NULL, NULL, 215),
	(662, NULL, '', '2022-12-31', ' /  / ', '2022-08-30 09:07:33.179657', NULL, NULL, 215),
	(663, NULL, '', '2022-12-31', ' /  / ', '2022-08-30 09:07:33.179657', NULL, NULL, 215),
	(664, NULL, '', '2022-12-31', ' /  / ', '2022-08-30 09:07:33.179657', NULL, NULL, 215),
	(665, NULL, '', '2022-12-31', ' /  / ', '2022-08-30 09:07:33.179657', NULL, NULL, 215),
	(666, NULL, '', '2022-12-31', ' /  / ', '2022-08-30 09:07:33.179657', NULL, NULL, 215),
	(667, NULL, '', '2022-12-31', ' /  / ', '2022-08-30 09:07:33.179657', NULL, NULL, 215),
	(668, NULL, '', '2022-12-31', ' /  / ', '2022-08-25 15:36:48.935630', NULL, NULL, 331),
	(669, NULL, '', '2022-12-31', ' /  / ', '2022-08-25 15:36:48.935630', NULL, NULL, 331),
	(671, NULL, '', '2022-12-31', ' /  / ', '2022-08-25 15:36:48.935630', NULL, NULL, 331),
	(672, NULL, '', '2022-12-31', ' /  / ', '2022-08-25 15:36:48.935630', NULL, NULL, 331),
	(673, NULL, '', '2022-12-31', ' /  / ', '2022-08-25 15:36:48.935630', NULL, NULL, 331),
	(674, NULL, '', '2022-12-31', ' /  / ', '2022-08-25 15:36:48.935630', NULL, NULL, 331),
	(675, NULL, '', '2022-12-31', ' /  / ', '2022-08-25 15:36:48.920004', NULL, NULL, 246),
	(676, NULL, '', '2022-12-31', ' /  / ', '2022-08-25 15:36:48.920004', NULL, NULL, 246),
	(677, NULL, '', '2022-12-31', ' /  / ', '2022-08-25 15:36:48.920004', NULL, NULL, 246),
	(678, NULL, '', '2022-12-31', ' /  / ', '2022-08-25 15:36:48.935630', NULL, NULL, 246),
	(679, NULL, '', '2022-12-31', ' /  / ', '2022-08-25 15:36:48.935630', NULL, NULL, 246),
	(680, NULL, '', '2022-12-31', ' /  / ', '2022-08-25 15:36:48.935630', NULL, NULL, 246),
	(681, NULL, '', '2022-12-31', ' /  / ', '2022-08-25 15:36:48.935630', NULL, NULL, 246),
	(682, NULL, '', '2022-12-31', ' /  / ', '2022-08-25 15:36:48.935630', NULL, NULL, 246),
	(683, NULL, '', '2022-12-31', ' /  / ', '2022-08-25 15:36:48.935630', NULL, NULL, 246),
	(684, NULL, '', '2022-12-31', ' /  / ', '2022-08-25 15:36:48.935630', NULL, NULL, 248),
	(685, NULL, '', '2022-12-31', ' /  / ', '2022-08-25 15:36:48.935630', NULL, NULL, 248),
	(686, NULL, '', '2022-12-31', ' /  / ', '2022-08-25 15:36:48.935630', NULL, NULL, 248),
	(687, NULL, '', '2022-12-31', ' /  / ', '2022-08-25 15:36:48.935630', NULL, NULL, 248),
	(688, NULL, '', '2022-12-31', ' /  / ', '2022-08-25 15:36:48.935630', NULL, NULL, 248),
	(689, NULL, '', '2022-12-31', ' /  / ', '2022-08-25 15:36:48.935630', NULL, NULL, 248),
	(690, NULL, '6080', '2022-12-31', ' /  / ', '2022-08-25 15:36:48.935630', NULL, NULL, 249),
	(691, NULL, '', '2022-12-31', ' /  / ', '2022-08-25 15:36:48.935630', NULL, NULL, 249),
	(692, NULL, '', '2022-12-31', ' /  / ', '2022-08-25 15:36:48.935630', NULL, NULL, 249),
	(693, NULL, '', '2022-12-31', ' /  / ', '2022-08-25 15:36:48.935630', NULL, NULL, 249),
	(694, NULL, '', '2022-12-31', ' /  / ', '2022-08-25 15:36:48.935630', NULL, NULL, 249),
	(695, NULL, '', '2022-12-31', ' /  / ', '2022-08-25 15:36:48.935630', NULL, NULL, 249),
	(697, NULL, '', '2022-12-31', ' /  / ', '2022-08-25 15:36:48.920004', NULL, NULL, 242),
	(698, NULL, '', '2022-12-31', ' /  / ', '2022-08-25 15:36:48.920004', NULL, NULL, 242),
	(699, NULL, '', '2022-12-31', ' /  / ', '2022-08-25 15:36:48.920004', NULL, NULL, 242),
	(700, NULL, '', '2022-12-31', ' /  / ', '2022-08-25 15:36:48.920004', NULL, NULL, 242),
	(701, NULL, '', '2022-12-31', ' /  / ', '2022-08-25 15:36:48.920004', NULL, NULL, 242),
	(702, NULL, '', '2022-12-31', ' /  / ', '2022-08-25 15:36:48.920004', NULL, NULL, 242),
	(703, NULL, '', '2022-08-25', ' /  / ', '2022-08-25 15:36:48.935630', NULL, NULL, 331),
	(704, NULL, '', '2022-12-31', ' /  / ', '2022-08-25 15:36:48.920004', NULL, NULL, 244),
	(705, NULL, '', '2022-12-31', ' /  / ', '2022-08-25 15:36:48.920004', NULL, NULL, 244),
	(706, NULL, '', '2022-12-31', ' /  / ', '2022-08-25 15:36:48.920004', NULL, NULL, 244),
	(707, NULL, '', '2022-12-31', ' /  / ', '2022-08-25 15:36:48.920004', NULL, NULL, 244),
	(708, NULL, '', '2022-12-31', ' /  / ', '2022-08-25 15:36:48.920004', NULL, NULL, 244),
	(709, NULL, '', '2022-12-31', ' /  / ', '2022-08-25 15:36:48.920004', NULL, NULL, 244),
	(710, NULL, '', '2022-12-31', ' /  / ', '2022-08-25 15:36:48.920004', NULL, NULL, 245),
	(711, NULL, '', '2022-12-31', ' /  / ', '2022-08-25 15:36:48.920004', NULL, NULL, 243),
	(712, NULL, '', '2022-12-31', ' /  / ', '2022-08-25 15:36:48.920004', NULL, NULL, 243),
	(713, NULL, '', '2022-12-31', ' /  / ', '2022-08-25 15:36:48.920004', NULL, NULL, 243),
	(714, NULL, '', '2022-12-31', ' /  / ', '2022-08-25 15:36:48.920004', NULL, NULL, 243),
	(715, NULL, '', '2022-12-31', ' /  / ', '2022-08-25 15:36:48.920004', NULL, NULL, 243),
	(716, NULL, '', '2022-12-31', ' /  / ', '2022-08-25 15:36:48.920004', NULL, NULL, 243),
	(717, NULL, '', '2022-12-31', ' /  / ', '2022-08-25 15:36:48.935630', NULL, NULL, 247),
	(718, NULL, '', '2022-12-31', ' /  / ', '2022-08-25 15:36:48.935630', NULL, NULL, 247),
	(719, NULL, '', '2022-12-31', ' /  / ', '2022-08-25 15:36:48.935630', NULL, NULL, 247),
	(720, NULL, '', '2022-12-31', ' /  / ', '2022-08-25 15:36:48.935630', NULL, NULL, 247),
	(721, NULL, '', '2022-12-31', ' /  / ', '2022-08-25 15:36:48.935630', NULL, NULL, 247),
	(722, NULL, '', '2022-12-31', ' /  / ', '2022-08-25 15:36:48.935630', NULL, NULL, 247),
	(723, NULL, '', '2022-12-31', ' /  / ', '2022-08-25 15:36:48.935630', NULL, NULL, 320),
	(724, NULL, '', '2022-12-31', ' /  / ', '2022-08-25 15:36:48.935630', NULL, NULL, 320),
	(725, NULL, '', '2022-12-31', ' /  / ', '2022-08-25 15:36:48.935630', NULL, NULL, 320),
	(726, NULL, '', '2022-12-31', ' /  / ', '2022-08-25 15:36:48.935630', NULL, NULL, 320),
	(727, NULL, '', '2022-12-31', ' /  / ', '2022-08-25 15:36:48.935630', NULL, NULL, 320),
	(728, NULL, '', '2022-12-31', ' /  / ', '2022-08-25 15:36:48.935630', NULL, NULL, 320),
	(729, NULL, '', '2022-12-31', ' /  / ', '2022-08-30 10:54:53.331852', NULL, NULL, 345),
	(730, NULL, '', '2022-12-31', ' /  / ', '2022-08-30 10:54:53.331852', NULL, NULL, 345),
	(731, NULL, '', '2022-12-31', ' /  / ', '2022-08-30 10:54:53.331852', NULL, NULL, 345),
	(732, NULL, '', '2022-12-31', ' /  / ', '2022-08-30 10:54:53.331852', NULL, NULL, 345),
	(733, NULL, '', '2022-12-31', ' /  / ', '2022-08-30 10:54:53.331852', NULL, NULL, 345),
	(734, NULL, '', '2022-12-31', ' /  / ', '2022-08-30 10:54:53.331852', NULL, NULL, 344),
	(735, NULL, '', '2022-12-31', ' /  / ', '2022-08-30 10:54:53.331852', NULL, NULL, 344),
	(736, NULL, '', '2022-12-31', ' /  / ', '2022-08-30 10:54:53.331852', NULL, NULL, 344),
	(737, NULL, '', '2022-12-31', ' /  / ', '2022-08-30 10:54:53.331852', NULL, NULL, 344),
	(738, NULL, '', '2022-12-31', ' /  / ', '2022-08-30 10:54:53.331852', NULL, NULL, 344),
	(739, NULL, '', '2022-12-31', ' /  / ', '2022-08-30 10:54:53.331852', NULL, NULL, 344),
	(741, NULL, '', '2022-12-31', ' /  / ', '2022-08-29 10:00:01.572240', NULL, NULL, 267),
	(742, NULL, '', '2022-08-31', ' /  / ', '2022-08-29 10:00:01.572240', NULL, NULL, 267),
	(743, NULL, '', '2022-12-31', ' /  / ', '2022-08-29 10:00:01.587867', NULL, NULL, 267),
	(744, NULL, '', '2022-12-31', ' /  / ', '2022-08-29 10:00:01.587867', NULL, NULL, 267),
	(745, NULL, '', '2022-12-31', ' /  / ', '2022-08-29 10:00:01.587867', NULL, NULL, 267),
	(746, NULL, '', '2022-12-31', ' /  / ', '2022-08-29 10:00:01.587867', NULL, NULL, 267),
	(747, NULL, '', '2022-12-31', ' /  / ', '2022-08-29 10:00:01.587867', NULL, NULL, 267),
	(748, NULL, '', '2022-12-31', ' /  / ', '2022-08-29 10:00:01.587867', NULL, NULL, 267),
	(749, NULL, '', '2022-12-31', ' /  / ', '2022-08-29 10:00:01.587867', NULL, NULL, 267),
	(750, NULL, '', '2022-12-31', ' /  / ', '2022-08-29 12:00:10.789079', NULL, NULL, 319),
	(751, NULL, '', '2022-12-31', ' /  / ', '2022-08-29 12:00:10.789079', NULL, NULL, 319),
	(752, NULL, '', '2022-12-31', ' /  / ', '2022-08-29 12:00:10.789079', NULL, NULL, 319),
	(753, NULL, '', '2022-12-31', ' /  / ', '2022-08-29 12:00:10.789079', NULL, NULL, 319),
	(754, NULL, '', '2022-12-31', ' /  / ', '2022-08-29 12:00:10.789079', NULL, NULL, 319),
	(755, NULL, '', '2022-12-31', ' /  / ', '2022-08-29 12:00:10.804728', NULL, NULL, 319),
	(756, NULL, '', '2022-12-31', ' /  / ', '2022-08-29 09:37:02.773120', NULL, NULL, 134),
	(757, NULL, '', '2022-12-31', ' /  / ', '2022-08-29 09:37:02.773120', NULL, NULL, 134),
	(758, NULL, '', '2022-12-31', ' /  / ', '2022-08-29 09:37:02.773120', NULL, NULL, 134),
	(759, NULL, '', '2022-12-31', ' /  / ', '2022-08-29 09:37:02.773120', NULL, NULL, 134),
	(760, NULL, '', '2022-12-31', ' /  / ', '2022-08-29 09:37:02.773120', NULL, NULL, 134),
	(761, NULL, '', '2022-12-31', ' /  / ', '2022-08-29 09:37:02.773120', NULL, NULL, 134),
	(762, NULL, '', '2022-12-31', ' /  / ', '2022-08-29 09:37:02.773120', NULL, NULL, 139),
	(763, NULL, '', '2022-12-31', ' /  / ', '2022-08-29 09:37:02.773120', NULL, NULL, 139),
	(764, NULL, '', '2022-12-31', ' /  / ', '2022-08-29 09:37:02.773120', NULL, NULL, 139),
	(765, NULL, '', '2022-12-31', ' /  / ', '2022-08-29 09:37:02.773120', NULL, NULL, 139),
	(766, NULL, '', '2022-12-31', ' /  / ', '2022-08-29 09:37:02.773120', NULL, NULL, 139),
	(767, NULL, '', '2022-12-31', ' /  / ', '2022-08-29 11:59:47.814949', NULL, NULL, 236),
	(768, NULL, '', '2022-12-31', ' /  / ', '2022-08-29 11:59:47.814949', NULL, NULL, 236),
	(769, NULL, '', '2022-12-31', ' /  / ', '2022-08-29 11:59:47.814949', NULL, NULL, 236),
	(770, NULL, '', '2022-12-31', ' /  / ', '2022-08-29 11:59:47.814949', NULL, NULL, 236),
	(771, NULL, '', '2022-12-31', ' /  / ', '2022-08-29 11:59:47.814949', NULL, NULL, 236),
	(772, NULL, '', '2022-12-31', ' /  / ', '2022-08-29 11:59:47.814949', NULL, NULL, 236),
	(773, NULL, '', '2022-12-31', ' /  / ', '2022-08-29 09:37:02.773120', NULL, NULL, 139),
	(774, NULL, '', '2022-12-31', ' /  / ', '2022-08-29 11:59:47.814949', NULL, NULL, 239),
	(775, NULL, '', '2022-12-31', ' /  / ', '2022-08-29 11:59:47.814949', NULL, NULL, 239),
	(776, NULL, '', '2022-12-31', ' /  / ', '2022-08-29 11:59:47.814949', NULL, NULL, 239),
	(777, NULL, '', '2022-12-31', ' /  / ', '2022-08-29 11:59:47.814949', NULL, NULL, 239),
	(778, NULL, '', '2022-12-31', ' /  / ', '2022-08-29 11:59:47.814949', NULL, NULL, 239),
	(779, NULL, '', '2022-12-31', ' /  / ', '2022-08-29 09:37:02.773120', NULL, NULL, 342),
	(780, NULL, '', '2022-12-31', ' /  / ', '2022-08-29 09:37:02.773120', NULL, NULL, 342),
	(781, NULL, '', '2022-12-31', ' /  / ', '2022-08-29 09:37:02.773120', NULL, NULL, 342),
	(782, NULL, '', '2022-12-31', ' /  / ', '2022-08-29 09:37:02.773120', NULL, NULL, 342),
	(783, NULL, '', '2022-12-31', ' /  / ', '2022-08-29 09:37:02.773120', NULL, NULL, 342),
	(784, NULL, '', '2022-12-31', ' /  / ', '2022-08-29 09:37:02.773120', NULL, NULL, 342),
	(785, NULL, 'http://36.22.182.118:8880/1', '2022-12-31', ' /  / ', '2022-08-29 10:00:01.603492', NULL, NULL, 271),
	(786, NULL, '', '2022-12-30', ' /  / ', '2022-08-29 10:00:01.603492', NULL, NULL, 271),
	(787, NULL, '', '2022-12-31', ' /  / ', '2022-08-29 10:00:01.603492', NULL, NULL, 271),
	(788, NULL, '', '2022-12-31', ' /  / ', '2022-08-29 10:00:01.603492', NULL, NULL, 271),
	(789, NULL, '', '2022-12-31', ' /  / ', '2022-08-29 10:00:01.603492', NULL, NULL, 271),
	(790, NULL, '', '2022-12-31', ' /  / ', '2022-08-29 10:00:01.603492', NULL, NULL, 271),
	(791, NULL, '', '2022-12-31', ' /  / ', '2022-08-29 10:00:01.603492', NULL, NULL, 271),
	(792, NULL, '', '2022-12-31', ' /  / ', '2022-08-30 08:48:01.851903', NULL, NULL, 318),
	(793, NULL, '', '2022-12-31', ' /  / ', '2022-08-30 08:48:01.851903', NULL, NULL, 318),
	(794, NULL, '', '2022-12-31', ' /  / ', '2022-08-30 08:48:01.851903', NULL, NULL, 318),
	(795, NULL, '\n', '2022-12-31', ' /  / ', '2022-08-30 08:48:01.851903', NULL, NULL, 318),
	(796, NULL, '\n', '2022-12-31', ' /  / ', '2022-08-30 08:48:01.851903', NULL, NULL, 318),
	(797, NULL, '', '2022-12-31', ' /  / ', '2022-08-30 08:48:01.851903', NULL, NULL, 318),
	(798, NULL, 'G524\n', '2022-12-31', ' /  / ', '2022-08-26 17:33:51.284465', NULL, NULL, 19),
	(799, NULL, '', '2022-12-31', ' /  / ', '2022-08-26 17:33:51.284465', NULL, NULL, 19),
	(800, NULL, '', '2022-12-31', ' /  / ', '2022-08-26 17:33:51.284465', NULL, NULL, 19),
	(801, NULL, '\n\n', '2022-12-31', ' /  / ', '2022-08-26 17:33:51.284465', NULL, NULL, 19),
	(802, NULL, '', '2022-12-31', ' /  / ', '2022-08-26 17:33:51.284465', NULL, NULL, 19),
	(803, NULL, '', '2022-12-31', ' /  / ', '2022-08-26 17:33:51.284465', NULL, NULL, 19),
	(804, NULL, '', '2022-12-31', ' /  / ', '2022-08-26 17:33:51.284465', NULL, NULL, 19),
	(805, NULL, '', '2022-12-31', ' /  / ', '2022-08-29 10:00:01.603492', NULL, NULL, 272),
	(806, NULL, '', '2022-12-31', ' /  / ', '2022-08-29 10:00:01.603492', NULL, NULL, 272),
	(807, NULL, '', '2022-12-31', ' /  / ', '2022-08-29 10:00:01.603492', NULL, NULL, 272),
	(808, NULL, '1\n2', '2022-12-31', ' /  / ', '2022-08-29 10:00:01.603492', NULL, NULL, 272),
	(809, NULL, '', '2022-12-31', ' /  / ', '2022-08-29 10:00:01.603492', NULL, NULL, 272),
	(810, NULL, '', '2022-12-31', ' /  / ', '2022-08-29 10:00:01.603492', NULL, NULL, 272),
	(811, NULL, '', '2022-12-31', ' /  / ', '2022-08-29 10:00:01.587867', NULL, NULL, 270),
	(815, NULL, '', '2022-08-27', ' /  / ', '2022-08-29 10:00:01.587867', NULL, NULL, 270),
	(817, NULL, '', '2022-08-27', ' /  / ', '2022-08-29 10:00:01.587867', NULL, NULL, 270),
	(818, NULL, '', '2022-08-27', ' /  / ', '2022-08-29 10:00:01.603492', NULL, NULL, 270),
	(819, NULL, '', '2022-08-27', ' /  / ', '2022-08-29 10:00:01.603492', NULL, NULL, 270),
	(820, NULL, '524', '2022-12-31', ' /  / ', '2022-08-30 08:03:03.484390', NULL, NULL, 327),
	(821, NULL, '', '2022-12-31', ' /  / ', '2022-08-30 08:03:03.484390', NULL, NULL, 327),
	(822, NULL, '', '2022-12-31', ' /  / ', '2022-08-30 08:03:03.484390', NULL, NULL, 327),
	(823, NULL, '', '2022-12-31', ' /  / ', '2022-08-30 08:03:03.484390', NULL, NULL, 327),
	(824, NULL, '', '2022-12-31', ' /  / ', '2022-08-30 08:03:03.484390', NULL, NULL, 327),
	(825, NULL, '', '2022-12-31', ' /  / ', '2022-08-30 08:03:03.484390', NULL, NULL, 327),
	(826, NULL, '6080', '2022-12-31', ' /  / ', '2022-08-30 08:03:03.468769', NULL, NULL, 285),
	(827, NULL, '', '2022-12-31', ' /  / ', '2022-08-30 08:03:03.468769', NULL, NULL, 285),
	(828, NULL, '', '2022-12-31', ' /  / ', '2022-08-30 08:03:03.468769', NULL, NULL, 285),
	(829, NULL, '', '2022-12-31', ' /  / ', '2022-08-30 08:03:03.468769', NULL, NULL, 285),
	(830, NULL, '', '2022-12-31', ' /  / ', '2022-08-30 08:03:03.468769', NULL, NULL, 285),
	(831, NULL, '', '2022-12-31', ' /  / ', '2022-08-30 08:03:03.468769', NULL, NULL, 285),
	(832, NULL, '524', '2022-12-31', ' /  / ', '2022-08-30 08:03:03.468769', NULL, NULL, 283),
	(833, NULL, '', '2022-12-31', ' /  / ', '2022-08-30 08:03:03.468769', NULL, NULL, 283),
	(834, NULL, '', '2022-12-31', ' /  / ', '2022-08-30 08:03:03.468769', NULL, NULL, 283),
	(835, NULL, '', '2022-12-31', ' /  / ', '2022-08-30 08:03:03.468769', NULL, NULL, 283),
	(836, NULL, '', '2022-12-31', ' /  / ', '2022-08-30 08:03:03.468769', NULL, NULL, 283),
	(837, NULL, '', '2022-12-31', ' /  / ', '2022-08-30 08:03:03.468769', NULL, NULL, 283),
	(838, NULL, '', '2022-12-31', ' /  / ', '2022-08-30 08:03:03.484390', NULL, NULL, 287),
	(839, NULL, '', '2022-08-31', ' /  / ', '2022-08-30 08:03:03.484390', NULL, NULL, 287),
	(840, NULL, '', '2022-12-31', ' /  / ', '2022-08-30 08:03:03.484390', NULL, NULL, 287),
	(841, NULL, '', '2022-08-31', ' /  / ', '2022-08-30 08:03:03.484390', NULL, NULL, 287),
	(842, NULL, '', '2022-12-31', ' /  / ', '2022-08-30 08:03:03.484390', NULL, NULL, 287),
	(843, NULL, '', '2022-12-31', ' /  / ', '2022-08-30 08:03:03.484390', NULL, NULL, 287),
	(844, NULL, '', '2022-12-31', ' /  / ', '2022-08-30 08:03:03.468769', NULL, NULL, 286),
	(845, NULL, '', '2022-12-31', ' /  / ', '2022-08-30 08:03:03.468769', NULL, NULL, 286),
	(846, NULL, '', '2022-12-31', ' /  / ', '2022-08-30 08:03:03.484390', NULL, NULL, 286),
	(847, NULL, '', '2022-12-31', ' /  / ', '2022-08-30 08:03:03.484390', NULL, NULL, 286),
	(848, NULL, '', '2022-12-31', ' /  / ', '2022-08-30 08:03:03.484390', NULL, NULL, 286),
	(849, NULL, '', '2022-12-31', ' /  / ', '2022-08-30 08:03:03.484390', NULL, NULL, 286),
	(850, NULL, '', '2022-12-31', ' /  / ', '2022-08-30 08:03:03.468769', NULL, NULL, 284),
	(851, NULL, '', '2022-12-31', ' /  / ', '2022-08-30 08:03:03.468769', NULL, NULL, 284),
	(852, NULL, '', '2022-12-31', ' /  / ', '2022-08-30 08:03:03.468769', NULL, NULL, 284),
	(853, NULL, '', '2022-12-31', ' /  / ', '2022-08-30 08:03:03.468769', NULL, NULL, 284),
	(854, NULL, '', '2022-12-31', ' /  / ', '2022-08-30 08:03:03.468769', NULL, NULL, 284),
	(855, NULL, '', '2022-12-31', ' /  / ', '2022-08-30 08:03:03.468769', NULL, NULL, 284),
	(856, NULL, '524', '2022-12-31', ' /  / ', '2022-08-30 08:03:03.484390', NULL, NULL, 338),
	(857, NULL, '', '2022-12-31', ' /  / ', '2022-08-30 08:03:03.484390', NULL, NULL, 338),
	(859, NULL, '', '2022-12-31', ' /  / ', '2022-08-30 08:03:03.484390', NULL, NULL, 338),
	(860, NULL, '', '2022-12-31', ' /  / ', '2022-08-30 08:03:03.484390', NULL, NULL, 338),
	(861, NULL, '', '2022-12-31', ' /  / ', '2022-08-30 08:03:03.484390', NULL, NULL, 338),
	(862, NULL, '', '2022-12-31', ' /  / ', '2022-08-30 08:03:03.484390', NULL, NULL, 338),
	(864, NULL, '', '2022-12-30', ' /  / ', '2022-08-30 10:54:53.316229', NULL, NULL, 282),
	(865, NULL, '', '2022-12-30', ' /  / ', '2022-08-30 10:54:53.316229', NULL, NULL, 282),
	(866, NULL, '', '2022-12-30', ' /  / ', '2022-08-30 10:54:53.316229', NULL, NULL, 282),
	(867, NULL, '', '2022-12-30', ' /  / ', '2022-08-30 10:54:53.316229', NULL, NULL, 282),
	(868, NULL, '', '2022-12-30', ' /  / ', '2022-08-30 10:54:53.316229', NULL, NULL, 282),
	(869, NULL, '', '2022-12-30', ' /  / ', '2022-08-30 10:54:53.316229', NULL, NULL, 281),
	(870, NULL, '', '2022-12-30', ' /  / ', '2022-08-30 10:54:53.316229', NULL, NULL, 281),
	(871, NULL, '', '2022-12-30', ' /  / ', '2022-08-30 10:54:53.316229', NULL, NULL, 281),
	(872, NULL, '', '2022-12-30', ' /  / ', '2022-08-30 10:54:53.316229', NULL, NULL, 281),
	(873, NULL, '', '2022-12-30', ' /  / ', '2022-08-30 10:54:53.316229', NULL, NULL, 281),
	(874, NULL, '', '2022-12-30', ' /  / ', '2022-08-30 10:54:53.316229', NULL, NULL, 281),
	(875, NULL, '', '2022-12-30', ' /  / ', '2022-08-30 10:54:53.300602', NULL, NULL, 226),
	(876, NULL, '', '2022-12-30', ' /  / ', '2022-08-30 10:54:53.300602', NULL, NULL, 226),
	(877, NULL, '', '2022-12-30', ' /  / ', '2022-08-30 10:54:53.300602', NULL, NULL, 226),
	(878, NULL, '', '2022-12-30', ' /  / ', '2022-08-30 10:54:53.300602', NULL, NULL, 226),
	(879, NULL, '', '2022-12-30', ' /  / ', '2022-08-30 10:54:53.300602', NULL, NULL, 226),
	(880, NULL, '', '2022-12-30', ' /  / ', '2022-08-30 10:54:53.300602', NULL, NULL, 226),
	(882, NULL, ' ', '2022-12-30', ' /  / ', '2022-08-30 10:54:53.316229', NULL, NULL, 279),
	(883, NULL, '', '2022-12-30', ' /  / ', '2022-08-30 10:54:53.316229', NULL, NULL, 279),
	(884, NULL, '', '2022-12-30', ' /  / ', '2022-08-30 10:54:53.316229', NULL, NULL, 279),
	(885, NULL, '', '2022-12-30', ' /  / ', '2022-08-30 10:54:53.316229', NULL, NULL, 279),
	(886, NULL, '', '2022-12-30', ' /  / ', '2022-08-30 10:54:53.316229', NULL, NULL, 279),
	(887, NULL, '\n', '2022-12-30', ' /  / ', '2022-08-30 10:54:53.331852', NULL, NULL, 337),
	(888, NULL, '', '2022-12-30', ' /  / ', '2022-08-30 10:54:53.331852', NULL, NULL, 337),
	(889, NULL, '\n', '2022-12-30', ' /  / ', '2022-08-30 10:54:53.331852', NULL, NULL, 337),
	(890, NULL, '\n', '2022-12-30', ' /  / ', '2022-08-30 10:54:53.331852', NULL, NULL, 337),
	(891, NULL, '', '2022-12-30', ' /  / ', '2022-08-30 10:54:53.331852', NULL, NULL, 337),
	(892, NULL, '', '2022-12-30', ' /  / ', '2022-08-30 10:54:53.331852', NULL, NULL, 337),
	(893, NULL, '', '2022-12-30', ' /  / ', '2022-08-30 10:54:53.316229', NULL, NULL, 326),
	(894, NULL, '\n', '2022-12-30', ' /  / ', '2022-08-30 10:54:53.316229', NULL, NULL, 326),
	(895, NULL, '\n', '2022-12-30', ' /  / ', '2022-08-30 10:54:53.316229', NULL, NULL, 326),
	(896, NULL, '\n', '2022-12-30', ' /  / ', '2022-08-30 10:54:53.316229', NULL, NULL, 326),
	(897, NULL, '', '2022-12-30', ' /  / ', '2022-08-30 10:54:53.316229', NULL, NULL, 326),
	(898, NULL, '', '2022-12-30', ' /  / ', '2022-08-30 10:54:53.331852', NULL, NULL, 326),
	(899, NULL, '', '2022-12-31', ' /  / ', '2022-08-31 09:26:03.454472', NULL, NULL, 329),
	(901, NULL, '', '2022-12-31', ' /  / ', '2022-08-31 09:26:03.454472', NULL, NULL, 329),
	(902, NULL, '', '2022-12-31', ' /  / ', '2022-08-31 09:26:03.454472', NULL, NULL, 329),
	(903, NULL, '', '2022-12-31', ' /  / ', '2022-08-31 09:26:03.454472', NULL, NULL, 329),
	(904, NULL, '', '2022-08-31', ' /  / ', '2022-08-31 14:18:55.512898', NULL, NULL, 315),
	(905, NULL, '', '2022-08-31', ' /  / ', '2022-08-31 14:18:55.512898', NULL, NULL, 315),
	(906, NULL, '', '2022-08-31', ' /  / ', '2022-08-31 14:18:55.512898', NULL, NULL, 315),
	(907, NULL, '', '2022-08-31', ' /  / ', '2022-08-31 14:18:55.512898', NULL, NULL, 315),
	(908, NULL, '', '2022-08-31', ' /  / ', '2022-08-31 14:18:55.512898', NULL, NULL, 315),
	(910, NULL, '', '2022-12-31', ' /  / ', '2022-08-31 09:26:03.454472', NULL, NULL, 329),
	(911, NULL, '', '2022-12-31', ' /  / ', '2022-08-31 09:26:03.454472', NULL, NULL, 329),
	(912, NULL, '', '2022-12-31', ' /  / ', '2022-08-31 09:26:03.454472', NULL, NULL, 329),
	(913, NULL, '', '2022-12-31', ' /  / ', '2022-08-31 09:26:03.454472', NULL, NULL, 329),
	(914, NULL, '', '2022-12-31', ' /  / ', '2022-08-31 09:26:03.454472', NULL, NULL, 340),
	(915, NULL, '', '2022-12-31', ' /  / ', '2022-08-31 09:26:03.454472', NULL, NULL, 340),
	(916, NULL, '', '2022-12-31', ' /  / ', '2022-08-31 09:26:03.454472', NULL, NULL, 340),
	(917, NULL, '', '2022-12-31', ' /  / ', '2022-08-31 09:26:03.454472', NULL, NULL, 340),
	(918, NULL, '', '2022-12-31', ' /  / ', '2022-08-31 09:26:03.454472', NULL, NULL, 340),
	(919, NULL, '', '2022-12-31', ' /  / ', '2022-08-31 15:39:59.084561', NULL, NULL, 172),
	(920, NULL, '', '2022-12-31', ' /  / ', '2022-08-31 15:39:59.100187', NULL, NULL, 172),
	(921, NULL, '', '2022-12-31', ' /  / ', '2022-08-31 15:39:59.100187', NULL, NULL, 172),
	(922, NULL, '', '2022-12-31', ' /  / ', '2022-08-31 15:39:59.100187', NULL, NULL, 172),
	(923, NULL, '', '2022-12-31', ' /  / ', '2022-08-31 15:39:59.100187', NULL, NULL, 172),
	(924, NULL, '', '2022-12-31', ' /  / ', '2022-08-31 15:39:59.100187', NULL, NULL, 172),
	(925, NULL, '', '2022-12-31', ' /  / ', '2022-08-31 09:26:03.454472', NULL, NULL, 340),
	(926, NULL, '', '2022-12-31', ' /  / ', '2022-08-31 09:26:03.454472', NULL, NULL, 340),
	(927, NULL, '', '2022-12-31', ' /  / ', '2022-08-31 09:26:03.454472', NULL, NULL, 340),
	(928, NULL, '', '2022-12-31', ' /  / ', '2022-08-31 09:26:03.438846', NULL, NULL, 293),
	(929, NULL, '', '2022-12-31', ' /  / ', '2022-08-31 15:40:09.930419', NULL, NULL, 176),
	(930, NULL, '', '2022-12-31', ' /  / ', '2022-08-31 15:40:09.930419', NULL, NULL, 176),
	(931, NULL, '', '2022-12-31', ' /  / ', '2022-08-31 15:40:09.930419', NULL, NULL, 176),
	(932, NULL, '', '2022-12-31', ' /  / ', '2022-08-31 15:40:09.930419', NULL, NULL, 176),
	(933, NULL, '', '2022-12-31', ' /  / ', '2022-08-31 15:40:09.930419', NULL, NULL, 176),
	(934, NULL, '', '2022-12-31', ' /  / ', '2022-08-31 15:40:09.930419', NULL, NULL, 176),
	(935, NULL, '', '2022-12-31', ' /  / ', '2022-08-31 09:26:03.438846', NULL, NULL, 293),
	(936, NULL, '', '2022-12-31', ' /  / ', '2022-08-31 15:40:09.914790', NULL, NULL, 173),
	(937, NULL, '', '2022-12-31', ' /  / ', '2022-08-31 15:40:09.914790', NULL, NULL, 173),
	(938, NULL, '', '2022-12-31', ' /  / ', '2022-08-31 15:40:09.914790', NULL, NULL, 173),
	(939, NULL, '', '2022-12-31', ' /  / ', '2022-08-31 15:40:09.914790', NULL, NULL, 173),
	(940, NULL, '', '2022-12-31', ' /  / ', '2022-08-31 15:40:09.914790', NULL, NULL, 173),
	(941, NULL, '', '2022-12-31', ' /  / ', '2022-08-31 15:40:09.914790', NULL, NULL, 173),
	(942, NULL, '', '2022-12-31', ' /  / ', '2022-08-31 09:26:03.438846', NULL, NULL, 293),
	(943, NULL, '', '2022-12-31', ' /  / ', '2022-08-31 09:26:03.438846', NULL, NULL, 293),
	(944, NULL, '', '2022-12-31', ' /  / ', '2022-08-31 09:26:03.438846', NULL, NULL, 293),
	(945, NULL, '', '2022-12-31', ' /  / ', '2022-08-31 09:26:03.438846', NULL, NULL, 293),
	(946, NULL, '', '2022-12-31', ' /  / ', '2022-08-31 09:26:03.438846', NULL, NULL, 293),
	(947, NULL, '', '2022-12-31', ' /  / ', '2022-08-31 09:26:03.438846', NULL, NULL, 293),
	(948, NULL, '', '2022-12-31', ' /  / ', '2022-08-31 09:26:03.438846', NULL, NULL, 293),
	(949, NULL, '', '2022-12-31', ' /  / ', '2022-08-31 15:40:09.914790', NULL, NULL, 174),
	(950, NULL, ',', '2022-12-31', ' /  / ', '2022-08-31 15:40:09.930419', NULL, NULL, 174),
	(951, NULL, '', '2022-12-31', ' /  / ', '2022-08-31 15:40:09.930419', NULL, NULL, 174),
	(952, NULL, '', '2022-12-31', ' /  / ', '2022-08-31 15:40:09.930419', NULL, NULL, 174),
	(953, NULL, '', '2022-12-31', ' /  / ', '2022-08-31 15:40:09.930419', NULL, NULL, 174),
	(954, NULL, '', '2022-12-31', ' /  / ', '2022-08-31 15:40:09.930419', NULL, NULL, 174),
	(955, NULL, '60', '2022-12-31', ' /  / ', '2022-08-31 09:26:03.438846', NULL, NULL, 294),
	(956, NULL, '', '2022-12-31', ' /  / ', '2022-08-31 09:26:03.438846', NULL, NULL, 294),
	(957, NULL, '', '2022-12-31', ' /  / ', '2022-08-31 09:26:03.438846', NULL, NULL, 294),
	(958, NULL, '', '2022-12-31', ' /  / ', '2022-08-31 09:26:03.438846', NULL, NULL, 294),
	(959, NULL, '', '2022-12-31', ' /  / ', '2022-08-31 09:26:03.438846', NULL, NULL, 294),
	(960, NULL, '', '2022-12-31', ' /  / ', '2022-08-31 09:26:03.438846', NULL, NULL, 294),
	(961, NULL, '', '2022-12-31', ' /  / ', '2022-08-31 09:26:03.438846', NULL, NULL, 296),
	(962, NULL, '', '2022-08-30', ' /  / ', '2022-09-02 16:47:34.514313', NULL, NULL, 330),
	(963, NULL, '', '2022-08-30', ' /  / ', '2022-09-02 16:47:34.514313', NULL, NULL, 330),
	(964, NULL, '', '2022-08-30', ' /  / ', '2022-09-02 16:47:34.514313', NULL, NULL, 330),
	(965, NULL, '', '2022-08-30', ' /  / ', '2022-09-02 16:47:34.514313', NULL, NULL, 330),
	(966, NULL, '', '2022-08-30', ' /  / ', '2022-09-02 16:47:34.514313', NULL, NULL, 330),
	(967, NULL, '', '2022-12-31', ' /  / ', '2022-08-31 09:26:03.438846', NULL, NULL, 296),
	(968, NULL, '', '2022-12-31', ' /  / ', '2022-08-31 09:26:03.438846', NULL, NULL, 296),
	(969, NULL, '', '2022-12-31', ' /  / ', '2022-08-31 09:26:03.438846', NULL, NULL, 296),
	(970, NULL, '', '2022-12-31', ' /  / ', '2022-09-02 16:49:53.694194', NULL, NULL, 302),
	(971, NULL, '', '2022-12-31', ' /  / ', '2022-09-02 16:49:53.694194', NULL, NULL, 302),
	(972, NULL, '', '2022-12-31', ' /  / ', '2022-09-02 16:49:53.694194', NULL, NULL, 302),
	(973, NULL, '', '2022-12-31', ' /  / ', '2022-09-02 16:49:53.694194', NULL, NULL, 302),
	(974, NULL, '', '2022-12-31', ' /  / ', '2022-09-02 16:49:53.694194', NULL, NULL, 302),
	(975, NULL, '', '2022-12-31', ' /  / ', '2022-09-02 16:49:53.694194', NULL, NULL, 302),
	(976, NULL, '', '2022-12-31', ' /  / ', '2022-09-02 16:49:53.694194', NULL, NULL, 303),
	(977, NULL, '', '2022-12-31', ' /  / ', '2022-09-02 16:49:53.694194', NULL, NULL, 303),
	(978, NULL, '', '2022-12-31', ' /  / ', '2022-09-02 16:49:53.694194', NULL, NULL, 303),
	(979, NULL, '', '2022-12-31', ' /  / ', '2022-09-02 16:49:53.694194', NULL, NULL, 303),
	(980, NULL, '', '2022-12-31', ' /  / ', '2022-09-02 16:49:53.694194', NULL, NULL, 303),
	(981, NULL, '', '2022-12-31', ' /  / ', '2022-09-02 16:49:53.694194', NULL, NULL, 303),
	(982, NULL, '', '2022-12-31', ' /  / ', '2022-09-02 16:49:53.694194', NULL, NULL, 304),
	(983, NULL, '', '2022-12-31', ' /  / ', '2022-09-02 16:49:53.694194', NULL, NULL, 304),
	(984, NULL, '', '2022-12-31', ' /  / ', '2022-09-02 16:49:53.694194', NULL, NULL, 304),
	(985, NULL, '', '2022-12-31', ' /  / ', '2022-09-02 16:49:53.694194', NULL, NULL, 304),
	(986, NULL, '', '2022-12-31', ' /  / ', '2022-09-02 16:49:53.694194', NULL, NULL, 304),
	(987, NULL, '', '2022-12-31', ' /  / ', '2022-09-02 16:49:53.694194', NULL, NULL, 304),
	(988, NULL, '', '2022-12-31', ' /  / ', '2022-09-02 16:49:53.709819', NULL, NULL, 304),
	(989, NULL, '', '2022-12-31', ' /  / ', '2022-08-31 09:26:03.438846', NULL, NULL, 296),
	(990, NULL, '', '2022-12-31', ' /  / ', '2022-08-31 09:26:03.438846', NULL, NULL, 296),
	(991, NULL, '', '2022-12-31', ' /  / ', '2022-08-31 09:26:03.438846', NULL, NULL, 295),
	(992, NULL, '', '2022-08-30', ' /  / ', '2022-09-02 16:49:53.709819', NULL, NULL, 341),
	(993, NULL, '', '2022-08-30', ' /  / ', '2022-09-02 16:49:53.709819', NULL, NULL, 341),
	(994, NULL, '', '2022-12-31', ' /  / ', '2022-08-31 09:26:03.438846', NULL, NULL, 295),
	(995, NULL, '', '2022-08-30', ' /  / ', '2022-09-02 16:49:53.709819', NULL, NULL, 341),
	(996, NULL, '', '2022-08-30', ' /  / ', '2022-09-02 16:49:53.709819', NULL, NULL, 341),
	(997, NULL, '', '2022-08-30', ' /  / ', '2022-09-02 16:49:53.709819', NULL, NULL, 341),
	(998, NULL, '', '2022-08-30', ' /  / ', '2022-09-02 16:49:53.709819', NULL, NULL, 341),
	(999, NULL, '', '2022-08-30', ' /  / ', '2022-09-02 16:49:53.709819', NULL, NULL, 341),
	(1000, NULL, '', '2022-12-31', ' /  / ', '2022-08-31 09:26:03.438846', NULL, NULL, 295),
	(1001, NULL, '', '2022-12-31', ' /  / ', '2022-08-31 09:26:03.438846', NULL, NULL, 295),
	(1002, NULL, '', '2022-08-30', ' /  / ', '2022-09-02 16:49:53.694194', NULL, NULL, 301),
	(1003, NULL, '', '2022-08-30', ' /  / ', '2022-09-02 16:49:53.694194', NULL, NULL, 301),
	(1004, NULL, '', '2022-08-30', ' /  / ', '2022-09-02 16:49:53.694194', NULL, NULL, 301),
	(1005, NULL, '', '2022-08-30', ' /  / ', '2022-09-02 16:49:53.694194', NULL, NULL, 301),
	(1006, NULL, '', '2022-08-30', ' /  / ', '2022-09-02 16:49:53.694194', NULL, NULL, 301),
	(1007, NULL, '', '2022-08-30', ' /  / ', '2022-09-02 16:49:53.694194', NULL, NULL, 301),
	(1008, NULL, '', '2022-12-31', ' /  / ', '2022-08-31 09:26:03.438846', NULL, NULL, 295),
	(1009, NULL, '', '2022-12-31', ' /  / ', '2022-08-31 09:26:03.438846', NULL, NULL, 295),
	(1010, NULL, '60', '2022-12-31', ' /  / ', '2022-08-31 09:26:03.438846', NULL, NULL, 297),
	(1011, NULL, '', '2022-12-31', ' /  / ', '2022-08-31 09:26:03.438846', NULL, NULL, 297),
	(1012, NULL, '', '2022-12-31', ' /  / ', '2022-08-31 09:26:03.438846', NULL, NULL, 297),
	(1013, NULL, '', '2022-12-31', ' /  / ', '2022-08-31 09:26:03.438846', NULL, NULL, 297),
	(1014, NULL, '', '2022-12-31', ' /  / ', '2022-08-31 09:26:03.454472', NULL, NULL, 297),
	(1015, NULL, '', '2022-12-31', ' /  / ', '2022-08-31 09:26:03.454472', NULL, NULL, 297),
	(1016, NULL, '', '2022-12-31', ' /  / ', '2022-08-31 09:26:03.454472', NULL, NULL, 297),
	(1017, NULL, '', '2022-12-31', ' /  / ', '2022-08-31 09:26:03.454472', NULL, NULL, 298),
	(1018, NULL, '', '2022-12-31', ' /  / ', '2022-08-31 09:15:55.967146', NULL, NULL, 343),
	(1019, NULL, '', '2022-12-31', ' /  / ', '2022-08-31 09:15:55.967146', NULL, NULL, 343),
	(1020, NULL, '', '2022-12-31', ' /  / ', '2022-08-31 09:15:55.967146', NULL, NULL, 343),
	(1021, NULL, '', '2022-12-31', ' /  / ', '2022-08-31 09:15:55.967146', NULL, NULL, 343),
	(1022, NULL, '', '2022-12-31', ' /  / ', '2022-08-31 09:15:55.967146', NULL, NULL, 343),
	(1023, NULL, '', '2022-12-31', ' /  / ', '2022-08-31 09:26:03.454472', NULL, NULL, 298),
	(1024, NULL, '', '2022-12-31', ' /  / ', '2022-08-31 09:26:03.454472', NULL, NULL, 298),
	(1025, NULL, '', '2022-12-31', ' /  / ', '2022-08-31 09:26:03.454472', NULL, NULL, 298),
	(1026, NULL, '', '2022-12-31', ' /  / ', '2022-08-31 09:26:03.454472', NULL, NULL, 298),
	(1027, NULL, '', '2022-12-31', ' /  / ', '2022-08-31 09:15:55.967146', NULL, NULL, 343),
	(1028, NULL, '', '2022-12-31', ' /  / ', '2022-08-31 09:26:03.454472', NULL, NULL, 299),
	(1029, NULL, '', '2022-12-31', ' /  / ', '2022-08-31 09:26:03.454472', NULL, NULL, 299),
	(1030, NULL, '', '2022-12-31', ' /  / ', '2022-08-31 09:26:03.454472', NULL, NULL, 299),
	(1031, NULL, '', '2022-12-31', ' /  / ', '2022-08-31 09:26:03.454472', NULL, NULL, 299),
	(1032, NULL, '', '2022-12-31', ' /  / ', '2022-08-31 09:26:03.454472', NULL, NULL, 299),
	(1033, NULL, '', '2022-12-31', ' /  / ', '2022-08-31 09:26:03.454472', NULL, NULL, 299),
	(1034, NULL, '', '2022-12-31', ' /  / ', '2022-08-31 09:26:03.454472', NULL, NULL, 299),
	(1035, NULL, '', '2022-12-31', ' /  / ', '2022-08-31 09:15:55.951520', NULL, NULL, 186),
	(1036, NULL, '', '2022-12-31', ' /  / ', '2022-08-31 09:15:55.951520', NULL, NULL, 186),
	(1037, NULL, '', '2022-12-31', ' /  / ', '2022-08-31 09:15:55.967146', NULL, NULL, 186),
	(1038, NULL, '', '2022-12-31', ' /  / ', '2022-08-31 09:15:55.967146', NULL, NULL, 186),
	(1039, NULL, '', '2022-12-31', ' /  / ', '2022-08-31 09:15:55.967146', NULL, NULL, 186),
	(1040, NULL, '', '2022-12-31', ' /  / ', '2022-08-31 09:15:55.967146', NULL, NULL, 186),
	(1041, NULL, '', '2022-12-31', ' /  / ', '2022-08-31 09:15:55.967146', NULL, NULL, 186),
	(1042, NULL, '', '2023-12-31', ' /  / ', '2022-08-31 09:15:55.967146', NULL, NULL, 187),
	(1043, NULL, '  ', '2022-12-31', ' /  / ', '2022-08-31 09:15:55.967146', NULL, NULL, 187),
	(1044, NULL, '', '2022-12-31', ' /  / ', '2022-08-31 09:15:55.967146', NULL, NULL, 187),
	(1045, NULL, '', '2022-12-31', ' /  / ', '2022-08-31 09:15:55.967146', NULL, NULL, 187),
	(1046, NULL, '', '2022-12-31', ' /  / ', '2022-08-31 09:15:55.967146', NULL, NULL, 187),
	(1047, NULL, '', '2022-12-31', ' /  / ', '2022-08-31 09:15:55.967146', NULL, NULL, 187),
	(1048, NULL, '', '2022-12-31', ' /  / ', '2022-08-31 09:23:09.515607', NULL, NULL, 2),
	(1049, NULL, '', '2022-12-31', ' /  / ', '2022-08-31 09:23:09.515607', NULL, NULL, 2),
	(1050, NULL, '', '2022-12-31', ' /  / ', '2022-08-31 09:23:09.515607', NULL, NULL, 2),
	(1051, NULL, '', '2022-12-31', ' /  / ', '2022-08-31 09:23:09.515607', NULL, NULL, 2),
	(1052, NULL, '', '2022-12-31', ' /  / ', '2022-08-31 09:23:09.531232', NULL, NULL, 2),
	(1053, NULL, '', '2022-12-31', ' /  / ', '2022-08-31 09:23:09.531232', NULL, NULL, 2),
	(1054, NULL, '', '2022-12-31', ' /  / ', '2022-08-31 09:23:09.531232', NULL, NULL, 2),
	(1055, NULL, '\n', '2022-12-31', ' /  / ', '2022-09-13 15:09:58.475437', NULL, NULL, 30),
	(1056, NULL, '', '2022-12-31', ' /  / ', '2022-09-13 15:09:58.475437', NULL, NULL, 30),
	(1057, NULL, '', '2022-12-31', ' /  / ', '2022-09-13 15:09:58.475437', NULL, NULL, 30),
	(1058, NULL, '', '2022-12-31', ' /  / ', '2022-09-13 15:09:58.475437', NULL, NULL, 30),
	(1059, NULL, '', '2022-12-31', ' /  / ', '2022-09-13 15:09:58.475437', NULL, NULL, 30),
	(1060, NULL, '', '2022-12-31', ' /  / ', '2022-09-13 15:09:58.475437', NULL, NULL, 30),
	(1061, NULL, '', '2022-12-31', ' /  / ', '2022-09-13 15:12:51.503805', NULL, NULL, 40),
	(1062, NULL, '', '2022-12-31', ' /  / ', '2022-09-13 15:12:51.503805', NULL, NULL, 40),
	(1063, NULL, '', '2022-12-31', ' /  / ', '2022-09-13 15:12:51.503805', NULL, NULL, 40),
	(1064, NULL, '', '2022-12-31', ' /  / ', '2022-09-13 15:12:51.503805', NULL, NULL, 306),
	(1065, NULL, '', '2022-12-31', ' /  / ', '2022-09-13 15:12:51.519409', NULL, NULL, 306),
	(1066, NULL, '', '2022-12-31', ' /  / ', '2022-09-13 15:12:51.519409', NULL, NULL, 306),
	(1067, NULL, '', '2022-12-31', ' /  / ', '2022-09-13 15:12:51.519409', NULL, NULL, 306),
	(1068, NULL, '', '2022-12-31', ' /  / ', '2022-08-31 15:39:59.100187', NULL, NULL, 313),
	(1069, NULL, '', '2022-12-31', ' /  / ', '2022-08-31 15:39:59.100187', NULL, NULL, 313),
	(1070, NULL, '', '2022-12-31', ' /  / ', '2022-08-31 15:39:59.100187', NULL, NULL, 313),
	(1071, NULL, '', '2022-12-31', ' /  / ', '2022-08-31 15:39:59.100187', NULL, NULL, 313),
	(1072, NULL, '', '2022-12-31', ' /  / ', '2022-08-31 15:39:59.100187', NULL, NULL, 313),
	(1073, NULL, '', '2022-12-31', ' /  / ', '2022-08-31 15:39:59.100187', NULL, NULL, 313),
	(1074, NULL, '', '2022-12-31', ' /  / ', '2022-09-02 11:27:01.606435', NULL, NULL, 29),
	(1075, NULL, '', '2022-12-31', ' /  / ', '2022-09-02 11:27:01.606435', NULL, NULL, 29),
	(1076, NULL, '', '2022-12-31', ' /  / ', '2022-09-02 11:27:01.606435', NULL, NULL, 29),
	(1077, NULL, '', '2022-12-31', ' /  / ', '2022-09-02 11:27:01.606435', NULL, NULL, 29),
	(1078, NULL, '', '2022-12-31', ' /  / ', '2022-09-13 15:09:58.475437', NULL, NULL, 104),
	(1079, NULL, '', '2022-12-31', ' /  / ', '2022-09-13 15:09:58.475437', NULL, NULL, 104),
	(1080, NULL, '', '2022-12-31', ' /  / ', '2022-09-13 15:09:58.475437', NULL, NULL, 104),
	(1081, NULL, '', '2022-12-31', ' /  / ', '2022-09-13 15:09:58.475437', NULL, NULL, 104),
	(1082, NULL, '', '2022-12-31', ' /  / ', '2022-09-13 15:09:58.475437', NULL, NULL, 104),
	(1083, NULL, '', '2022-12-31', ' /  / ', '2022-09-03 08:12:40.572342', NULL, NULL, 328),
	(1084, NULL, '', '2022-12-31', ' /  / ', '2022-09-03 08:12:40.572342', NULL, NULL, 328),
	(1085, NULL, '', '2022-12-31', ' /  / ', '2022-09-03 08:12:40.572342', NULL, NULL, 328),
	(1086, NULL, '', '2022-12-31', ' /  / ', '2022-09-03 08:12:40.572342', NULL, NULL, 328),
	(1087, NULL, '', '2022-12-31', ' /  / ', '2022-09-03 08:12:40.572342', NULL, NULL, 328),
	(1088, NULL, '', '2022-12-31', ' /  / ', '2022-09-03 08:12:40.572342', NULL, NULL, 328),
	(1089, NULL, '', '2022-12-31', ' /  / ', '2022-09-03 08:12:40.572342', NULL, NULL, 328),
	(1090, NULL, '', '2022-12-31', ' /  / ', '2022-09-03 08:12:40.572342', NULL, NULL, 292),
	(1091, NULL, '', '2022-12-31', ' /  / ', '2022-09-03 08:12:40.572342', NULL, NULL, 292),
	(1092, NULL, '', '2022-12-31', ' /  / ', '2022-09-03 08:12:40.572342', NULL, NULL, 292),
	(1093, NULL, '', '2022-12-31', ' /  / ', '2022-09-03 08:12:40.572342', NULL, NULL, 292),
	(1094, NULL, '', '2022-12-31', ' /  / ', '2022-09-03 08:12:40.572342', NULL, NULL, 292),
	(1095, NULL, '', '2022-12-31', ' /  / ', '2022-09-03 08:12:40.572342', NULL, NULL, 292),
	(1096, NULL, '', '2022-12-31', ' /  / ', '2022-09-03 08:12:40.572342', NULL, NULL, 292),
	(1097, NULL, '', '2022-12-31', ' /  / ', '2022-09-03 08:12:40.572342', NULL, NULL, 292),
	(1098, NULL, '', '2022-12-31', ' /  / ', '2022-09-03 08:12:40.572342', NULL, NULL, 339),
	(1099, NULL, '', '2022-12-31', ' /  / ', '2022-09-03 08:12:40.572342', NULL, NULL, 339),
	(1100, NULL, '', '2022-12-31', ' /  / ', '2022-09-03 08:12:40.572342', NULL, NULL, 339),
	(1101, NULL, '', '2022-12-31', ' /  / ', '2022-09-03 08:12:40.572342', NULL, NULL, 339),
	(1102, NULL, '', '2022-12-31', ' /  / ', '2022-09-03 08:12:40.572342', NULL, NULL, 339),
	(1103, NULL, '', '2022-12-31', ' /  / ', '2022-09-03 08:12:40.572342', NULL, NULL, 339),
	(1104, NULL, '', '2022-12-31', ' /  / ', '2022-09-03 08:12:40.572342', NULL, NULL, 339),
	(1105, NULL, '', '2022-12-31', ' /  / ', '2022-09-03 08:12:40.556714', NULL, NULL, 288),
	(1106, NULL, '', '2022-12-31', ' /  / ', '2022-09-03 08:12:40.556714', NULL, NULL, 288),
	(1107, NULL, '', '2022-12-31', ' /  / ', '2022-09-03 08:12:40.556714', NULL, NULL, 288),
	(1108, NULL, '', '2022-12-31', ' /  / ', '2022-09-03 08:12:40.556714', NULL, NULL, 288),
	(1109, NULL, '', '2022-12-31', ' /  / ', '2022-09-03 08:12:40.556714', NULL, NULL, 288),
	(1110, NULL, '', '2022-12-31', ' /  / ', '2022-09-03 08:12:40.556714', NULL, NULL, 288),
	(1111, NULL, '', '2022-12-31', ' /  / ', '2022-09-03 08:12:40.556714', NULL, NULL, 288),
	(1112, NULL, '', '2022-12-31', ' /  / ', '2022-09-03 08:12:40.556714', NULL, NULL, 288),
	(1113, NULL, '', '2022-12-31', ' /  / ', '2022-09-03 08:12:40.556714', NULL, NULL, 288),
	(1114, NULL, '', '2022-12-31', ' /  / ', '2022-09-03 08:12:40.556714', NULL, NULL, 290),
	(1115, NULL, '', '2022-12-31', ' /  / ', '2022-09-03 08:12:40.556714', NULL, NULL, 290),
	(1116, NULL, '', '2022-12-31', ' /  / ', '2022-09-03 08:12:40.556714', NULL, NULL, 290),
	(1117, NULL, '', '2022-12-31', ' /  / ', '2022-09-03 08:12:40.556714', NULL, NULL, 290),
	(1118, NULL, '', '2022-12-31', ' /  / ', '2022-09-03 08:12:40.556714', NULL, NULL, 290),
	(1119, NULL, '', '2022-12-31', ' /  / ', '2022-09-03 08:12:40.556714', NULL, NULL, 289),
	(1120, NULL, '', '2022-12-31', ' /  / ', '2022-09-03 08:12:40.556714', NULL, NULL, 289),
	(1121, NULL, '', '2022-12-31', ' /  / ', '2022-09-03 08:12:40.556714', NULL, NULL, 289),
	(1122, NULL, '', '2022-12-31', ' /  / ', '2022-09-03 08:12:40.556714', NULL, NULL, 289),
	(1123, NULL, '', '2022-12-31', ' /  / ', '2022-09-03 08:12:40.556714', NULL, NULL, 289),
	(1124, NULL, '', '2022-12-31', ' /  / ', '2022-09-03 08:12:40.556714', NULL, NULL, 289),
	(1125, NULL, '', '2022-12-31', ' /  / ', '2022-09-03 08:12:40.556714', NULL, NULL, 289),
	(1126, NULL, '', '2022-12-31', ' /  / ', '2022-09-02 11:27:01.606435', NULL, NULL, 29),
	(1127, NULL, '', '2022-12-31', ' /  / ', '2022-09-03 08:12:40.556714', NULL, NULL, 290),
	(1128, NULL, '', '2022-12-31', ' /  / ', '2022-09-02 11:27:01.606435', NULL, NULL, 29),
	(1129, NULL, '', '2022-12-31', ' /  / ', '2022-09-02 11:27:01.606435', NULL, NULL, 29),
	(1130, NULL, '', '2022-12-31', ' /  / ', '2022-09-02 11:27:01.606435', NULL, NULL, 29),
	(1131, NULL, '', '2022-12-31', ' /  / ', '2022-09-03 08:12:40.556714', NULL, NULL, 290),
	(1132, NULL, '', '2022-12-31', ' /  / ', '2022-09-03 08:12:40.556714', NULL, NULL, 290),
	(1133, NULL, '', '2022-12-31', ' /  / ', '2022-09-03 08:12:40.556714', NULL, NULL, 290),
	(1135, NULL, '', '2022-12-31', ' /  / ', '2022-09-13 15:09:58.475437', NULL, NULL, 31),
	(1136, NULL, '', '2022-12-31', ' /  / ', '2022-09-13 15:09:58.475437', NULL, NULL, 31),
	(1137, NULL, '', '2022-12-31', ' /  / ', '2022-09-13 15:09:58.475437', NULL, NULL, 31),
	(1138, NULL, '', '2022-12-31', ' /  / ', '2022-09-13 15:09:58.475437', NULL, NULL, 31),
	(1139, NULL, '', '2022-12-31', ' /  / ', '2022-09-13 15:09:58.475437', NULL, NULL, 305),
	(1140, NULL, '', '2022-12-31', ' /  / ', '2022-09-13 15:09:58.475437', NULL, NULL, 305),
	(1141, NULL, '', '2022-12-31', ' /  / ', '2022-09-13 15:09:58.475437', NULL, NULL, 305),
	(1142, NULL, '', '2022-12-31', ' /  / ', '2022-09-13 15:09:58.475437', NULL, NULL, 305),
	(1143, NULL, '', '2022-12-31', ' /  / ', '2022-09-03 08:12:40.556714', NULL, NULL, 291),
	(1144, NULL, '', '2022-12-31', ' /  / ', '2022-09-03 08:12:40.556714', NULL, NULL, 291),
	(1145, NULL, '', '2022-12-31', ' /  / ', '2022-09-03 08:12:40.572342', NULL, NULL, 291),
	(1146, NULL, '', '2022-12-31', ' /  / ', '2022-09-03 08:12:40.572342', NULL, NULL, 291),
	(1147, NULL, '', '2022-12-31', ' /  / ', '2022-09-03 08:12:40.572342', NULL, NULL, 291),
	(1148, NULL, '', '2022-12-31', ' /  / ', '2022-09-03 08:12:40.572342', NULL, NULL, 291),
	(1149, NULL, '60', '2022-12-31', ' /  / ', '2022-09-03 08:12:40.572342', NULL, NULL, 291),
	(1150, NULL, '', '2022-12-31', ' /  / ', '2022-09-03 08:12:40.572342', NULL, NULL, 291),
	(1153, NULL, '', '2022-12-31', ' /  / ', '2022-09-04 16:45:06.532869', NULL, NULL, 266),
	(1154, NULL, '', '2022-12-31', ' /  / ', '2022-09-04 16:45:06.532869', NULL, NULL, 266),
	(1155, NULL, '', '2022-12-31', ' /  / ', '2022-09-04 16:45:06.532869', NULL, NULL, 266),
	(1156, NULL, '', '2022-12-31', ' /  / ', '2022-09-04 16:45:06.532869', NULL, NULL, 266),
	(1157, NULL, '', '2022-12-31', ' /  / ', '2022-09-04 16:45:06.532869', NULL, NULL, 266),
	(1158, NULL, '', '2022-12-31', ' /  / ', '2022-09-04 16:45:06.532869', NULL, NULL, 266),
	(1159, NULL, '', '2022-12-31', ' /  / ', '2022-09-04 16:45:06.532869', NULL, NULL, 263),
	(1160, NULL, '', '2022-12-31', ' /  / ', '2022-09-04 16:45:06.532869', NULL, NULL, 263),
	(1161, NULL, '', '2022-12-31', ' /  / ', '2022-09-04 16:45:06.532869', NULL, NULL, 263),
	(1162, NULL, '', '2022-12-31', ' /  / ', '2022-09-04 16:45:06.532869', NULL, NULL, 263),
	(1163, NULL, '\n', '2022-12-31', ' /  / ', '2022-09-04 16:45:06.532869', NULL, NULL, 265),
	(1164, NULL, '', '2022-12-31', ' /  / ', '2022-09-04 16:45:06.532869', NULL, NULL, 265),
	(1165, NULL, '', '2022-12-31', ' /  / ', '2022-09-04 16:45:06.532869', NULL, NULL, 265),
	(1166, NULL, '', '2022-12-31', ' /  / ', '2022-09-04 16:45:06.532869', NULL, NULL, 265),
	(1167, NULL, '', '2022-12-31', ' /  / ', '2022-09-04 16:45:06.532869', NULL, NULL, 265),
	(1168, NULL, '', '2022-12-31', ' /  / ', '2022-09-04 16:45:06.532869', NULL, NULL, 265),
	(1169, NULL, '', '2022-12-31', ' /  / ', '2022-09-04 16:45:06.532869', NULL, NULL, 262),
	(1170, NULL, '', '2022-12-31', ' /  / ', '2022-09-04 16:45:06.532869', NULL, NULL, 262),
	(1171, NULL, '', '2022-12-31', ' /  / ', '2022-09-04 16:45:06.532869', NULL, NULL, 262),
	(1172, NULL, '', '2022-12-31', ' /  / ', '2022-09-04 16:45:06.532869', NULL, NULL, 262),
	(1173, NULL, '', '2022-12-31', ' /  / ', '2022-09-04 16:45:06.532869', NULL, NULL, 262),
	(1174, NULL, '', '2022-12-31', ' /  / ', '2022-09-04 16:45:06.532869', NULL, NULL, 262),
	(1175, NULL, '', '2022-12-31', ' /  / ', '2022-09-04 16:45:06.517245', NULL, NULL, 261),
	(1181, NULL, '', '2022-12-31', ' /  / ', '2022-09-04 16:45:06.532869', NULL, NULL, 334),
	(1182, NULL, '', '2022-12-31', ' /  / ', '2022-09-04 16:45:06.517245', NULL, NULL, 261),
	(1183, NULL, '', '2022-12-31', ' /  / ', '2022-09-04 16:45:06.517245', NULL, NULL, 261),
	(1184, NULL, '', '2022-12-31', ' /  / ', '2022-09-04 16:45:06.517245', NULL, NULL, 261),
	(1185, NULL, '', '2022-12-31', ' /  / ', '2022-09-04 16:45:06.532869', NULL, NULL, 261),
	(1186, NULL, '', '2022-12-31', ' /  / ', '2022-09-04 16:45:06.532869', NULL, NULL, 261),
	(1187, NULL, '', '2022-12-31', ' /  / ', '2022-09-04 16:45:06.532869', NULL, NULL, 334),
	(1188, NULL, '', '2022-12-31', ' /  / ', '2022-09-04 16:45:06.532869', NULL, NULL, 334),
	(1189, NULL, '', '2022-12-31', ' /  / ', '2022-09-04 16:45:06.532869', NULL, NULL, 334),
	(1190, NULL, '', '2022-12-31', ' /  / ', '2022-09-04 16:45:06.532869', NULL, NULL, 334),
	(1191, NULL, '', '2022-12-31', ' /  / ', '2022-09-04 16:45:06.532869', NULL, NULL, 334),
	(1192, NULL, '', '2022-12-31', ' /  / ', '2022-09-04 16:45:06.532869', NULL, NULL, 334),
	(1193, NULL, '', '2022-12-31', ' /  / ', '2022-09-04 16:45:06.532869', NULL, NULL, 334),
	(1194, NULL, '', '2022-12-31', ' /  / ', '2022-09-04 16:45:06.532869', NULL, NULL, 264),
	(1195, NULL, '', '2022-12-31', ' /  / ', '2022-09-04 16:45:06.532869', NULL, NULL, 264),
	(1196, NULL, '', '2022-12-31', ' /  / ', '2022-09-04 16:45:06.532869', NULL, NULL, 264),
	(1197, NULL, '', '2022-12-31', ' /  / ', '2022-09-04 16:45:06.532869', NULL, NULL, 264),
	(1198, NULL, '', '2022-12-31', ' /  / ', '2022-09-04 16:45:06.532869', NULL, NULL, 264),
	(1199, NULL, '', '2022-12-31', ' /  / ', '2022-09-04 16:44:34.630254', NULL, NULL, 323),
	(1200, NULL, '', '2022-12-31', ' /  / ', '2022-09-04 16:44:34.645880', NULL, NULL, 323),
	(1201, NULL, ' ', '2022-12-31', ' /  / ', '2022-09-04 16:44:34.645880', NULL, NULL, 323),
	(1202, NULL, '', '2022-12-31', ' /  / ', '2022-09-04 16:44:34.645880', NULL, NULL, 323),
	(1203, NULL, '', '2022-12-31', ' /  / ', '2022-09-04 16:44:34.645880', NULL, NULL, 323),
	(1204, NULL, '', '2022-12-31', ' /  / ', '2022-09-04 16:44:34.645880', NULL, NULL, 323),
	(1205, NULL, '', '2022-12-31', ' /  / ', '2022-09-04 16:44:34.645880', NULL, NULL, 323),
	(1206, NULL, '', '2022-12-31', ' /  / ', '2022-09-06 15:16:16.998387', NULL, NULL, 116),
	(1207, NULL, '', '2022-12-31', ' /  / ', '2022-09-06 15:16:16.998387', NULL, NULL, 116),
	(1208, NULL, '', '2022-12-31', ' /  / ', '2022-09-06 15:16:16.998387', NULL, NULL, 116),
	(1209, NULL, '', '2022-12-31', ' /  / ', '2022-09-14 16:27:56.654852', NULL, NULL, 310),
	(1210, NULL, '', '2022-12-31', ' /  / ', '2022-09-14 16:27:56.654852', NULL, NULL, 310),
	(1211, NULL, '', '2022-12-31', ' /  / ', '2022-09-14 16:27:56.654852', NULL, NULL, 310),
	(1212, NULL, '', '2022-12-31', ' /  / ', '2022-09-06 15:16:16.998387', NULL, NULL, 117),
	(1213, NULL, '', '2022-12-31', ' /  / ', '2022-09-06 15:16:16.998387', NULL, NULL, 117),
	(1214, NULL, '', '2022-12-31', ' /  / ', '2022-09-06 15:16:16.998387', NULL, NULL, 117),
	(1215, NULL, '', '2022-12-31', ' /  / ', '2022-09-06 15:16:16.998387', NULL, NULL, 118),
	(1216, NULL, '', '2022-12-31', ' /  / ', '2022-09-06 15:16:16.998387', NULL, NULL, 118),
	(1217, NULL, '', '2022-12-31', ' /  / ', '2022-09-06 15:16:16.998387', NULL, NULL, 118),
	(1220, NULL, '\n', '2022-08-15', '', '2022-11-03 13:46:57.970762', 354, NULL, 311),
	(1221, NULL, '\n', '2022-08-15', '', '2022-11-03 14:10:29.904311', 356, NULL, 311),
	(1222, NULL, '\n', '2022-08-15', '', '2022-11-03 14:12:38.332790', 357, NULL, 311),
	(1223, NULL, '', '2022-09-23', '', '2022-11-08 08:48:57.447090', 367, NULL, 342),
	(1224, NULL, '', '2022-09-28', '', '2022-11-08 09:05:46.247639', 368, NULL, 134),
	(1225, NULL, '1 2 3', '2022-11-08', '', '2022-11-08 10:47:32.246688', 376, NULL, 319),
	(1226, NULL, '', '2022-11-08', '', '2022-11-08 16:34:45.654096', 385, NULL, 241),
	(1227, NULL, '2013-20211587.58711482.8104.7871', '2022-11-08', '', '2022-11-08 16:44:28.646441', 386, NULL, 28),
	(1228, NULL, '', '2022-09-14', '', '2022-11-09 09:54:11.664183', 390, NULL, 320),
	(1229, NULL, '', '2022-11-10', '', '2022-11-10 14:25:09.774197', 402, NULL, 254),
	(1230, NULL, '', '2022-09-27', '', '2022-11-11 08:47:32.301629', 408, NULL, 244),
	(1234, NULL, '', '2022-09-30', '', '2022-11-11 10:03:21.118934', 418, NULL, 330),
	(1235, NULL, '', '2022-09-30', '', '2022-11-11 11:28:57.414415', 422, NULL, 303),
	(1236, NULL, '', '2022-09-20', '', '2022-11-11 15:35:44.845995', 426, NULL, 304);

INSERT INTO `fr_matter_form` (`id`, `status`, `update_time`, `year`, `user_id`) VALUES
  (1, NULL, NULL, 2022, 1),
	(2, NULL, '2022-08-31 09:23:09.515607', 2022, 2),
	(3, NULL, '2022-08-22 08:13:37.592326', 2022, 3),
	(4, NULL, '2022-08-12 14:52:30.810998', 2022, 4),
	(5, NULL, '2022-08-02 10:51:42.813860', 2022, 5),
	(6, NULL, '2022-08-06 14:04:09.985326', 2022, 6),
	(7, NULL, '2022-07-25 11:19:13.615817', 2022, 7),
	(8, NULL, '2022-08-08 07:42:17.357952', 2022, 8),
	(9, NULL, '2022-08-23 14:20:17.503012', 2022, 9),
	(10, NULL, '2022-08-12 10:54:36.444117', 2022, 10),
	(11, NULL, '2022-08-11 08:10:41.332593', 2022, 11),
	(12, NULL, '2022-08-03 08:53:32.477518', 2022, 12),
	(13, NULL, '2022-08-05 16:06:57.304177', 2022, 13),
	(14, NULL, '2022-08-12 10:53:57.081327', 2022, 14),
	(15, NULL, '2022-08-10 16:07:52.465067', 2022, 15),
	(16, NULL, '2022-08-09 14:38:25.509182', 2022, 16),
	(17, NULL, '2022-06-16 15:10:15.407846', 2022, 17),
	(18, NULL, '2022-08-10 16:06:53.993195', 2022, 18),
	(19, NULL, '2022-08-26 17:33:51.284465', 2022, 19),
	(20, NULL, '2022-08-16 12:13:19.031406', 2022, 20),
	(21, NULL, '2022-06-16 14:01:07.510173', 2022, 21),
	(28, NULL, '2022-07-25 12:33:55.104040', 2022, 28),
	(29, NULL, '2022-09-02 11:27:01.606435', 2022, 29),
	(30, NULL, '2022-09-13 15:09:58.475437', 2022, 30),
	(31, NULL, '2022-09-13 15:09:58.475437', 2022, 31),
	(40, NULL, '2022-09-13 15:12:51.503805', 2022, 40),
	(48, NULL, '2022-08-31 10:27:41.570834', 2022, 48),
	(49, NULL, '2022-08-31 10:27:41.586458', 2022, 49),
	(50, NULL, '2022-08-31 10:27:41.586458', 2022, 50),
	(75, NULL, '2022-08-22 22:13:14.775274', 2022, 75),
	(76, NULL, '2022-08-22 22:13:14.759652', 2022, 76),
	(77, NULL, '2022-08-22 22:13:14.790876', 2022, 77),
	(78, NULL, '2022-08-22 22:13:14.775274', 2022, 78),
	(98, NULL, '2022-08-24 09:42:25.472745', 2022, 98),
	(99, NULL, '2022-08-24 09:42:25.472745', 2022, 99),
	(101, NULL, '2022-08-24 09:42:25.472745', 2022, 101),
	(104, NULL, '2022-09-13 15:09:58.475437', 2022, 104),
	(110, NULL, '2022-08-24 09:42:25.472745', 2022, 110),
	(116, NULL, '2022-09-06 15:16:16.998387', 2022, 116),
	(117, NULL, '2022-09-06 15:16:16.998387', 2022, 117),
	(118, NULL, '2022-09-06 15:16:16.998387', 2022, 118),
	(134, NULL, '2022-08-29 09:37:02.773120', 2022, 134),
	(139, NULL, '2022-08-29 09:37:02.773120', 2022, 139),
	(143, NULL, '2022-08-24 15:38:03.387725', 2022, 143),
	(145, NULL, '2022-08-24 15:38:03.387725', 2022, 145),
	(155, NULL, '2022-08-23 16:03:41.904808', 2022, 155),
	(156, NULL, '2022-08-23 16:03:41.904808', 2022, 156),
	(158, NULL, '2022-08-23 16:03:41.904808', 2022, 158),
	(165, NULL, '2022-08-23 16:03:41.904808', 2022, 165),
	(172, NULL, '2022-08-31 15:39:59.084561', 2022, 172),
	(173, NULL, '2022-08-31 15:40:09.914790', 2022, 173),
	(174, NULL, '2022-08-31 15:40:09.914790', 2022, 174),
	(176, NULL, '2022-08-31 15:40:09.930419', 2022, 176),
	(186, NULL, '2022-08-31 09:15:55.951520', 2022, 186),
	(187, NULL, '2022-08-31 09:15:55.967146', 2022, 187),
	(202, NULL, '2022-08-31 14:18:55.481640', 2022, 202),
	(207, NULL, '2022-08-11 12:06:30.851758', 2022, 207),
	(208, NULL, '2022-08-02 10:08:24.040400', 2022, 208),
	(209, NULL, '2022-08-11 12:06:30.836160', 2022, 209),
	(215, NULL, '2022-08-06 18:48:30.975687', 2022, 215),
	(226, NULL, '2022-08-30 10:54:53.300602', 2022, 226),
	(236, NULL, '2022-08-29 11:59:47.814949', 2022, 236),
	(239, NULL, '2022-08-29 11:59:47.814949', 2022, 239),
	(241, NULL, '2022-11-08 16:34:45.654096', 2022, 241),
	(242, NULL, '2022-08-25 15:36:48.920004', 2022, 242),
	(243, NULL, '2022-08-25 15:36:48.920004', 2022, 243),
	(244, NULL, '2022-08-25 15:36:48.920004', 2022, 244),
	(245, NULL, '2022-08-25 15:36:48.920004', 2022, 245),
	(246, NULL, '2022-08-25 15:36:48.920004', 2022, 246),
	(247, NULL, '2022-08-25 15:36:48.935630', 2022, 247),
	(248, NULL, '2022-08-25 15:36:48.935630', 2022, 248),
	(249, NULL, '2022-08-25 15:36:48.935630', 2022, 249),
	(250, NULL, '2022-08-24 08:16:46.919688', 2022, 250),
	(251, NULL, '2022-08-24 08:16:46.919688', 2022, 251),
	(252, NULL, '2022-08-24 08:04:14.829016', 2022, 252),
	(253, NULL, '2022-08-24 08:15:13.809615', 2022, 253),
	(254, NULL, '2022-08-24 08:04:14.844641', 2022, 254),
	(255, NULL, '2022-08-22 21:49:53.862299', 2022, 255),
	(256, NULL, '2022-08-22 21:49:53.877925', 2022, 256),
	(257, NULL, '2022-08-22 21:49:53.877925', 2022, 257),
	(258, NULL, '2022-08-22 21:49:53.877925', 2022, 258),
	(259, NULL, '2022-08-22 21:49:53.893527', 2022, 259),
	(260, NULL, '2022-08-22 21:49:53.893527', 2022, 260),
	(261, NULL, '2022-09-04 16:45:06.517245', 2022, 261),
	(262, NULL, '2022-09-04 16:45:06.532869', 2022, 262),
	(263, NULL, '2022-09-04 16:45:06.532869', 2022, 263),
	(264, NULL, '2022-09-04 16:45:06.532869', 2022, 264),
	(265, NULL, '2022-09-04 16:45:06.532869', 2022, 265),
	(266, NULL, '2022-09-04 16:45:06.532869', 2022, 266),
	(267, NULL, '2022-08-29 10:00:01.572240', 2022, 267),
	(268, NULL, '2022-08-29 10:00:01.587867', 2022, 268),
	(269, NULL, '2022-08-29 10:00:01.587867', 2022, 269),
	(270, NULL, '2022-08-29 10:00:01.587867', 2022, 270),
	(271, NULL, '2022-08-29 10:00:01.603492', 2022, 271),
	(272, NULL, '2022-08-29 10:00:01.603492', 2022, 272),
	(273, NULL, '2022-08-25 14:20:54.150126', 2022, 273),
	(274, NULL, '2022-08-25 14:20:54.150126', 2022, 274),
	(275, NULL, '2022-08-25 14:20:54.165752', 2022, 275),
	(276, NULL, '2022-08-25 14:20:54.165752', 2022, 276),
	(277, NULL, '2022-08-25 14:20:54.165752', 2022, 277),
	(278, NULL, '2022-08-25 14:20:54.165752', 2022, 278),
	(279, NULL, '2022-08-30 10:54:53.316229', 2022, 279),
	(281, NULL, '2022-08-30 10:54:53.316229', 2022, 281),
	(282, NULL, '2022-08-30 10:54:53.316229', 2022, 282),
	(283, NULL, '2022-08-30 08:03:03.468769', 2022, 283),
	(284, NULL, '2022-08-30 08:03:03.468769', 2022, 284),
	(285, NULL, '2022-08-30 08:03:03.468769', 2022, 285),
	(286, NULL, '2022-08-30 08:03:03.468769', 2022, 286),
	(287, NULL, '2022-08-30 08:03:03.484390', 2022, 287),
	(288, NULL, '2022-09-03 08:12:40.556714', 2022, 288),
	(289, NULL, '2022-09-03 08:12:40.556714', 2022, 289),
	(290, NULL, '2022-09-03 08:12:40.556714', 2022, 290),
	(291, NULL, '2022-09-03 08:12:40.556714', 2022, 291),
	(292, NULL, '2022-09-03 08:12:40.572342', 2022, 292),
	(293, NULL, '2022-08-31 09:26:03.438846', 2022, 293),
	(294, NULL, '2022-08-31 09:26:03.438846', 2022, 294),
	(295, NULL, '2022-08-31 09:26:03.438846', 2022, 295),
	(296, NULL, '2022-08-31 09:26:03.438846', 2022, 296),
	(297, NULL, '2022-08-31 09:26:03.438846', 2022, 297),
	(298, NULL, '2022-08-31 09:26:03.454472', 2022, 298),
	(299, NULL, '2022-08-31 09:26:03.454472', 2022, 299),
	(301, NULL, '2022-09-02 16:49:53.694194', 2022, 301),
	(302, NULL, '2022-09-02 16:49:53.694194', 2022, 302),
	(303, NULL, '2022-09-02 16:49:53.694194', 2022, 303),
	(304, NULL, '2022-09-02 16:49:53.694194', 2022, 304),
	(305, NULL, '2022-09-13 15:09:58.475437', 2022, 305),
	(306, NULL, '2022-09-13 15:12:51.503805', 2022, 306),
	(307, NULL, '2022-08-31 10:27:41.586458', 2022, 307),
	(308, NULL, '2022-08-22 22:13:37.293125', 2022, 308),
	(309, NULL, '2022-08-24 09:42:25.488374', 2022, 309),
	(310, NULL, '2022-09-14 16:27:56.654852', 2022, 310),
	(311, NULL, '2022-08-24 15:38:03.403350', 2022, 311),
	(312, NULL, '2022-07-05 16:52:18.104401', 2022, 312),
	(313, NULL, '2022-08-31 15:39:59.100187', 2022, 313),
	(315, NULL, '2022-08-31 14:18:55.512898', 2022, 315),
	(317, NULL, '2022-08-11 12:06:30.836160', 2022, 317),
	(318, NULL, '2022-08-30 08:48:01.851903', 2022, 318),
	(319, NULL, '2022-08-29 12:00:10.789079', 2022, 319),
	(320, NULL, '2022-08-25 15:36:48.935630', 2022, 320),
	(321, NULL, '2022-08-22 16:09:18.694264', 2022, 321),
	(322, NULL, '2022-08-22 21:49:53.893527', 2022, 322),
	(323, NULL, '2022-09-04 16:44:34.630254', 2022, 323),
	(324, NULL, '2022-08-29 10:00:01.603492', 2022, 324),
	(325, NULL, '2022-08-25 14:20:54.165752', 2022, 325),
	(326, NULL, '2022-07-05 16:54:38.120840', 2022, 326),
	(327, NULL, '2022-08-30 08:03:03.484390', 2022, 327),
	(328, NULL, '2022-09-03 08:12:40.572342', 2022, 328),
	(329, NULL, '2022-08-31 09:26:03.454472', 2022, 329),
	(330, NULL, '2022-09-02 16:47:34.514313', 2022, 330),
	(331, NULL, '2022-08-25 15:36:48.935630', 2022, 331),
	(332, NULL, '2022-08-24 08:16:46.919688', 2022, 332),
	(333, NULL, '2022-08-22 21:49:53.909152', 2022, 333),
	(334, NULL, '2022-09-04 16:45:06.532869', 2022, 334),
	(335, NULL, '2022-08-29 10:00:01.619115', 2022, 335),
	(336, NULL, '2022-08-25 14:20:54.165752', 2022, 336),
	(337, NULL, '2022-08-30 10:54:53.331852', 2022, 337),
	(338, NULL, '2022-08-30 08:03:03.484390', 2022, 338),
	(339, NULL, '2022-09-03 08:12:40.572342', 2022, 339),
	(340, NULL, '2022-08-31 09:26:03.454472', 2022, 340),
	(341, NULL, '2022-09-02 16:49:53.709819', 2022, 341),
	(342, NULL, '2022-08-29 09:37:02.773120', 2022, 342),
	(343, NULL, '2022-08-31 09:15:55.967146', 2022, 343),
	(344, NULL, '2022-08-30 10:54:53.331852', 2022, 344),
	(345, NULL, '2022-08-30 10:54:53.331852', 2022, 345),
	(346, NULL, '2022-08-30 09:07:33.179657', 2022, 346);

INSERT INTO `fr_measure` (`id`, `code`, `content`, `end_date`, `start_date`, `matter_id`, `progress_id`, `user_id`) VALUES
	(1, NULL, '1\n2\n3', '2022-12-31', NULL, 1, 1, 21),
	(2, NULL, '1\n2\n3\n4', '2022-12-31', NULL, 2, 2, 21),
	(3, NULL, '123', '2022-07-31', NULL, 3, 3, 21),
	(4, NULL, '12.3', '2022-07-31', NULL, 4, 4, 21),
	(5, NULL, '123', '2022-07-31', NULL, 5, 5, 21),
	(6, NULL, '123', '2022-07-31', NULL, 6, 6, 21),
	(7, NULL, '123.', '2022-12-31', NULL, 7, 7, 21),
	(8, NULL, '"1\n2"', '2021-12-31', '2021-11-30', 8, 8, 21),
	(9, NULL, '1\n2', '2022-07-15', '2022-06-02', 9, 9, 17),
	(10, NULL, '', NULL, NULL, 18, 10, NULL),
	(11, NULL, '2022', NULL, NULL, 18, 11, NULL),
	(12, NULL, '', NULL, NULL, 18, 12, NULL),
	(13, NULL, '', NULL, NULL, 18, 13, NULL),
	(14, NULL, '', NULL, NULL, 19, 14, NULL),
	(15, NULL, '2022', NULL, NULL, 19, 15, NULL),
	(16, NULL, '', NULL, NULL, 19, 16, NULL),
	(17, NULL, '', NULL, NULL, 20, 17, 207),
	(18, NULL, '123', '2022-12-31', '2022-07-30', 21, 18, 7),
	(19, NULL, '12', '2022-12-31', '2022-07-30', 22, 19, 7),
	(20, NULL, '123', '2022-12-31', '2022-07-30', 23, 20, 7),
	(21, NULL, '12', '2022-12-31', '2022-07-30', 24, 21, 7),
	(22, NULL, '', '2022-12-31', '2022-07-30', 25, 22, 7),
	(23, NULL, '123', '2022-12-31', '2022-07-30', 26, 23, 7),
	(24, NULL, '123', '2022-12-31', '2022-07-30', 27, 24, 7),
	(25, NULL, '', '2022-12-31', '2022-07-30', 28, 25, 7),
	(26, NULL, '123', '2022-12-31', '2022-07-30', 29, 26, 7),
	(27, NULL, '123', '2022-12-31', '2022-07-30', 30, 27, 7),
	(28, NULL, '123', '2022-12-31', '2022-07-31', 35, 28, 28),
	(29, NULL, '12', '2022-12-31', '2022-07-31', 36, 29, 28),
	(30, NULL, '23', '2022-12-31', '2022-07-31', 37, 30, 28),
	(31, NULL, '12', '2022-12-31', '2022-07-31', 38, 31, 28),
	(32, NULL, '123', '2022-12-31', '2022-07-31', 39, 32, 28),
	(33, NULL, '', '2022-12-31', '2022-07-31', 40, 33, 28),
	(34, NULL, '12', '2022-12-31', '2022-07-31', 41, 34, 28),
	(39, NULL, '1.\n2.\n3.', '2022-10-08', '2022-07-28', 31, 39, 208),
	(40, NULL, '1.\n2.', '2022-10-29', '2022-07-28', 32, 40, 208),
	(41, NULL, '1.\n2.', '2022-10-30', '2022-07-28', 42, 41, 208),
	(42, NULL, '1.\n2.', '2022-10-29', '2022-07-28', 43, 42, 208),
	(43, NULL, '', '2022-10-29', '2022-07-28', 44, 43, 208),
	(44, NULL, '', '2022-10-29', '2022-07-28', 45, 44, 208),
	(45, NULL, '', '2022-10-29', '2022-07-28', 46, 45, 208),
	(46, NULL, '', '2022-10-29', '2022-07-28', 47, 46, 208),
	(58, NULL, '1.2.3.', '2022-12-31', NULL, 73, 58, 5),
	(59, NULL, '123', '2022-12-31', NULL, 74, 59, 5),
	(60, NULL, '1.2.3.', '2022-12-31', NULL, 75, 60, 5),
	(61, NULL, '1.2.', '2022-12-31', NULL, 76, 61, 5),
	(62, NULL, '1.2.', '2022-12-31', NULL, 77, 62, 5),
	(63, NULL, '123', '2022-12-31', '2022-07-31', 78, 63, 98),
	(64, NULL, '', '2022-10-31', '2022-07-31', 79, 64, 101),
	(65, NULL, '12', '2022-12-31', '2022-07-31', 80, 65, 102),
	(68, NULL, '', '2022-12-31', '2022-07-31', 82, 68, 105),
	(73, NULL, '', '2022-12-31', '2022-07-31', 83, 73, 99),
	(75, NULL, '123', '2022-12-31', '2022-07-31', 85, 75, 98),
	(83, NULL, '', NULL, '2022-12-31', 90, 83, NULL),
	(84, NULL, '123', NULL, NULL, 91, 84, NULL),
	(85, NULL, '123', NULL, NULL, 97, 85, NULL),
	(86, NULL, '12 3', NULL, NULL, 92, 86, NULL),
	(87, NULL, '12', NULL, NULL, 93, 87, NULL),
	(88, NULL, '123', NULL, NULL, 94, 88, NULL),
	(89, NULL, '123', NULL, NULL, 96, 89, NULL),
	(90, NULL, '123', NULL, NULL, 95, 90, NULL),
	(92, NULL, '', NULL, '2022-08-04', 64, 92, NULL),
	(93, NULL, '', NULL, '2022-08-04', 65, 93, NULL),
	(94, NULL, '', NULL, '2022-08-04', 66, 94, NULL),
	(95, NULL, '12', NULL, '2022-08-04', 67, 95, NULL),
	(96, NULL, '123', NULL, '2022-08-04', 70, 96, NULL),
	(97, NULL, '123', NULL, '2022-08-04', 71, 97, NULL),
	(98, NULL, '1', NULL, '2022-08-05', 105, 98, NULL),
	(99, NULL, '1\n2.\n3.\n 25  10 ', NULL, '2022-08-05', 106, 99, NULL),
	(100, NULL, '.\n2.\n3.\n4.', NULL, '2022-08-05', 107, 100, NULL),
	(101, NULL, '1.5 \n3. 5\n4.37', NULL, '2022-08-05', 108, 101, NULL),
	(102, NULL, '\n2.\n3.\n4.', NULL, '2022-08-05', 109, 102, NULL),
	(103, NULL, '1.\n2.', NULL, '2022-08-05', 110, 103, NULL),
	(104, NULL, '12', NULL, '2022-08-05', 111, 104, NULL),
	(105, NULL, '123', NULL, '2022-08-05', 112, 105, NULL),
	(106, NULL, '', NULL, '2022-08-05', 113, 106, NULL),
	(107, NULL, '', NULL, '2022-08-05', 114, 107, NULL),
	(108, NULL, '', NULL, '2022-01-01', 115, 108, NULL),
	(109, NULL, '', NULL, '2022-01-01', 116, 109, NULL),
	(110, NULL, '', NULL, '2022-01-01', 120, 110, NULL),
	(111, NULL, '123', NULL, '2022-08-05', 117, 111, NULL),
	(112, NULL, '8', NULL, '2022-08-05', 122, 112, NULL),
	(113, NULL, '123', NULL, '2022-08-05', 123, 113, NULL),
	(114, NULL, '', NULL, '2022-08-05', 124, 114, NULL),
	(115, NULL, '', NULL, '2022-08-05', 125, 115, NULL),
	(116, NULL, '123', NULL, '2022-08-05', 126, 116, NULL),
	(117, NULL, '', NULL, '2022-08-05', 127, 117, NULL),
	(118, NULL, '123', NULL, '2022-08-05', 128, 118, NULL),
	(119, NULL, '123.', NULL, '2022-08-05', 137, 119, NULL),
	(120, NULL, '123', NULL, NULL, 121, 120, NULL),
	(121, NULL, '123', NULL, NULL, 129, 121, NULL),
	(122, NULL, '123', NULL, NULL, 130, 122, NULL),
	(123, NULL, '12', NULL, NULL, 131, 123, NULL),
	(124, NULL, '123', NULL, NULL, 132, 124, NULL),
	(125, NULL, '123', NULL, NULL, 133, 125, NULL),
	(126, NULL, '123', NULL, NULL, 134, 126, NULL),
	(127, NULL, '123', NULL, NULL, 135, 127, NULL),
	(128, NULL, '123', NULL, NULL, 136, 128, NULL),
	(129, NULL, '', NULL, '2022-01-01', 98, 129, NULL),
	(130, NULL, '', NULL, '2022-01-01', 99, 130, NULL),
	(131, NULL, '', NULL, '2022-01-01', 100, 131, NULL),
	(132, NULL, '', NULL, '2022-01-01', 101, 132, NULL),
	(133, NULL, '', NULL, '2022-01-01', 102, 133, NULL),
	(134, NULL, '12', NULL, '2022-08-08', 33, 134, NULL),
	(135, NULL, '212', NULL, '2022-08-08', 34, 135, NULL),
	(136, NULL, '312', NULL, '2022-08-08', 48, 136, NULL),
	(137, NULL, '123', NULL, '2022-08-08', 49, 137, NULL),
	(138, NULL, '123', NULL, '2022-08-08', 50, 138, NULL),
	(139, NULL, '612', NULL, '2022-08-08', 51, 139, NULL),
	(140, NULL, '12', NULL, '2022-08-08', 52, 140, NULL),
	(141, NULL, '1.2.3.', NULL, '2022-08-08', 142, 141, NULL),
	(142, NULL, '1.82.3.', NULL, '2022-08-08', 143, 142, NULL),
	(143, NULL, '1.2.3.', NULL, '2022-08-08', 144, 143, NULL),
	(144, NULL, '1.2.3.', NULL, '2022-08-08', 145, 144, NULL),
	(145, NULL, '1.2.3.', NULL, '2022-08-08', 146, 145, NULL),
	(146, NULL, '1.i2.3.', NULL, '2022-08-08', 147, 146, NULL),
	(147, NULL, '1.2.3.', NULL, '2022-08-08', 148, 147, NULL),
	(148, NULL, '1.2.3.', NULL, '2022-08-08', 139, 148, NULL),
	(149, NULL, '1.2.3.', NULL, '2022-08-08', 140, 149, NULL),
	(150, NULL, '1.2.3.4.', NULL, '2022-08-08', 141, 150, NULL),
	(151, NULL, '', NULL, '2022-08-09', 149, 151, NULL),
	(152, NULL, '', NULL, '2022-08-09', 150, 152, NULL),
	(153, NULL, '123', NULL, '2022-01-01', 118, 153, NULL),
	(154, NULL, '123', NULL, '2022-08-10', 152, 154, NULL),
	(162, NULL, '1234', NULL, '2022-08-10', 155, 162, NULL),
	(163, NULL, '1234', NULL, '2022-08-10', 153, 163, NULL),
	(164, NULL, '1234', NULL, '2022-08-10', 154, 164, NULL),
	(165, NULL, '123', NULL, '2022-12-30', 156, 165, NULL),
	(166, NULL, '123', NULL, '2022-08-10', 157, 166, NULL),
	(167, NULL, '123.', NULL, '2022-08-10', 158, 167, NULL),
	(168, NULL, '1234.', NULL, '2022-08-10', 159, 168, NULL),
	(169, NULL, '1.2.3.4.', NULL, NULL, 160, 169, NULL),
	(170, NULL, '1.2.3.', NULL, NULL, 161, 170, NULL),
	(171, NULL, '1.2.3.', NULL, NULL, 162, 171, NULL),
	(172, NULL, '1.2.3.', NULL, NULL, 163, 172, NULL),
	(173, NULL, '1.2.3.', NULL, NULL, 164, 173, NULL),
	(174, NULL, '1.2.3.', NULL, NULL, 165, 174, NULL),
	(175, NULL, '', NULL, '2022-08-11', 167, 175, NULL),
	(176, NULL, '', NULL, '2022-08-11', 173, 176, NULL),
	(177, NULL, '', NULL, '2022-08-11', 174, 177, NULL),
	(178, NULL, '', NULL, '2022-08-11', 175, 178, NULL),
	(179, NULL, '', NULL, '2022-08-11', 176, 179, NULL),
	(180, NULL, '', NULL, '2022-08-11', 177, 180, NULL),
	(181, NULL, '', NULL, '2022-08-11', 178, 181, NULL),
	(182, NULL, '', NULL, '2022-08-11', 179, 182, NULL),
	(183, NULL, '', NULL, '2022-08-11', 180, 183, NULL),
	(184, NULL, '', NULL, '2022-08-11', 181, 184, NULL),
	(185, NULL, '', NULL, '2022-08-11', 182, 185, NULL),
	(186, NULL, '', NULL, '2022-08-11', 183, 186, NULL),
	(187, NULL, '', NULL, '2022-08-11', 184, 187, NULL),
	(188, NULL, '', NULL, '2022-08-11', 185, 188, NULL),
	(189, NULL, '', NULL, '2022-08-11', 186, 189, NULL),
	(190, NULL, '', NULL, '2022-08-11', 187, 190, NULL),
	(191, NULL, '1\n2\n3', NULL, '2022-08-12', 200, 191, NULL),
	(192, NULL, '23', NULL, '2022-08-12', 194, 192, NULL),
	(193, NULL, '1\n2\n3', NULL, '2022-08-12', 195, 193, NULL),
	(194, NULL, '1\n2\n3', NULL, '2022-08-12', 196, 194, NULL),
	(195, NULL, '1\n2\n3', NULL, '2022-08-12', 197, 195, NULL),
	(196, NULL, '1\n2\n3', NULL, '2022-08-12', 199, 196, NULL),
	(197, NULL, '1\n2\n3', NULL, '2022-08-12', 198, 197, NULL),
	(198, NULL, '1;23', NULL, '2022-06-01', 204, 198, NULL),
	(199, NULL, '123', NULL, '2022-08-01', 203, 199, NULL),
	(200, NULL, '123', NULL, '2022-06-01', 205, 200, NULL),
	(201, NULL, '123', NULL, '2022-03-10', 206, 201, NULL),
	(202, NULL, '12', NULL, '2022-01-01', 207, 202, NULL),
	(203, NULL, '123', NULL, '2022-01-01', 208, 203, NULL),
	(204, NULL, '123.', NULL, '2022-01-01', 209, 204, NULL),
	(206, NULL, '1;23', NULL, '2022-06-01', 225, 206, NULL),
	(207, NULL, '123', NULL, '2022-01-01', 226, 207, NULL),
	(208, NULL, '1234', NULL, '2022-01-01', 227, 208, NULL),
	(209, NULL, '12 3', NULL, '2022-01-01', 228, 209, NULL),
	(210, NULL, '12', NULL, '2022-01-01', 229, 210, NULL),
	(211, NULL, '123,', NULL, '2022-01-01', 230, 211, NULL),
	(212, NULL, '123.', NULL, '2022-01-01', 231, 212, NULL),
	(213, NULL, '', NULL, '2022-08-12', 233, 213, NULL),
	(214, NULL, '', NULL, '2022-08-12', 234, 214, NULL),
	(215, NULL, '', NULL, '2022-08-12', 235, 215, NULL),
	(216, NULL, '', NULL, '2022-08-31', 236, 216, NULL),
	(217, NULL, '', NULL, '2022-08-31', 237, 217, NULL),
	(218, NULL, '', NULL, '2022-08-31', 238, 218, NULL),
	(219, NULL, '', NULL, '2022-08-31', 239, 219, NULL),
	(221, NULL, '', NULL, '2022-08-12', 246, 221, NULL),
	(222, NULL, '', NULL, '2022-08-12', 241, 222, NULL),
	(223, NULL, '123', NULL, '2022-08-12', 243, 223, NULL),
	(224, NULL, '12', NULL, '2022-08-12', 244, 224, NULL),
	(225, NULL, '123', NULL, '2022-08-12', 245, 225, NULL),
	(226, NULL, '', NULL, '2022-08-12', 247, 226, NULL),
	(227, NULL, '', NULL, '2022-08-12', 248, 227, NULL),
	(228, NULL, '', NULL, '2022-08-12', 249, 228, NULL),
	(229, NULL, '123', NULL, '2022-08-12', 250, 229, NULL),
	(230, NULL, '', NULL, '2022-08-12', 251, 230, NULL),
	(231, NULL, '', NULL, '2022-08-12', 252, 231, NULL),
	(232, NULL, '', NULL, '2022-08-12', 253, 232, NULL),
	(233, NULL, '', NULL, '2022-08-12', 254, 233, NULL),
	(234, NULL, '', NULL, '2022-08-12', 255, 234, NULL),
	(235, NULL, '', NULL, '2022-08-12', 256, 235, NULL),
	(236, NULL, '', NULL, '2022-08-12', 257, 236, NULL),
	(237, NULL, '', NULL, '2022-08-12', 258, 237, NULL),
	(238, NULL, '', NULL, '2022-08-12', 259, 238, NULL),
	(239, NULL, '', NULL, '2022-08-12', 218, 239, NULL),
	(240, NULL, '', NULL, '2022-08-12', 217, 240, NULL),
	(241, NULL, '', NULL, '2022-08-12', 219, 241, NULL),
	(242, NULL, '', NULL, '2022-08-12', 220, 242, NULL),
	(243, NULL, '', NULL, '2022-08-12', 221, 243, NULL),
	(244, NULL, '', NULL, '2022-08-12', 223, 244, NULL),
	(245, NULL, '', NULL, '2022-08-12', 222, 245, NULL),
	(246, NULL, '', NULL, '2022-08-12', 224, 246, NULL),
	(247, NULL, '', NULL, '2022-08-13', 232, 247, NULL),
	(249, NULL, '', NULL, '2022-08-15', 168, 249, NULL),
	(250, NULL, '', NULL, '2022-08-15', 169, 250, NULL),
	(251, NULL, '', NULL, '2022-08-15', 170, 251, NULL),
	(252, NULL, '', NULL, '2022-08-15', 172, 252, NULL),
	(253, NULL, '', NULL, '2022-08-15', 171, 253, NULL),
	(254, NULL, '', NULL, '2022-08-15', 260, 254, NULL),
	(256, NULL, '1.\n2.\n3.', NULL, '2022-01-01', 262, 256, NULL),
	(257, NULL, '1.\n2.\n3.', NULL, '2022-01-01', 263, 257, NULL),
	(258, NULL, '1.\n2.\n33.', NULL, '2022-01-01', 264, 258, NULL),
	(259, NULL, '1.\n2.\n3.', NULL, '2022-01-01', 265, 259, NULL),
	(260, NULL, '1.\n2.\n3.\n4.', NULL, '2022-01-01', 266, 260, NULL),
	(261, NULL, '1.\n2.\n3.\n4.', NULL, '2022-01-01', 267, 261, NULL),
	(262, NULL, '1.\n2.\n3.\n4.', NULL, '2022-01-01', 268, 262, NULL),
	(263, NULL, '123', NULL, '2022-01-01', 269, 263, NULL),
	(264, NULL, '1234', NULL, NULL, 270, 264, NULL),
	(265, NULL, '12.3', NULL, NULL, 271, 265, NULL),
	(266, NULL, '123', NULL, NULL, 272, 266, NULL),
	(267, NULL, '123', NULL, NULL, 273, 267, NULL),
	(268, NULL, '123', NULL, '2022-08-16', 274, 268, NULL),
	(269, NULL, '123', NULL, '2022-08-16', 275, 269, NULL),
	(270, NULL, '123\n', NULL, '2022-08-16', 276, 270, NULL),
	(271, NULL, '123', NULL, '2022-08-16', 277, 271, NULL),
	(272, NULL, '123.', NULL, '2022-08-16', 278, 272, NULL),
	(275, NULL, '', NULL, NULL, 281, 275, NULL),
	(276, NULL, '', NULL, NULL, 282, 276, NULL),
	(277, NULL, '123', NULL, NULL, 283, 277, NULL),
	(278, NULL, '123', NULL, NULL, 284, 278, NULL),
	(279, NULL, '123', NULL, NULL, 285, 279, NULL),
	(280, NULL, '1', NULL, NULL, 286, 280, NULL),
	(281, NULL, '2', NULL, NULL, 286, 281, NULL),
	(282, NULL, '3', NULL, NULL, 286, 282, NULL),
	(283, NULL, '4', NULL, NULL, 286, 283, NULL),
	(284, NULL, '', NULL, NULL, 287, 284, NULL),
	(285, NULL, '1', NULL, NULL, 288, 285, NULL),
	(286, NULL, '2', NULL, NULL, 288, 286, NULL),
	(287, NULL, '', NULL, NULL, 290, 287, NULL),
	(288, NULL, '', NULL, NULL, 291, 288, NULL),
	(289, NULL, '', NULL, NULL, 292, 289, NULL),
	(290, NULL, '1', NULL, NULL, 293, 290, NULL),
	(291, NULL, '2', NULL, NULL, 293, 291, NULL),
	(292, NULL, '1', NULL, NULL, 294, 292, NULL),
	(293, NULL, '2', NULL, NULL, 294, 293, NULL),
	(294, NULL, '3', NULL, NULL, 294, 294, NULL),
	(295, NULL, '', NULL, NULL, 295, 295, NULL),
	(296, NULL, '12', NULL, '2022-07-05', 296, 296, NULL),
	(297, NULL, '12', NULL, '2022-07-05', 297, 297, NULL),
	(298, NULL, '12.', NULL, '2022-07-05', 298, 298, NULL),
	(299, NULL, '12', NULL, '2022-07-05', 299, 299, NULL),
	(300, NULL, '123.', NULL, '2022-07-05', 300, 300, NULL),
	(307, NULL, '12', NULL, '2022-08-20', 329, 307, NULL),
	(308, NULL, '123', NULL, '2022-08-20', 330, 308, NULL),
	(309, NULL, '12', NULL, '2022-08-20', 331, 309, NULL),
	(310, NULL, '12', NULL, '2022-08-20', 332, 310, NULL),
	(311, NULL, '123', NULL, '2022-08-20', 333, 311, NULL),
	(312, NULL, '123', NULL, '2022-08-20', 334, 312, NULL),
	(313, NULL, '123', NULL, '2022-08-20', 335, 313, NULL),
	(314, NULL, '12', NULL, '2022-08-20', 336, 314, NULL),
	(315, NULL, '123', NULL, '2022-08-20', 337, 315, NULL),
	(316, NULL, '123', NULL, '2022-08-20', 338, 316, NULL),
	(317, NULL, '123', NULL, '2022-08-20', 339, 317, NULL),
	(318, NULL, '123', NULL, '2022-08-20', 340, 318, NULL),
	(319, NULL, '123', NULL, '2022-08-20', 341, 319, NULL),
	(320, NULL, '', NULL, '2022-08-20', 342, 320, NULL),
	(321, NULL, '1234', NULL, '2022-08-20', 343, 321, NULL),
	(322, NULL, '123 ', NULL, '2022-08-20', 344, 322, NULL),
	(323, NULL, '123', NULL, '2022-08-20', 345, 323, NULL),
	(324, NULL, '123', NULL, '2022-08-20', 346, 324, NULL),
	(325, NULL, '123', NULL, '2022-08-20', 347, 325, NULL),
	(326, NULL, '123', NULL, '2022-08-20', 348, 326, NULL),
	(327, NULL, '123.', NULL, '2022-08-20', 349, 327, NULL),
	(328, NULL, '123', NULL, '2022-08-20', 350, 328, NULL),
	(329, NULL, '12', NULL, '2022-08-20', 351, 329, NULL),
	(330, NULL, '123', NULL, '2022-08-20', 352, 330, NULL),
	(331, NULL, '', NULL, '2022-08-20', 353, 331, NULL),
	(332, NULL, '12', NULL, '2022-08-20', 354, 332, NULL),
	(333, NULL, '12', NULL, '2022-08-20', 355, 333, NULL),
	(334, NULL, '1.,2.', NULL, NULL, 356, 334, NULL),
	(335, NULL, '', NULL, NULL, 357, 335, NULL),
	(336, NULL, '1.2.', NULL, NULL, 358, 336, NULL),
	(337, NULL, '1.2.3.', NULL, NULL, 359, 337, NULL),
	(338, NULL, '1.2.3.', NULL, NULL, 360, 338, NULL),
	(339, NULL, '1.2.3.', NULL, NULL, 361, 339, NULL),
	(340, NULL, '123', NULL, '2022-12-31', 407, 340, NULL),
	(341, NULL, '123', NULL, '2022-12-31', 408, 341, NULL),
	(342, NULL, '123', NULL, '2022-12-31', 409, 342, NULL),
	(343, NULL, '123', NULL, '2022-01-01', 410, 343, NULL),
	(345, NULL, '', NULL, '2022-08-22', 389, 345, NULL),
	(346, NULL, '', NULL, '2022-08-22', 390, 346, NULL),
	(347, NULL, '', NULL, '2022-08-22', 391, 347, NULL),
	(348, NULL, '', NULL, '2022-08-22', 392, 348, NULL),
	(349, NULL, '', NULL, '2022-08-22', 393, 349, NULL),
	(350, NULL, '', NULL, '2022-08-22', 394, 350, NULL),
	(351, NULL, '', NULL, '2022-08-22', 395, 351, NULL),
	(352, NULL, '', NULL, '2022-08-22', 396, 352, NULL),
	(353, NULL, '1234', NULL, '2022-08-22', 382, 353, NULL),
	(354, NULL, '', NULL, '2022-08-22', 383, 354, NULL),
	(355, NULL, '123', NULL, '2022-08-22', 384, 355, NULL),
	(356, NULL, '12', NULL, '2022-08-22', 385, 356, NULL),
	(357, NULL, '', NULL, '2022-08-22', 386, 357, NULL),
	(358, NULL, '', NULL, '2022-08-22', 387, 358, NULL),
	(359, NULL, '', NULL, '2022-08-22', 388, 359, NULL),
	(360, NULL, '', NULL, '2022-08-22', 369, 360, NULL),
	(361, NULL, '', NULL, '2022-08-22', 370, 361, NULL),
	(362, NULL, '', NULL, '2022-08-22', 371, 362, NULL),
	(363, NULL, '\n', NULL, '2022-08-22', 372, 363, NULL),
	(364, NULL, '', NULL, '2022-08-22', 373, 364, NULL),
	(365, NULL, '', NULL, '2022-08-22', 374, 365, NULL),
	(366, NULL, '1234', NULL, '2022-08-22', 375, 366, NULL),
	(367, NULL, '12', NULL, '2022-08-22', 376, 367, NULL),
	(368, NULL, '', NULL, '2022-08-22', 377, 368, NULL),
	(369, NULL, '', NULL, '2022-08-22', 378, 369, NULL),
	(370, NULL, '12', NULL, '2022-08-22', 379, 370, NULL),
	(371, NULL, '', NULL, '2022-08-22', 380, 371, NULL),
	(372, NULL, '', NULL, '2022-08-22', 498, 372, NULL),
	(373, NULL, '1234', NULL, '2022-08-22', 499, 373, NULL),
	(374, NULL, '123', NULL, '2022-08-22', 500, 374, NULL),
	(375, NULL, '123', NULL, '2022-08-22', 501, 375, NULL),
	(376, NULL, '123', NULL, '2022-08-22', 502, 376, NULL),
	(377, NULL, '123', NULL, '2022-08-22', 503, 377, NULL),
	(378, NULL, '123.', NULL, '2022-08-22', 504, 378, NULL),
	(379, NULL, '1234', NULL, '2022-08-22', 505, 379, NULL),
	(380, NULL, '12', NULL, '2022-08-22', 506, 380, NULL),
	(381, NULL, '', NULL, '2022-08-22', 507, 381, NULL),
	(382, NULL, '2', NULL, '2022-08-22', 508, 382, NULL),
	(383, NULL, '12', NULL, '2022-08-22', 509, 383, NULL),
	(384, NULL, '1234', NULL, '2022-08-22', 510, 384, NULL),
	(385, NULL, '12', NULL, '2022-08-22', 511, 385, NULL),
	(386, NULL, '1\n2\n', NULL, '2022-08-22', 512, 386, NULL),
	(387, NULL, '1\n', NULL, '2022-08-22', 513, 387, NULL),
	(388, NULL, '', NULL, '2022-08-22', 514, 388, NULL),
	(389, NULL, '1\n2\n', NULL, '2022-08-22', 515, 389, NULL),
	(390, NULL, '1\n2\n', NULL, '2022-08-22', 516, 390, NULL),
	(391, NULL, '', NULL, '2022-08-22', 517, 391, NULL),
	(392, NULL, '1\n2\n', NULL, '2022-08-22', 518, 392, NULL),
	(393, NULL, '', NULL, '2022-08-22', 519, 393, NULL),
	(394, NULL, '', NULL, '2022-08-22', 301, 394, NULL),
	(395, NULL, '', NULL, '2022-08-22', 302, 395, NULL),
	(396, NULL, '', NULL, '2022-08-22', 303, 396, NULL),
	(397, NULL, '', NULL, '2022-08-22', 304, 397, NULL),
	(398, NULL, '', NULL, '2022-08-22', 305, 398, NULL),
	(399, NULL, '', NULL, '2022-08-22', 306, 399, NULL),
	(400, NULL, '', NULL, '2022-08-22', 307, 400, NULL),
	(401, NULL, '', NULL, '2022-08-22', 308, 401, NULL),
	(402, NULL, '123', NULL, '2022-08-23', 521, 402, NULL),
	(403, NULL, '12', NULL, '2022-08-23', 524, 403, NULL),
	(404, NULL, '12', NULL, '2022-08-23', 525, 404, NULL),
	(405, NULL, '12', NULL, '2022-08-23', 526, 405, NULL),
	(406, NULL, '12', NULL, '2022-08-23', 528, 406, NULL),
	(407, NULL, '123', NULL, '2022-08-23', 529, 407, NULL),
	(408, NULL, '12', NULL, '2022-08-23', 527, 408, NULL),
	(409, NULL, '12', NULL, '2022-08-23', 535, 409, NULL),
	(410, NULL, '12', NULL, NULL, 530, 410, NULL),
	(411, NULL, '123', NULL, NULL, 531, 411, NULL),
	(412, NULL, '12', NULL, NULL, 532, 412, NULL),
	(413, NULL, '123', NULL, NULL, 533, 413, NULL),
	(414, NULL, '123', NULL, NULL, 534, 414, NULL),
	(417, NULL, '123 ', NULL, '2022-01-01', 411, 417, NULL),
	(418, NULL, '12', NULL, '2022-01-01', 412, 418, NULL),
	(419, NULL, '', NULL, '2022-08-23', 536, 419, NULL),
	(420, NULL, '', NULL, NULL, 536, 420, NULL),
	(421, NULL, '', NULL, NULL, 537, 421, NULL),
	(422, NULL, '', NULL, NULL, 537, 422, NULL),
	(423, NULL, '', NULL, NULL, 537, 423, NULL),
	(424, NULL, '', NULL, NULL, 538, 424, NULL),
	(425, NULL, '', NULL, NULL, 538, 425, NULL),
	(426, NULL, '', NULL, NULL, 538, 426, NULL),
	(427, NULL, '', NULL, NULL, 539, 427, NULL),
	(428, NULL, '', NULL, NULL, 539, 428, NULL),
	(429, NULL, '', NULL, NULL, 540, 429, NULL),
	(430, NULL, '', NULL, NULL, 540, 430, NULL),
	(431, NULL, '', NULL, NULL, 541, 431, NULL),
	(432, NULL, '', NULL, NULL, 541, 432, NULL),
	(433, NULL, '12', NULL, '2022-08-23', 401, 433, NULL),
	(434, NULL, '1', NULL, '2022-08-23', 402, 434, NULL),
	(435, NULL, '2', NULL, '2022-08-23', 402, 435, NULL),
	(436, NULL, '3', NULL, '2022-08-23', 402, 436, NULL),
	(437, NULL, '', NULL, '2022-08-23', 403, 437, NULL),
	(438, NULL, '123', NULL, '2022-08-23', 404, 438, NULL),
	(439, NULL, '123', NULL, '2022-08-23', 405, 439, NULL),
	(440, NULL, '12', NULL, '2022-08-23', 406, 440, NULL),
	(441, NULL, '1', NULL, '2022-08-23', 415, 441, NULL),
	(442, NULL, '2', NULL, '2022-08-23', 415, 442, NULL),
	(443, NULL, '1', NULL, '2022-08-23', 416, 443, NULL),
	(444, NULL, '2', NULL, '2022-08-23', 416, 444, NULL),
	(445, NULL, '1', NULL, '2022-08-23', 417, 445, NULL),
	(446, NULL, '2', NULL, '2022-08-23', 417, 446, NULL),
	(447, NULL, '3', NULL, '2022-08-23', 417, 447, NULL),
	(448, NULL, '4', NULL, '2022-08-23', 417, 448, NULL),
	(449, NULL, '1', NULL, '2022-08-23', 418, 449, NULL),
	(450, NULL, '2', NULL, '2022-08-23', 418, 450, NULL),
	(451, NULL, '3', NULL, '2022-08-23', 418, 451, NULL),
	(452, NULL, '1', NULL, '2022-08-23', 419, 452, NULL),
	(453, NULL, '2', NULL, '2022-08-23', 419, 453, NULL),
	(454, NULL, '1', NULL, '2022-08-23', 420, 454, NULL),
	(455, NULL, '2', NULL, '2022-08-23', 420, 455, NULL),
	(456, NULL, '1', NULL, '2022-08-23', 421, 456, NULL),
	(457, NULL, '2', NULL, '2022-08-23', 421, 457, NULL),
	(458, NULL, '1', NULL, '2022-08-23', 422, 458, NULL),
	(459, NULL, '2', NULL, '2022-08-23', 422, 459, NULL),
	(460, NULL, '3', NULL, '2022-08-23', 422, 460, NULL),
	(461, NULL, '1', NULL, '2022-08-23', 423, 461, NULL),
	(462, NULL, '2', NULL, '2022-08-23', 423, 462, NULL),
	(463, NULL, '3', NULL, '2022-08-23', 423, 463, NULL),
	(464, NULL, '1', NULL, '2022-08-23', 424, 464, NULL),
	(465, NULL, '2', NULL, '2022-08-23', 424, 465, NULL),
	(466, NULL, '1', NULL, '2022-08-23', 425, 466, NULL),
	(467, NULL, '2', NULL, '2022-08-23', 425, 467, NULL),
	(468, NULL, '3', NULL, '2022-08-23', 425, 468, NULL),
	(469, NULL, '1', NULL, '2022-08-23', 426, 469, NULL),
	(470, NULL, '2', NULL, '2022-08-23', 426, 470, NULL),
	(471, NULL, '1', NULL, '2022-08-23', 427, 471, NULL),
	(472, NULL, '2', NULL, '2022-08-23', 427, 472, NULL),
	(473, NULL, '1', NULL, '2022-08-23', 428, 473, NULL),
	(474, NULL, '2', NULL, '2022-08-23', 428, 474, NULL),
	(475, NULL, '1', NULL, '2022-08-23', 429, 475, NULL),
	(476, NULL, '2', NULL, '2022-08-23', 429, 476, NULL),
	(477, NULL, '1', NULL, '2022-08-23', 430, 477, NULL),
	(478, NULL, '2', NULL, '2022-08-23', 430, 478, NULL),
	(479, NULL, '123', NULL, NULL, 542, 479, NULL),
	(480, NULL, '123', NULL, '2022-08-23', 543, 480, NULL),
	(481, NULL, '123.', NULL, NULL, 544, 481, NULL),
	(482, NULL, '1234', NULL, NULL, 545, 482, NULL),
	(483, NULL, '12.3', NULL, NULL, 546, 483, NULL),
	(484, NULL, '123.', NULL, NULL, 547, 484, NULL),
	(485, NULL, '123', NULL, NULL, 548, 485, NULL),
	(486, NULL, '123', NULL, NULL, 549, 486, NULL),
	(487, NULL, '123', NULL, NULL, 550, 487, NULL),
	(488, NULL, '123', NULL, NULL, 551, 488, NULL),
	(489, NULL, '123', NULL, NULL, 552, 489, NULL),
	(490, NULL, '123.', NULL, NULL, 553, 490, NULL),
	(491, NULL, '123', NULL, NULL, 554, 491, NULL),
	(492, NULL, '1234', NULL, NULL, 555, 492, NULL),
	(493, NULL, '123', NULL, NULL, 556, 493, NULL),
	(494, NULL, '12.3', NULL, NULL, 557, 494, NULL),
	(495, NULL, '123', NULL, NULL, 558, 495, NULL),
	(496, NULL, '123', NULL, NULL, 559, 496, NULL),
	(497, NULL, '123.', NULL, NULL, 560, 497, NULL),
	(498, NULL, '1', NULL, '2022-08-23', 561, 498, NULL),
	(499, NULL, '', NULL, '2022-08-23', 562, 499, NULL),
	(500, NULL, '', NULL, '2022-12-31', 563, 500, NULL),
	(501, NULL, '', NULL, '2022-08-23', 564, 501, NULL),
	(502, NULL, '1 3', NULL, '2022-08-23', 565, 502, NULL),
	(503, NULL, '', NULL, '2022-08-23', 566, 503, NULL),
	(504, NULL, '1234', NULL, '2022-08-23', 567, 504, NULL),
	(505, NULL, '12', NULL, '2022-08-23', 568, 505, NULL),
	(506, NULL, '1923\n', NULL, '2022-08-23', 569, 506, NULL),
	(507, NULL, '1\n2', NULL, '2022-08-23', 570, 507, NULL),
	(508, NULL, '', NULL, '2022-08-23', 571, 508, NULL),
	(509, NULL, '', NULL, '2022-08-23', 572, 509, NULL),
	(510, NULL, '1\n2', NULL, '2022-08-23', 573, 510, NULL),
	(511, NULL, '', NULL, '2022-08-23', 574, 511, NULL),
	(512, NULL, '', NULL, '2022-08-23', 575, 512, NULL),
	(513, NULL, '1 .2.', NULL, '2022-08-23', 576, 513, NULL),
	(514, NULL, '123', NULL, '2022-08-24', 589, 514, NULL),
	(515, NULL, '+ ', NULL, '2022-08-24', 588, 515, NULL),
	(516, NULL, '13', NULL, '2022-08-24', 594, 516, NULL),
	(517, NULL, '1.\n2.98%202265%\n3.15\n4.', NULL, '2022-08-24', 590, 517, NULL),
	(518, NULL, '123', NULL, '2022-08-24', 591, 518, NULL),
	(519, NULL, '123', NULL, '2022-08-24', 592, 519, NULL),
	(520, NULL, '123.', NULL, '2022-08-24', 593, 520, NULL),
	(521, NULL, '', NULL, '2022-08-24', 577, 521, NULL),
	(522, NULL, '12', NULL, '2022-08-24', 578, 522, NULL),
	(523, NULL, '12', NULL, '2022-08-24', 584, 523, NULL),
	(524, NULL, '123', NULL, '2022-08-24', 585, 524, NULL),
	(525, NULL, '123.', NULL, '2022-08-24', 586, 525, NULL),
	(526, NULL, '12', NULL, '2022-08-24', 587, 526, NULL),
	(527, NULL, '12', NULL, '2022-08-24', 595, 527, NULL),
	(528, NULL, '', NULL, '2022-08-24', 596, 528, NULL),
	(529, NULL, '', NULL, '2022-08-24', 597, 529, NULL),
	(530, NULL, '13', NULL, '2022-08-24', 598, 530, NULL),
	(531, NULL, '12', NULL, '2022-08-24', 599, 531, NULL),
	(532, NULL, '123', NULL, '2022-08-24', 600, 532, NULL),
	(533, NULL, '123.', NULL, '2022-08-24', 601, 533, NULL),
	(534, NULL, '1', NULL, '2022-08-24', 602, 534, NULL),
	(535, NULL, '', NULL, '2022-08-24', 603, 535, NULL),
	(536, NULL, '', NULL, '2022-08-24', 604, 536, NULL),
	(537, NULL, '12', NULL, '2022-08-24', 605, 537, NULL),
	(538, NULL, '', NULL, '2022-08-24', 606, 538, NULL),
	(539, NULL, '', NULL, '2022-08-24', 607, 539, NULL),
	(540, NULL, ',1.', NULL, '2022-08-24', 608, 540, NULL),
	(541, NULL, '', NULL, '2022-08-24', 609, 541, NULL),
	(542, NULL, '', NULL, '2022-08-24', 610, 542, NULL),
	(543, NULL, '', NULL, '2022-08-24', 611, 543, NULL),
	(544, NULL, '1234', NULL, '2022-08-24', 612, 544, NULL),
	(545, NULL, '', NULL, '2022-08-24', 613, 545, NULL),
	(546, NULL, '1', NULL, '2022-08-24', 614, 546, NULL),
	(547, NULL, '', NULL, '2022-08-24', 615, 547, NULL),
	(548, NULL, '1.2.', NULL, '2022-08-24', 616, 548, NULL),
	(549, NULL, '1', NULL, '2022-08-24', 617, 549, NULL),
	(550, NULL, '1.', NULL, '2022-08-24', 618, 550, NULL),
	(551, NULL, '1.2.KTV', NULL, '2022-08-24', 619, 551, NULL),
	(552, NULL, '', NULL, '2022-08-24', 620, 552, NULL),
	(553, NULL, '', NULL, '2022-08-24', 621, 553, NULL),
	(554, NULL, '', NULL, '2022-08-24', 622, 554, NULL),
	(555, NULL, '', NULL, '2022-08-24', 623, 555, NULL),
	(556, NULL, '', NULL, '2022-12-31', 624, 556, NULL),
	(557, NULL, '', NULL, '2022-12-31', 625, 557, NULL),
	(558, NULL, '1', NULL, '2022-08-24', 626, 558, NULL),
	(559, NULL, '12', NULL, '2022-08-24', 627, 559, NULL),
	(560, NULL, '', NULL, '2022-08-24', 628, 560, NULL),
	(561, NULL, '12', NULL, '2022-08-24', 629, 561, NULL),
	(562, NULL, '1LED23', NULL, '2022-08-24', 630, 562, NULL),
	(563, NULL, '', NULL, '2022-12-31', 631, 563, NULL),
	(564, NULL, '12', NULL, '2022-08-24', 632, 564, NULL),
	(565, NULL, '', NULL, '2022-08-24', 633, 565, NULL),
	(566, NULL, '12', NULL, '2022-08-24', 634, 566, NULL),
	(567, NULL, '12', NULL, '2022-08-24', 635, 567, NULL),
	(568, NULL, '123', NULL, '2022-08-24', 636, 568, NULL),
	(569, NULL, '123', NULL, '2022-08-24', 637, 569, NULL),
	(570, NULL, '123', NULL, '2022-12-31', 638, 570, NULL),
	(571, NULL, '12', NULL, '2022-08-24', 639, 571, NULL),
	(572, NULL, '  ', NULL, '2022-08-24', 640, 572, NULL),
	(573, NULL, '', NULL, '2022-08-24', 641, 573, NULL),
	(574, NULL, '', NULL, '2022-08-24', 642, 574, NULL),
	(575, NULL, '', NULL, '2022-08-24', 643, 575, NULL),
	(576, NULL, '', NULL, '2022-08-24', 644, 576, NULL),
	(577, NULL, '', NULL, '2022-08-24', 645, 577, NULL),
	(578, NULL, '', NULL, NULL, 646, 578, NULL),
	(579, NULL, '12345', NULL, '2022-08-24', 647, 579, NULL),
	(580, NULL, '', NULL, '2022-08-24', 648, 580, NULL),
	(581, NULL, '', NULL, '2022-08-24', 649, 581, NULL),
	(582, NULL, '', NULL, NULL, 650, 582, NULL),
	(583, NULL, '', NULL, '2022-08-24', 651, 583, NULL),
	(584, NULL, '', NULL, '2022-08-24', 652, 584, NULL),
	(585, NULL, '', NULL, '2022-08-24', 653, 585, NULL),
	(586, NULL, '123', NULL, '2022-08-25', 654, 586, NULL),
	(587, NULL, '12', NULL, '2022-08-25', 655, 587, NULL),
	(588, NULL, '123', NULL, '2022-08-25', 656, 588, NULL),
	(589, NULL, '12,3,', NULL, '2022-08-25', 657, 589, NULL),
	(590, NULL, '12 ', NULL, '2022-08-25', 658, 590, NULL),
	(592, NULL, '12', NULL, NULL, 661, 592, NULL),
	(593, NULL, '123', NULL, NULL, 662, 593, NULL),
	(594, NULL, '12.8', NULL, NULL, 663, 594, NULL),
	(595, NULL, '12', NULL, NULL, 664, 595, NULL),
	(596, NULL, '12', NULL, NULL, 665, 596, NULL),
	(597, NULL, '123', NULL, '2022-08-25', 684, 597, NULL),
	(598, NULL, '123', NULL, '2022-08-25', 675, 598, NULL),
	(599, NULL, '123', NULL, NULL, 666, 599, NULL),
	(600, NULL, '12', NULL, '2022-08-25', 685, 600, NULL),
	(601, NULL, '12', NULL, '2022-08-25', 676, 601, NULL),
	(602, NULL, '', NULL, '2022-08-25', 686, 602, NULL),
	(603, NULL, '123.', NULL, NULL, 667, 603, NULL),
	(604, NULL, '1234', NULL, '2022-08-25', 690, 604, NULL),
	(605, NULL, '12', NULL, '2022-08-25', 677, 605, NULL),
	(606, NULL, '12', NULL, '2022-08-25', 678, 606, NULL),
	(607, NULL, '12', NULL, '2022-08-25', 687, 607, NULL),
	(608, NULL, '12', NULL, '2022-08-25', 679, 608, NULL),
	(609, NULL, '12', NULL, '2022-08-25', 691, 609, NULL),
	(610, NULL, '123', NULL, '2022-08-25', 688, 610, NULL),
	(611, NULL, '123', NULL, '2022-08-25', 680, 611, NULL),
	(612, NULL, '123', NULL, '2022-08-25', 689, 612, NULL),
	(613, NULL, '123', NULL, '2022-08-25', 692, 613, NULL),
	(614, NULL, '12', NULL, '2022-08-25', 681, 614, NULL),
	(615, NULL, '123', NULL, '2022-08-25', 693, 615, NULL),
	(616, NULL, '123', NULL, '2022-08-25', 682, 616, NULL),
	(617, NULL, '12', NULL, '2022-08-25', 694, 617, NULL),
	(618, NULL, '123.', NULL, '2022-08-25', 683, 618, NULL),
	(619, NULL, '12,,3.', NULL, '2022-08-25', 695, 619, NULL),
	(620, NULL, '123', NULL, '2022-08-25', 668, 620, NULL),
	(621, NULL, '12', NULL, '2022-08-25', 669, 621, NULL),
	(623, NULL, '1234', NULL, '2022-08-25', 697, 623, NULL),
	(625, NULL, '', NULL, '2022-08-25', 671, 625, NULL),
	(626, NULL, '\n', NULL, '2022-08-25', 672, 626, NULL),
	(627, NULL, '', NULL, '2022-08-25', 673, 627, NULL),
	(628, NULL, '', NULL, '2022-08-25', 674, 628, NULL),
	(629, NULL, '12.3', NULL, '2022-08-25', 703, 629, NULL),
	(630, NULL, '', NULL, '2022-08-25', 704, 630, NULL),
	(631, NULL, '.', NULL, '2022-08-25', 705, 631, NULL),
	(632, NULL, '123.', NULL, '2022-08-25', 710, 632, NULL),
	(633, NULL, '123', NULL, '2022-08-25', 706, 633, NULL),
	(634, NULL, '12', NULL, '2022-08-25', 707, 634, NULL),
	(635, NULL, '', NULL, '2022-08-25', 708, 635, NULL),
	(636, NULL, '123.', NULL, '2022-08-25', 709, 636, NULL),
	(637, NULL, '123\n', NULL, '2022-08-25', 711, 637, NULL),
	(638, NULL, '12.', NULL, '2022-08-25', 712, 638, NULL),
	(639, NULL, '123', NULL, '2022-08-25', 713, 639, NULL),
	(640, NULL, '12', NULL, '2022-08-25', 714, 640, NULL),
	(641, NULL, '', NULL, '2022-08-25', 715, 641, NULL),
	(642, NULL, '', NULL, '2022-08-25', 716, 642, NULL),
	(643, NULL, '123', NULL, '2022-08-25', 717, 643, NULL),
	(644, NULL, '123', NULL, '2022-08-25', 718, 644, NULL),
	(645, NULL, '123', NULL, '2022-08-25', 719, 645, NULL),
	(646, NULL, '12', NULL, '2022-08-25', 720, 646, NULL),
	(647, NULL, '12', NULL, '2022-08-25', 721, 647, NULL),
	(648, NULL, '12', NULL, '2022-08-25', 722, 648, NULL),
	(649, NULL, '123', NULL, '2022-08-25', 698, 649, NULL),
	(650, NULL, '123', NULL, '2022-08-25', 699, 650, NULL),
	(651, NULL, '123', NULL, '2022-08-25', 700, 651, NULL),
	(652, NULL, '12.', NULL, '2022-08-25', 701, 652, NULL),
	(653, NULL, '123.', NULL, '2022-08-25', 702, 653, NULL),
	(654, NULL, '123', NULL, '2022-08-25', 723, 654, NULL),
	(655, NULL, '123', NULL, '2022-08-25', 724, 655, NULL),
	(656, NULL, '12', NULL, '2022-08-25', 725, 656, NULL),
	(657, NULL, '123', NULL, '2022-08-25', 726, 657, NULL),
	(658, NULL, '', NULL, '2022-08-25', 727, 658, NULL),
	(659, NULL, '123.', NULL, '2022-08-25', 728, 659, NULL),
	(660, NULL, '123', NULL, '2022-08-25', 729, 660, NULL),
	(661, NULL, '123', NULL, NULL, 730, 661, NULL),
	(662, NULL, '123', NULL, NULL, 731, 662, NULL),
	(663, NULL, '123', NULL, NULL, 732, 663, NULL),
	(664, NULL, '123', NULL, NULL, 733, 664, NULL),
	(665, NULL, '123', NULL, NULL, 734, 665, NULL),
	(666, NULL, '123', NULL, NULL, 735, 666, NULL),
	(667, NULL, '1234', NULL, NULL, 736, 667, NULL),
	(668, NULL, '123', NULL, NULL, 737, 668, NULL),
	(669, NULL, '123', NULL, NULL, 738, 669, NULL),
	(670, NULL, '123', NULL, NULL, 739, 670, NULL),
	(673, NULL, '1', NULL, '2022-08-25', 742, 673, NULL),
	(674, NULL, '2', NULL, '2022-08-25', 742, 674, NULL),
	(675, NULL, '1', NULL, '2022-08-25', 743, 675, NULL),
	(676, NULL, '2', NULL, '2022-08-25', 743, 676, NULL),
	(677, NULL, '3', NULL, '2022-08-25', 743, 677, NULL),
	(678, NULL, '1', NULL, '2022-08-25', 744, 678, NULL),
	(679, NULL, '2,', NULL, '2022-08-25', 744, 679, NULL),
	(680, NULL, '3', NULL, '2022-08-25', 744, 680, NULL),
	(681, NULL, '1', NULL, '2022-08-25', 745, 681, NULL),
	(682, NULL, '2', NULL, '2022-08-25', 745, 682, NULL),
	(683, NULL, '1', NULL, '2022-08-25', 746, 683, NULL),
	(684, NULL, '2', NULL, '2022-08-25', 746, 684, NULL),
	(685, NULL, '3', NULL, '2022-08-25', 746, 685, NULL),
	(686, NULL, '1', NULL, '2022-08-25', 747, 686, NULL),
	(687, NULL, '2', NULL, '2022-08-25', 747, 687, NULL),
	(688, NULL, '1', NULL, '2022-08-25', 748, 688, NULL),
	(689, NULL, '2', NULL, '2022-08-25', 748, 689, NULL),
	(690, NULL, '1', NULL, '2022-08-25', 749, 690, NULL),
	(691, NULL, '23.', NULL, '2022-08-25', 749, 691, NULL),
	(692, NULL, '', NULL, '2022-08-25', 741, 692, NULL),
	(693, NULL, '2', NULL, '2022-08-25', 741, 693, NULL),
	(694, NULL, '3', NULL, '2022-08-25', 741, 694, NULL),
	(695, NULL, '123', NULL, '2022-08-01', 750, 695, NULL),
	(696, NULL, '1', NULL, NULL, 751, 696, NULL),
	(697, NULL, '123', NULL, '2022-08-01', 752, 697, NULL),
	(698, NULL, '123', NULL, '2022-08-01', 753, 698, NULL),
	(699, NULL, '123', NULL, '2022-08-01', 754, 699, NULL),
	(700, NULL, '12', NULL, '2022-08-01', 755, 700, NULL),
	(701, NULL, '12345', NULL, '2022-08-26', 757, 701, NULL),
	(702, NULL, '123', NULL, '2022-08-26', 756, 702, NULL),
	(703, NULL, '123', NULL, '2022-08-26', 758, 703, NULL),
	(704, NULL, '12', NULL, '2022-12-31', 759, 704, NULL),
	(705, NULL, '123', NULL, '2022-08-26', 760, 705, NULL),
	(706, NULL, '123', NULL, '2022-08-26', 761, 706, NULL),
	(707, NULL, '1.2.3.', NULL, '2022-08-26', 762, 707, NULL),
	(708, NULL, '1.2', NULL, '2022-08-26', 763, 708, NULL),
	(709, NULL, '1.23', NULL, '2022-08-26', 764, 709, NULL),
	(710, NULL, '1.', NULL, '2022-08-26', 765, 710, NULL),
	(711, NULL, '123', NULL, '2022-08-01', 767, 711, NULL),
	(712, NULL, '1.2.', NULL, '2022-08-26', 766, 712, NULL),
	(713, NULL, '1234', NULL, '2022-08-01', 768, 713, NULL),
	(714, NULL, '12.3', NULL, '2022-08-01', 769, 714, NULL),
	(715, NULL, '1234', NULL, '2022-08-01', 770, 715, NULL),
	(716, NULL, '1.', NULL, '2022-08-26', 773, 716, NULL),
	(717, NULL, '123', NULL, '2022-08-01', 771, 717, NULL),
	(718, NULL, '123.', NULL, '2022-08-01', 772, 718, NULL),
	(719, NULL, '123', NULL, '2022-08-01', 774, 719, NULL),
	(720, NULL, '12', NULL, '2022-08-01', 775, 720, NULL),
	(721, NULL, '12', NULL, '2022-08-01', 776, 721, NULL),
	(722, NULL, '12', NULL, '2022-08-01', 777, 722, NULL),
	(723, NULL, '12', NULL, '2022-08-01', 778, 723, NULL),
	(724, NULL, '1.2.', NULL, '2022-08-26', 779, 724, NULL),
	(725, NULL, '1.2.', NULL, '2022-08-26', 780, 725, NULL),
	(726, NULL, '1.2.3.', NULL, '2022-08-26', 781, 726, NULL),
	(727, NULL, '1.2.', NULL, '2022-08-26', 782, 727, NULL),
	(728, NULL, '1.2.', NULL, '2022-08-26', 783, 728, NULL),
	(729, NULL, '1.2', NULL, '2022-08-26', 784, 729, NULL),
	(730, NULL, '12', NULL, NULL, 792, 730, NULL),
	(731, NULL, '123', NULL, NULL, 793, 731, NULL),
	(732, NULL, '123', NULL, NULL, 794, 732, NULL),
	(733, NULL, '123', NULL, NULL, 795, 733, NULL),
	(734, NULL, '123', NULL, NULL, 796, 734, NULL),
	(735, NULL, '', NULL, NULL, 797, 735, NULL),
	(736, NULL, '1', NULL, '2022-08-01', 785, 736, NULL),
	(738, NULL, '1', NULL, '2022-08-01', 786, 738, NULL),
	(739, NULL, '2', NULL, '2022-08-01', 786, 739, NULL),
	(740, NULL, '3', NULL, '2022-08-01', 786, 740, NULL),
	(741, NULL, '1', NULL, '2022-08-01', 787, 741, NULL),
	(742, NULL, '2', NULL, '2022-08-01', 787, 742, NULL),
	(743, NULL, '1', NULL, '2022-08-01', 788, 743, NULL),
	(744, NULL, '2', NULL, '2022-08-01', 788, 744, NULL),
	(745, NULL, '18', NULL, NULL, 789, 745, NULL),
	(746, NULL, '2', NULL, NULL, 789, 746, NULL),
	(747, NULL, '1', NULL, '2022-08-01', 790, 747, NULL),
	(748, NULL, '2', NULL, '2022-08-01', 790, 748, NULL),
	(749, NULL, '1', NULL, '2022-08-01', 791, 749, NULL),
	(750, NULL, '2', NULL, '2022-08-01', 791, 750, NULL),
	(751, NULL, '12', NULL, '2022-08-26', 798, 751, NULL),
	(752, NULL, '12', NULL, '2022-08-26', 799, 752, NULL),
	(753, NULL, '123', NULL, '2022-08-26', 800, 753, NULL),
	(754, NULL, '12.3', NULL, '2022-08-26', 801, 754, NULL),
	(755, NULL, '123', NULL, '2022-08-26', 802, 755, NULL),
	(756, NULL, '123', NULL, '2022-08-26', 803, 756, NULL),
	(757, NULL, '123.', NULL, '2022-08-26', 804, 757, NULL),
	(758, NULL, '1\n', NULL, '2022-08-26', 805, 758, NULL),
	(759, NULL, '2', NULL, '2022-08-26', 805, 759, NULL),
	(760, NULL, '\n1', NULL, '2022-08-26', 806, 760, NULL),
	(761, NULL, '2\n', NULL, '2022-08-26', 806, 761, NULL),
	(762, NULL, '1', NULL, '2022-08-26', 807, 762, NULL),
	(763, NULL, '2', NULL, '2022-08-26', 807, 763, NULL),
	(764, NULL, '1\n', NULL, '2022-08-26', 808, 764, NULL),
	(765, NULL, '2\n', NULL, '2022-08-26', 808, 765, NULL),
	(766, NULL, '3', NULL, '2022-08-26', 808, 766, NULL),
	(767, NULL, '1\n', NULL, '2022-08-26', 809, 767, NULL),
	(768, NULL, '2', NULL, '2022-08-26', 809, 768, NULL),
	(769, NULL, '1', NULL, '2022-08-26', 810, 769, NULL),
	(770, NULL, '2', NULL, '2022-08-26', 810, 770, NULL),
	(771, NULL, '2', NULL, '2022-12-31', 785, 771, NULL),
	(772, NULL, '118\n2', NULL, '2022-08-27', 811, 772, NULL),
	(776, NULL, '\n2', NULL, '2022-08-27', 817, 776, NULL),
	(777, NULL, '12\n', NULL, '2022-08-27', 818, 777, NULL),
	(778, NULL, '\n\n3\n', NULL, '2022-08-27', 819, 778, NULL),
	(779, NULL, '\n\n3\n', NULL, '2022-08-27', 815, 779, NULL),
	(780, NULL, '152423', NULL, '2022-08-29', 820, 780, NULL),
	(781, NULL, '123', NULL, NULL, 821, 781, NULL),
	(782, NULL, '12', NULL, '2022-08-29', 822, 782, NULL),
	(783, NULL, '', NULL, '2022-08-29', 823, 783, NULL),
	(784, NULL, '123', NULL, '2022-08-29', 824, 784, NULL),
	(785, NULL, '123', NULL, '2022-08-29', 825, 785, NULL),
	(786, NULL, '1234', NULL, '2022-08-29', 826, 786, NULL),
	(787, NULL, '123', NULL, '2022-08-29', 827, 787, NULL),
	(788, NULL, '123', NULL, '2022-08-29', 828, 788, NULL),
	(789, NULL, '12,3,', NULL, '2022-08-29', 829, 789, NULL),
	(790, NULL, '123.', NULL, '2022-08-29', 831, 790, NULL),
	(791, NULL, '12 ', NULL, '2022-08-29', 830, 791, NULL),
	(792, NULL, '12', NULL, '2022-08-29', 838, 792, NULL),
	(793, NULL, '12', NULL, '2022-08-29', 839, 793, NULL),
	(794, NULL, '1', NULL, '2022-08-29', 840, 794, NULL),
	(795, NULL, '23', NULL, '2022-08-29', 841, 795, NULL),
	(796, NULL, '12', NULL, '2022-08-29', 842, 796, NULL),
	(797, NULL, '12,,3.', NULL, '2022-08-29', 843, 797, NULL),
	(798, NULL, '123', NULL, '2022-08-29', 849, 798, NULL),
	(799, NULL, '123', NULL, '2022-08-29', 848, 799, NULL),
	(800, NULL, '12', NULL, '2022-08-29', 847, 800, NULL),
	(801, NULL, '123', NULL, '2022-08-29', 846, 801, NULL),
	(802, NULL, '12.', NULL, '2022-08-29', 845, 802, NULL),
	(803, NULL, '23', NULL, '2022-08-29', 844, 803, NULL),
	(804, NULL, '', NULL, '2022-08-29', 850, 804, NULL),
	(805, NULL, '.', NULL, '2022-08-29', 851, 805, NULL),
	(806, NULL, '23', NULL, '2022-08-29', 852, 806, NULL),
	(807, NULL, '2', NULL, '2022-08-29', 853, 807, NULL),
	(808, NULL, '', NULL, '2022-08-29', 854, 808, NULL),
	(809, NULL, '23.', NULL, '2022-08-29', 855, 809, NULL),
	(811, NULL, '1234', NULL, NULL, 864, 811, NULL),
	(812, NULL, '123', NULL, NULL, 865, 812, NULL),
	(813, NULL, '1234', NULL, NULL, 866, 813, NULL),
	(814, NULL, '123', NULL, NULL, 867, 814, NULL),
	(815, NULL, '123', NULL, '2022-08-29', 868, 815, NULL),
	(816, NULL, '123', NULL, '2022-08-29', 869, 816, NULL),
	(817, NULL, '123', NULL, '2022-08-29', 870, 817, NULL),
	(818, NULL, '1.23', NULL, '2022-08-29', 871, 818, NULL),
	(819, NULL, '12', NULL, '2022-08-29', 872, 819, NULL),
	(820, NULL, '', NULL, '2022-08-29', 873, 820, NULL),
	(821, NULL, '123.', NULL, '2022-08-29', 874, 821, NULL),
	(822, NULL, '1234', NULL, '2022-08-29', 875, 822, NULL),
	(823, NULL, '123', NULL, '2022-08-29', 876, 823, NULL),
	(824, NULL, '123', NULL, '2022-08-29', 877, 824, NULL),
	(825, NULL, '123', NULL, '2022-08-29', 878, 825, NULL),
	(826, NULL, '123', NULL, '2022-08-29', 879, 826, NULL),
	(827, NULL, '123', NULL, NULL, 880, 827, NULL),
	(828, NULL, '1234', NULL, '2022-08-29', 882, 828, NULL),
	(829, NULL, '123', NULL, '2022-08-29', 883, 829, NULL),
	(830, NULL, '1234', NULL, NULL, 884, 830, NULL),
	(831, NULL, '1234', NULL, '2022-08-29', 885, 831, NULL),
	(832, NULL, '123', NULL, '2022-08-29', 886, 832, NULL),
	(833, NULL, '1234', NULL, '2022-08-29', 887, 833, NULL),
	(834, NULL, '1234', NULL, '2022-08-29', 888, 834, NULL),
	(835, NULL, '123\n', NULL, '2022-08-29', 889, 835, NULL),
	(836, NULL, '123\n', NULL, '2022-08-29', 890, 836, NULL),
	(837, NULL, '123', NULL, '2022-08-29', 891, 837, NULL),
	(838, NULL, '123', NULL, '2022-08-29', 892, 838, NULL),
	(839, NULL, '123', NULL, '2022-08-29', 893, 839, NULL),
	(840, NULL, '123', NULL, '2022-08-29', 894, 840, NULL),
	(841, NULL, '123\n', NULL, '2022-08-29', 895, 841, NULL),
	(842, NULL, '\n', NULL, '2022-08-29', 896, 842, NULL),
	(843, NULL, '123', NULL, '2022-08-29', 897, 843, NULL),
	(844, NULL, '1234', NULL, '2022-08-29', 898, 844, NULL),
	(845, NULL, '', NULL, '2022-08-30', 899, 845, NULL),
	(846, NULL, '', NULL, '2022-08-30', 901, 846, NULL),
	(847, NULL, '', NULL, '2022-08-30', 902, 847, NULL),
	(848, NULL, '', NULL, '2022-08-30', 903, 848, NULL),
	(849, NULL, '', NULL, '2022-08-01', 908, 849, NULL),
	(851, NULL, '', NULL, '2022-08-01', 904, 851, NULL),
	(852, NULL, '', NULL, '2022-08-01', 905, 852, NULL),
	(853, NULL, '', NULL, '2022-08-01', 906, 853, NULL),
	(854, NULL, '', NULL, '2022-08-01', 907, 854, NULL),
	(855, NULL, '', NULL, '2022-08-01', 188, 855, NULL),
	(856, NULL, '', NULL, '2022-08-01', 189, 856, NULL),
	(857, NULL, '', NULL, NULL, 190, 857, NULL),
	(858, NULL, '', NULL, '2022-08-01', 192, 858, NULL),
	(859, NULL, '', NULL, '2022-08-01', 193, 859, NULL),
	(860, NULL, '', NULL, '2022-08-30', 910, 860, NULL),
	(861, NULL, '', NULL, '2022-08-30', 911, 861, NULL),
	(862, NULL, '', NULL, '2022-08-30', 912, 862, NULL),
	(863, NULL, '', NULL, '2022-08-30', 913, 863, NULL),
	(864, NULL, '1\n2\n3\n', NULL, '2022-08-30', 914, 864, NULL),
	(865, NULL, '1\n2', NULL, '2022-08-30', 915, 865, NULL),
	(866, NULL, '1\n2\n', NULL, '2022-08-30', 916, 866, NULL),
	(867, NULL, '1 \n2 \n', NULL, '2022-08-30', 917, 867, NULL),
	(868, NULL, '1 \n2 \n', NULL, '2022-08-30', 918, 868, NULL),
	(869, NULL, '123', NULL, '2022-09-01', 919, 869, NULL),
	(870, NULL, '', NULL, '2022-08-30', 925, 870, NULL),
	(871, NULL, '1234', NULL, '2022-09-01', 920, 871, NULL),
	(872, NULL, '1 \n2 \n', NULL, '2022-08-30', 926, 872, NULL),
	(873, NULL, '123', NULL, '2022-09-01', 921, 873, NULL),
	(874, NULL, '12', NULL, '2022-09-01', 922, 874, NULL),
	(875, NULL, '123', NULL, '2022-09-01', 923, 875, NULL),
	(876, NULL, '', NULL, '2022-08-30', 927, 876, NULL),
	(877, NULL, '123', NULL, '2022-09-01', 924, 877, NULL),
	(878, NULL, '', NULL, '2022-08-30', 928, 878, NULL),
	(879, NULL, '1.2.3.', NULL, '2022-09-01', 929, 879, NULL),
	(880, NULL, '1.2', NULL, '2022-09-01', 930, 880, NULL),
	(881, NULL, '1.2', NULL, '2022-09-01', 931, 881, NULL),
	(882, NULL, '1.', NULL, '2022-09-01', 932, 882, NULL),
	(883, NULL, '1.2.', NULL, '2022-09-01', 933, 883, NULL),
	(884, NULL, '123', NULL, '2022-09-01', 934, 884, NULL),
	(885, NULL, '1\n2\n3', NULL, '2022-09-01', 936, 885, NULL),
	(886, NULL, '1\n2\n3', NULL, '2022-09-01', 937, 886, NULL),
	(887, NULL, '', NULL, '2022-08-30', 935, 887, NULL),
	(888, NULL, '1\n2.3', NULL, '2022-09-01', 938, 888, NULL),
	(889, NULL, '1\n2', NULL, '2022-09-01', 939, 889, NULL),
	(890, NULL, '', NULL, '2022-08-30', 942, 890, NULL),
	(891, NULL, '1\n2\n3', NULL, '2022-09-01', 940, 891, NULL),
	(892, NULL, '1\n2\n3.', NULL, '2022-09-01', 941, 892, NULL),
	(893, NULL, '', NULL, '2022-08-30', 943, 893, NULL),
	(894, NULL, '', NULL, '2022-08-30', 944, 894, NULL),
	(895, NULL, '', NULL, '2022-08-30', 945, 895, NULL),
	(896, NULL, '', NULL, '2022-08-30', 946, 896, NULL),
	(897, NULL, '', NULL, '2022-08-30', 947, 897, NULL),
	(898, NULL, '1\n2\n3\n', NULL, '2022-08-30', 948, 898, NULL),
	(899, NULL, '12,,,3', NULL, '2022-09-01', 949, 899, NULL),
	(900, NULL, '12 33 ', NULL, '2022-09-01', 950, 900, NULL),
	(901, NULL, '123', NULL, '2022-09-01', 951, 901, NULL),
	(902, NULL, '12', NULL, '2022-09-01', 952, 902, NULL),
	(903, NULL, '123', NULL, '2022-09-01', 953, 903, NULL),
	(904, NULL, '123.', NULL, '2022-09-01', 954, 904, NULL),
	(905, NULL, '1\n2\n3', NULL, '2022-08-30', 956, 905, NULL),
	(906, NULL, '1\n2\n', NULL, '2022-08-30', 957, 906, NULL),
	(907, NULL, ' ', NULL, '2022-08-30', 958, 907, NULL),
	(908, NULL, '', NULL, '2022-08-30', 959, 908, NULL),
	(909, NULL, '', NULL, '2022-08-30', 960, 909, NULL),
	(910, NULL, '1\n2\n3\n4\n', NULL, '2022-08-30', 961, 910, NULL),
	(911, NULL, '1\n2\n3\n', NULL, '2022-08-30', 967, 911, NULL),
	(912, NULL, '1\n2\n3\n', NULL, '2022-08-30', 968, 912, NULL),
	(913, NULL, '1\n2\n3\n', NULL, '2022-08-30', 969, 913, NULL),
	(914, NULL, '1\n2\n3\n', NULL, '2022-08-30', 989, 914, NULL),
	(915, NULL, '1\n2\n3\n', NULL, '2022-08-30', 990, 915, NULL),
	(916, NULL, '1234', NULL, '2022-08-30', 991, 916, NULL),
	(917, NULL, '', NULL, '2022-08-30', 994, 917, NULL),
	(918, NULL, '1\n2\n3 \n', NULL, '2022-08-30', 1000, 918, NULL),
	(919, NULL, '', NULL, '2022-08-30', 1001, 919, NULL),
	(920, NULL, '', NULL, '2022-08-30', 1008, 920, NULL),
	(921, NULL, '', NULL, '2022-08-30', 1009, 921, NULL),
	(922, NULL, '12', NULL, '2022-08-31', 1010, 922, NULL),
	(923, NULL, '', NULL, '2022-08-31', 1011, 923, NULL),
	(924, NULL, '2', NULL, '2022-08-31', 1012, 924, NULL),
	(925, NULL, '12', NULL, '2022-08-31', 1013, 925, NULL),
	(926, NULL, ' ', NULL, '2022-08-31', 1014, 926, NULL),
	(927, NULL, '', NULL, '2022-08-31', 1015, 927, NULL),
	(928, NULL, '', NULL, '2022-08-31', 1016, 928, NULL),
	(929, NULL, '', NULL, '2022-08-31', 1024, 929, NULL),
	(930, NULL, '".', NULL, '2022-08-31', 1017, 930, NULL),
	(931, NULL, '', NULL, '2022-08-31', 1023, 931, NULL),
	(932, NULL, '', NULL, '2022-08-31', 1025, 932, NULL),
	(933, NULL, '12', NULL, '2022-08-31', 1018, 933, NULL),
	(934, NULL, '', NULL, '2022-08-31', 1026, 934, NULL),
	(935, NULL, '12', NULL, '2022-08-31', 1019, 935, NULL),
	(936, NULL, '123', NULL, '2022-08-31', 1020, 936, NULL),
	(937, NULL, '123', NULL, '2022-08-31', 1021, 937, NULL),
	(938, NULL, '123', NULL, '2022-08-31', 1022, 938, NULL),
	(939, NULL, '123', NULL, '2022-08-31', 1027, 939, NULL),
	(940, NULL, '1\n2\n3\n4\n', NULL, '2022-08-31', 955, 940, NULL),
	(941, NULL, '', NULL, '2022-08-31', 1028, 941, NULL),
	(942, NULL, '', NULL, '2022-08-31', 1029, 942, NULL),
	(943, NULL, '', NULL, '2022-08-31', 1030, 943, NULL),
	(944, NULL, '', NULL, '2022-08-31', 1031, 944, NULL),
	(945, NULL, ' ', NULL, '2022-08-31', 1032, 945, NULL),
	(946, NULL, '', NULL, '2022-08-31', 1033, 946, NULL),
	(947, NULL, '', NULL, '2022-08-31', 1034, 947, NULL),
	(948, NULL, '12', NULL, '2022-08-31', 1036, 948, NULL),
	(949, NULL, '123', NULL, '2022-08-31', 1037, 949, NULL),
	(950, NULL, '123', NULL, '2022-08-31', 1038, 950, NULL),
	(951, NULL, '123', NULL, '2022-08-31', 1039, 951, NULL),
	(952, NULL, '123', NULL, '2022-08-31', 1040, 952, NULL),
	(953, NULL, '123', NULL, '2022-08-31', 1041, 953, NULL),
	(954, NULL, '12', NULL, '2022-08-31', 1043, 954, NULL),
	(955, NULL, '', NULL, '2022-08-31', 1042, 955, NULL),
	(956, NULL, '123', NULL, '2022-08-31', 1044, 956, NULL),
	(957, NULL, '', NULL, '2022-08-31', 1045, 957, NULL),
	(958, NULL, '123', NULL, '2022-08-31', 1046, 958, NULL),
	(959, NULL, '', NULL, '2022-08-31', 1047, 959, NULL),
	(960, NULL, '', NULL, '2022-08-31', 1048, 960, NULL),
	(961, NULL, '', NULL, '2022-08-31', 1049, 961, NULL),
	(962, NULL, '', NULL, NULL, 1050, 962, NULL),
	(963, NULL, '', NULL, '2022-08-31', 1051, 963, NULL),
	(964, NULL, '', NULL, '2022-08-31', 1052, 964, NULL),
	(965, NULL, '123.', NULL, '2022-08-31', 1053, 965, NULL),
	(966, NULL, '23', NULL, '2022-08-31', 1054, 966, NULL),
	(967, NULL, '', NULL, '2022-08-31', 1061, 967, NULL),
	(970, NULL, '1.2.', NULL, '2022-08-31', 1062, 970, NULL),
	(971, NULL, '1.2.3.', NULL, '2022-08-31', 1063, 971, NULL),
	(972, NULL, '1.;', NULL, '2022-08-31', 1064, 972, NULL),
	(973, NULL, '1.2.3.', NULL, '2022-08-31', 1065, 973, NULL),
	(974, NULL, '1.23.4.', NULL, '2022-08-31', 1066, 974, NULL),
	(975, NULL, '1.2.;3.', NULL, '2022-08-31', 1067, 975, NULL),
	(976, NULL, '1.2.', NULL, '2022-09-01', 1068, 976, NULL),
	(977, NULL, '1.2.', NULL, '2022-09-01', 1069, 977, NULL),
	(978, NULL, '1.2.', NULL, '2022-09-01', 1071, 978, NULL),
	(979, NULL, '1.2.3.', NULL, '2022-09-01', 1070, 979, NULL),
	(980, NULL, '1.2.', NULL, '2022-09-01', 1072, 980, NULL),
	(981, NULL, '1.2', NULL, '2022-09-01', 1073, 981, NULL),
	(982, NULL, '', NULL, '2022-09-01', 1078, 986, NULL),
	(983, NULL, 'A/B', NULL, '2022-09-01', 1080, 987, NULL),
	(984, NULL, '', NULL, '2022-09-01', 1079, 988, NULL),
	(985, NULL, '12', NULL, '2022-09-01', 1081, 989, NULL),
	(986, NULL, '123', NULL, '2022-09-01', 1082, 990, NULL),
	(987, '-null', '', NULL, '2022-09-01', 962, 991, NULL),
	(988, NULL, '', NULL, '2022-09-01', 963, 992, NULL),
	(989, NULL, '', NULL, '2022-09-01', 963, 993, NULL),
	(990, NULL, '', NULL, '2022-09-01', 963, 994, NULL),
	(991, NULL, '', NULL, '2022-09-01', 964, 995, NULL),
	(992, NULL, '', NULL, '2022-09-01', 964, 996, NULL),
	(993, NULL, '', NULL, '2022-09-01', 964, 997, NULL),
	(994, NULL, '', NULL, '2022-09-01', 965, 998, NULL),
	(995, NULL, '', NULL, '2022-09-01', 965, 999, NULL),
	(996, NULL, '', NULL, '2022-09-01', 966, 1000, NULL),
	(997, NULL, '1\n2', NULL, '2022-09-01', 1084, 1001, NULL),
	(998, NULL, '1\n2\n3', NULL, '2022-09-01', 1083, 1002, NULL),
	(999, NULL, '1 \n2 ', NULL, '2022-09-01', 1085, 1003, NULL),
	(1000, NULL, '1 \n2 ', NULL, '2022-09-01', 1086, 1004, NULL),
	(1001, NULL, '', NULL, '2022-09-01', 1087, 1005, NULL),
	(1002, NULL, '1 \n2 ', NULL, '2022-09-01', 1088, 1006, NULL),
	(1003, NULL, '', NULL, '2022-09-01', 1089, 1007, NULL),
	(1004, NULL, '".', NULL, '2022-09-01', 1090, 1008, NULL),
	(1005, NULL, '', NULL, '2022-09-01', 1091, 1009, NULL),
	(1006, NULL, '1234', NULL, '2022-09-01', 1092, 1010, NULL),
	(1007, '-null', '1\n2\n3 ', NULL, '2022-09-01', 1093, 1011, NULL),
	(1008, NULL, '', NULL, '2022-09-01', 1094, 1012, NULL),
	(1009, '-null', '', NULL, '2022-09-01', 1095, 1013, NULL),
	(1010, NULL, '', NULL, '2022-09-01', 1096, 1014, NULL),
	(1011, NULL, '', NULL, '2022-09-01', 1097, 1015, NULL),
	(1012, NULL, '1\n2\n3', NULL, '2022-09-01', 1098, 1016, NULL),
	(1013, NULL, '1\n2', NULL, '2022-09-01', 1099, 1017, NULL),
	(1014, NULL, '1 \n2 ', NULL, '2022-09-01', 1100, 1018, NULL),
	(1015, NULL, '1 \n2 ', NULL, '2022-09-01', 1101, 1019, NULL),
	(1016, '-null', '', NULL, '2022-09-01', 1102, 1020, NULL),
	(1017, NULL, '1 \n2 ', NULL, '2022-09-01', 1103, 1021, NULL),
	(1018, NULL, '', NULL, '2022-09-01', 1104, 1022, NULL),
	(1019, NULL, '1.\n2.\n3.', NULL, '2022-09-02', 1075, 1023, NULL),
	(1020, '-null', '', NULL, '2022-09-02', 1055, 1028, NULL),
	(1021, NULL, '', NULL, '2022-09-02', 1056, 1029, NULL),
	(1022, '-null', '', NULL, '2022-09-02', 1057, 1030, NULL),
	(1023, NULL, '12', NULL, '2022-09-02', 1058, 1031, NULL),
	(1024, NULL, '123', NULL, '2022-09-02', 1059, 1032, NULL),
	(1025, NULL, '123.', NULL, '2022-09-02', 1060, 1033, NULL),
	(1026, NULL, '', NULL, '2022-09-02', 1105, 1034, NULL),
	(1027, NULL, '', NULL, '2022-09-02', 1106, 1035, NULL),
	(1028, NULL, '', NULL, '2022-09-02', 1108, 1036, NULL),
	(1029, '-null', '1\n2\n3\n4', NULL, '2022-09-02', 1114, 1037, NULL),
	(1030, NULL, '', NULL, '2022-09-02', 1109, 1038, NULL),
	(1031, NULL, '', NULL, '2022-09-02', 1110, 1039, NULL),
	(1032, NULL, '', NULL, '2022-09-02', 1111, 1040, NULL),
	(1033, NULL, '', NULL, '2022-09-02', 1112, 1041, NULL),
	(1034, NULL, '1\n2\n3', NULL, '2022-09-09', 1113, 1042, NULL),
	(1035, NULL, '1\n2\n3', NULL, '2022-09-02', 1119, 1043, NULL),
	(1036, NULL, '1\n2\n3', NULL, '2022-09-02', 1120, 1044, NULL),
	(1037, NULL, '1\n2', NULL, '2022-09-02', 1121, 1045, NULL),
	(1038, NULL, ' ', NULL, '2022-09-02', 1122, 1046, NULL),
	(1039, NULL, '', NULL, '2022-09-02', 1123, 1047, NULL),
	(1040, NULL, '', NULL, '2022-09-02', 1124, 1048, NULL),
	(1041, NULL, '', NULL, '2022-09-02', 1125, 1049, NULL),
	(1042, NULL, '1\n2\n3', NULL, '2022-09-02', 1115, 1052, NULL),
	(1043, NULL, '', NULL, '2022-09-02', 1116, 1053, NULL),
	(1044, NULL, '', NULL, '2022-09-02', 1117, 1054, NULL),
	(1046, NULL, '', NULL, '2022-09-02', 1118, 1056, NULL),
	(1047, NULL, '1\n2\n3', NULL, '2022-09-02', 1127, 1057, NULL),
	(1048, NULL, '1\n2\n3', NULL, '2022-09-02', 1131, 1058, NULL),
	(1049, NULL, '1\n2\n3', NULL, '2022-09-02', 1132, 1059, NULL),
	(1050, NULL, '', NULL, '2022-09-02', 1133, 1060, NULL),
	(1051, NULL, '1 .\n2.\n3.', NULL, '2022-09-01', 1126, 1061, NULL),
	(1052, NULL, '4.', NULL, '2022-09-01', 1126, 1062, NULL),
	(1053, NULL, '5. \n6.', NULL, '2022-09-01', 1126, 1063, NULL),
	(1054, NULL, '7.\n8.\n9.', NULL, '2022-09-01', 1126, 1064, NULL),
	(1055, NULL, '1.\n2.', NULL, '2022-09-01', 1128, 1065, NULL),
	(1056, NULL, '3.', NULL, '2022-09-01', 1128, 1066, NULL),
	(1057, NULL, '1.\n2.\n3.', NULL, '2022-09-01', 1129, 1067, NULL),
	(1058, NULL, '4.\n5.', NULL, '2022-09-01', 1129, 1068, NULL),
	(1059, NULL, '1.\n2., ', NULL, '2022-09-01', 1130, 1069, NULL),
	(1060, NULL, '3.', NULL, '2022-09-01', 1130, 1070, NULL),
	(1061, NULL, '1\n2\n3', NULL, NULL, 1135, 1071, NULL),
	(1062, NULL, '1\n2\n3', NULL, NULL, 1136, 1072, NULL),
	(1063, NULL, '1\n2', NULL, NULL, 1137, 1073, NULL),
	(1064, NULL, '1\n2\n3', NULL, NULL, 1138, 1074, NULL),
	(1065, NULL, '1.2.3.', NULL, '2022-09-01', 1139, 1075, NULL),
	(1066, NULL, ' ,,,', NULL, '2022-09-01', 1140, 1076, NULL),
	(1067, NULL, '', NULL, '2022-09-01', 1141, 1077, NULL),
	(1068, NULL, '12', NULL, '2022-09-01', 1142, 1078, NULL),
	(1069, NULL, '1.2.3.', NULL, '2022-09-02', 982, 1079, NULL),
	(1070, NULL, '1.2.3.', NULL, '2022-09-02', 983, 1080, NULL),
	(1071, NULL, '1.2.603.', NULL, NULL, 984, 1081, NULL),
	(1072, NULL, '1.2.', NULL, '2022-09-02', 985, 1082, NULL),
	(1073, NULL, '1.2.', NULL, '2022-09-02', 986, 1083, NULL),
	(1074, NULL, '1', NULL, '2022-09-02', 987, 1084, NULL),
	(1075, NULL, '12', NULL, '2022-09-02', 988, 1085, NULL),
	(1076, NULL, '12', NULL, '2022-09-01', 992, 1086, NULL),
	(1077, NULL, '', NULL, '2022-09-01', 993, 1087, NULL),
	(1078, NULL, '', NULL, '2022-09-01', 995, 1088, NULL),
	(1079, '-null', '1\n', NULL, '2022-09-01', 996, 1089, NULL),
	(1080, NULL, '12', NULL, '2022-09-01', 997, 1090, NULL),
	(1081, NULL, '2', NULL, '2022-09-01', 998, 1091, NULL),
	(1082, NULL, '', NULL, '2022-09-01', 999, 1092, NULL),
	(1083, NULL, '1', NULL, '2022-09-01', 1002, 1093, NULL),
	(1084, NULL, '12', NULL, '2022-09-01', 1003, 1094, NULL),
	(1085, NULL, '\n', NULL, '2022-09-01', 978, 1095, NULL),
	(1086, NULL, '', NULL, '2022-09-01', 976, 1096, NULL),
	(1087, NULL, '', NULL, '2022-09-01', 977, 1097, NULL),
	(1088, NULL, '', NULL, '2022-09-01', 979, 1098, NULL),
	(1089, NULL, '23.', NULL, '2022-09-01', 1004, 1099, NULL),
	(1090, NULL, '12', NULL, '2022-09-01', 980, 1100, NULL),
	(1091, NULL, '23', NULL, '2022-09-01', 1005, 1101, NULL),
	(1092, NULL, '12', NULL, '2022-09-01', 981, 1102, NULL),
	(1093, NULL, '23456', NULL, '2022-09-01', 1006, 1103, NULL),
	(1094, NULL, '23', NULL, NULL, 1007, 1104, NULL),
	(1095, NULL, '1.\n2', NULL, '2022-09-01', 970, 1105, NULL),
	(1096, NULL, '', NULL, '2022-09-01', 971, 1106, NULL),
	(1097, NULL, '', NULL, '2022-09-01', 972, 1107, NULL),
	(1098, NULL, '', NULL, '2022-09-01', 973, 1108, NULL),
	(1099, NULL, '\n', NULL, '2022-09-01', 974, 1109, NULL),
	(1100, NULL, '', NULL, '2022-09-01', 975, 1110, NULL),
	(1101, NULL, '1234', NULL, '2022-09-02', 1148, 1111, NULL),
	(1102, NULL, '12', NULL, '2022-09-02', 1149, 1112, NULL),
	(1103, NULL, '', NULL, '2022-09-02', 1150, 1113, NULL),
	(1104, NULL, '2', NULL, '2022-09-02', 1143, 1114, NULL),
	(1105, NULL, '12', NULL, '2022-09-02', 1144, 1115, NULL),
	(1106, NULL, ' ', NULL, '2022-09-02', 1145, 1116, NULL),
	(1107, NULL, '', NULL, '2022-09-02', 1146, 1117, NULL),
	(1108, NULL, '', NULL, '2022-09-02', 1147, 1118, NULL),
	(1109, '-null', '', NULL, '2022-09-04', 1175, 1119, NULL),
	(1110, NULL, '1', NULL, '2022-09-04', 1153, 1120, NULL),
	(1111, NULL, '', NULL, '2022-09-04', 1154, 1121, NULL),
	(1112, NULL, '', NULL, '2022-09-04', 1155, 1122, NULL),
	(1113, NULL, '', NULL, '2022-09-04', 1156, 1123, NULL),
	(1114, NULL, '', NULL, '2022-09-04', 1157, 1124, NULL),
	(1115, NULL, '', NULL, '2022-09-04', 1158, 1125, NULL),
	(1116, '-null', '', NULL, '2022-09-04', 1159, 1126, NULL),
	(1117, NULL, '', NULL, '2022-09-04', 1182, 1127, NULL),
	(1118, NULL, '', NULL, '2022-09-04', 1160, 1128, NULL),
	(1119, NULL, '', NULL, '2022-09-04', 1183, 1129, NULL),
	(1120, NULL, '123.', NULL, '2022-09-04', 1161, 1130, NULL),
	(1121, NULL, '', NULL, '2022-09-04', 1184, 1131, NULL),
	(1122, NULL, '2', NULL, '2022-09-04', 1185, 1132, NULL),
	(1123, NULL, '', NULL, '2022-09-04', 1186, 1133, NULL),
	(1124, NULL, '123', NULL, '2022-09-04', 1162, 1134, NULL),
	(1125, NULL, '123', NULL, '2022-09-04', 1163, 1135, NULL),
	(1126, NULL, '123', NULL, '2022-09-04', 1164, 1136, NULL),
	(1127, NULL, '1223', NULL, '2022-09-04', 1165, 1137, NULL),
	(1128, NULL, '123', NULL, '2022-09-04', 1166, 1138, NULL),
	(1129, NULL, '12', NULL, '2022-09-04', 1167, 1139, NULL),
	(1130, NULL, '12', NULL, '2022-09-04', 1168, 1140, NULL),
	(1131, NULL, '1\n2\n', NULL, '2022-09-04', 1181, 1141, NULL),
	(1132, NULL, '1\n', NULL, '2022-09-04', 1187, 1142, NULL),
	(1133, NULL, '', NULL, '2022-09-04', 1188, 1143, NULL),
	(1134, NULL, '1\n2\n', NULL, '2022-09-04', 1189, 1144, NULL),
	(1135, NULL, '1\n2\n', NULL, '2022-09-04', 1190, 1145, NULL),
	(1136, '-null', '', NULL, '2022-09-04', 1191, 1146, NULL),
	(1137, NULL, '1\n2\n', NULL, '2022-09-04', 1192, 1147, NULL),
	(1138, NULL, '', NULL, '2022-09-04', 1193, 1148, NULL),
	(1139, NULL, '1\n2', NULL, '2022-09-04', 1194, 1149, NULL),
	(1140, NULL, '1\n2\n3', NULL, '2022-09-04', 1195, 1150, NULL),
	(1141, NULL, '1\n2\n3', NULL, '2022-09-04', 1196, 1151, NULL),
	(1142, NULL, '1\n2\n3', NULL, '2022-09-04', 1197, 1152, NULL),
	(1143, NULL, '1\n2\n3', NULL, '2022-09-04', 1198, 1153, NULL),
	(1144, NULL, '2', NULL, '2022-09-04', 1169, 1154, NULL),
	(1145, NULL, '123', NULL, '2022-09-04', 1170, 1155, NULL),
	(1146, NULL, '12', NULL, '2022-09-04', 1171, 1156, NULL),
	(1148, NULL, '123.', NULL, '2022-09-04', 1174, 1158, NULL),
	(1149, NULL, '23', NULL, '2022-09-04', 1173, 1159, NULL),
	(1150, NULL, '123', NULL, '2022-09-04', 1172, 1160, NULL),
	(1151, NULL, '', NULL, '2022-09-04', 1199, 1161, NULL),
	(1152, NULL, '', NULL, '2022-09-04', 1200, 1162, NULL),
	(1153, NULL, '', NULL, '2022-09-04', 1201, 1163, NULL),
	(1154, NULL, '', NULL, '2022-09-04', 1202, 1164, NULL),
	(1155, NULL, '', NULL, '2022-09-04', 1203, 1165, NULL),
	(1156, NULL, '', NULL, '2022-09-04', 1204, 1166, NULL),
	(1157, NULL, '', NULL, '2022-09-04', 1205, 1167, NULL),
	(1158, NULL, '', NULL, '2022-01-01', 1209, 1168, NULL),
	(1159, '-null', '', NULL, '2022-01-01', 1210, 1169, NULL),
	(1160, NULL, '', NULL, '2022-01-01', 1211, 1170, NULL),
	(1161, NULL, '', NULL, '2022-01-01', 1206, 1171, NULL),
	(1162, NULL, '', NULL, '2022-01-01', 1207, 1172, NULL),
	(1163, NULL, '', NULL, '2022-01-01', 1208, 1173, NULL),
	(1164, NULL, '', NULL, '2022-01-01', 1212, 1174, NULL),
	(1165, '-null', '', NULL, '2022-01-01', 1213, 1175, NULL),
	(1166, '-null', ' ', NULL, '2022-01-01', 1214, 1176, NULL),
	(1167, NULL, '', NULL, NULL, 1215, 1177, NULL),
	(1168, NULL, '', NULL, NULL, 1216, 1178, NULL),
	(1169, NULL, '', NULL, NULL, 1217, 1179, NULL);

INSERT INTO `fr_meeting` (`id`, `code`, `content`, `placement`, `start_time`, `status`, `type`, `user_id`) VALUES
	(1, 'HY001', '1. \n2. \n3. ', '', '2022-03-08 10:00:00.534000', 'FINISHED', '1', 1),
	(2, 'HY002', '1. \n2. \n3. ', '', '2022-07-22 14:58:03.239000', 'FINISHED', '1', 317),
	(3, 'HY003', '1. \n2. \n3. ', '', '2022-07-31 16:28:17.515000', 'FINISHED', '1', 324),
	(6, 'HY006', '1. \n2. \n3. ', '', '2022-08-05 15:28:24.771000', 'FINISHED', '1', 321),
	(11, 'HY009', '1. \n2. \n3. ', '', '2022-08-10 14:54:20.504000', 'FINISHED', '1', 320),
	(13, 'HY011', '1. \n2. \n3. ', '', '2022-08-03 08:33:27.233000', 'FINISHED', '1', 311),
	(14, 'HY012', '1. \n2. \n3. ', '', '2022-08-08 16:30:04.183000', 'FINISHED', '1', 329),
	(18, 'HY014', '1. \n2. \n3. ', '', '2022-08-08 14:19:18.578000', 'FINISHED', '1', 318),
	(19, 'HY015', '1. \n2. \n3. ', '', '2022-08-09 09:15:11.010000', 'FINISHED', '1', 325),
	(20, 'HY016', '1. \n2. \n3. ', '', '2022-08-08 09:28:34.106000', 'FINISHED', '1', 322),
	(21, 'HY001', '1. \n2. \n3. ', '', '2022-08-10 11:10:06.190000', 'FINISHED', '1', 306),
	(22, 'HY001', '1. \n2. \n3. ', '', '2022-08-09 15:07:06.331000', 'FINISHED', '1', 326),
	(23, 'HY001', '1. \n2. \n3. ', '', '2022-08-10 16:14:34.639000', 'FINISHED', '1', 315),
	(25, 'HY001', '1. \n2. \n3. ', '', '2022-08-12 16:18:57.528000', 'FINISHED', '1', 307),
	(27, 'HY001', '1. \n2. \n3. ', '', '2022-08-11 08:42:49.535000', 'FINISHED', '1', 343),
	(29, 'HY001', '1. \n2. \n3. \n', '', '2022-08-12 09:38:35.577000', 'FINISHED', '1', 319),
	(32, 'HY001', '1. \n2. \n3. ', '', '2022-08-11 09:31:16.299000', 'FINISHED', '1', 308),
	(33, 'HY001', '1. \n2. \n3. ', '', '2022-08-17 11:09:29.328000', 'FINISHED', '1', 342),
	(34, 'HY001', '1. \n2. \n3. ', '', '2022-08-12 14:12:39.771000', 'FINISHED', '1', 323),
	(35, 'HY001', '1. \n2. \n3. ', '', '2022-08-11 15:25:16.777000', 'FINISHED', '1', 312),
	(36, 'HY001', '1. \n2. \n3. ', '', '2022-08-13 20:40:55.851000', 'FINISHED', '1', 327),
	(37, 'HY001', '1. \n2. \n3. ', '', '2022-08-13 10:14:59.624000', 'NONE_REVIEW', '1', 316),
	(38, 'HY001', '1. \n2. \n3. ', '', '2022-08-15 10:55:49.422000', 'FINISHED', '1', 330),
	(39, 'HY001', '1. \n2. \n3. ', '', '2022-08-19 11:09:44.993000', 'FINISHED', '1', 310),
	(41, 'HY001', '1. \n2. \n3. ', '', '2022-08-18 08:23:00.424000', 'FINISHED', '1', 328),
	(44, 'HY001', '1. \n2. \n3. ', '', '2022-08-19 10:53:33.300000', 'FINISHED', '1', 313),
	(45, 'HY001', '1. \n2. \n3. ', '', '2022-08-19 12:26:11.449000', 'FINISHED', '1', 309),
	(47, 'HY001', '1. \n2. \n3. ', '', '2022-09-02 10:51:25.370000', 'REVIEWED', '1', 305);

INSERT INTO `fr_meeting_meeting_user` (`meeting_id`, `meeting_user_id`) VALUES
	(1, 1),
	(1, 2),
	(1, 3),
	(1, 4),
	(1, 5),
	(1, 6),
	(1, 7),
	(1, 8),
	(1, 9),
	(1, 10),
	(1, 11),
	(1, 12),
	(1, 13),
	(1, 14),
	(1, 15),
	(1, 16),
	(1, 17),
	(1, 18),
	(1, 19),
	(1, 20),
	(1, 21),
	(1, 22),
	(1, 28),
	(1, 29),
	(2, 207),
	(2, 208),
	(2, 209),
	(3, 324),
	(3, 335),
	(3, 267),
	(3, 268),
	(3, 269),
	(3, 270),
	(3, 271),
	(3, 272),
	(6, 321),
	(6, 332),
	(6, 250),
	(6, 251),
	(6, 252),
	(6, 253),
	(6, 254),
	(2, 317),
	(11, 320),
	(11, 331),
	(11, 242),
	(11, 243),
	(11, 244),
	(11, 245),
	(11, 246),
	(11, 247),
	(11, 248),
	(11, 249),
	(13, 143),
	(13, 145),
	(13, 311),
	(14, 329),
	(14, 340),
	(14, 293),
	(14, 294),
	(14, 296),
	(14, 295),
	(14, 297),
	(14, 298),
	(14, 299),
	(18, 318),
	(18, 215),
	(18, 346),
	(19, 325),
	(19, 336),
	(19, 273),
	(19, 274),
	(19, 275),
	(19, 276),
	(19, 277),
	(19, 278),
	(20, 322),
	(20, 333),
	(20, 256),
	(20, 257),
	(20, 258),
	(20, 259),
	(20, 260),
	(20, 255),
	(21, 40),
	(21, 41),
	(21, 42),
	(21, 44),
	(21, 45),
	(21, 46),
	(21, 306),
	(22, 337),
	(22, 279),
	(22, 280),
	(22, 281),
	(22, 282),
	(22, 344),
	(22, 345),
	(22, 226),
	(22, 326),
	(23, 315),
	(23, 202),
	(25, 307),
	(25, 48),
	(25, 49),
	(25, 50),
	(27, 343),
	(27, 187),
	(27, 186),
	(27, 188),
	(27, 191),
	(27, 192),
	(27, 193),
	(27, 194),
	(27, 195),
	(27, 196),
	(27, 197),
	(27, 198),
	(27, 199),
	(27, 200),
	(27, 201),
	(29, 319),
	(29, 236),
	(29, 239),
	(32, 308),
	(32, 75),
	(32, 76),
	(32, 77),
	(32, 78),
	(33, 342),
	(33, 134),
	(33, 139),
	(33, 135),
	(33, 136),
	(33, 137),
	(33, 138),
	(33, 140),
	(33, 141),
	(33, 142),
	(34, 323),
	(34, 334),
	(34, 261),
	(34, 262),
	(34, 263),
	(34, 264),
	(34, 265),
	(34, 266),
	(35, 156),
	(35, 158),
	(35, 165),
	(35, 312),
	(35, 155),
	(36, 327),
	(36, 338),
	(36, 283),
	(36, 284),
	(36, 285),
	(36, 286),
	(36, 287),
	(37, 203),
	(37, 204),
	(37, 205),
	(37, 206),
	(38, 330),
	(38, 341),
	(38, 300),
	(38, 301),
	(38, 302),
	(38, 303),
	(38, 304),
	(39, 310),
	(39, 116),
	(39, 117),
	(39, 118),
	(37, 316),
	(41, 328),
	(41, 339),
	(41, 288),
	(41, 289),
	(41, 290),
	(41, 291),
	(41, 292),
	(44, 313),
	(44, 172),
	(44, 173),
	(44, 174),
	(44, 176),
	(44, 175),
	(44, 177),
	(44, 178),
	(44, 179),
	(44, 180),
	(44, 181),
	(44, 182),
	(44, 183),
	(44, 184),
	(44, 185),
	(45, 309),
	(45, 98),
	(45, 99),
	(45, 100),
	(45, 101),
	(45, 102),
	(45, 103),
	(45, 105),
	(45, 106),
	(45, 107),
	(45, 108),
	(45, 109),
	(45, 110),
	(45, 111),
	(45, 112),
	(45, 114),
	(45, 115),
	(47, 305),
	(47, 30),
	(47, 31),
	(47, 104);

INSERT INTO `fr_meeting_sub_user` (`meeting_id`, `sub_user_id`) VALUES
	(16, 6),
	(21, 8),
	(23, 11),
	(25, 6),
	(27, 9),
	(32, 15),
	(33, 19),
	(39, 119),
	(39, 120),
	(39, 121),
	(39, 123),
	(39, 124),
	(39, 125),
	(39, 126),
	(39, 127),
	(39, 128),
	(39, 129),
	(39, 130),
	(39, 131),
	(39, 132),
	(39, 133),
	(44, 5);

INSERT INTO `fr_meeting_topic` (`id`, `create_time`, `status`, `meeting_id`, `user_id`) VALUES
	(1, '2022-06-22 09:25:25.743287', 'REVIEWED', 1, 2),
	(2, '2022-06-22 09:29:38.341030', 'REVIEWED', 1, 3),
	(3, '2022-06-22 09:32:17.458549', 'REVIEWED', 1, 4),
	(4, '2022-06-22 09:35:20.232671', 'REVIEWED', 1, 5),
	(5, '2022-06-22 09:37:47.976889', 'REVIEWED', 1, 6),
	(8, '2022-06-22 09:48:42.626897', 'REVIEWED', 1, 7),
	(9, '2022-06-22 09:53:56.881553', 'REVIEWED', 1, 8),
	(10, '2022-06-22 09:56:53.371732', 'REVIEWED', 1, 9),
	(11, '2022-06-22 10:00:18.093149', 'REVIEWED', 1, 10),
	(12, '2022-06-22 10:04:00.482007', 'REVIEWED', 1, 11),
	(13, '2022-06-22 10:06:25.733526', 'REVIEWED', 1, 12),
	(14, '2022-06-22 10:10:26.971789', 'REVIEWED', 1, 13),
	(15, '2022-06-22 10:12:57.058596', 'REVIEWED', 1, 14),
	(16, '2022-06-22 10:16:41.779079', 'REVIEWED', 1, 15),
	(17, '2022-06-22 10:18:50.317146', 'REVIEWED', 1, 16),
	(18, '2022-06-22 10:20:53.119294', 'REVIEWED', 1, 17),
	(19, '2022-06-22 10:22:46.547903', 'REVIEWED', 1, 18),
	(20, '2022-06-22 10:24:34.557985', 'REVIEWED', 1, 19),
	(21, '2022-06-22 10:26:28.599405', 'REVIEWED', 1, 20),
	(22, '2022-06-22 10:28:45.971753', 'REVIEWED', 1, 21),
	(23, '2022-07-21 16:03:18.308081', 'REVIEWED', 2, 207),
	(24, '2022-07-21 16:06:37.723352', 'REVIEWED', 2, 208),
	(25, '2022-07-21 16:08:28.565873', 'REVIEWED', 2, 209),
	(26, '2022-07-25 22:00:54.000000', 'REVIEWED', 1, 28),
	(28, '2022-07-26 16:55:44.349873', 'REVIEWED', 3, 268),
	(37, '2022-07-28 15:12:29.125562', 'REVIEWED', 3, 324),
	(38, '2022-07-28 16:48:11.508691', 'REVIEWED', 3, 335),
	(39, '2022-07-29 17:35:07.455571', 'REVIEWED', 3, 269),
	(40, '2022-07-29 17:39:18.370540', 'REVIEWED', 3, 271),
	(41, '2022-07-29 17:40:38.221964', 'REVIEWED', 3, 272),
	(42, '2022-07-29 17:49:10.111915', 'REVIEWED', 3, 270),
	(44, '2022-08-01 11:38:10.899424', 'REVIEWED', 3, 267),
	(45, '2022-08-03 08:39:43.752969', 'REVIEWED', 13, 311),
	(46, '2022-08-03 08:41:36.403956', 'REVIEWED', 13, 145),
	(47, '2022-08-03 08:43:13.846148', 'REVIEWED', 13, 143),
	(53, '2022-08-03 14:59:20.251602', 'REVIEWED', 6, 321),
	(54, '2022-08-03 15:12:43.992749', 'REVIEWED', 6, 332),
	(55, '2022-08-03 15:21:42.432676', 'REVIEWED', 6, 252),
	(57, '2022-08-03 15:32:25.020664', 'REVIEWED', 6, 254),
	(58, '2022-08-03 15:34:34.358972', 'REVIEWED', 6, 251),
	(59, '2022-08-03 16:07:55.856645', 'REVIEWED', 6, 253),
	(60, '2022-08-03 16:12:45.493076', 'REVIEWED', 6, 250),
	(61, '2022-08-04 09:27:58.526226', 'REVIEWED', 2, 317),
	(62, '2022-08-04 16:35:01.467134', 'REVIEWED', 14, 329),
	(63, '2022-08-04 16:37:16.102739', 'REVIEWED', 14, 340),
	(64, '2022-08-04 16:38:37.356250', 'REVIEWED', 14, 293),
	(65, '2022-08-04 16:40:15.757399', 'REVIEWED', 14, 294),
	(66, '2022-08-04 16:41:51.558609', 'REVIEWED', 14, 296),
	(67, '2022-08-04 16:43:17.002377', 'REVIEWED', 14, 295),
	(68, '2022-08-04 16:44:30.714275', 'REVIEWED', 14, 297),
	(69, '2022-08-04 16:45:39.905009', 'REVIEWED', 14, 298),
	(70, '2022-08-04 16:47:03.300929', 'REVIEWED', 14, 299),
	(73, '2022-08-05 15:22:35.963628', 'REVIEWED', 18, 346),
	(74, '2022-08-05 15:46:27.784098', 'REVIEWED', 18, 215),
	(75, '2022-08-05 16:13:23.999579', 'REVIEWED', 18, 318),
	(80, '2022-08-06 09:41:44.720743', 'REVIEWED', 20, 256),
	(81, '2022-08-06 09:42:16.628828', 'REVIEWED', 20, 257),
	(82, '2022-08-06 09:43:01.005041', 'REVIEWED', 20, 259),
	(83, '2022-08-06 09:43:27.056309', 'REVIEWED', 20, 258),
	(84, '2022-08-06 09:43:56.795997', 'REVIEWED', 20, 260),
	(85, '2022-08-06 09:44:26.178236', 'REVIEWED', 20, 333),
	(86, '2022-08-06 09:44:56.554015', 'REVIEWED', 20, 322),
	(87, '2022-08-06 09:45:57.215636', 'REVIEWED', 20, 255),
	(88, '2022-08-06 10:06:51.439846', 'REVIEWED', 19, 274),
	(89, '2022-08-06 10:17:55.051526', 'REVIEWED', 19, 336),
	(90, '2022-08-06 10:24:36.016386', 'REVIEWED', 19, 276),
	(91, '2022-08-06 10:28:06.339084', 'REVIEWED', 19, 275),
	(92, '2022-08-06 10:29:57.030343', 'REVIEWED', 19, 278),
	(93, '2022-08-06 10:31:15.129917', 'REVIEWED', 19, 325),
	(94, '2022-08-06 10:50:17.450565', 'REVIEWED', 19, 273),
	(95, '2022-08-06 10:52:17.153890', 'REVIEWED', 19, 277),
	(96, '2022-08-08 08:39:02.395028', 'REVIEWED', 11, 245),
	(97, '2022-08-08 08:41:51.568176', 'REVIEWED', 11, 331),
	(98, '2022-08-08 08:43:09.433411', 'REVIEWED', 11, 243),
	(99, '2022-08-08 08:52:12.328259', 'REVIEWED', 11, 248),
	(100, '2022-08-08 08:53:01.473173', 'REVIEWED', 11, 249),
	(101, '2022-08-08 08:53:05.880143', 'REVIEWED', 11, 247),
	(103, '2022-08-08 08:58:16.527650', 'REVIEWED', 11, 244),
	(104, '2022-08-08 10:03:32.191566', 'REVIEWED', 11, 246),
	(105, '2022-08-08 15:06:33.919022', 'REVIEWED', 22, 326),
	(106, '2022-08-08 15:07:38.140831', 'REVIEWED', 22, 282),
	(107, '2022-08-08 15:08:06.409704', 'REVIEWED', 21, 306),
	(108, '2022-08-08 15:14:18.827173', 'REVIEWED', 22, 281),
	(109, '2022-08-08 15:15:45.214625', 'REVIEWED', 22, 226),
	(110, '2022-08-08 15:16:38.408110', 'REVIEWED', 22, 345),
	(111, '2022-08-08 15:19:37.372609', 'REVIEWED', 22, 337),
	(113, '2022-08-08 15:33:50.093795', 'REVIEWED', 22, 279),
	(114, '2022-08-08 15:34:56.284704', 'REVIEWED', 22, 344),
	(115, '2022-08-08 15:37:34.481102', 'REVIEWED', 22, 280),
	(116, '2022-08-08 16:36:42.977330', 'REVIEWED', 21, 40),
	(117, '2022-08-08 16:46:26.955870', 'REVIEWED', 25, 307),
	(118, '2022-08-08 16:48:21.481701', 'REVIEWED', 23, 315),
	(119, '2022-08-08 16:50:30.005614', 'REVIEWED', 23, 202),
	(120, '2022-08-08 16:56:17.171919', 'REVIEWED', 25, 48),
	(121, '2022-08-09 09:29:46.788543', 'REVIEWED', 25, 50),
	(122, '2022-08-09 09:48:01.515764', 'REVIEWED', 25, 49),
	(123, '2022-08-09 09:48:01.515764', 'REVIEWED', 1, 29),
	(125, '2022-08-09 16:37:07.758196', 'REVIEWED', 11, 242),
	(126, '2022-08-09 16:49:00.541112', 'AWAITING_FIX', 11, 320),
	(127, '2022-08-10 08:57:01.039559', 'REVIEWED', 27, 343),
	(128, '2022-08-10 08:59:24.444183', 'REVIEWED', 27, 186),
	(129, '2022-08-10 09:02:11.774558', 'REVIEWED', 27, 187),
	(132, '2022-08-11 09:56:18.767082', 'REVIEWED', 32, 78),
	(133, '2022-08-11 10:03:12.032507', 'REVIEWED', 32, 308),
	(134, '2022-08-11 10:07:20.018216', 'REVIEWED', 32, 75),
	(135, '2022-08-11 10:14:06.262760', 'REVIEWED', 32, 77),
	(136, '2022-08-11 10:16:00.067340', 'REVIEWED', 32, 76),
	(140, '2022-08-11 14:24:11.694132', 'REVIEWED', 34, 323),
	(141, '2022-08-11 14:25:37.435376', 'REVIEWED', 34, 261),
	(142, '2022-08-11 14:31:01.383218', 'REVIEWED', 34, 262),
	(143, '2022-08-11 14:31:54.371591', 'REVIEWED', 34, 265),
	(144, '2022-08-11 14:32:36.740065', 'REVIEWED', 34, 264),
	(145, '2022-08-11 14:33:18.792214', 'REVIEWED', 34, 263),
	(146, '2022-08-11 14:34:02.967816', 'REVIEWED', 34, 266),
	(147, '2022-08-11 14:35:03.490124', 'REVIEWED', 34, 334),
	(148, '2022-08-11 15:20:45.952134', 'REVIEWED', 29, 319),
	(149, '2022-08-11 15:22:11.628551', 'REVIEWED', 29, 236),
	(150, '2022-08-11 15:23:09.990226', 'REVIEWED', 29, 239),
	(151, '2022-08-12 11:10:31.514321', 'REVIEWED', 35, 312),
	(152, '2022-08-12 11:12:13.758904', 'REVIEWED', 35, 155),
	(153, '2022-08-12 11:14:49.744574', 'REVIEWED', 35, 165),
	(154, '2022-08-12 11:15:42.019383', 'REVIEWED', 35, 156),
	(155, '2022-08-12 11:16:28.493095', 'REVIEWED', 35, 158),
	(156, '2022-08-12 15:13:06.449729', 'REVIEWED', 33, 342),
	(157, '2022-08-12 15:18:25.036335', 'REVIEWED', 33, 134),
	(158, '2022-08-12 15:19:31.014575', 'REVIEWED', 33, 139),
	(159, '2022-08-12 20:53:44.581699', 'REVIEWED', 36, 327),
	(160, '2022-08-12 20:55:08.446335', 'REVIEWED', 36, 287),
	(161, '2022-08-12 20:56:24.798181', 'REVIEWED', 36, 286),
	(162, '2022-08-12 20:57:48.196915', 'REVIEWED', 36, 284),
	(163, '2022-08-12 20:58:22.623360', 'REVIEWED', 36, 285),
	(164, '2022-08-12 21:06:53.977269', 'REVIEWED', 36, 338),
	(165, '2022-08-12 21:08:49.458762', 'REVIEWED', 36, 283),
	(166, '2022-08-13 10:20:35.255127', 'REVIEWED', 37, 203),
	(168, '2022-08-15 11:00:47.175701', 'REVIEWED', 38, 330),
	(169, '2022-08-15 11:01:07.504942', 'REVIEWED', 38, 304),
	(170, '2022-08-15 11:03:24.500770', 'REVIEWED', 38, 301),
	(171, '2022-08-15 11:03:39.470993', 'REVIEWED', 38, 303),
	(172, '2022-08-15 11:04:03.443441', 'REVIEWED', 38, 302),
	(173, '2022-08-15 11:05:40.112610', 'REVIEWED', 38, 300),
	(174, '2022-08-15 11:07:27.888280', 'REVIEWED', 38, 341),
	(175, '2022-08-15 11:14:18.943967', 'REVIEWED', 39, 310),
	(176, '2022-08-15 11:16:41.274510', 'REVIEWED', 39, 116),
	(177, '2022-08-15 11:23:43.454434', 'REVIEWED', 39, 117),
	(178, '2022-08-15 13:59:39.290643', 'REVIEWED', 39, 118),
	(179, '2022-08-16 09:32:58.345692', 'REVIEWED', 41, 328),
	(181, '2022-08-16 09:37:51.545784', 'REVIEWED', 41, 292),
	(183, '2022-08-16 09:45:22.523547', 'REVIEWED', 41, 339),
	(185, '2022-08-16 10:21:37.995850', 'REVIEWED', 41, 291),
	(186, '2022-08-16 10:23:12.594799', 'REVIEWED', 41, 290),
	(187, '2022-08-16 10:24:53.061208', 'REVIEWED', 41, 288),
	(188, '2022-08-18 11:58:36.557111', 'REVIEWED', 44, 313),
	(189, '2022-08-18 12:02:53.490593', 'REVIEWED', 44, 176),
	(190, '2022-08-18 12:04:36.780535', 'REVIEWED', 44, 173),
	(191, '2022-08-18 12:08:03.798312', 'REVIEWED', 44, 172),
	(192, '2022-08-18 12:11:18.611355', 'REVIEWED', 44, 174),
	(193, '2022-08-18 14:15:37.755834', 'REVIEWED', 45, 98),
	(194, '2022-08-18 14:24:38.588443', 'REVIEWED', 45, 309),
	(195, '2022-08-18 14:25:24.497079', 'REVIEWED', 45, 110),
	(196, '2022-08-18 14:29:22.296835', 'REVIEWED', 45, 99),
	(197, '2022-08-18 14:34:44.126214', 'REVIEWED', 45, 101),
	(200, '2022-09-02 10:54:36.379301', 'REVIEWED', 47, 104),
	(201, '2022-09-02 10:59:36.619008', 'REVIEWED', 47, 305),
	(202, '2022-09-02 11:14:53.813606', 'REVIEWED', 47, 30),
	(203, '2022-09-02 12:49:42.738886', 'REVIEWED', 47, 31);

INSERT INTO `fr_meeting_topic_task` (`id`, `content`, `is_matter`, `topic_id`) VALUES
	(1, '', NULL, 1),
	(2, '', NULL, 1),
	(3, '', NULL, 1),
	(4, '', NULL, 1),
	(5, '', NULL, 1),
	(6, '', NULL, 1),
	(7, '', NULL, 1),
	(8, '', NULL, 2),
	(9, '', NULL, 2),
	(10, '', NULL, 2),
	(11, '', NULL, 2),
	(12, '', NULL, 2),
	(13, '', NULL, 2),
	(14, '', NULL, 2),
	(15, '', NULL, 3),
	(16, '', NULL, 3),
	(17, '', NULL, 3),
	(18, '', NULL, 3),
	(19, '', NULL, 3),
	(20, '', NULL, 3),
	(21, '', NULL, 3),
	(22, '', NULL, 3),
	(23, '', NULL, 4),
	(24, '', NULL, 4),
	(25, '', NULL, 4),
	(26, '', NULL, 4),
	(27, '', NULL, 4),
	(28, '', NULL, 4),
	(29, '', NULL, 4),
	(30, '', NULL, 4),
	(31, '', NULL, 4),
	(32, '', NULL, 4),
	(33, '', NULL, 5),
	(34, '', NULL, 5),
	(35, '', NULL, 5),
	(36, '', NULL, 5),
	(37, '', NULL, 5),
	(38, '', NULL, 5),
	(39, '', NULL, 5),
	(40, '', NULL, 5),
	(43, '', NULL, 8),
	(44, '', NULL, 8),
	(45, '', NULL, 8),
	(46, '', NULL, 8),
	(47, '', NULL, 8),
	(48, '', NULL, 8),
	(49, '3+1', NULL, 8),
	(50, '', NULL, 8),
	(51, '', NULL, 8),
	(52, '', NULL, 8),
	(53, '', NULL, 9),
	(54, '', NULL, 9),
	(55, '', NULL, 9),
	(56, '', NULL, 9),
	(57, '', NULL, 9),
	(58, '', NULL, 9),
	(59, '', NULL, 9),
	(60, '', NULL, 9),
	(61, '', NULL, 9),
	(62, '', NULL, 9),
	(63, '', NULL, 10),
	(64, '', NULL, 10),
	(65, '', NULL, 10),
	(66, '', NULL, 10),
	(67, '', NULL, 10),
	(68, '', NULL, 10),
	(69, '', NULL, 10),
	(70, '', NULL, 10),
	(71, '', NULL, 10),
	(72, '', NULL, 10),
	(73, '', NULL, 11),
	(74, '', NULL, 11),
	(75, '', NULL, 11),
	(76, '', NULL, 11),
	(77, '', NULL, 11),
	(78, '', NULL, 11),
	(79, '', NULL, 11),
	(80, '', NULL, 11),
	(81, '', NULL, 11),
	(82, '', NULL, 12),
	(83, '', NULL, 12),
	(84, '', NULL, 12),
	(85, '', NULL, 12),
	(86, '', NULL, 12),
	(87, '', NULL, 12),
	(88, '', NULL, 12),
	(89, '', NULL, 12),
	(90, '', NULL, 13),
	(91, '', NULL, 13),
	(92, '', NULL, 13),
	(93, '', NULL, 13),
	(94, '', NULL, 13),
	(95, '', NULL, 13),
	(96, '', NULL, 13),
	(97, '', NULL, 13),
	(98, '', NULL, 14),
	(99, '', NULL, 14),
	(100, '', NULL, 14),
	(101, '', NULL, 14),
	(102, '', NULL, 14),
	(103, '', NULL, 14),
	(104, '', NULL, 15),
	(105, '', NULL, 15),
	(106, '', NULL, 15),
	(107, '', NULL, 15),
	(108, '', NULL, 15),
	(109, '', NULL, 15),
	(110, '', NULL, 15),
	(111, '', NULL, 15),
	(112, '', NULL, 16),
	(113, '', NULL, 16),
	(114, '', NULL, 16),
	(115, '', NULL, 16),
	(116, '', NULL, 16),
	(117, '', NULL, 16),
	(118, '', NULL, 16),
	(119, '', NULL, 16),
	(120, '', NULL, 16),
	(121, '', NULL, 17),
	(122, '', NULL, 17),
	(123, '', NULL, 17),
	(124, '', NULL, 17),
	(125, '', NULL, 17),
	(126, '', NULL, 17),
	(127, '', NULL, 17),
	(128, '', NULL, 18),
	(129, '', NULL, 18),
	(130, '', NULL, 18),
	(131, '', NULL, 18),
	(132, '', NULL, 18),
	(133, '', NULL, 18),
	(134, '', NULL, 18),
	(135, '', NULL, 19),
	(136, '', NULL, 19),
	(137, '', NULL, 19),
	(138, '', NULL, 19),
	(139, '', NULL, 19),
	(140, '', NULL, 19),
	(141, '', NULL, 19),
	(142, '', NULL, 20),
	(143, '', NULL, 20),
	(144, '', NULL, 20),
	(145, '', NULL, 20),
	(146, '', NULL, 20),
	(147, '', NULL, 20),
	(148, '', NULL, 20),
	(149, '', NULL, 21),
	(150, '', NULL, 21),
	(151, '', NULL, 21),
	(152, '', NULL, 21),
	(153, '', NULL, 21),
	(154, '', NULL, 21),
	(155, '', NULL, 21),
	(156, '', NULL, 22),
	(157, '', NULL, 22),
	(158, '', NULL, 22),
	(159, '', NULL, 22),
	(160, '', NULL, 22),
	(161, '', NULL, 22),
	(162, '', NULL, 22),
	(163, '', NULL, 22),
	(164, '1 ', NULL, 23),
	(165, '2', NULL, 23),
	(166, '31,', NULL, 23),
	(167, '4', NULL, 23),
	(168, '5 ', NULL, 23),
	(169, '', NULL, 24),
	(170, '', NULL, 24),
	(171, '', NULL, 24),
	(172, '', NULL, 24),
	(173, '', NULL, 25),
	(174, '', NULL, 25),
	(175, '', NULL, 25),
	(176, '', b'0', 26),
	(177, '', b'0', 26),
	(178, '', b'0', 26),
	(179, '', b'0', 26),
	(180, '3+1', b'0', 26),
	(181, '', b'0', 26),
	(183, '1', NULL, 28),
	(184, '2', NULL, 28),
	(185, '3', NULL, 28),
	(186, '4', NULL, 28),
	(187, '5', NULL, 28),
	(188, '6', NULL, 28),
	(217, '1', NULL, 37),
	(218, '2', NULL, 37),
	(219, '3', NULL, 37),
	(220, '4', NULL, 37),
	(221, '5', NULL, 37),
	(222, '6', NULL, 37),
	(223, '1', NULL, 38),
	(224, '2', NULL, 38),
	(225, '3', NULL, 38),
	(226, '4', NULL, 38),
	(227, '5', NULL, 38),
	(228, '', NULL, 39),
	(229, '', NULL, 39),
	(230, '', NULL, 39),
	(231, '', NULL, 39),
	(232, '', NULL, 40),
	(233, '', NULL, 40),
	(234, '', NULL, 40),
	(235, '', NULL, 40),
	(236, '', NULL, 40),
	(237, '1', NULL, 41),
	(238, '2', NULL, 41),
	(239, '3', NULL, 41),
	(240, '4', NULL, 41),
	(241, '5', NULL, 41),
	(242, '6', NULL, 41),
	(243, '1', NULL, 42),
	(244, '2', NULL, 42),
	(245, '3', NULL, 42),
	(246, '4', NULL, 42),
	(247, '5', NULL, 42),
	(248, '6', NULL, 42),
	(252, '', NULL, 39),
	(253, '1', NULL, 44),
	(254, '2', NULL, 44),
	(255, '3', NULL, 44),
	(256, '4', NULL, 44),
	(257, '5', NULL, 44),
	(258, '1. ', NULL, 45),
	(259, '2', NULL, 45),
	(260, '3', NULL, 45),
	(261, '4', NULL, 45),
	(262, '5 ', NULL, 45),
	(263, '1', NULL, 46),
	(264, '2', NULL, 46),
	(265, '3', NULL, 46),
	(266, '4', NULL, 46),
	(267, '5', NULL, 46),
	(268, '1', NULL, 47),
	(269, '2', NULL, 47),
	(270, '3', NULL, 47),
	(271, '4', NULL, 47),
	(290, '1.', NULL, 53),
	(291, '2.', NULL, 53),
	(292, '3.1', NULL, 53),
	(293, '4.', NULL, 53),
	(294, '5.', NULL, 53),
	(295, '6.', NULL, 53),
	(296, '1.', NULL, 54),
	(297, '2.', NULL, 54),
	(298, '3.', NULL, 54),
	(299, '4.', NULL, 54),
	(300, '5.', NULL, 54),
	(301, '6.', NULL, 54),
	(302, '7..', NULL, 54),
	(303, '8.', NULL, 54),
	(304, '9.', NULL, 54),
	(305, '1', NULL, 55),
	(306, '2', NULL, 55),
	(307, '31', NULL, 55),
	(308, '4', NULL, 55),
	(309, '5', NULL, 55),
	(310, '6', NULL, 55),
	(311, '7', NULL, 55),
	(312, '8', NULL, 55),
	(313, '9', NULL, 55),
	(317, '1.', NULL, 57),
	(318, '2.1', NULL, 57),
	(319, '3.', NULL, 57),
	(320, '4.', NULL, 57),
	(321, '5.', NULL, 57),
	(322, '6.', NULL, 57),
	(323, '7.', NULL, 57),
	(324, '8.', NULL, 57),
	(325, '', NULL, 58),
	(326, '1', NULL, 58),
	(327, '2', NULL, 58),
	(328, '3', NULL, 58),
	(329, '4', NULL, 58),
	(330, '5', NULL, 58),
	(331, '1.', NULL, 59),
	(332, '2.1', NULL, 59),
	(333, '3.', NULL, 59),
	(334, '4.', NULL, 59),
	(335, '5.', NULL, 59),
	(336, '6.', NULL, 59),
	(337, '7.', NULL, 59),
	(338, '8.', NULL, 59),
	(339, '1. ', NULL, 60),
	(340, '2.', NULL, 60),
	(341, '3.', NULL, 60),
	(342, '4.', NULL, 60),
	(343, '5.', NULL, 60),
	(344, '6.', NULL, 60),
	(345, '7.1,', NULL, 60),
	(346, '8.', NULL, 60),
	(347, NULL, NULL, 44),
	(348, NULL, NULL, 44),
	(349, NULL, NULL, 44),
	(350, NULL, NULL, 44),
	(351, NULL, NULL, 44),
	(352, '1', NULL, 61),
	(353, '2', NULL, 61),
	(354, '31', NULL, 61),
	(355, '4', NULL, 61),
	(356, '5', NULL, 61),
	(357, '', NULL, 62),
	(358, '', NULL, 62),
	(359, '', NULL, 62),
	(360, '', NULL, 62),
	(361, '', NULL, 62),
	(362, '', NULL, 63),
	(363, '', NULL, 63),
	(364, '', NULL, 63),
	(365, '', NULL, 63),
	(366, '', NULL, 63),
	(367, '', NULL, 63),
	(368, '', NULL, 63),
	(369, '', NULL, 63),
	(370, '', NULL, 63),
	(371, '', NULL, 64),
	(372, '', NULL, 64),
	(373, '', NULL, 64),
	(374, '', NULL, 64),
	(375, '1,', NULL, 64),
	(376, '', NULL, 64),
	(377, '', NULL, 65),
	(378, '', NULL, 65),
	(379, '', NULL, 65),
	(380, '', NULL, 65),
	(381, '', NULL, 65),
	(382, '', NULL, 65),
	(383, '', NULL, 66),
	(384, '', NULL, 66),
	(385, '', NULL, 66),
	(386, '', NULL, 66),
	(387, '', NULL, 66),
	(388, '', NULL, 66),
	(389, '', NULL, 66),
	(390, '', NULL, 67),
	(391, '', NULL, 67),
	(392, '', NULL, 67),
	(393, '', NULL, 67),
	(394, '', NULL, 67),
	(395, '', NULL, 67),
	(396, '', NULL, 68),
	(397, '', NULL, 68),
	(398, '1', NULL, 68),
	(399, '', NULL, 68),
	(400, '', NULL, 68),
	(401, '', NULL, 68),
	(402, '1', NULL, 69),
	(403, '', NULL, 69),
	(404, '', NULL, 69),
	(405, '', NULL, 69),
	(406, '', NULL, 69),
	(407, '', NULL, 70),
	(408, '1', NULL, 70),
	(409, '', NULL, 70),
	(410, '', NULL, 70),
	(411, '', NULL, 70),
	(412, '', NULL, 70),
	(413, '1.', NULL, 71),
	(414, '2.', NULL, 71),
	(415, '3.', NULL, 71),
	(416, '4.', NULL, 71),
	(417, '1', NULL, 73),
	(418, '1', NULL, 74),
	(422, '1. ', NULL, 75),
	(427, '1 2 3 4 5', NULL, 80),
	(428, '1 2 3 4 5 6', NULL, 81),
	(429, '1 2 31 4 5 6', NULL, 82),
	(430, '1 2 3 4', NULL, 83),
	(431, '11 2 3 4 5 6', NULL, 84),
	(432, '1 2 3 4 5 6 7 8 9', NULL, 85),
	(433, '1 2 3 4 5 5', NULL, 86),
	(434, '1 2 3 4 51,', NULL, 87),
	(435, ' 1 2 3 41  1 2 3 4  1', NULL, 88),
	(436, '1 2 3 4 5 6 7', NULL, 89),
	(437, '  1.  2. 3. 4.   ', NULL, 90),
	(438, ' 11 2 3 4 5  1 2', NULL, 91),
	(439, '  1 21  3 4 5 6 ;;;;;           7 ', NULL, 92),
	(440, ' 1 2 3 4 5 6', NULL, 93),
	(441, ' 1 2 3 4 5 6', NULL, 94),
	(442, '  1 21  3 4 5 6 7  8', NULL, 95),
	(443, '1 2 31 4', NULL, 96),
	(444, '1 2 3 4 5 6 7 8. 9 10 11', NULL, 97),
	(445, '11 2 3 4', NULL, 98),
	(446, '11 2 3 4 5', NULL, 99),
	(447, '1 2 3', NULL, 100),
	(448, '1 21 3 4', NULL, 101),
	(458, '1 2 3 4', NULL, 103),
	(459, '1 2 3, 4 5', NULL, 105),
	(460, '1 2 3 4 5 6', NULL, 106),
	(461, '1.2.3.', NULL, 107),
	(462, '1 2 3', NULL, 108),
	(463, '1 2 3 4', NULL, 109),
	(464, '1 2 3', NULL, 110),
	(465, '1 2 3 4 5 6 7 8', NULL, 111),
	(466, '1 2 3 4', NULL, 114),
	(467, '1 2 3 4 5', NULL, 115),
	(468, '1 2 3 4', NULL, 113),
	(469, '1', NULL, 117),
	(470, '2', NULL, 117),
	(471, '31', NULL, 117),
	(472, '4', NULL, 117),
	(473, '5', NULL, 117),
	(474, '', NULL, 118),
	(475, '', NULL, 118),
	(476, '', NULL, 118),
	(477, '', NULL, 119),
	(478, '', NULL, 119),
	(479, '', NULL, 119),
	(480, '1', NULL, 120),
	(481, '2', NULL, 120),
	(482, '31,', NULL, 120),
	(483, '4', NULL, 120),
	(484, '5', NULL, 120),
	(485, '', NULL, 116),
	(486, '', NULL, 116),
	(487, '', NULL, 116),
	(488, '1.', NULL, 121),
	(489, '2.1', NULL, 121),
	(490, '3.', NULL, 121),
	(491, '4.', NULL, 121),
	(492, '1.', NULL, 122),
	(493, '2.1', NULL, 122),
	(494, '3.', NULL, 122),
	(495, '', NULL, 122),
	(496, '1 .', NULL, 123),
	(497, '10.', NULL, 123),
	(498, '13.', NULL, 123),
	(499, '17.', NULL, 123),
	(506, '11 2   3   4   5 6', NULL, 104),
	(507, ' 1 2 31 4 5.', NULL, 125),
	(508, '1 2 3 3 5 6++++ 7 8', NULL, 126),
	(509, '1. ', NULL, 127),
	(510, '2', NULL, 127),
	(511, '3', NULL, 127),
	(512, '4', NULL, 127),
	(513, '5', NULL, 127),
	(514, '6', NULL, 127),
	(515, '7', NULL, 127),
	(516, '8', NULL, 127),
	(517, '9 ', NULL, 127),
	(518, '1', NULL, 128),
	(519, '2 ', NULL, 128),
	(520, '3', NULL, 128),
	(521, '4', NULL, 128),
	(522, '1', NULL, 129),
	(523, '2', NULL, 129),
	(524, '3', NULL, 129),
	(525, '4', NULL, 129),
	(526, '5', NULL, 129),
	(532, '', NULL, 132),
	(533, '', NULL, 132),
	(534, '', NULL, 132),
	(535, '', NULL, 133),
	(536, '', NULL, 133),
	(537, '', NULL, 133),
	(538, '', NULL, 133),
	(539, '', NULL, 133),
	(540, '', NULL, 133),
	(541, '', NULL, 134),
	(542, '', NULL, 134),
	(543, '', NULL, 134),
	(544, '', NULL, 134),
	(545, '', NULL, 135),
	(546, '', NULL, 135),
	(547, '', NULL, 135),
	(548, '', NULL, 135),
	(549, '', NULL, 135),
	(550, '', NULL, 135),
	(551, '', NULL, 135),
	(552, '', NULL, 135),
	(553, '', NULL, 135),
	(554, '', NULL, 135),
	(555, '', NULL, 136),
	(556, '', NULL, 136),
	(557, '', NULL, 136),
	(558, '', NULL, 136),
	(580, '1 2 3 4 5 5', NULL, 140),
	(581, '1 2 3 3 51,', NULL, 141),
	(582, ' 1 2 3 4 5', NULL, 142),
	(583, '1 2 3', NULL, 143),
	(584, ' 1 2 3 4 5', NULL, 144),
	(585, '1 2 3 4', NULL, 145),
	(586, '1 2 3 4', NULL, 146),
	(587, '1. 2. 3. 4. 5. 6. 7. 8. 9. 10. 11. 12. 13. ', NULL, 147),
	(588, '1', NULL, 148),
	(589, '2', NULL, 148),
	(590, '3', NULL, 148),
	(591, '4', NULL, 148),
	(592, '5', NULL, 148),
	(593, '1', NULL, 149),
	(594, '2', NULL, 149),
	(595, '3', NULL, 149),
	(596, '4', NULL, 149),
	(597, '5', NULL, 149),
	(598, '1', NULL, 150),
	(599, '2', NULL, 150),
	(600, '3', NULL, 150),
	(601, ', ', NULL, 151),
	(602, '   ', NULL, 151),
	(603, '', NULL, 151),
	(604, '', NULL, 151),
	(605, '', NULL, 151),
	(606, '', NULL, 151),
	(626, ' ', NULL, 152),
	(627, ' ', NULL, 152),
	(628, '', NULL, 152),
	(629, '', NULL, 152),
	(630, ' ', NULL, 152),
	(631, ' ', NULL, 153),
	(632, '  ', NULL, 153),
	(633, '', NULL, 153),
	(634, '  ', NULL, 153),
	(635, ' ', NULL, 154),
	(636, '', NULL, 154),
	(637, '10  ', NULL, 154),
	(638, '   ', NULL, 154),
	(639, ' ', NULL, 154),
	(640, '', NULL, 155),
	(641, '', NULL, 155),
	(642, '  ', NULL, 155),
	(643, '', NULL, 155),
	(644, ' ', NULL, 155),
	(645, '1.', NULL, 156),
	(646, '2.', NULL, 156),
	(647, '3.', NULL, 156),
	(648, '4.', NULL, 156),
	(649, '1', NULL, 157),
	(650, '2', NULL, 157),
	(651, '3', NULL, 157),
	(652, '4', NULL, 157),
	(653, '5', NULL, 157),
	(654, '1', NULL, 158),
	(655, '2', NULL, 158),
	(656, '3', NULL, 158),
	(657, '4', NULL, 158),
	(658, '  1 2 3 4 5 6 7', NULL, 159),
	(659, '1 2 31 4 5 6', NULL, 160),
	(660, '1 21 3 4 5 6 7', NULL, 161),
	(661, '1 2 3 4 5 6', NULL, 162),
	(662, '11 2 3 4 5 6', NULL, 163),
	(663, '1 2 3 4 5 6 7 8 9', NULL, 164),
	(664, '', NULL, 166),
	(665, '', NULL, 166),
	(666, '', NULL, 166),
	(675, '1\n2\n3\n4\n51,\n6\n7', NULL, 165);
INSERT INTO `fr_meeting_topic_task` (`id`, `content`, `is_matter`, `topic_id`) VALUES
	(687, '', NULL, 168),
	(688, '', NULL, 168),
	(689, '', NULL, 168),
	(690, '', NULL, 168),
	(691, ' ', NULL, 168),
	(692, '  ', NULL, 168),
	(693, '1', NULL, 169),
	(694, '2', NULL, 169),
	(695, '3', NULL, 169),
	(696, '1', NULL, 170),
	(697, '2', NULL, 170),
	(698, '31', NULL, 170),
	(699, '4', NULL, 170),
	(700, '1', NULL, 171),
	(701, '2', NULL, 171),
	(702, '3', NULL, 171),
	(703, '4', NULL, 171),
	(704, '1', NULL, 172),
	(705, '21', NULL, 172),
	(706, '3', NULL, 172),
	(707, '4', NULL, 172),
	(708, '', NULL, 173),
	(709, '', NULL, 173),
	(710, '', NULL, 173),
	(711, '4', NULL, 173),
	(712, '1.', NULL, 174),
	(713, '2.', NULL, 174),
	(714, '3.', NULL, 174),
	(715, '4.', NULL, 174),
	(716, '5.', NULL, 174),
	(717, '6.', NULL, 174),
	(718, '7.', NULL, 174),
	(719, '8.', NULL, 174),
	(720, '9.()', NULL, 174),
	(721, '', NULL, 175),
	(722, '', NULL, 175),
	(723, '', NULL, 175),
	(724, '', NULL, 175),
	(725, '', NULL, 175),
	(726, '', NULL, 176),
	(727, '', NULL, 176),
	(728, '', NULL, 176),
	(729, '', NULL, 176),
	(730, '', NULL, 176),
	(731, '', NULL, 177),
	(732, '', NULL, 177),
	(733, '', NULL, 177),
	(734, '', NULL, 178),
	(735, '', NULL, 178),
	(736, '', NULL, 178),
	(737, '1', NULL, 179),
	(738, '2', NULL, 179),
	(739, '31', NULL, 179),
	(740, '4', NULL, 179),
	(741, '5', NULL, 179),
	(742, '6', NULL, 179),
	(747, '1', NULL, 181),
	(748, '21', NULL, 181),
	(749, '3', NULL, 181),
	(750, '4.', NULL, 181),
	(751, '5', NULL, 181),
	(752, '6', NULL, 181),
	(757, '1', NULL, 183),
	(758, '2', NULL, 183),
	(759, '3', NULL, 183),
	(760, '4', NULL, 183),
	(761, '5', NULL, 183),
	(762, '6', NULL, 183),
	(763, '7.', NULL, 183),
	(764, '8', NULL, 183),
	(765, '9', NULL, 183),
	(769, '1', NULL, 185),
	(770, '2', NULL, 185),
	(771, '31', NULL, 185),
	(772, '4', NULL, 185),
	(773, '5', NULL, 185),
	(774, '6', NULL, 185),
	(775, '7', NULL, 185),
	(776, '8', NULL, 185),
	(777, '1', NULL, 186),
	(778, '21', NULL, 186),
	(779, '3', NULL, 186),
	(780, '4', NULL, 186),
	(781, '5', NULL, 186),
	(782, '6', NULL, 186),
	(783, '7', NULL, 186),
	(784, '8', NULL, 186),
	(785, '1 ', NULL, 187),
	(786, '2', NULL, 187),
	(787, '3', NULL, 187),
	(788, '4', NULL, 187),
	(789, '5', NULL, 187),
	(790, '6', NULL, 187),
	(791, '71,', NULL, 187),
	(792, '8', NULL, 187),
	(793, '1', NULL, 188),
	(794, '2', NULL, 188),
	(795, '3', NULL, 188),
	(796, '4', NULL, 188),
	(797, '5,', NULL, 188),
	(798, '6,', NULL, 188),
	(799, '7', NULL, 188),
	(800, '8', NULL, 188),
	(801, '1', NULL, 189),
	(802, '2', NULL, 189),
	(803, '3', NULL, 189),
	(804, '1', NULL, 190),
	(805, '2', NULL, 190),
	(806, '3', NULL, 190),
	(807, '1', NULL, 191),
	(808, '2', NULL, 191),
	(809, '3', NULL, 191),
	(810, '4', NULL, 191),
	(811, '1', NULL, 192),
	(812, '2', NULL, 192),
	(813, '', NULL, 193),
	(814, '', NULL, 193),
	(815, '', NULL, 193),
	(816, '', NULL, 193),
	(817, '', NULL, 194),
	(818, '', NULL, 194),
	(819, '', NULL, 194),
	(820, '', NULL, 194),
	(821, '', NULL, 194),
	(822, '', NULL, 194),
	(823, '1+', NULL, 195),
	(824, ' 2', NULL, 195),
	(825, '3', NULL, 195),
	(826, '4', NULL, 195),
	(829, '', NULL, 196),
	(830, ' ', NULL, 196),
	(831, '', NULL, 196),
	(832, '  ', NULL, 196),
	(833, '', NULL, 196),
	(834, '', NULL, 197),
	(835, ' ', NULL, 197),
	(836, '', NULL, 197),
	(837, '   ', NULL, 197),
	(839, '                ', NULL, 200),
	(840, '123', NULL, 201),
	(841, '123', NULL, 202),
	(842, '      ', NULL, 203);

INSERT INTO `fr_ordinal_form` (`id`, `code`, `content1`, `content2`, `content3`, `content4`, `content5`, `content6`, `content7`, `content8`, `content9`, `create_time`, `form_type`, `integer1`, `long_content1`, `long_content2`, `long_content3`, `time1`, `time2`, `time3`, `update_time`, `dest_user_id`, `single_user1_id`, `single_user2_id`) VALUES
	(1, NULL, '', '', '', NULL, NULL, NULL, NULL, NULL, NULL, '2022-06-28 15:53:48.085664', 'INSPECT', NULL, '419202CD35', '19\n2D6\n', NULL, '2022-04-19 00:00:00.000000', NULL, NULL, '2022-06-28 15:53:48.085664', 17, 1, NULL);
INSERT INTO `fr_ordinal_form` (`id`, `code`, `content1`, `content2`, `content3`, `content4`, `content5`, `content6`, `content7`, `content8`, `content9`, `create_time`, `form_type`, `integer1`, `long_content1`, `long_content2`, `long_content3`, `time1`, `time2`, `time3`, `update_time`, `dest_user_id`, `single_user1_id`, `single_user2_id`) VALUES
	(2, NULL, '', '', NULL, '', '', '', NULL, NULL, NULL, '2022-06-29 13:20:52.067000', 'THREE', 3, '', '15063006300350040350019', NULL, '2022-06-05 00:00:00.000000', NULL, NULL, '2022-08-29 12:30:46.355746', 21, NULL, NULL),
	(3, NULL, '', '/', '', NULL, NULL, NULL, NULL, NULL, NULL, '2022-06-29 13:22:46.368255', 'PERSONAL', NULL, '2022416/172828002022420FDH0386', NULL, NULL, '2022-04-24 13:22:30.569000', NULL, NULL, '2022-06-29 13:22:46.368255', 3, NULL, NULL),
	(4, NULL, '2022-04', '', '8', '', NULL, NULL, NULL, NULL, NULL, '2022-07-11 10:12:46.556740', 'LEARNING', NULL, '10', NULL, NULL, NULL, NULL, NULL, '2022-07-11 10:12:46.556740', 7, NULL, NULL),
	(5, NULL, '2022-05', '', '8', '', NULL, NULL, NULL, NULL, NULL, '2022-07-11 10:16:21.413356', 'LEARNING', NULL, '8', NULL, NULL, NULL, NULL, NULL, '2022-07-11 10:16:21.413356', 7, NULL, NULL),
	(6, NULL, '2022-06', '', '', '', NULL, NULL, NULL, NULL, NULL, '2022-07-11 10:17:58.098000', 'LEARNING', NULL, '', NULL, NULL, NULL, NULL, NULL, '2022-07-11 10:17:58.098000', 9, NULL, NULL),
	(7, NULL, '', '', NULL, NULL, NULL, NULL, NULL, NULL, NULL, '2022-07-11 10:26:17.912568', 'DISPOSAL', NULL, '1\n22022\n3\n', NULL, NULL, '2022-05-25 00:00:00.000000', '2022-05-25 00:00:00.000000', NULL, '2022-07-11 10:26:17.912568', 21, 21, 155),
	(8, NULL, '', '', NULL, NULL, NULL, NULL, NULL, NULL, NULL, '2022-07-11 10:28:08.664788', 'DISPOSAL', NULL, '1\n22022\n3\n', NULL, NULL, '2022-05-25 00:00:00.000000', '2022-05-25 00:00:00.000000', NULL, '2022-07-11 10:28:08.664788', 21, 21, 157),
	(9, NULL, '', '', NULL, NULL, NULL, NULL, NULL, NULL, NULL, '2022-07-11 10:29:32.452779', 'DISPOSAL', NULL, '1\n22022\n', NULL, NULL, '2022-05-25 00:00:00.000000', '2022-05-25 00:00:00.000000', NULL, '2022-07-11 10:29:32.452779', 21, 21, 161),
	(10, NULL, '', '', NULL, NULL, NULL, NULL, NULL, NULL, NULL, '2022-07-11 10:31:55.287646', 'DISPOSAL', NULL, '1\n2\n3\n', NULL, NULL, '2022-01-11 00:00:00.000000', '2022-01-11 00:00:00.000000', NULL, '2022-07-11 10:31:55.287646', 17, 17, 123),
	(11, NULL, '2022-07', '', '', '', NULL, NULL, NULL, NULL, NULL, '2022-07-29 16:38:02.034015', 'LEARNING', NULL, '', NULL, NULL, NULL, NULL, NULL, '2022-07-29 16:38:02.034015', 215, NULL, NULL),
	(12, NULL, '', NULL, '', NULL, NULL, NULL, NULL, NULL, NULL, '2022-07-30 10:44:49.270527', 'INSPECT', NULL, '12223', NULL, NULL, '2022-07-29 00:00:00.000000', NULL, NULL, '2022-07-30 10:44:49.270527', 16, 98, NULL),
	(13, NULL, '2022-08', '', '', '', NULL, NULL, NULL, NULL, NULL, '2022-08-02 11:22:41.465540', 'LEARNING', NULL, '20215', NULL, NULL, NULL, NULL, NULL, '2022-08-02 11:22:41.465540', 1, NULL, NULL),
	(14, NULL, '', NULL, '', NULL, NULL, NULL, NULL, NULL, NULL, '2022-08-06 18:48:30.991337', 'INSPECT', NULL, '', NULL, NULL, '2022-08-06 00:00:00.000000', NULL, NULL, '2022-08-06 18:48:30.991337', 215, 5, NULL),
	(15, NULL, '2022-08', '', '', '', NULL, NULL, NULL, NULL, NULL, '2022-08-09 14:10:50.653044', 'LEARNING', NULL, '1  [2022]12 2022\n2  [2022]13 2022\n32022112022', NULL, NULL, NULL, NULL, NULL, '2022-08-09 14:10:50.653044', 76, NULL, NULL),
	(16, NULL, '2022-07', '3', '', '', NULL, NULL, NULL, NULL, NULL, '2022-08-10 17:52:34.681998', 'LEARNING', NULL, ' [2022]12 2022', NULL, NULL, NULL, NULL, NULL, '2022-08-10 17:52:34.681998', 308, NULL, NULL),
	(17, NULL, '2022-08', '', '2022', '', NULL, NULL, NULL, NULL, NULL, '2022-08-10 17:54:26.583935', 'LEARNING', NULL, ' [2022]13 2022', NULL, NULL, NULL, NULL, NULL, '2022-08-10 17:54:26.583935', 308, NULL, NULL),
	(18, NULL, '', '/', '524', '', 'G524', '', 'G524', NULL, NULL, '2022-08-12 08:59:34.446000', 'CLUB', 4, '123456', '1 2 3', 'G524', '2022-08-11 00:00:00.000000', NULL, NULL, '2022-09-21 07:51:17.572514', 328, NULL, NULL),
	(19, NULL, '', '', '524', '', 'G524', '', '10', NULL, NULL, '2022-08-12 21:22:19.439000', 'CLUB', 4, '1.2.3.4.1.2.3.', '524', 'G524', '2022-08-11 00:00:00.000000', NULL, NULL, '2022-09-16 07:52:10.013145', 327, NULL, NULL),
	(20, NULL, '', '/', '', '', 'G524', '', '5241', NULL, NULL, '2022-08-15 10:30:30.011000', 'CLUB', 4, '', 'G524910915918', '', '2022-08-12 00:00:00.000000', NULL, NULL, '2022-09-21 07:59:16.408663', 326, NULL, NULL),
	(21, NULL, '', '/', '', '', 'G524', '', '', NULL, NULL, '2022-08-16 16:02:24.586000', 'CLUB', 3, '', '8166411082', NULL, '2022-08-16 00:00:00.000000', NULL, NULL, '2022-09-27 16:52:59.403252', 322, NULL, NULL),
	(22, NULL, '2022-08', '', '', '', NULL, NULL, NULL, NULL, NULL, '2022-08-23 14:50:35.587744', 'LEARNING', NULL, '', NULL, NULL, NULL, NULL, NULL, '2022-08-23 14:50:35.587744', 1, NULL, NULL),
	(43, NULL, '', '/', '524', '  ', 'G524', '', '', NULL, NULL, '2022-08-23 22:14:19.248000', 'CLUB', 3, '123', '112', NULL, '2022-08-14 00:00:00.000000', NULL, NULL, '2022-09-26 15:09:29.645050', 324, NULL, NULL),
	(45, NULL, '', '', NULL, '', '', '', NULL, NULL, NULL, '2022-08-26 10:00:58.831000', 'THREE', 3, '', '	', NULL, '2022-08-26 00:00:00.000000', NULL, NULL, '2022-08-29 12:39:38.827487', 7, NULL, NULL),
	(48, NULL, '', '', NULL, '', '', '', NULL, NULL, NULL, '2022-08-29 12:13:08.398000', 'THREE', 3, '', '', NULL, '2022-08-26 00:00:00.000000', NULL, NULL, '2022-08-29 12:29:16.206188', 7, NULL, NULL),
	(49, NULL, '', '', NULL, '', '', '', NULL, NULL, NULL, '2022-08-29 14:06:01.922000', 'THREE', 3, '633', '\n\n    \n    ', NULL, '2022-08-30 00:00:00.000000', NULL, NULL, '2022-09-16 17:10:01.111372', 16, NULL, NULL),
	(50, NULL, '', '/', '524', '  ', '', '', 'G524', NULL, NULL, '2022-08-30 16:44:43.081000', 'CLUB', 4, '1.5242.3.4', NULL, '', '2022-08-15 00:00:00.000000', NULL, NULL, '2022-09-16 17:00:59.090309', 325, NULL, NULL),
	(52, NULL, '', '/', '524', ' ', 'G524', '524', '', NULL, NULL, '2022-08-30 17:02:31.437000', 'CLUB', 4, 'G524', '1 23', '', '2022-08-14 00:00:00.000000', NULL, NULL, '2022-09-21 08:09:53.383458', 330, NULL, NULL),
	(53, NULL, '', '', NULL, '', '', '200711', NULL, NULL, NULL, '2022-08-31 14:49:29.602000', 'THREE', 3, '200711200711', '', NULL, '2022-08-30 00:00:00.000000', NULL, NULL, '2022-09-19 14:06:14.572989', 8, NULL, NULL),
	(54, NULL, '', '', NULL, '', '', '', NULL, NULL, NULL, '2022-08-31 14:52:35.137000', 'THREE', 3, '', '\n\n', NULL, '2022-08-22 00:00:00.000000', NULL, NULL, '2022-09-19 14:02:40.387207', 8, NULL, NULL),
	(55, NULL, '', '', NULL, '', '', '', NULL, NULL, NULL, '2022-08-31 14:54:42.228000', 'THREE', 3, '', '\n\n', NULL, '2022-08-22 00:00:00.000000', NULL, NULL, '2022-09-19 14:14:56.826173', 8, NULL, NULL),
	(56, NULL, '', '', NULL, '', '', '', NULL, NULL, NULL, '2022-08-31 14:56:01.155000', 'THREE', 3, '', '\n\n', NULL, '2022-08-22 00:00:00.000000', NULL, NULL, '2022-09-19 14:19:51.564269', 8, NULL, NULL),
	(57, NULL, '', '', NULL, '', '', '', NULL, NULL, NULL, '2022-08-31 14:57:21.039000', 'THREE', 3, '224', '\n', NULL, '2022-08-22 00:00:00.000000', NULL, NULL, '2022-09-19 14:22:34.842567', 8, NULL, NULL),
	(58, NULL, '', '', NULL, '', '', '3380%', NULL, NULL, NULL, '2022-08-31 14:59:22.587000', 'THREE', 3, '980%', '\n\n', NULL, '2022-08-22 00:00:00.000000', NULL, NULL, '2022-09-19 14:35:42.239218', 8, NULL, NULL),
	(59, NULL, '', '', NULL, '', '', ' ', NULL, NULL, NULL, '2022-08-31 15:00:09.236000', 'THREE', 3, '', '\n\n', NULL, '2022-08-30 00:00:00.000000', NULL, NULL, '2022-09-19 14:44:05.099892', 8, NULL, NULL),
	(60, NULL, '', '', NULL, '', '', '', NULL, NULL, NULL, '2022-08-31 15:00:50.151000', 'THREE', 3, '<>', '\n\n', NULL, '2022-08-30 00:00:00.000000', NULL, NULL, '2022-09-19 15:31:36.123276', 8, NULL, NULL),
	(61, NULL, '', NULL, NULL, NULL, NULL, NULL, NULL, NULL, NULL, '2022-09-04 17:15:10.238836', 'QUESTION', NULL, '', NULL, NULL, '2022-09-04 00:00:00.000000', NULL, NULL, '2022-09-04 17:15:10.238836', 40, 8, NULL),
	(62, NULL, '', NULL, NULL, NULL, NULL, NULL, NULL, NULL, NULL, '2022-09-04 17:16:25.447600', 'QUESTION', NULL, '', NULL, NULL, '2022-09-04 00:00:00.000000', NULL, NULL, '2022-09-04 17:16:25.447600', 40, 8, NULL),
	(64, NULL, '', NULL, NULL, NULL, NULL, NULL, NULL, NULL, NULL, '2022-09-08 08:25:46.269135', 'QUESTION', NULL, '', NULL, NULL, '2022-09-07 00:00:00.000000', NULL, NULL, '2022-09-08 08:25:46.269135', 208, 207, NULL),
	(66, NULL, '', NULL, NULL, NULL, NULL, NULL, NULL, NULL, NULL, '2022-09-08 14:09:05.533177', 'QUESTION', NULL, '', NULL, NULL, '2022-09-06 00:00:00.000000', NULL, NULL, '2022-09-08 14:09:05.533177', 209, 207, NULL),
	(67, NULL, '', NULL, NULL, NULL, NULL, NULL, NULL, NULL, NULL, '2022-09-09 10:25:03.866863', 'QUESTION', NULL, '', NULL, NULL, '2022-09-09 00:00:00.000000', NULL, NULL, '2022-09-09 10:25:03.866863', 41, 7, NULL),
	(68, NULL, '', '', '', '', '', NULL, NULL, NULL, NULL, '2022-09-09 16:08:14.975154', 'TALKING', NULL, '1.2.', NULL, NULL, '2022-09-04 00:00:00.000000', NULL, NULL, '2022-09-09 16:08:14.975154', 30, 5, NULL),
	(69, NULL, '', NULL, NULL, NULL, NULL, NULL, NULL, NULL, NULL, '2022-09-13 09:13:20.361560', 'QUESTION', NULL, '', NULL, NULL, '2022-09-08 00:00:00.000000', NULL, NULL, '2022-09-13 09:13:20.361560', 31, 30, NULL),
	(70, NULL, '', NULL, NULL, NULL, NULL, NULL, NULL, NULL, NULL, '2022-09-13 09:14:50.852915', 'QUESTION', NULL, '', NULL, NULL, '2022-09-09 00:00:00.000000', NULL, NULL, '2022-09-13 09:14:50.852915', 104, 30, NULL),
	(71, NULL, '', NULL, NULL, NULL, NULL, NULL, NULL, NULL, NULL, '2022-09-13 09:24:10.925495', 'QUESTION', NULL, '2022', NULL, NULL, '2022-09-07 00:00:00.000000', NULL, NULL, '2022-09-13 09:24:10.925495', 346, 215, NULL),
	(72, NULL, '', NULL, NULL, NULL, NULL, NULL, NULL, NULL, NULL, '2022-09-13 14:36:49.135037', 'QUESTION', NULL, '123', NULL, NULL, '2022-09-01 00:00:00.000000', NULL, NULL, '2022-09-13 14:36:49.135037', 145, 143, NULL),
	(73, NULL, '', NULL, NULL, NULL, NULL, NULL, NULL, NULL, NULL, '2022-09-13 14:39:48.603847', 'QUESTION', NULL, '1\n2\n3\n4', NULL, NULL, '2022-09-07 00:00:00.000000', NULL, NULL, '2022-09-13 14:39:48.603847', 143, 3, NULL),
	(74, NULL, '', NULL, NULL, NULL, NULL, NULL, NULL, NULL, NULL, '2022-09-13 15:13:07.459302', 'QUESTION', NULL, '', NULL, NULL, '2022-09-07 00:00:00.000000', NULL, NULL, '2022-09-13 15:13:07.459302', 165, 155, NULL),
	(75, NULL, '', NULL, NULL, NULL, NULL, NULL, NULL, NULL, NULL, '2022-09-13 15:14:21.339386', 'QUESTION', NULL, '', NULL, NULL, '2022-09-07 00:00:00.000000', NULL, NULL, '2022-09-13 15:14:21.339386', 158, 155, NULL),
	(76, NULL, '', NULL, NULL, NULL, NULL, NULL, NULL, NULL, NULL, '2022-09-13 15:14:58.890552', 'QUESTION', NULL, '', NULL, NULL, '2022-09-07 00:00:00.000000', NULL, NULL, '2022-09-13 15:14:58.890552', 156, 155, NULL),
	(77, NULL, '', NULL, NULL, NULL, NULL, NULL, NULL, NULL, NULL, '2022-09-13 15:19:38.069443', 'QUESTION', NULL, '1.2.3.4.', NULL, NULL, '2022-09-08 00:00:00.000000', NULL, NULL, '2022-09-13 15:19:38.069443', 134, 19, NULL),
	(78, NULL, '', NULL, NULL, NULL, NULL, NULL, NULL, NULL, NULL, '2022-09-13 15:20:31.317795', 'QUESTION', NULL, '\n\n\n \n\n\n', NULL, NULL, '2022-09-13 00:00:00.000000', NULL, NULL, '2022-09-13 15:20:31.317795', 245, 242, NULL),
	(79, NULL, '', NULL, NULL, NULL, NULL, NULL, NULL, NULL, NULL, '2022-09-13 15:23:27.247113', 'QUESTION', NULL, '\n\n \n    ', NULL, NULL, '2022-09-13 00:00:00.000000', NULL, NULL, '2022-09-13 15:23:27.247113', 244, 242, NULL),
	(80, NULL, '', NULL, NULL, NULL, NULL, NULL, NULL, NULL, NULL, '2022-09-13 15:25:23.961496', 'QUESTION', NULL, '\n	\n	\n	\n	\n\n\n	', NULL, NULL, '2022-09-13 00:00:00.000000', NULL, NULL, '2022-09-13 15:25:23.961496', 246, 242, NULL),
	(81, NULL, '', NULL, NULL, NULL, NULL, NULL, NULL, NULL, NULL, '2022-09-13 15:26:17.385173', 'QUESTION', NULL, '1.2.3.4.', NULL, NULL, '2022-09-08 00:00:00.000000', NULL, NULL, '2022-09-13 15:26:17.385173', 139, 19, NULL),
	(82, NULL, '', NULL, NULL, NULL, NULL, NULL, NULL, NULL, NULL, '2022-09-13 15:28:18.776697', 'QUESTION', NULL, '', NULL, NULL, '2022-09-12 00:00:00.000000', NULL, NULL, '2022-09-13 15:28:18.776697', 187, 186, NULL),
	(83, NULL, '', '', NULL, NULL, NULL, NULL, NULL, NULL, NULL, '2022-09-13 15:31:28.078846', 'DISPOSAL', NULL, '', NULL, NULL, '2022-09-13 00:00:00.000000', '2022-09-13 00:00:00.000000', NULL, '2022-09-13 15:31:28.078846', 207, 207, 208),
	(84, NULL, '', NULL, NULL, NULL, NULL, NULL, NULL, NULL, NULL, '2022-09-13 15:47:37.075349', 'QUESTION', NULL, '1\n2\n3\n4  ', NULL, NULL, '2022-09-13 00:00:00.000000', NULL, NULL, '2022-09-13 15:47:37.075349', 76, 75, NULL),
	(85, NULL, '', NULL, NULL, NULL, NULL, NULL, NULL, NULL, NULL, '2022-09-13 15:48:50.102256', 'QUESTION', NULL, '1\n2\n3\n4  ', NULL, NULL, '2022-09-13 00:00:00.000000', NULL, NULL, '2022-09-13 15:48:50.102256', 77, 75, NULL),
	(86, NULL, '', NULL, NULL, NULL, NULL, NULL, NULL, NULL, NULL, '2022-09-13 15:50:11.139091', 'QUESTION', NULL, '1\n2\n3\n4  ', NULL, NULL, '2022-09-13 00:00:00.000000', NULL, NULL, '2022-09-13 15:50:11.139091', 78, 75, NULL),
	(87, NULL, '', NULL, NULL, NULL, NULL, NULL, NULL, NULL, NULL, '2022-09-13 15:51:16.423969', 'QUESTION', NULL, '1\n2\n3\n4  ', NULL, NULL, '2022-09-13 00:00:00.000000', NULL, NULL, '2022-09-13 15:51:16.423969', 75, 15, NULL),
	(88, NULL, '', NULL, NULL, NULL, NULL, NULL, NULL, NULL, NULL, '2022-09-13 21:08:42.103104', 'QUESTION', NULL, '', NULL, NULL, '2022-09-13 00:00:00.000000', NULL, NULL, '2022-09-13 21:08:42.103104', 284, 283, NULL),
	(90, NULL, '', NULL, NULL, NULL, NULL, NULL, NULL, NULL, NULL, '2022-09-13 21:11:22.870362', 'QUESTION', NULL, '', NULL, NULL, '2022-09-13 00:00:00.000000', NULL, NULL, '2022-09-13 21:11:22.870362', 286, 283, NULL),
	(91, NULL, '', NULL, NULL, NULL, NULL, NULL, NULL, NULL, NULL, '2022-09-13 21:12:08.950123', 'QUESTION', NULL, '', NULL, NULL, '2022-09-13 00:00:00.000000', NULL, NULL, '2022-09-13 21:12:08.950123', 287, 283, NULL),
	(92, NULL, '', NULL, NULL, NULL, NULL, NULL, NULL, NULL, NULL, '2022-09-13 21:19:03.874761', 'QUESTION', NULL, '', NULL, NULL, '2022-09-13 00:00:00.000000', NULL, NULL, '2022-09-13 21:19:03.874761', 285, 283, NULL),
	(93, NULL, '', NULL, NULL, NULL, NULL, NULL, NULL, NULL, NULL, '2022-09-13 21:28:15.583911', 'QUESTION', NULL, '1.\n2.\n3.', NULL, NULL, '2022-09-07 00:00:00.000000', NULL, NULL, '2022-09-13 21:28:15.583911', 251, 250, NULL),
	(94, NULL, '', NULL, NULL, NULL, NULL, NULL, NULL, NULL, NULL, '2022-09-13 21:31:37.362195', 'QUESTION', NULL, '1\n2\n3', NULL, NULL, '2022-09-07 00:00:00.000000', NULL, NULL, '2022-09-13 21:31:37.362195', 252, 250, NULL),
	(95, NULL, '', NULL, NULL, NULL, NULL, NULL, NULL, NULL, NULL, '2022-09-13 21:38:12.917517', 'QUESTION', NULL, '1.\n2.\n3.', NULL, NULL, '2022-09-07 00:00:00.000000', NULL, NULL, '2022-09-13 21:38:12.917517', 254, 250, NULL),
	(96, NULL, '', NULL, NULL, NULL, NULL, NULL, NULL, NULL, NULL, '2022-09-13 21:42:47.251088', 'QUESTION', NULL, '1.2.3.\n1.2.3.\n', NULL, NULL, '2022-09-07 00:00:00.000000', NULL, NULL, '2022-09-13 21:42:47.251088', 253, 250, NULL),
	(97, NULL, '', NULL, NULL, NULL, NULL, NULL, NULL, NULL, NULL, '2022-09-14 08:34:22.943785', 'QUESTION', NULL, '', NULL, NULL, '2022-09-04 00:00:00.000000', NULL, NULL, '2022-09-14 08:34:22.943785', 75, 15, NULL),
	(98, NULL, '', NULL, NULL, NULL, NULL, NULL, NULL, NULL, NULL, '2022-09-14 08:40:52.955295', 'QUESTION', NULL, '', NULL, NULL, '2022-09-04 00:00:00.000000', NULL, NULL, '2022-09-14 08:40:52.955295', 75, 15, NULL),
	(99, NULL, '', NULL, NULL, NULL, NULL, NULL, NULL, NULL, NULL, '2022-09-14 09:59:37.379630', 'QUESTION', NULL, '', NULL, NULL, '2022-09-13 00:00:00.000000', NULL, NULL, '2022-09-14 09:59:37.379630', 155, 21, NULL),
	(100, NULL, '', NULL, NULL, NULL, NULL, NULL, NULL, NULL, NULL, '2022-09-14 10:18:16.659234', 'QUESTION', NULL, ' ', NULL, NULL, '2022-09-06 00:00:00.000000', NULL, NULL, '2022-09-14 10:18:16.659234', 207, 15, NULL),
	(101, NULL, '', NULL, NULL, NULL, NULL, NULL, NULL, NULL, NULL, '2022-09-14 14:48:40.138958', 'QUESTION', NULL, '\n\n\n\n\n\n', NULL, NULL, '2022-09-14 00:00:00.000000', NULL, NULL, '2022-09-14 14:48:40.138958', 296, 293, NULL),
	(102, NULL, '', NULL, NULL, NULL, NULL, NULL, NULL, NULL, NULL, '2022-09-14 14:53:01.318915', 'QUESTION', NULL, '\n\n\n\n\n', NULL, NULL, '2022-09-14 00:00:00.000000', NULL, NULL, '2022-09-14 14:53:01.318915', 297, 293, NULL),
	(103, NULL, '', NULL, NULL, NULL, NULL, NULL, NULL, NULL, NULL, '2022-09-14 15:10:34.475610', 'QUESTION', NULL, '\n\n\n\n\n\n', NULL, NULL, '2022-09-14 00:00:00.000000', NULL, NULL, '2022-09-14 15:10:34.475610', 295, 293, NULL),
	(104, NULL, '', NULL, NULL, NULL, NULL, NULL, NULL, NULL, NULL, '2022-09-14 15:34:44.034538', 'QUESTION', NULL, ':\n:\n:\n:\n:\n', NULL, NULL, '2022-09-14 00:00:00.000000', NULL, NULL, '2022-09-14 15:34:44.034538', 294, 293, NULL),
	(105, NULL, '', NULL, NULL, NULL, NULL, NULL, NULL, NULL, NULL, '2022-09-14 16:24:02.793150', 'QUESTION', NULL, '\n', NULL, NULL, '2022-09-09 00:00:00.000000', NULL, NULL, '2022-09-14 16:24:02.793150', 262, 261, NULL),
	(106, NULL, '', NULL, NULL, NULL, NULL, NULL, NULL, NULL, NULL, '2022-09-14 16:27:07.802024', 'QUESTION', NULL, '\n', NULL, NULL, '2022-09-13 00:00:00.000000', NULL, NULL, '2022-09-14 16:27:07.802024', 263, 261, NULL),
	(107, NULL, '', NULL, NULL, NULL, NULL, NULL, NULL, NULL, NULL, '2022-09-14 16:28:36.973560', 'QUESTION', NULL, '\n', NULL, NULL, '2022-09-14 00:00:00.000000', NULL, NULL, '2022-09-14 16:28:36.973560', 264, 261, NULL),
	(108, NULL, '', NULL, NULL, NULL, NULL, NULL, NULL, NULL, NULL, '2022-09-14 16:29:36.415676', 'QUESTION', NULL, '\n', NULL, NULL, '2022-09-14 00:00:00.000000', NULL, NULL, '2022-09-14 16:29:36.415676', 265, 261, NULL),
	(109, NULL, '', NULL, NULL, NULL, NULL, NULL, NULL, NULL, NULL, '2022-09-14 16:30:39.032830', 'QUESTION', NULL, '\n', NULL, NULL, '2022-09-13 00:00:00.000000', NULL, NULL, '2022-09-14 16:30:39.032830', 266, 261, NULL),
	(110, NULL, '', NULL, NULL, NULL, NULL, NULL, NULL, NULL, NULL, '2022-09-14 16:31:18.520913', 'QUESTION', NULL, '', NULL, NULL, '2022-09-13 00:00:00.000000', NULL, NULL, '2022-09-14 16:31:18.520913', 117, 116, NULL),
	(111, NULL, '', NULL, NULL, NULL, NULL, NULL, NULL, NULL, NULL, '2022-09-14 16:32:13.977201', 'QUESTION', NULL, '2022', NULL, NULL, '2022-09-06 00:00:00.000000', NULL, NULL, '2022-09-14 16:32:13.977201', 118, 116, NULL),
	(112, NULL, '', NULL, NULL, NULL, NULL, NULL, NULL, NULL, NULL, '2022-09-14 16:55:47.848392', 'QUESTION', NULL, '\n\n\n\n\n\n\n\n', NULL, NULL, '2022-09-14 00:00:00.000000', NULL, NULL, '2022-09-14 16:55:47.848392', 298, 293, NULL),
	(113, NULL, '', NULL, NULL, NULL, NULL, NULL, NULL, NULL, NULL, '2022-09-14 16:57:01.163976', 'QUESTION', NULL, ',\n\n\n', NULL, NULL, '2022-09-14 00:00:00.000000', NULL, NULL, '2022-09-14 16:57:01.163976', 299, 293, NULL),
	(114, NULL, '', NULL, NULL, NULL, NULL, NULL, NULL, NULL, NULL, '2022-09-14 18:24:54.395071', 'QUESTION', NULL, '1\n2\n', NULL, NULL, '2022-09-09 00:00:00.000000', NULL, NULL, '2022-09-14 18:24:54.395071', 239, 236, NULL),
	(115, NULL, '', NULL, NULL, NULL, NULL, NULL, NULL, NULL, NULL, '2022-09-14 18:26:06.920031', 'QUESTION', NULL, '\n\n\n\n\n\n\n', NULL, NULL, '2022-09-14 00:00:00.000000', NULL, NULL, '2022-09-14 18:26:06.920031', 289, 288, NULL),
	(116, NULL, '', NULL, NULL, NULL, NULL, NULL, NULL, NULL, NULL, '2022-09-14 18:27:12.053576', 'QUESTION', NULL, '\n\n\n\n\n\n\n\n', NULL, NULL, '2022-09-14 00:00:00.000000', NULL, NULL, '2022-09-14 18:27:12.053576', 290, 288, NULL),
	(117, NULL, '', NULL, NULL, NULL, NULL, NULL, NULL, NULL, NULL, '2022-09-14 18:27:56.977464', 'QUESTION', NULL, ' \n\n\n\n  \n', NULL, NULL, '2022-09-14 00:00:00.000000', NULL, NULL, '2022-09-14 18:27:56.977464', 291, 288, NULL),
	(118, NULL, '', NULL, NULL, NULL, NULL, NULL, NULL, NULL, NULL, '2022-09-14 18:29:40.190074', 'QUESTION', NULL, '\n\n\n\n\n\n\n\n\n', NULL, NULL, '2022-09-14 00:00:00.000000', NULL, NULL, '2022-09-14 18:29:40.190074', 292, 288, NULL),
	(119, NULL, '', NULL, NULL, NULL, NULL, NULL, NULL, NULL, NULL, '2022-09-14 19:10:20.152784', 'QUESTION', NULL, '2022', NULL, NULL, '2022-09-13 00:00:00.000000', NULL, NULL, '2022-09-14 19:10:20.152784', 72, 48, NULL),
	(120, NULL, '', NULL, NULL, NULL, NULL, NULL, NULL, NULL, NULL, '2022-09-14 19:11:03.407053', 'QUESTION', NULL, '2022', NULL, NULL, '2022-09-13 00:00:00.000000', NULL, NULL, '2022-09-14 19:11:03.407053', 50, 48, NULL),
	(122, NULL, '', NULL, NULL, NULL, NULL, NULL, NULL, NULL, NULL, '2022-09-15 09:38:50.416301', 'QUESTION', NULL, '1\n2.', NULL, NULL, '2022-09-13 00:00:00.000000', NULL, NULL, '2022-09-15 09:38:50.416301', 29, 13, NULL),
	(123, NULL, '', NULL, NULL, NULL, NULL, NULL, NULL, NULL, NULL, '2022-09-15 09:39:58.890523', 'QUESTION', NULL, '1\n2.', NULL, NULL, '2022-09-09 00:00:00.000000', NULL, NULL, '2022-09-15 09:39:58.890523', 29, 13, NULL),
	(124, NULL, '', NULL, NULL, NULL, NULL, NULL, NULL, NULL, NULL, '2022-09-15 09:41:04.929104', 'QUESTION', NULL, '1\n2.', NULL, NULL, '2022-09-09 00:00:00.000000', NULL, NULL, '2022-09-15 09:41:04.929104', 29, 13, NULL),
	(125, NULL, '', NULL, NULL, NULL, NULL, NULL, NULL, NULL, NULL, '2022-09-15 09:42:22.433855', 'QUESTION', NULL, '1.\n2.', NULL, NULL, '2022-09-13 00:00:00.000000', NULL, NULL, '2022-09-15 09:42:22.433855', 29, 13, NULL),
	(126, NULL, '', NULL, NULL, NULL, NULL, NULL, NULL, NULL, NULL, '2022-09-15 11:28:25.876350', 'QUESTION', NULL, 'T', NULL, NULL, '2022-09-15 00:00:00.000000', NULL, NULL, '2022-09-15 11:28:25.876350', 31, 14, NULL),
	(127, NULL, '', NULL, NULL, NULL, NULL, NULL, NULL, NULL, NULL, '2022-09-15 11:30:50.909678', 'QUESTION', NULL, '', NULL, NULL, '2022-09-15 00:00:00.000000', NULL, NULL, '2022-09-15 11:30:50.909678', 31, 4, NULL),
	(128, NULL, '', '', '212', '', '', NULL, NULL, NULL, NULL, '2022-09-15 11:42:49.780242', 'TALKING', NULL, '1\n2\n3\n4\n', NULL, NULL, '2022-09-14 00:00:00.000000', NULL, NULL, '2022-09-15 11:42:49.780242', 98, 16, NULL),
	(129, NULL, '', NULL, NULL, NULL, NULL, NULL, NULL, NULL, NULL, '2022-09-15 13:59:13.608815', 'QUESTION', NULL, '1\n2\n3\n4\n', NULL, NULL, '2022-09-14 00:00:00.000000', NULL, NULL, '2022-09-15 13:59:13.608815', 98, 16, NULL),
	(130, NULL, '', '/', '', '', 'G524', '524', '', NULL, NULL, '2022-09-15 14:45:13.518000', 'CLUB', 4, '', '1 23 ', '', '2022-08-14 00:00:00.000000', NULL, NULL, '2022-09-16 17:02:06.954097', 323, NULL, NULL),
	(131, NULL, '', NULL, NULL, NULL, NULL, NULL, NULL, NULL, NULL, '2022-09-15 15:06:19.314128', 'QUESTION', NULL, '123456\n\n', NULL, NULL, '2022-09-11 00:00:00.000000', NULL, NULL, '2022-09-15 15:06:19.314128', 257, 255, NULL),
	(132, NULL, '', NULL, NULL, NULL, NULL, NULL, NULL, NULL, NULL, '2022-09-15 15:07:38.369519', 'QUESTION', NULL, '\n', NULL, NULL, '2022-09-11 00:00:00.000000', NULL, NULL, '2022-09-15 15:07:38.369519', 256, 255, NULL),
	(133, NULL, '', NULL, NULL, NULL, NULL, NULL, NULL, NULL, NULL, '2022-09-15 15:08:45.207292', 'QUESTION', NULL, '123456\n\n', NULL, NULL, '2022-09-11 00:00:00.000000', NULL, NULL, '2022-09-15 15:08:45.207292', 258, 255, NULL),
	(134, NULL, '', NULL, NULL, NULL, NULL, NULL, NULL, NULL, NULL, '2022-09-15 15:10:09.342363', 'QUESTION', NULL, '123\n\n', NULL, NULL, '2022-09-11 00:00:00.000000', NULL, NULL, '2022-09-15 15:10:09.342363', 259, 255, NULL),
	(135, NULL, '', NULL, NULL, NULL, NULL, NULL, NULL, NULL, NULL, '2022-09-15 15:11:02.005127', 'QUESTION', NULL, '1234\n\n', NULL, NULL, '2022-09-11 00:00:00.000000', NULL, NULL, '2022-09-15 15:11:02.005127', 260, 255, NULL),
	(136, NULL, '', NULL, NULL, NULL, NULL, NULL, NULL, NULL, NULL, '2022-09-15 15:18:18.571026', 'QUESTION', NULL, '', NULL, NULL, '2022-09-15 00:00:00.000000', NULL, NULL, '2022-09-15 15:18:18.571026', 274, 273, NULL),
	(137, NULL, '', NULL, NULL, NULL, NULL, NULL, NULL, NULL, NULL, '2022-09-15 15:19:59.046390', 'QUESTION', NULL, '', NULL, NULL, '2022-09-15 00:00:00.000000', NULL, NULL, '2022-09-15 15:19:59.046390', 275, 273, NULL),
	(138, NULL, '', NULL, NULL, NULL, NULL, NULL, NULL, NULL, NULL, '2022-09-15 15:21:05.222391', 'QUESTION', NULL, '', NULL, NULL, '2022-09-15 00:00:00.000000', NULL, NULL, '2022-09-15 15:21:05.222391', 277, 273, NULL),
	(139, NULL, '', NULL, NULL, NULL, NULL, NULL, NULL, NULL, NULL, '2022-09-15 15:21:37.586449', 'QUESTION', NULL, '', NULL, NULL, '2022-09-15 00:00:00.000000', NULL, NULL, '2022-09-15 15:21:37.586449', 278, 273, NULL),
	(140, NULL, '', NULL, NULL, NULL, NULL, NULL, NULL, NULL, NULL, '2022-09-15 15:23:30.139765', 'QUESTION', NULL, '', NULL, NULL, '2022-09-15 00:00:00.000000', NULL, NULL, '2022-09-15 15:23:30.139765', 276, 273, NULL),
	(141, NULL, '', NULL, NULL, NULL, NULL, NULL, NULL, NULL, NULL, '2022-09-15 15:29:55.836640', 'QUESTION', NULL, '', NULL, NULL, '2022-09-14 00:00:00.000000', NULL, NULL, '2022-09-15 15:29:55.836640', 176, 172, NULL),
	(142, NULL, '', NULL, NULL, NULL, NULL, NULL, NULL, NULL, NULL, '2022-09-15 15:38:03.447860', 'QUESTION', NULL, '1.2.3.4.5.\n', NULL, NULL, '2022-09-14 00:00:00.000000', NULL, NULL, '2022-09-15 15:38:03.447860', 173, 172, NULL),
	(144, NULL, '', NULL, NULL, NULL, NULL, NULL, NULL, NULL, NULL, '2022-09-15 15:52:07.865711', 'QUESTION', NULL, '(1)::\n(2) (3):;', NULL, NULL, '2022-09-14 00:00:00.000000', NULL, NULL, '2022-09-15 15:52:07.865711', 174, 172, NULL),
	(146, NULL, '', NULL, NULL, NULL, NULL, NULL, NULL, NULL, NULL, '2022-09-15 16:10:25.315352', 'QUESTION', NULL, '2022', NULL, NULL, '2022-09-12 00:00:00.000000', NULL, NULL, '2022-09-15 16:10:25.315352', 281, 279, NULL),
	(147, NULL, '', NULL, NULL, NULL, NULL, NULL, NULL, NULL, NULL, '2022-09-15 16:11:50.873431', 'QUESTION', NULL, '2022', NULL, NULL, '2022-09-12 00:00:00.000000', NULL, NULL, '2022-09-15 16:11:50.873431', 282, 279, NULL),
	(148, NULL, '', NULL, NULL, NULL, NULL, NULL, NULL, NULL, NULL, '2022-09-15 16:14:09.260052', 'QUESTION', NULL, '2022', NULL, NULL, '2022-09-12 00:00:00.000000', NULL, NULL, '2022-09-15 16:14:09.260052', 344, 279, NULL),
	(149, NULL, '', NULL, NULL, NULL, NULL, NULL, NULL, NULL, NULL, '2022-09-15 16:15:16.719806', 'QUESTION', NULL, '2022', NULL, NULL, '2022-09-12 00:00:00.000000', NULL, NULL, '2022-09-15 16:15:16.719806', 345, 279, NULL),
	(150, NULL, '', NULL, NULL, NULL, NULL, NULL, NULL, NULL, NULL, '2022-09-15 16:16:17.789257', 'QUESTION', NULL, '2022', NULL, NULL, '2022-09-12 00:00:00.000000', NULL, NULL, '2022-09-15 16:16:17.789257', 226, 279, NULL),
	(151, NULL, '', NULL, NULL, NULL, NULL, NULL, NULL, NULL, NULL, '2022-09-15 16:23:22.399994', 'QUESTION', NULL, '\n     \n\n   ', NULL, NULL, '2022-09-14 00:00:00.000000', NULL, NULL, '2022-09-15 16:23:22.399994', 102, 98, NULL),
	(152, NULL, '', NULL, NULL, NULL, NULL, NULL, NULL, NULL, NULL, '2022-09-15 16:24:36.437118', 'QUESTION', NULL, '1\n2\n3 \n4', NULL, NULL, '2022-09-14 00:00:00.000000', NULL, NULL, '2022-09-15 16:24:36.437118', 110, 98, NULL),
	(153, NULL, '', NULL, NULL, NULL, NULL, NULL, NULL, NULL, NULL, '2022-09-15 16:26:24.604771', 'QUESTION', NULL, '\n  \n\n  ', NULL, NULL, '2022-09-14 00:00:00.000000', NULL, NULL, '2022-09-15 16:26:24.604771', 101, 98, NULL),
	(154, NULL, '', NULL, NULL, NULL, NULL, NULL, NULL, NULL, NULL, '2022-09-15 16:48:09.871336', 'QUESTION', NULL, '\n\n', NULL, NULL, '2022-09-14 00:00:00.000000', NULL, NULL, '2022-09-15 16:48:09.871336', 99, 98, NULL),
	(155, NULL, '', NULL, NULL, NULL, NULL, NULL, NULL, NULL, NULL, '2022-09-15 17:03:21.065546', 'QUESTION', NULL, '\n    \n\n    \n\n    \n\n    ', NULL, NULL, '2022-09-14 00:00:00.000000', NULL, NULL, '2022-09-15 17:03:21.065546', 302, 301, NULL),
	(156, NULL, '', NULL, NULL, NULL, NULL, NULL, NULL, NULL, NULL, '2022-09-15 17:04:31.774205', 'QUESTION', NULL, '\n\n\n\n    \n\n    ', NULL, NULL, '2022-09-14 00:00:00.000000', NULL, NULL, '2022-09-15 17:04:31.774205', 303, 301, NULL),
	(157, NULL, '', NULL, NULL, NULL, NULL, NULL, NULL, NULL, NULL, '2022-09-15 17:05:39.062081', 'QUESTION', NULL, '\n    \n\n    \n\n    \n\n    .', NULL, NULL, '2022-09-14 00:00:00.000000', NULL, NULL, '2022-09-15 17:05:39.062081', 304, 301, NULL),
	(158, NULL, '', NULL, NULL, NULL, NULL, NULL, NULL, NULL, NULL, '2022-09-15 17:12:30.658864', 'QUESTION', NULL, '', NULL, NULL, '2022-09-15 00:00:00.000000', NULL, NULL, '2022-09-15 17:12:30.658864', 172, 20, NULL),
	(159, NULL, '', '/', '524	', '	', 'G524', '', '', NULL, NULL, '2022-09-16 15:37:42.617000', 'CLUB', 4, '1 2 3abc\n', '1 2 3	', '', '2022-08-17 00:00:00.000000', NULL, NULL, '2022-09-16 17:04:19.548710', 329, NULL, NULL),
	(160, NULL, '', NULL, NULL, NULL, NULL, NULL, NULL, NULL, NULL, '2022-09-19 15:46:16.323749', 'QUESTION', NULL, '', NULL, NULL, '2022-09-13 00:00:00.000000', NULL, NULL, '2022-09-19 15:46:16.323749', 3, 2, NULL),
	(161, NULL, '', NULL, NULL, NULL, NULL, NULL, NULL, NULL, NULL, '2022-09-19 15:48:45.398191', 'QUESTION', NULL, '', NULL, NULL, '2022-09-14 00:00:00.000000', NULL, NULL, '2022-09-19 15:48:45.398191', 4, 2, NULL),
	(162, NULL, '', NULL, NULL, NULL, NULL, NULL, NULL, NULL, NULL, '2022-09-19 15:49:30.494372', 'QUESTION', NULL, '', NULL, NULL, '2022-09-13 00:00:00.000000', NULL, NULL, '2022-09-19 15:49:30.494372', 5, 2, NULL),
	(163, NULL, '', NULL, NULL, NULL, NULL, NULL, NULL, NULL, NULL, '2022-09-19 15:50:15.358366', 'QUESTION', NULL, '', NULL, NULL, '2022-09-13 00:00:00.000000', NULL, NULL, '2022-09-19 15:50:15.358366', 6, 2, NULL),
	(164, NULL, '', NULL, NULL, NULL, NULL, NULL, NULL, NULL, NULL, '2022-09-19 15:50:54.909448', 'QUESTION', NULL, '', NULL, NULL, '2022-09-13 00:00:00.000000', NULL, NULL, '2022-09-19 15:50:54.909448', 7, 2, NULL),
	(165, NULL, '', NULL, NULL, NULL, NULL, NULL, NULL, NULL, NULL, '2022-09-19 15:51:34.632764', 'QUESTION', NULL, '', NULL, NULL, '2022-09-13 00:00:00.000000', NULL, NULL, '2022-09-19 15:51:34.632764', 8, 2, NULL),
	(166, NULL, '', NULL, NULL, NULL, NULL, NULL, NULL, NULL, NULL, '2022-09-19 15:52:41.091305', 'QUESTION', NULL, '\n', NULL, NULL, '2022-09-13 00:00:00.000000', NULL, NULL, '2022-09-19 15:52:41.091305', 9, 2, NULL),
	(167, NULL, '', NULL, NULL, NULL, NULL, NULL, NULL, NULL, NULL, '2022-09-19 15:53:31.127125', 'QUESTION', NULL, '', NULL, NULL, '2022-09-13 00:00:00.000000', NULL, NULL, '2022-09-19 15:53:31.127125', 10, 2, NULL),
	(168, NULL, '', NULL, NULL, NULL, NULL, NULL, NULL, NULL, NULL, '2022-09-19 15:54:41.773878', 'QUESTION', NULL, '\n', NULL, NULL, '2022-09-14 00:00:00.000000', NULL, NULL, '2022-09-19 15:54:41.773878', 11, 2, NULL),
	(169, NULL, '', NULL, NULL, NULL, NULL, NULL, NULL, NULL, NULL, '2022-09-19 15:55:40.590968', 'QUESTION', NULL, '\n', NULL, NULL, '2022-09-13 00:00:00.000000', NULL, NULL, '2022-09-19 15:55:40.590968', 12, 2, NULL),
	(170, NULL, '', NULL, NULL, NULL, NULL, NULL, NULL, NULL, NULL, '2022-09-19 15:56:29.722957', 'QUESTION', NULL, '\n', NULL, NULL, '2022-09-13 00:00:00.000000', NULL, NULL, '2022-09-19 15:56:29.722957', 13, 2, NULL),
	(171, NULL, '', NULL, NULL, NULL, NULL, NULL, NULL, NULL, NULL, '2022-09-19 16:32:26.721166', 'QUESTION', NULL, '', NULL, NULL, '2022-09-13 00:00:00.000000', NULL, NULL, '2022-09-19 16:32:26.721166', 14, 2, NULL),
	(172, NULL, '', NULL, NULL, NULL, NULL, NULL, NULL, NULL, NULL, '2022-09-19 16:33:20.567440', 'QUESTION', NULL, '', NULL, NULL, '2022-09-13 00:00:00.000000', NULL, NULL, '2022-09-19 16:33:20.567440', 15, 2, NULL),
	(173, NULL, '', NULL, NULL, NULL, NULL, NULL, NULL, NULL, NULL, '2022-09-19 16:34:14.508941', 'QUESTION', NULL, '\n', NULL, NULL, '2022-09-15 00:00:00.000000', NULL, NULL, '2022-09-19 16:34:14.508941', 16, 2, NULL),
	(174, NULL, '', NULL, NULL, NULL, NULL, NULL, NULL, NULL, NULL, '2022-09-19 16:35:03.697986', 'QUESTION', NULL, '', NULL, NULL, '2022-09-13 00:00:00.000000', NULL, NULL, '2022-09-19 16:35:03.697986', 17, 2, NULL),
	(175, NULL, '', NULL, NULL, NULL, NULL, NULL, NULL, NULL, NULL, '2022-09-19 16:35:50.888207', 'QUESTION', NULL, '', NULL, NULL, '2022-09-13 00:00:00.000000', NULL, NULL, '2022-09-19 16:35:50.888207', 18, 2, NULL),
	(176, NULL, '', NULL, NULL, NULL, NULL, NULL, NULL, NULL, NULL, '2022-09-19 16:36:42.656743', 'QUESTION', NULL, '\n', NULL, NULL, '2022-09-13 00:00:00.000000', NULL, NULL, '2022-09-19 16:36:42.656743', 19, 2, NULL),
	(177, NULL, '', NULL, NULL, NULL, NULL, NULL, NULL, NULL, NULL, '2022-09-19 16:37:48.004559', 'QUESTION', NULL, '', NULL, NULL, '2022-09-13 00:00:00.000000', NULL, NULL, '2022-09-19 16:37:48.004559', 20, 2, NULL),
	(178, NULL, '', NULL, NULL, NULL, NULL, NULL, NULL, NULL, NULL, '2022-09-19 16:38:35.335354', 'QUESTION', NULL, '', NULL, NULL, '2022-09-13 00:00:00.000000', NULL, NULL, '2022-09-19 16:38:35.335354', 21, 2, NULL),
	(179, NULL, '', NULL, NULL, NULL, NULL, NULL, NULL, NULL, NULL, '2022-09-19 16:39:47.808114', 'QUESTION', NULL, '', NULL, NULL, '2022-09-13 00:00:00.000000', NULL, NULL, '2022-09-19 16:39:47.808114', 242, 2, NULL),
	(180, NULL, '', NULL, NULL, NULL, NULL, NULL, NULL, NULL, NULL, '2022-09-19 16:40:32.294548', 'QUESTION', NULL, '\n', NULL, NULL, '2022-09-13 00:00:00.000000', NULL, NULL, '2022-09-19 16:40:32.294548', 250, 2, NULL),
	(181, NULL, '', NULL, NULL, NULL, NULL, NULL, NULL, NULL, NULL, '2022-09-19 16:41:25.999932', 'QUESTION', NULL, '', NULL, NULL, '2022-09-13 00:00:00.000000', NULL, NULL, '2022-09-19 16:41:25.999932', 255, 2, NULL),
	(182, NULL, '', NULL, NULL, NULL, NULL, NULL, NULL, NULL, NULL, '2022-09-19 16:42:30.504405', 'QUESTION', NULL, '', NULL, NULL, '2022-09-13 00:00:00.000000', NULL, NULL, '2022-09-19 16:42:30.504405', 261, 2, NULL),
	(183, NULL, '', NULL, NULL, NULL, NULL, NULL, NULL, NULL, NULL, '2022-09-19 16:43:11.476056', 'QUESTION', NULL, '\n', NULL, NULL, '2022-09-13 00:00:00.000000', NULL, NULL, '2022-09-19 16:43:11.476056', 267, 2, NULL),
	(184, NULL, '', NULL, NULL, NULL, NULL, NULL, NULL, NULL, NULL, '2022-09-19 16:43:58.821274', 'QUESTION', NULL, '', NULL, NULL, '2022-09-13 00:00:00.000000', NULL, NULL, '2022-09-19 16:43:58.821274', 273, 2, NULL),
	(185, NULL, '', NULL, NULL, NULL, NULL, NULL, NULL, NULL, NULL, '2022-09-19 16:44:55.012636', 'QUESTION', NULL, '', NULL, NULL, '2022-09-13 00:00:00.000000', NULL, NULL, '2022-09-19 16:44:55.012636', 279, 2, NULL),
	(186, NULL, '', NULL, NULL, NULL, NULL, NULL, NULL, NULL, NULL, '2022-09-19 16:45:33.109598', 'QUESTION', NULL, '\nG524', NULL, NULL, '2022-09-13 00:00:00.000000', NULL, NULL, '2022-09-19 16:45:33.109598', 283, 2, NULL),
	(187, NULL, '', NULL, NULL, NULL, NULL, NULL, NULL, NULL, NULL, '2022-09-19 16:46:12.659912', 'QUESTION', NULL, 'G524', NULL, NULL, '2022-09-13 00:00:00.000000', NULL, NULL, '2022-09-19 16:46:12.659912', 288, 2, NULL),
	(188, NULL, '', NULL, NULL, NULL, NULL, NULL, NULL, NULL, NULL, '2022-09-19 16:46:57.133912', 'QUESTION', NULL, '', NULL, NULL, '2022-09-13 00:00:00.000000', NULL, NULL, '2022-09-19 16:46:57.133912', 293, 2, NULL),
	(189, NULL, '', NULL, NULL, NULL, NULL, NULL, NULL, NULL, NULL, '2022-09-19 16:47:33.684748', 'QUESTION', NULL, '\n', NULL, NULL, '2022-09-13 00:00:00.000000', NULL, NULL, '2022-09-19 16:47:33.684748', 301, 2, NULL),
	(190, NULL, '', NULL, NULL, NULL, NULL, NULL, NULL, NULL, NULL, '2022-09-21 14:30:45.575103', 'QUESTION', NULL, '', NULL, NULL, '2022-09-20 00:00:00.000000', NULL, NULL, '2022-09-21 14:30:45.575103', 268, 267, NULL),
	(191, NULL, '', NULL, NULL, NULL, NULL, NULL, NULL, NULL, NULL, '2022-09-22 10:21:38.743830', 'QUESTION', NULL, '', NULL, NULL, '2022-09-20 00:00:00.000000', NULL, NULL, '2022-09-22 10:21:38.743830', 269, 267, NULL),
	(196, NULL, '', NULL, NULL, NULL, NULL, NULL, NULL, NULL, NULL, '2022-09-22 15:10:46.098365', 'QUESTION', NULL, '', NULL, NULL, '2022-09-20 00:00:00.000000', NULL, NULL, '2022-09-22 15:10:46.098365', 271, 267, NULL),
	(197, NULL, '', NULL, NULL, NULL, NULL, NULL, NULL, NULL, NULL, '2022-09-26 11:01:27.487005', 'QUESTION', NULL, '', NULL, NULL, '2022-09-14 00:00:00.000000', NULL, NULL, '2022-09-26 11:01:27.487005', 48, 6, NULL),
	(198, NULL, '', NULL, NULL, NULL, NULL, NULL, NULL, NULL, NULL, '2022-09-26 11:02:47.526552', 'QUESTION', NULL, '', NULL, NULL, '2022-09-14 00:00:00.000000', NULL, NULL, '2022-09-26 11:02:47.526552', 202, 6, NULL),
	(199, NULL, '', NULL, NULL, NULL, NULL, NULL, NULL, NULL, NULL, '2022-09-26 11:04:00.004475', 'QUESTION', NULL, '', NULL, NULL, '2022-09-14 00:00:00.000000', NULL, NULL, '2022-09-26 11:04:00.004475', 215, 6, NULL),
	(200, NULL, '', NULL, NULL, NULL, NULL, NULL, NULL, NULL, NULL, '2022-09-26 11:04:54.839647', 'QUESTION', NULL, '', NULL, NULL, '2022-09-14 00:00:00.000000', NULL, NULL, '2022-09-26 11:04:54.839647', 49, 6, NULL),
	(201, NULL, '', NULL, NULL, NULL, NULL, NULL, NULL, NULL, NULL, '2022-09-26 13:42:27.329406', 'QUESTION', NULL, '1\n2\n3\n', NULL, NULL, '2022-09-02 00:00:00.000000', NULL, NULL, '2022-09-26 13:42:27.329406', 116, 17, NULL),
	(202, NULL, '', NULL, NULL, NULL, NULL, NULL, NULL, NULL, NULL, '2022-09-26 14:13:02.441495', 'QUESTION', NULL, '1\n2\n', NULL, NULL, '2022-09-04 00:00:00.000000', NULL, NULL, '2022-09-26 14:13:02.441495', 30, 5, NULL),
	(203, NULL, '', NULL, NULL, NULL, NULL, NULL, NULL, NULL, NULL, '2022-09-26 14:35:12.646051', 'QUESTION', NULL, '', NULL, NULL, '2022-09-20 00:00:00.000000', NULL, NULL, '2022-09-26 14:35:12.646051', 270, 267, NULL),
	(204, NULL, '', NULL, NULL, NULL, NULL, NULL, NULL, NULL, NULL, '2022-09-26 16:34:15.150579', 'QUESTION', NULL, '12345', NULL, NULL, '2022-09-14 00:00:00.000000', NULL, NULL, '2022-09-26 16:34:15.150579', 215, 12, NULL),
	(205, NULL, '', NULL, NULL, NULL, NULL, NULL, NULL, NULL, NULL, '2022-09-26 16:44:57.277877', 'QUESTION', NULL, '', NULL, NULL, '2022-09-15 00:00:00.000000', NULL, NULL, '2022-09-26 16:44:57.277877', 172, 18, NULL),
	(206, NULL, '', NULL, NULL, NULL, NULL, NULL, NULL, NULL, NULL, '2022-09-26 16:45:59.444448', 'QUESTION', NULL, '\n', NULL, NULL, '2022-09-15 00:00:00.000000', NULL, NULL, '2022-09-26 16:45:59.444448', 173, 18, NULL),
	(207, NULL, '2022', '', NULL, NULL, NULL, NULL, NULL, NULL, NULL, '2022-09-26 16:47:08.401828', 'THREE', 1, '20227', NULL, NULL, NULL, NULL, NULL, '2022-09-26 16:47:08.401828', 12, NULL, NULL),
	(208, NULL, '', NULL, NULL, NULL, NULL, NULL, NULL, NULL, NULL, '2022-09-26 19:43:08.323861', 'QUESTION', NULL, '', NULL, NULL, '2022-09-12 00:00:00.000000', NULL, NULL, '2022-09-26 19:43:08.323861', 236, 17, NULL),
	(213, NULL, '2022-09', '', '', '', NULL, NULL, NULL, NULL, NULL, '2022-09-30 08:34:21.813283', 'LEARNING', NULL, '7 9 47', NULL, NULL, NULL, NULL, NULL, '2022-09-30 08:34:21.813283', 1, NULL, NULL),
	(214, NULL, '', '', NULL, NULL, NULL, NULL, NULL, NULL, NULL, '2022-09-30 11:20:20.308649', 'DISPOSAL', NULL, '20227KTV', NULL, NULL, '2022-09-28 00:00:00.000000', '2022-09-28 00:00:00.000000', NULL, '2022-09-30 11:20:20.308649', 11, 11, 223),
	(215, NULL, '', '', NULL, NULL, NULL, NULL, NULL, NULL, NULL, '2022-09-30 11:33:22.496965', 'DISPOSAL', NULL, '20227KTV', NULL, NULL, '2022-09-28 00:00:00.000000', '2022-09-28 00:00:00.000000', NULL, '2022-09-30 11:33:22.496965', 11, 11, 231),
	(216, NULL, '', '', NULL, NULL, NULL, NULL, NULL, NULL, NULL, '2022-09-30 11:37:37.039734', 'DISPOSAL', NULL, '20227KTV', NULL, NULL, '2022-09-28 00:00:00.000000', '2022-09-28 00:00:00.000000', NULL, '2022-09-30 11:37:37.039734', 11, 11, 222),
	(217, NULL, '', '', NULL, NULL, NULL, NULL, NULL, NULL, NULL, '2022-09-30 14:00:15.085139', 'DISPOSAL', NULL, '20227KTV', NULL, NULL, '2022-09-28 00:00:00.000000', '2022-09-28 00:00:00.000000', NULL, '2022-09-30 14:00:15.085139', 215, 12, 222),
	(218, NULL, '', '', NULL, NULL, NULL, NULL, NULL, NULL, NULL, '2022-09-30 14:02:36.967930', 'DISPOSAL', NULL, '20227KTV', NULL, NULL, '2022-09-28 00:00:00.000000', '2022-09-28 00:00:00.000000', NULL, '2022-09-30 14:02:36.967930', 215, 11, 223),
	(219, NULL, '', '', NULL, NULL, NULL, NULL, NULL, NULL, NULL, '2022-09-30 14:04:32.517939', 'DISPOSAL', NULL, '20227KTV', NULL, NULL, '2022-09-28 00:00:00.000000', '2022-09-28 00:00:00.000000', NULL, '2022-09-30 14:04:32.517939', 215, 11, 231),
	(223, NULL, '', NULL, NULL, NULL, NULL, NULL, NULL, NULL, NULL, '2022-10-08 15:07:07.069910', 'QUESTION', NULL, '', NULL, NULL, '2022-09-26 00:00:00.000000', NULL, NULL, '2022-10-08 15:07:07.069910', 272, 267, NULL),
	(224, NULL, '2022-09', '', '', '', NULL, NULL, NULL, NULL, NULL, '2022-10-10 09:21:46.315685', 'LEARNING', NULL, '123', NULL, NULL, NULL, NULL, NULL, '2022-10-10 09:21:46.315685', 308, NULL, NULL),
	(225, NULL, '', NULL, NULL, NULL, NULL, NULL, NULL, NULL, NULL, '2022-10-10 10:02:35.141359', 'QUESTION', NULL, '', NULL, NULL, '2022-09-12 00:00:00.000000', NULL, NULL, '2022-10-10 10:02:35.141359', 31, 10, NULL),
	(226, NULL, '', NULL, NULL, NULL, NULL, NULL, NULL, NULL, NULL, '2022-10-10 10:08:20.860120', 'QUESTION', NULL, '', NULL, NULL, '2022-09-12 00:00:00.000000', NULL, NULL, '2022-10-10 10:08:20.860120', 172, 10, NULL),
	(227, NULL, '2022-08', '', '2022 ', '', NULL, NULL, NULL, NULL, NULL, '2022-10-10 13:56:52.667583', 'LEARNING', NULL, ' ', NULL, NULL, NULL, NULL, NULL, '2022-10-10 13:56:52.667583', 327, NULL, NULL),
	(228, NULL, '2022-09', '', '2022', '', NULL, NULL, NULL, NULL, NULL, '2022-10-10 13:58:45.284082', 'LEARNING', NULL, '2022', NULL, NULL, NULL, NULL, NULL, '2022-10-10 13:58:45.284082', 327, NULL, NULL),
	(229, NULL, '2022-10', '', '', '', NULL, NULL, NULL, NULL, NULL, '2022-10-10 14:04:50.352470', 'LEARNING', NULL, '109\n\n\n\n1382\n22425\n3\n4\n523\n6\n7\n\n1\n2\n38162415\n4241031\n5\n\n\n524\n624224224241\n7302487100%\n8', NULL, NULL, NULL, NULL, NULL, '2022-10-10 14:04:50.352470', 327, NULL, NULL),
	(230, NULL, '2022-10', '', '', '', NULL, NULL, NULL, NULL, NULL, '2022-10-10 14:07:06.716550', 'LEARNING', NULL, '1\n2', NULL, NULL, NULL, NULL, NULL, '2022-10-10 14:07:06.716550', 310, NULL, NULL),
	(232, NULL, '2022-08', '', ' ', '', NULL, NULL, NULL, NULL, NULL, '2022-10-11 14:41:40.977816', 'LEARNING', NULL, '', NULL, NULL, NULL, NULL, NULL, '2022-10-11 14:41:40.977816', 343, NULL, NULL),
	(233, NULL, '2022-09', '', '  ', '', NULL, NULL, NULL, NULL, NULL, '2022-10-11 14:46:42.180688', 'LEARNING', NULL, '  ', NULL, NULL, NULL, NULL, NULL, '2022-10-11 14:46:42.180688', 343, NULL, NULL),
	(234, NULL, '2022-08', '', ' ', '', NULL, NULL, NULL, NULL, NULL, '2022-10-11 15:10:40.949181', 'LEARNING', NULL, '', NULL, NULL, NULL, NULL, NULL, '2022-10-11 15:10:40.949181', 343, NULL, NULL),
	(235, NULL, '2022-09', '', '', '', NULL, NULL, NULL, NULL, NULL, '2022-10-11 15:20:00.188795', 'LEARNING', NULL, '', NULL, NULL, NULL, NULL, NULL, '2022-10-11 15:20:00.188795', 343, NULL, NULL),
	(236, NULL, '', '', NULL, NULL, NULL, NULL, NULL, NULL, NULL, '2022-10-11 15:52:13.169671', 'THREE', 1, '', NULL, NULL, NULL, NULL, NULL, '2022-10-11 15:52:13.169671', 5, NULL, NULL),
	(237, NULL, '', '', NULL, NULL, NULL, NULL, NULL, NULL, NULL, '2022-10-11 15:53:45.725201', 'THREE', 1, '', NULL, NULL, NULL, NULL, NULL, '2022-10-11 15:53:45.725201', 5, NULL, NULL),
	(238, NULL, '', '', NULL, NULL, NULL, NULL, NULL, NULL, NULL, '2022-10-11 15:55:27.369468', 'THREE', 1, '', NULL, NULL, NULL, NULL, NULL, '2022-10-11 15:55:27.369468', 5, NULL, NULL),
	(239, NULL, '2022-08', '', '2022', '', NULL, NULL, NULL, NULL, NULL, '2022-10-12 08:50:44.642961', 'LEARNING', NULL, '2022', NULL, NULL, NULL, NULL, NULL, '2022-10-12 08:50:44.642961', 320, NULL, NULL),
	(240, NULL, '2022-09', '', '2022', '', NULL, NULL, NULL, NULL, NULL, '2022-10-12 09:00:59.931910', 'LEARNING', NULL, '2022', NULL, NULL, NULL, NULL, NULL, '2022-10-12 09:00:59.931910', 320, NULL, NULL),
	(241, NULL, '2022-10', '', '', '', NULL, NULL, NULL, NULL, NULL, '2022-10-12 09:18:01.782929', 'LEARNING', NULL, '5', NULL, NULL, NULL, NULL, NULL, '2022-10-12 09:18:01.782929', 320, NULL, NULL),
	(242, NULL, '', '', '', '', '', NULL, NULL, NULL, NULL, '2022-10-12 10:12:20.930066', 'TALKING', NULL, '', NULL, NULL, '2022-10-11 00:00:00.000000', NULL, NULL, '2022-10-12 10:12:20.930066', 172, 5, NULL),
	(243, NULL, '2022-08', '', '', '', NULL, NULL, NULL, NULL, NULL, '2022-10-12 10:54:01.551726', 'LEARNING', NULL, '', NULL, NULL, NULL, NULL, NULL, '2022-10-12 10:54:01.551726', 318, NULL, NULL),
	(244, NULL, '2022-09', '', '', '', NULL, NULL, NULL, NULL, NULL, '2022-10-12 10:55:37.540651', 'LEARNING', NULL, '', NULL, NULL, NULL, NULL, NULL, '2022-10-12 10:55:37.540651', 318, NULL, NULL),
	(245, NULL, '2022-10', '', '', '', NULL, NULL, NULL, NULL, NULL, '2022-10-12 10:59:04.165402', 'LEARNING', NULL, '', NULL, NULL, NULL, NULL, NULL, '2022-10-12 10:59:04.165402', 318, NULL, NULL),
	(247, NULL, '', '', '', '', '', NULL, NULL, NULL, NULL, '2022-10-13 13:42:49.151275', 'TALKING', NULL, '"\n', NULL, NULL, '2022-03-01 00:00:00.000000', NULL, NULL, '2022-10-13 13:42:49.151275', 277, 273, NULL),
	(248, NULL, '', '', NULL, NULL, NULL, NULL, NULL, NULL, NULL, '2022-10-13 13:53:54.297018', 'THREE', 1, '', NULL, NULL, NULL, NULL, NULL, '2022-10-13 13:53:54.297018', 10, NULL, NULL),
	(249, NULL, '', '', NULL, NULL, NULL, NULL, NULL, NULL, NULL, '2022-10-13 13:57:56.483641', 'THREE', 1, '', NULL, NULL, NULL, NULL, NULL, '2022-10-13 13:57:56.483641', 10, NULL, NULL),
	(250, NULL, '', '', NULL, NULL, NULL, NULL, NULL, NULL, NULL, '2022-10-13 14:56:13.351162', 'THREE', 1, '', NULL, NULL, NULL, NULL, NULL, '2022-10-13 14:56:13.351162', 20, NULL, NULL),
	(251, NULL, '', '', '', '', '', NULL, NULL, NULL, NULL, '2022-10-13 16:31:56.440641', 'TALKING', NULL, '1\n2\n3\n', NULL, NULL, '2022-10-13 00:00:00.000000', NULL, NULL, '2022-10-13 16:31:56.440641', 283, 7, NULL),
	(252, NULL, '', '', '', '', '', NULL, NULL, NULL, NULL, '2022-10-13 16:33:35.557492', 'TALKING', NULL, '1\n2\n3', NULL, NULL, '2022-10-13 00:00:00.000000', NULL, NULL, '2022-10-13 16:33:35.557492', 293, 7, NULL),
	(253, NULL, '2022-10', '', '', '', NULL, NULL, NULL, NULL, NULL, '2022-10-14 09:07:52.244575', 'LEARNING', NULL, '    ', NULL, NULL, NULL, NULL, NULL, '2022-10-14 09:07:52.244575', 317, NULL, NULL),
	(254, NULL, '2022-10', '', '', '', NULL, NULL, NULL, NULL, NULL, '2022-10-14 09:16:41.840764', 'LEARNING', NULL, '\n\n1  \n2  \n3', NULL, NULL, NULL, NULL, NULL, '2022-10-14 09:16:41.840764', 330, NULL, NULL),
	(255, NULL, '2022-08', '', '', '', NULL, NULL, NULL, NULL, NULL, '2022-10-14 09:21:32.029883', 'LEARNING', NULL, '1990', NULL, NULL, NULL, NULL, NULL, '2022-10-14 09:21:32.029883', 317, NULL, NULL),
	(256, NULL, '2022-08', '', '', '', NULL, NULL, NULL, NULL, NULL, '2022-10-14 09:38:08.902377', 'LEARNING', NULL, '\n', NULL, NULL, NULL, NULL, NULL, '2022-10-14 09:38:08.902377', 306, NULL, NULL),
	(257, NULL, '2022-09', '', '', '', NULL, NULL, NULL, NULL, NULL, '2022-10-14 09:38:26.980968', 'LEARNING', NULL, '', NULL, NULL, NULL, NULL, NULL, '2022-10-14 09:38:26.980968', 317, NULL, NULL),
	(258, NULL, '2022-08', '301', '', '', NULL, NULL, NULL, NULL, NULL, '2022-10-14 09:47:15.565590', 'LEARNING', NULL, '', NULL, NULL, NULL, NULL, NULL, '2022-10-14 09:47:15.565590', 305, NULL, NULL),
	(259, NULL, '2022-09', '315', '', '', NULL, NULL, NULL, NULL, NULL, '2022-10-14 09:51:33.902881', 'LEARNING', NULL, '', NULL, NULL, NULL, NULL, NULL, '2022-10-14 09:51:33.902881', 305, NULL, NULL),
	(260, NULL, '2022-08', '315', '', '', NULL, NULL, NULL, NULL, NULL, '2022-10-14 10:01:04.522540', 'LEARNING', NULL, '', NULL, NULL, NULL, NULL, NULL, '2022-10-14 10:01:04.522540', 305, NULL, NULL),
	(261, NULL, '2022-09', '315', '', '', NULL, NULL, NULL, NULL, NULL, '2022-10-14 10:05:59.601126', 'LEARNING', NULL, '', NULL, NULL, NULL, NULL, NULL, '2022-10-14 10:05:59.601126', 305, NULL, NULL),
	(262, NULL, '2022-09', '', '', '', NULL, NULL, NULL, NULL, NULL, '2022-10-14 10:17:46.243954', 'LEARNING', NULL, '\n\n1201620215 134831202112\n220211240202112\n32017611 3000 20223 \n', NULL, NULL, NULL, NULL, NULL, '2022-10-14 10:17:46.243954', 306, NULL, NULL),
	(263, NULL, '2022-08', '', '', '', NULL, NULL, NULL, NULL, NULL, '2022-10-14 14:12:14.797858', 'LEARNING', NULL, '\n\n', NULL, NULL, NULL, NULL, NULL, '2022-10-14 14:12:14.797858', 315, NULL, NULL),
	(264, NULL, '2022-09', '', '', '', NULL, NULL, NULL, NULL, NULL, '2022-10-14 14:14:15.164272', 'LEARNING', NULL, '', NULL, NULL, NULL, NULL, NULL, '2022-10-14 14:14:15.164272', 315, NULL, NULL),
	(265, NULL, '2022-10', '', '', '', NULL, NULL, NULL, NULL, NULL, '2022-10-14 14:19:39.333604', 'LEARNING', NULL, '', NULL, NULL, NULL, NULL, NULL, '2022-10-14 14:19:39.333604', 315, NULL, NULL),
	(266, NULL, '2022-08', '', '', '', NULL, NULL, NULL, NULL, NULL, '2022-10-14 14:43:03.876097', 'LEARNING', NULL, '  ', NULL, NULL, NULL, NULL, NULL, '2022-10-14 14:43:03.876097', 315, NULL, NULL),
	(267, NULL, '2022-09', '', '', '', NULL, NULL, NULL, NULL, NULL, '2022-10-14 14:43:47.957354', 'LEARNING', NULL, '', NULL, NULL, NULL, NULL, NULL, '2022-10-14 14:43:47.957354', 315, NULL, NULL),
	(268, NULL, '2022-08', '', '', '', NULL, NULL, NULL, NULL, NULL, '2022-10-14 15:44:58.754701', 'LEARNING', NULL, '', NULL, NULL, NULL, NULL, NULL, '2022-10-14 15:44:58.754701', 319, NULL, NULL),
	(269, NULL, '2022-10', '315', '2022', '', NULL, NULL, NULL, NULL, NULL, '2022-10-14 15:58:36.790448', 'LEARNING', NULL, '2022', NULL, NULL, NULL, NULL, NULL, '2022-10-14 15:58:36.790448', 305, NULL, NULL),
	(270, NULL, '2022-09', '', '', '', NULL, NULL, NULL, NULL, NULL, '2022-10-14 16:04:42.484723', 'LEARNING', NULL, '\n\n20148182017929\n', NULL, NULL, NULL, NULL, NULL, '2022-10-14 16:04:42.484723', 319, NULL, NULL),
	(271, NULL, '2022-08', '', '2022', '', NULL, NULL, NULL, NULL, NULL, '2022-10-15 09:43:48.841622', 'LEARNING', NULL, ' ', NULL, NULL, NULL, NULL, NULL, '2022-10-15 09:43:48.841622', 309, NULL, NULL),
	(272, NULL, '2022-09', '', '', '', NULL, NULL, NULL, NULL, NULL, '2022-10-15 09:48:17.509499', 'LEARNING', NULL, '', NULL, NULL, NULL, NULL, NULL, '2022-10-15 09:48:17.509499', 309, NULL, NULL),
	(273, NULL, '2022-08', '', '2022', '', NULL, NULL, NULL, NULL, NULL, '2022-10-15 09:53:48.461369', 'LEARNING', NULL, '2022', NULL, NULL, NULL, NULL, NULL, '2022-10-15 09:53:48.461369', 312, NULL, NULL),
	(274, NULL, '2022-10', '', '', '', NULL, NULL, NULL, NULL, NULL, '2022-10-15 09:59:51.708632', 'LEARNING', NULL, '10', NULL, NULL, NULL, NULL, NULL, '2022-10-15 09:59:51.708632', 309, NULL, NULL),
	(275, NULL, '2022-09', '', '', '', NULL, NULL, NULL, NULL, NULL, '2022-10-15 10:38:47.794124', 'LEARNING', NULL, '', NULL, NULL, NULL, NULL, NULL, '2022-10-15 10:38:47.794124', 312, NULL, NULL),
	(276, NULL, '2022-10', '', '', '', NULL, NULL, NULL, NULL, NULL, '2022-10-15 10:44:49.595142', 'LEARNING', NULL, '', NULL, NULL, NULL, NULL, NULL, '2022-10-15 10:44:49.595142', 312, NULL, NULL),
	(277, NULL, '', '', '', '', '', NULL, NULL, NULL, NULL, '2022-10-15 11:34:38.184588', 'TALKING', NULL, '1\n2\n3', NULL, NULL, '2022-10-15 00:00:00.000000', NULL, NULL, '2022-10-15 11:34:38.184588', 242, 7, NULL),
	(278, NULL, '', '', '', '', '', NULL, NULL, NULL, NULL, '2022-10-15 11:39:06.723878', 'TALKING', NULL, '1\n2\n3\n4', NULL, NULL, '2022-10-15 00:00:00.000000', NULL, NULL, '2022-10-15 11:39:06.723878', 116, 7, NULL),
	(279, NULL, '', '', '', '', '', NULL, NULL, NULL, NULL, '2022-10-15 11:41:28.934561', 'TALKING', NULL, '1\n2\n3\n4', NULL, NULL, '2022-10-15 00:00:00.000000', NULL, NULL, '2022-10-15 11:41:28.934561', 40, 7, NULL),
	(280, NULL, '', '', '', '', '', NULL, NULL, NULL, NULL, '2022-10-15 11:43:34.626383', 'TALKING', NULL, '1\n2\n3\n4', NULL, NULL, '2022-10-15 00:00:00.000000', NULL, NULL, '2022-10-15 11:43:34.626383', 31, 7, NULL),
	(281, NULL, '', '', '', '', '', NULL, NULL, NULL, NULL, '2022-10-15 11:45:13.301209', 'TALKING', NULL, '1\n2\n3\n4', NULL, NULL, '2022-10-15 00:00:00.000000', NULL, NULL, '2022-10-15 11:45:13.301209', 78, 7, NULL),
	(282, NULL, '', '', '', '', '', NULL, NULL, NULL, NULL, '2022-10-15 11:46:25.634059', 'TALKING', NULL, '\n1\n2\n3\n4', NULL, NULL, '2022-10-15 00:00:00.000000', NULL, NULL, '2022-10-15 11:46:25.634059', 77, 7, NULL),
	(283, NULL, '', '', '', '', '', NULL, NULL, NULL, NULL, '2022-10-15 11:47:59.093072', 'TALKING', NULL, '1\n2\n3\n4', NULL, NULL, '2022-10-15 00:00:00.000000', NULL, NULL, '2022-10-15 11:47:59.093072', 165, 7, NULL),
	(284, NULL, '', '', '', '', '', NULL, NULL, NULL, NULL, '2022-10-15 11:49:30.427595', 'TALKING', NULL, '1\n2\n3\n4', NULL, NULL, '2022-10-15 00:00:00.000000', NULL, NULL, '2022-10-15 11:49:30.427595', 174, 7, NULL),
	(285, NULL, '', '', '', '', '', NULL, NULL, NULL, NULL, '2022-10-15 14:01:09.797586', 'TALKING', NULL, '1\n2\n3\n4', NULL, NULL, '2022-10-15 00:00:00.000000', NULL, NULL, '2022-10-15 14:01:09.797586', 139, 7, NULL),
	(286, NULL, '', '', '', '', '', NULL, NULL, NULL, NULL, '2022-10-15 14:03:25.072109', 'TALKING', NULL, '1\n2\n3\n4', NULL, NULL, '2022-10-15 00:00:00.000000', NULL, NULL, '2022-10-15 14:03:25.072109', 245, 7, NULL),
	(287, NULL, '', '', '', '', '', NULL, NULL, NULL, NULL, '2022-10-15 14:09:45.925015', 'TALKING', NULL, '1\n2\n3\n4', NULL, NULL, '2022-10-15 00:00:00.000000', NULL, NULL, '2022-10-15 14:09:45.925015', 46, 7, NULL),
	(288, NULL, '2022-08', '', '', '', NULL, NULL, NULL, NULL, NULL, '2022-10-15 17:55:31.068527', 'LEARNING', NULL, '', NULL, NULL, NULL, NULL, NULL, '2022-10-15 17:55:31.068527', 326, NULL, NULL),
	(289, NULL, '2022-09', '', '', '', NULL, NULL, NULL, NULL, NULL, '2022-10-15 17:59:52.069070', 'LEARNING', NULL, '', NULL, NULL, NULL, NULL, NULL, '2022-10-15 17:59:52.069070', 326, NULL, NULL),
	(290, NULL, '2022-10', '', '', '', NULL, NULL, NULL, NULL, NULL, '2022-10-15 18:02:26.187273', 'LEARNING', NULL, '\n\n\n\n\n\n', NULL, NULL, NULL, NULL, NULL, '2022-10-15 18:02:26.187273', 326, NULL, NULL),
	(291, NULL, '2022-08', '', '', '', NULL, NULL, NULL, NULL, NULL, '2022-10-15 18:21:43.424830', 'LEARNING', NULL, '21', NULL, NULL, NULL, NULL, NULL, '2022-10-15 18:21:43.424830', 326, NULL, NULL),
	(292, NULL, '', '', '', '', '', NULL, NULL, NULL, NULL, '2022-10-15 19:35:43.982824', 'TALKING', NULL, '123', NULL, NULL, '2022-10-13 00:00:00.000000', NULL, NULL, '2022-10-15 19:35:43.982824', 271, 267, NULL),
	(293, NULL, '', '', '307', '', '1.141 2. 3.29 4.', NULL, NULL, NULL, NULL, '2022-10-16 16:26:46.222581', 'TALKING', NULL, '1.\n2.11\n3.', NULL, NULL, '2022-10-16 00:00:00.000000', NULL, NULL, '2022-10-16 16:26:46.222581', 48, 11, NULL),
	(294, NULL, '2022-08', '1', '', '', NULL, NULL, NULL, NULL, NULL, '2022-10-17 08:40:36.915287', 'LEARNING', NULL, '', NULL, NULL, NULL, NULL, NULL, '2022-10-17 08:40:36.915287', 307, NULL, NULL),
	(295, NULL, '2022-09', '1', '', '', NULL, NULL, NULL, NULL, NULL, '2022-10-17 08:45:14.721531', 'LEARNING', NULL, '', NULL, NULL, NULL, NULL, NULL, '2022-10-17 08:45:14.721531', 307, NULL, NULL),
	(296, NULL, '2022-10', '1', '', '', NULL, NULL, NULL, NULL, NULL, '2022-10-17 08:47:19.163666', 'LEARNING', NULL, '', NULL, NULL, NULL, NULL, NULL, '2022-10-17 08:47:19.163666', 307, NULL, NULL),
	(297, NULL, '2022-08', '', '', '', NULL, NULL, NULL, NULL, NULL, '2022-10-17 08:58:32.505550', 'LEARNING', NULL, '\n\n\n', NULL, NULL, NULL, NULL, NULL, '2022-10-17 08:58:32.505550', 313, NULL, NULL),
	(298, NULL, '2022-09', '', '', '', NULL, NULL, NULL, NULL, NULL, '2022-10-17 09:06:46.835176', 'LEARNING', NULL, '4070971705000', NULL, NULL, NULL, NULL, NULL, '2022-10-17 09:06:46.835176', 313, NULL, NULL),
	(299, NULL, '2022-10', '', '', '', NULL, NULL, NULL, NULL, NULL, '2022-10-17 09:12:47.289555', 'LEARNING', NULL, '15', NULL, NULL, NULL, NULL, NULL, '2022-10-17 09:12:47.289555', 313, NULL, NULL),
	(300, NULL, '2022-08', '', '', '', NULL, NULL, NULL, NULL, NULL, '2022-10-17 09:56:21.367856', 'LEARNING', NULL, '\n\n\n\n\n\n', NULL, NULL, NULL, NULL, NULL, '2022-10-17 09:56:21.367856', 342, NULL, NULL),
	(301, NULL, '2022-10', '', '', '', NULL, NULL, NULL, NULL, NULL, '2022-10-17 10:04:50.921072', 'LEARNING', NULL, '\n', NULL, NULL, NULL, NULL, NULL, '2022-10-17 10:04:50.921072', 342, NULL, NULL),
	(302, NULL, '2022-09', '', '', '', NULL, NULL, NULL, NULL, NULL, '2022-10-17 10:26:55.824810', 'LEARNING', NULL, ' 202231', NULL, NULL, NULL, NULL, NULL, '2022-10-17 10:26:55.824810', 330, NULL, NULL),
	(303, NULL, '2022-08', '', '', '', NULL, NULL, NULL, NULL, NULL, '2022-10-17 10:33:02.890210', 'LEARNING', NULL, '118', NULL, NULL, NULL, NULL, NULL, '2022-10-17 10:33:02.890210', 330, NULL, NULL),
	(304, NULL, '2022-09', '', '', '', NULL, NULL, NULL, NULL, NULL, '2022-10-17 10:33:51.502198', 'LEARNING', NULL, '\n\n\n\n\n', NULL, NULL, NULL, NULL, NULL, '2022-10-17 10:33:51.502198', 342, NULL, NULL),
	(305, NULL, '2022-10', '', '', '', NULL, NULL, NULL, NULL, NULL, '2022-10-17 11:01:42.853740', 'LEARNING', NULL, '', NULL, NULL, NULL, NULL, NULL, '2022-10-17 11:01:42.853740', 324, NULL, NULL),
	(306, NULL, '2022-09', '', '', '', NULL, NULL, NULL, NULL, NULL, '2022-10-17 11:25:55.893794', 'LEARNING', NULL, '', NULL, NULL, NULL, NULL, NULL, '2022-10-17 11:25:55.893794', 324, NULL, NULL),
	(307, NULL, '2022-10', '', '', '', NULL, NULL, NULL, NULL, NULL, '2022-10-17 14:09:00.012293', 'LEARNING', NULL, '', NULL, NULL, NULL, NULL, NULL, '2022-10-17 14:09:00.012293', 319, NULL, NULL),
	(308, NULL, '2022-09', '', '', '', NULL, NULL, NULL, NULL, NULL, '2022-10-17 14:30:18.596211', 'LEARNING', NULL, '<', NULL, NULL, NULL, NULL, NULL, '2022-10-17 14:30:18.596211', 325, NULL, NULL),
	(309, NULL, '2022-10', '', '', '', NULL, NULL, NULL, NULL, NULL, '2022-10-17 14:41:22.781655', 'LEARNING', NULL, '', NULL, NULL, NULL, NULL, NULL, '2022-10-17 14:41:22.781655', 325, NULL, NULL),
	(310, NULL, '2022-08', '', '', '', NULL, NULL, NULL, NULL, NULL, '2022-10-17 15:10:02.917939', 'LEARNING', NULL, '', NULL, NULL, NULL, NULL, NULL, '2022-10-17 15:10:02.917939', 322, NULL, NULL),
	(315, NULL, '2022-09', '', '', '', NULL, NULL, NULL, NULL, NULL, '2022-10-17 15:21:45.357737', 'LEARNING', NULL, '', NULL, NULL, NULL, NULL, NULL, '2022-10-17 15:21:45.357737', 322, NULL, NULL),
	(316, NULL, '2022-08', '', '', '', NULL, NULL, NULL, NULL, NULL, '2022-10-17 15:38:20.280158', 'LEARNING', NULL, '  4', NULL, NULL, NULL, NULL, NULL, '2022-10-17 15:38:20.280158', 321, NULL, NULL),
	(317, NULL, '2022-08', '', '', '', NULL, NULL, NULL, NULL, NULL, '2022-10-17 15:39:37.751981', 'LEARNING', NULL, ',1.2.3.4.5.', NULL, NULL, NULL, NULL, NULL, '2022-10-17 15:39:37.751981', 311, NULL, NULL),
	(318, NULL, '2022-09', '', '', '', NULL, NULL, NULL, NULL, NULL, '2022-10-17 15:41:39.585021', 'LEARNING', NULL, '5781620', NULL, NULL, NULL, NULL, NULL, '2022-10-17 15:41:39.585021', 321, NULL, NULL),
	(319, NULL, '2022-10', '', '', '', NULL, NULL, NULL, NULL, NULL, '2022-10-17 15:42:40.651466', 'LEARNING', NULL, '24', NULL, NULL, NULL, NULL, NULL, '2022-10-17 15:42:40.651466', 322, NULL, NULL),
	(320, NULL, '2022-10', '', '', '', NULL, NULL, NULL, NULL, NULL, '2022-10-17 15:47:26.163839', 'LEARNING', NULL, '', NULL, NULL, NULL, NULL, NULL, '2022-10-17 15:47:26.163839', 321, NULL, NULL),
	(321, NULL, '2022-09', '', '', '', NULL, NULL, NULL, NULL, NULL, '2022-10-17 15:55:58.672666', 'LEARNING', NULL, '', NULL, NULL, NULL, NULL, NULL, '2022-10-17 15:55:58.672666', 311, NULL, NULL),
	(322, NULL, '2022-08', '', '', '', NULL, NULL, NULL, NULL, NULL, '2022-10-17 16:03:18.254263', 'LEARNING', NULL, '--', NULL, NULL, NULL, NULL, NULL, '2022-10-17 16:03:18.254263', 324, NULL, NULL),
	(323, NULL, '2022-10', '', '', '', NULL, NULL, NULL, NULL, NULL, '2022-10-17 16:06:22.372534', 'LEARNING', NULL, '1.2.3.4.', NULL, NULL, NULL, NULL, NULL, '2022-10-17 16:06:22.372534', 311, NULL, NULL),
	(324, NULL, '2022-08', '', '', '', NULL, NULL, NULL, NULL, NULL, '2022-10-17 16:15:43.825713', 'LEARNING', NULL, '', NULL, NULL, NULL, NULL, NULL, '2022-10-17 16:15:43.825713', 325, NULL, NULL),
	(325, NULL, '', '', '', '', '13', NULL, NULL, NULL, NULL, '2022-10-18 10:52:13.337852', 'TALKING', NULL, '123', NULL, NULL, '2022-10-17 00:00:00.000000', NULL, NULL, '2022-10-18 10:52:13.337852', 264, 261, NULL),
	(326, NULL, '', '306', NULL, NULL, NULL, NULL, NULL, NULL, NULL, '2022-10-20 13:45:18.032576', 'DISPOSAL', NULL, '916', NULL, NULL, '2022-10-20 00:00:00.000000', '2022-10-20 00:00:00.000000', NULL, '2022-10-20 13:45:18.032576', 16, 16, 207),
	(327, NULL, '', '306', NULL, NULL, NULL, NULL, NULL, NULL, NULL, '2022-10-20 13:46:24.785855', 'DISPOSAL', NULL, '916', NULL, NULL, '2022-10-20 00:00:00.000000', '2022-10-20 00:00:00.000000', NULL, '2022-10-20 13:46:24.785855', 16, 16, 250),
	(328, NULL, '2022-08', '', '', '', NULL, NULL, NULL, NULL, NULL, '2022-10-20 15:17:06.615748', 'LEARNING', NULL, '', NULL, NULL, NULL, NULL, NULL, '2022-10-20 15:17:06.615748', 329, NULL, NULL),
	(329, NULL, '2022-09', '', '50', '', NULL, NULL, NULL, NULL, NULL, '2022-10-20 15:18:24.824398', 'LEARNING', NULL, '50', NULL, NULL, NULL, NULL, NULL, '2022-10-20 15:18:24.824398', 329, NULL, NULL),
	(330, NULL, '2022-10', '', '51 ', '', NULL, NULL, NULL, NULL, NULL, '2022-10-20 15:23:22.011065', 'LEARNING', NULL, '51 ', NULL, NULL, NULL, NULL, NULL, '2022-10-20 15:23:22.011065', 329, NULL, NULL),
	(331, NULL, '2022-08', '', '', '', NULL, NULL, NULL, NULL, NULL, '2022-10-20 16:12:55.137503', 'LEARNING', NULL, '', NULL, NULL, NULL, NULL, NULL, '2022-10-20 16:12:55.137503', 310, NULL, NULL),
	(332, NULL, '2022-09', '', '', '', NULL, NULL, NULL, NULL, NULL, '2022-10-20 16:18:24.282067', 'LEARNING', NULL, '', NULL, NULL, NULL, NULL, NULL, '2022-10-20 16:18:24.282067', 310, NULL, NULL),
	(333, NULL, '', '306', NULL, NULL, NULL, NULL, NULL, NULL, NULL, '2022-10-26 10:00:02.056287', 'DISPOSAL', NULL, '916', NULL, NULL, '2022-10-20 00:00:00.000000', '2022-10-20 00:00:00.000000', NULL, '2022-10-26 10:00:02.056287', 16, 16, 75),
	(334, NULL, '2022-08', '', '', '', NULL, NULL, NULL, NULL, NULL, '2022-10-31 10:59:04.265703', 'LEARNING', NULL, '', NULL, NULL, NULL, NULL, NULL, '2022-10-31 10:59:04.265703', 328, NULL, NULL),
	(335, NULL, '2022-09', '', '', '', NULL, NULL, NULL, NULL, NULL, '2022-10-31 11:01:34.897231', 'LEARNING', NULL, '', NULL, NULL, NULL, NULL, NULL, '2022-10-31 11:01:34.897231', 328, NULL, NULL),
	(336, NULL, '2022-10', '', '', '', NULL, NULL, NULL, NULL, NULL, '2022-10-31 11:06:36.596579', 'LEARNING', NULL, '', NULL, NULL, NULL, NULL, NULL, '2022-10-31 11:06:36.596579', 328, NULL, NULL),
	(340, NULL, '', '', '', '', '', NULL, NULL, NULL, NULL, '2022-10-31 20:21:17.310400', 'TALKING', NULL, '1.\n2.\n3.', NULL, NULL, '2022-09-09 00:00:00.000000', NULL, NULL, '2022-10-31 20:21:17.310400', 255, 8, NULL),
	(341, NULL, '', '', '', '', '', NULL, NULL, NULL, NULL, '2022-10-31 20:22:52.001542', 'TALKING', NULL, '1.\n2.\n3.', NULL, NULL, '2022-09-08 00:00:00.000000', NULL, NULL, '2022-10-31 20:22:52.001542', 279, 8, NULL),
	(342, NULL, '', '', '', '', '', NULL, NULL, NULL, NULL, '2022-10-31 20:24:14.239715', 'TALKING', NULL, '1.\n2.\n3.', NULL, NULL, '2022-09-07 00:00:00.000000', NULL, NULL, '2022-10-31 20:24:14.239715', 288, 8, NULL),
	(343, NULL, '', '', NULL, NULL, NULL, NULL, NULL, NULL, NULL, '2022-11-01 14:19:39.101671', 'THREE', 1, '', NULL, NULL, NULL, NULL, NULL, '2022-11-01 14:19:39.101671', 8, NULL, NULL),
	(344, NULL, '', '', NULL, NULL, NULL, NULL, NULL, NULL, NULL, '2022-11-01 14:20:46.510430', 'THREE', 1, '', NULL, NULL, NULL, NULL, NULL, '2022-11-01 14:20:46.510430', 8, NULL, NULL),
	(345, NULL, '', '', NULL, NULL, NULL, NULL, NULL, NULL, NULL, '2022-11-02 09:07:47.195495', 'THREE', 1, '20225', NULL, NULL, NULL, NULL, NULL, '2022-11-02 09:07:47.195495', 22, NULL, NULL),
	(346, NULL, '2021', '', NULL, NULL, NULL, NULL, NULL, NULL, NULL, '2022-11-02 09:09:11.075639', 'THREE', 1, '2021', NULL, NULL, NULL, NULL, NULL, '2022-11-02 09:09:11.075639', 22, NULL, NULL),
	(347, NULL, '', NULL, NULL, NULL, NULL, NULL, NULL, NULL, NULL, '2022-11-02 09:29:03.517975', 'INSPECT', NULL, '', NULL, NULL, '2022-09-01 00:00:00.000000', NULL, NULL, '2022-11-02 09:29:03.517975', 315, 202, NULL),
	(354, NULL, '', NULL, NULL, NULL, NULL, NULL, NULL, NULL, NULL, '2022-11-03 13:46:57.970762', 'INSPECT', NULL, '\n', '', NULL, '2022-08-15 00:00:00.000000', NULL, NULL, '2022-11-03 13:46:57.970762', 311, 311, NULL),
	(355, NULL, '', '', NULL, NULL, NULL, NULL, NULL, NULL, NULL, '2022-11-03 13:58:03.125408', 'THREE', 1, '', NULL, NULL, NULL, NULL, NULL, '2022-11-03 13:58:03.125408', 17, NULL, NULL),
	(356, NULL, '', NULL, '', NULL, NULL, NULL, NULL, NULL, NULL, '2022-11-03 14:10:29.904311', 'INSPECT', NULL, '\n', '', NULL, '2022-08-15 00:00:00.000000', NULL, NULL, '2022-11-03 14:10:29.904311', 311, 143, NULL),
	(357, NULL, '', NULL, '', NULL, NULL, NULL, NULL, NULL, NULL, '2022-11-03 14:12:38.332790', 'INSPECT', NULL, '\n', '', NULL, '2022-08-15 00:00:00.000000', NULL, NULL, '2022-11-03 14:12:38.332790', 311, 145, NULL),
	(359, NULL, '2022-10', '', ' ', '', NULL, NULL, NULL, NULL, NULL, '2022-11-04 09:41:00.321579', 'LEARNING', NULL, ' ', NULL, NULL, NULL, NULL, NULL, '2022-11-04 09:41:00.321579', 343, NULL, NULL),
	(360, NULL, '', NULL, NULL, NULL, NULL, NULL, NULL, NULL, NULL, '2022-11-04 09:46:54.290772', 'INSPECT', NULL, '', NULL, NULL, '2022-09-30 00:00:00.000000', NULL, NULL, '2022-11-04 09:46:54.290772', 343, 343, NULL),
	(361, NULL, '', NULL, NULL, NULL, NULL, NULL, NULL, NULL, NULL, '2022-11-04 09:49:02.107391', 'INSPECT', NULL, '', NULL, NULL, '2022-09-16 00:00:00.000000', NULL, NULL, '2022-11-04 09:49:02.107391', 186, 186, NULL),
	(362, NULL, '', NULL, NULL, NULL, NULL, NULL, NULL, NULL, NULL, '2022-11-04 09:50:07.796547', 'INSPECT', NULL, '', NULL, NULL, '2022-09-30 00:00:00.000000', NULL, NULL, '2022-11-04 09:50:07.796547', 187, 187, NULL),
	(363, NULL, '', NULL, NULL, NULL, NULL, NULL, NULL, NULL, NULL, '2022-11-07 09:10:36.988244', 'INSPECT', NULL, '', NULL, NULL, '2022-10-02 00:00:00.000000', NULL, NULL, '2022-11-07 09:10:36.988244', 327, 327, NULL),
	(364, NULL, '425', NULL, NULL, NULL, NULL, NULL, NULL, NULL, NULL, '2022-11-07 09:22:54.742507', 'INSPECT', NULL, 'G524', '', NULL, '2022-08-01 00:00:00.000000', NULL, NULL, '2022-11-07 09:22:54.742507', 327, 327, NULL),
	(365, NULL, '', NULL, '', NULL, NULL, NULL, NULL, NULL, NULL, '2022-11-07 11:00:17.616471', 'INSPECT', NULL, '', NULL, NULL, '2022-09-30 00:00:00.000000', NULL, NULL, '2022-11-07 11:00:17.616471', 320, 320, NULL),
	(367, NULL, '', NULL, NULL, NULL, NULL, NULL, NULL, NULL, NULL, '2022-11-08 08:48:57.447090', 'INSPECT', NULL, '', NULL, NULL, '2022-09-14 00:00:00.000000', NULL, NULL, '2022-11-08 08:48:57.447090', 342, 19, NULL),
	(368, NULL, '', NULL, NULL, NULL, NULL, NULL, NULL, NULL, NULL, '2022-11-08 09:05:46.247639', 'INSPECT', NULL, '', NULL, NULL, '2022-09-12 00:00:00.000000', NULL, NULL, '2022-11-08 09:05:46.247639', 134, 19, NULL),
	(369, NULL, '', NULL, NULL, NULL, NULL, NULL, NULL, NULL, NULL, '2022-11-08 09:12:09.273330', 'INSPECT', NULL, '', NULL, NULL, '2022-09-16 00:00:00.000000', NULL, NULL, '2022-11-08 09:12:09.273330', 139, 19, NULL),
	(370, NULL, '2022-11', '', '', '', NULL, NULL, NULL, NULL, NULL, '2022-11-08 09:27:54.717596', 'LEARNING', NULL, '\n\n\n  \n\n\n\n', NULL, NULL, NULL, NULL, NULL, '2022-11-08 09:27:54.717596', 342, NULL, NULL),
	(371, NULL, '', NULL, '', NULL, NULL, NULL, NULL, NULL, NULL, '2022-11-08 10:17:35.733405', 'INSPECT', NULL, '24', NULL, NULL, '2022-09-28 00:00:00.000000', NULL, NULL, '2022-11-08 10:17:35.733405', 309, 98, NULL),
	(372, NULL, '2022-10', '', '', '', NULL, NULL, NULL, NULL, NULL, '2022-11-08 10:24:20.875516', 'LEARNING', NULL, '1234', NULL, NULL, NULL, NULL, NULL, '2022-11-08 10:24:20.875516', 323, NULL, NULL),
	(373, NULL, '', NULL, '', NULL, NULL, NULL, NULL, NULL, NULL, '2022-11-08 10:31:10.393988', 'INSPECT', NULL, '1\n2', '', NULL, '2022-09-15 00:00:00.000000', NULL, NULL, '2022-11-08 10:31:10.393988', 98, 98, NULL),
	(374, NULL, '', NULL, '', NULL, NULL, NULL, NULL, NULL, NULL, '2022-11-08 10:43:39.342159', 'INSPECT', NULL, '', '', NULL, '2022-09-23 00:00:00.000000', NULL, NULL, '2022-11-08 10:43:39.342159', 312, 312, NULL),
	(376, NULL, '', NULL, '', NULL, NULL, NULL, NULL, NULL, NULL, '2022-11-08 10:47:32.246688', 'INSPECT', NULL, '15\n25\n35\n', NULL, NULL, '2022-09-15 00:00:00.000000', NULL, NULL, '2022-11-08 10:47:32.246688', 319, 319, NULL),
	(377, NULL, '', NULL, '', NULL, NULL, NULL, NULL, NULL, NULL, '2022-11-08 10:50:17.380497', 'INSPECT', NULL, '', NULL, NULL, '2022-08-18 00:00:00.000000', NULL, NULL, '2022-11-08 10:50:17.380497', 331, 331, NULL),
	(378, NULL, '', NULL, NULL, NULL, NULL, NULL, NULL, NULL, NULL, '2022-11-08 11:22:23.889245', 'INSPECT', NULL, '', '', NULL, '2022-11-23 00:00:00.000000', NULL, NULL, '2022-11-08 11:22:23.889245', 312, 155, NULL),
	(379, NULL, '', NULL, NULL, NULL, NULL, NULL, NULL, NULL, NULL, '2022-11-08 11:26:24.610187', 'INSPECT', NULL, '', '', NULL, '2022-11-23 00:00:00.000000', NULL, NULL, '2022-11-08 11:26:24.610187', 312, 156, NULL),
	(380, NULL, '', NULL, NULL, NULL, NULL, NULL, NULL, NULL, NULL, '2022-11-08 11:27:49.427507', 'INSPECT', NULL, '', '', NULL, '2022-11-23 00:00:00.000000', NULL, NULL, '2022-11-08 11:27:49.427507', 312, 158, NULL),
	(381, NULL, '', NULL, NULL, NULL, NULL, NULL, NULL, NULL, NULL, '2022-11-08 11:28:57.402998', 'INSPECT', NULL, '', '', NULL, '2022-11-23 00:00:00.000000', NULL, NULL, '2022-11-08 11:28:57.402998', 312, 165, NULL),
	(382, NULL, '', NULL, NULL, NULL, NULL, NULL, NULL, NULL, NULL, '2022-11-08 14:08:01.174557', 'INSPECT', NULL, '', NULL, NULL, '2022-10-20 00:00:00.000000', NULL, NULL, '2022-11-08 14:08:01.174557', 208, 208, NULL),
	(383, NULL, '2022-08', '', '', '', NULL, NULL, NULL, NULL, NULL, '2022-11-08 14:46:51.296594', 'LEARNING', NULL, '', NULL, NULL, NULL, NULL, NULL, '2022-11-08 14:46:51.296594', 323, NULL, NULL),
	(384, NULL, '2022-09', '', '', '', NULL, NULL, NULL, NULL, NULL, '2022-11-08 15:15:25.360838', 'LEARNING', NULL, '', NULL, NULL, NULL, NULL, NULL, '2022-11-08 15:15:25.360838', 323, NULL, NULL),
	(385, NULL, '', NULL, '', NULL, NULL, NULL, NULL, NULL, NULL, '2022-11-08 16:34:45.654096', 'INSPECT', NULL, '50%', '', NULL, '2022-09-23 00:00:00.000000', NULL, NULL, '2022-11-08 16:34:45.654096', 241, 326, NULL),
	(386, NULL, '', NULL, '', NULL, NULL, NULL, NULL, NULL, NULL, '2022-11-08 16:44:28.646441', 'INSPECT', NULL, '2013-2021', '104.78712022816202022821302022122054.7871', NULL, '2022-08-05 00:00:00.000000', NULL, NULL, '2022-11-08 16:44:28.646441', 28, 337, NULL),
	(387, NULL, '', NULL, '', NULL, NULL, NULL, NULL, NULL, NULL, '2022-11-08 16:49:24.343775', 'INSPECT', NULL, '', NULL, NULL, '2022-09-11 00:00:00.000000', NULL, NULL, '2022-11-08 16:49:24.343775', 337, 279, NULL),
	(388, NULL, '5', NULL, '5', NULL, NULL, NULL, NULL, NULL, NULL, '2022-11-08 16:53:09.353358', 'INSPECT', NULL, '', NULL, NULL, '2022-08-26 00:00:00.000000', NULL, NULL, '2022-11-08 16:53:09.353358', 279, 282, NULL),
	(389, NULL, '2022-11', '', '', '', NULL, NULL, NULL, NULL, NULL, '2022-11-08 16:58:20.255836', 'LEARNING', NULL, '', NULL, NULL, NULL, NULL, NULL, '2022-11-08 16:58:20.255836', 326, NULL, NULL),
	(390, NULL, '', NULL, '', NULL, NULL, NULL, NULL, NULL, NULL, '2022-11-09 09:54:11.664183', 'INSPECT', NULL, '', '', NULL, '2022-09-14 00:00:00.000000', NULL, NULL, '2022-11-09 09:54:11.664183', 320, 245, NULL),
	(391, NULL, '', NULL, '', NULL, NULL, NULL, NULL, NULL, NULL, '2022-11-09 11:54:31.893969', 'INSPECT', NULL, '', NULL, NULL, '2022-09-30 00:00:00.000000', NULL, NULL, '2022-11-09 11:54:31.893969', 325, 325, NULL),
	(392, NULL, 'X', NULL, 'X', NULL, NULL, NULL, NULL, NULL, NULL, '2022-11-09 14:57:14.410040', 'INSPECT', NULL, 'X', NULL, NULL, '2022-08-25 00:00:00.000000', NULL, NULL, '2022-11-09 14:57:14.410040', 293, 296, NULL),
	(393, NULL, '', NULL, '	', NULL, NULL, NULL, NULL, NULL, NULL, '2022-11-09 15:01:06.830430', 'INSPECT', NULL, '', NULL, NULL, '2022-09-09 00:00:00.000000', NULL, NULL, '2022-11-09 15:01:06.830430', 340, 293, NULL),
	(394, NULL, '', NULL, '', NULL, NULL, NULL, NULL, NULL, NULL, '2022-11-09 15:07:10.358236', 'INSPECT', NULL, '60%', NULL, NULL, '2022-10-10 00:00:00.000000', NULL, NULL, '2022-11-09 15:07:10.358236', 241, 295, NULL),
	(395, NULL, '', NULL, '', NULL, NULL, NULL, NULL, NULL, NULL, '2022-11-10 08:48:12.071929', 'INSPECT', NULL, '', NULL, NULL, '2022-09-11 00:00:00.000000', NULL, NULL, '2022-11-10 08:48:12.071929', 328, 339, NULL),
	(396, NULL, '', NULL, '', NULL, NULL, NULL, NULL, NULL, NULL, '2022-11-10 08:54:35.618667', 'INSPECT', NULL, '', NULL, NULL, '2022-09-29 00:00:00.000000', NULL, NULL, '2022-11-10 08:54:35.618667', 328, 288, NULL),
	(397, NULL, '', NULL, '', NULL, NULL, NULL, NULL, NULL, NULL, '2022-11-10 09:08:38.543463', 'INSPECT', NULL, '', NULL, NULL, '2022-08-26 00:00:00.000000', NULL, NULL, '2022-11-10 09:08:38.543463', 242, 242, NULL),
	(398, NULL, '', NULL, '', NULL, NULL, NULL, NULL, NULL, NULL, '2022-11-10 09:17:42.657940', 'INSPECT', NULL, '', NULL, NULL, '2022-09-14 00:00:00.000000', NULL, NULL, '2022-11-10 09:17:42.657940', 281, 281, NULL),
	(399, NULL, '', NULL, NULL, NULL, NULL, NULL, NULL, NULL, NULL, '2022-11-10 09:20:26.181007', 'INSPECT', NULL, '', '', NULL, '2022-09-10 00:00:00.000000', NULL, NULL, '2022-11-10 09:20:26.181007', 344, 344, NULL),
	(400, NULL, '', NULL, '', NULL, NULL, NULL, NULL, NULL, NULL, '2022-11-10 09:22:47.217011', 'INSPECT', NULL, '', NULL, NULL, '2022-08-13 00:00:00.000000', NULL, NULL, '2022-11-10 09:22:47.217011', 345, 345, NULL),
	(401, NULL, '', NULL, '', NULL, NULL, NULL, NULL, NULL, NULL, '2022-11-10 09:30:12.311216', 'INSPECT', NULL, '', '', NULL, '2021-09-09 00:00:00.000000', NULL, NULL, '2022-11-10 09:30:12.311216', 226, 226, NULL),
	(402, NULL, '', NULL, '', NULL, NULL, NULL, NULL, NULL, NULL, '2022-11-10 14:25:09.774197', 'INSPECT', NULL, '1.2.', '2022.11.10', NULL, '2022-11-09 00:00:00.000000', NULL, NULL, '2022-11-10 14:25:09.774197', 254, 332, NULL),
	(403, NULL, '', NULL, '', NULL, NULL, NULL, NULL, NULL, NULL, '2022-11-10 14:38:36.068786', 'INSPECT', NULL, '1.2.', NULL, NULL, '2022-09-10 00:00:00.000000', NULL, NULL, '2022-11-10 14:38:36.068786', 321, 321, NULL),
	(404, NULL, '"', NULL, '', NULL, NULL, NULL, NULL, NULL, NULL, '2022-11-10 14:44:01.883256', 'INSPECT', NULL, '1.', NULL, NULL, '2022-09-16 00:00:00.000000', NULL, NULL, '2022-11-10 14:44:01.883256', 332, 332, NULL),
	(405, NULL, '', NULL, '', NULL, NULL, NULL, NULL, NULL, NULL, '2022-11-10 14:49:01.480429', 'INSPECT', NULL, '', NULL, NULL, '2022-09-21 00:00:00.000000', NULL, NULL, '2022-11-10 14:49:01.480429', 251, 250, NULL),
	(406, NULL, '', NULL, '', NULL, NULL, NULL, NULL, NULL, NULL, '2022-11-10 14:53:29.907870', 'INSPECT', NULL, '', NULL, NULL, '2022-09-07 00:00:00.000000', NULL, NULL, '2022-11-10 14:53:29.907870', 251, 251, NULL),
	(407, NULL, '', NULL, NULL, NULL, NULL, NULL, NULL, NULL, NULL, '2022-11-10 14:56:30.134992', 'INSPECT', NULL, '', NULL, NULL, '2022-09-09 00:00:00.000000', NULL, NULL, '2022-11-10 14:56:30.134992', 254, 254, NULL),
	(408, NULL, '', NULL, '', NULL, NULL, NULL, NULL, NULL, NULL, '2022-11-11 08:47:32.301629', 'INSPECT', NULL, '', '', NULL, '2022-09-27 00:00:00.000000', NULL, NULL, '2022-11-11 08:47:32.301629', 244, 244, NULL),
	(409, NULL, '', NULL, '2022', NULL, NULL, NULL, NULL, NULL, NULL, '2022-11-11 08:50:35.984790', 'INSPECT', NULL, '', NULL, NULL, '2022-09-25 00:00:00.000000', NULL, NULL, '2022-11-11 08:50:35.984790', 268, 268, NULL),
	(410, NULL, '', NULL, '', NULL, NULL, NULL, NULL, NULL, NULL, '2022-11-11 08:59:12.454644', 'INSPECT', NULL, '', NULL, NULL, '2022-11-11 00:00:00.000000', NULL, NULL, '2022-11-11 08:59:12.454644', 246, 246, NULL),
	(411, NULL, '', NULL, '', NULL, NULL, NULL, NULL, NULL, NULL, '2022-11-11 09:09:49.198111', 'INSPECT', NULL, '', NULL, NULL, '2022-11-27 00:00:00.000000', NULL, NULL, '2022-11-11 09:09:49.198111', 335, 335, NULL),
	(412, NULL, '15', NULL, '15', NULL, NULL, NULL, NULL, NULL, NULL, '2022-11-11 09:14:40.292687', 'INSPECT', NULL, '15', NULL, NULL, '2022-09-30 00:00:00.000000', NULL, NULL, '2022-11-11 09:14:40.292687', 289, 289, NULL),
	(413, NULL, '', NULL, '', NULL, NULL, NULL, NULL, NULL, NULL, '2022-11-11 09:34:06.899347', 'INSPECT', NULL, '', NULL, NULL, '2022-09-30 00:00:00.000000', NULL, NULL, '2022-11-11 09:34:06.899347', 274, 274, NULL),
	(414, NULL, '', NULL, '', NULL, NULL, NULL, NULL, NULL, NULL, '2022-11-11 09:42:40.586904', 'INSPECT', NULL, '', NULL, NULL, '2022-08-25 00:00:00.000000', NULL, NULL, '2022-11-11 09:42:40.586904', 292, 292, NULL),
	(418, NULL, '', NULL, '', NULL, NULL, NULL, NULL, NULL, NULL, '2022-11-11 10:03:21.118934', 'INSPECT', NULL, '', '', NULL, '2022-09-16 00:00:00.000000', NULL, NULL, '2022-11-11 10:03:21.118934', 330, 330, NULL),
	(419, NULL, '', NULL, NULL, NULL, NULL, NULL, NULL, NULL, NULL, '2022-11-11 10:37:34.753219', 'INSPECT', NULL, '', NULL, NULL, '2022-09-30 00:00:00.000000', NULL, NULL, '2022-11-11 10:37:34.753219', 290, 290, NULL),
	(420, NULL, '', NULL, '', NULL, NULL, NULL, NULL, NULL, NULL, '2022-11-11 10:37:40.300269', 'INSPECT', NULL, '', NULL, NULL, '2022-09-30 00:00:00.000000', NULL, NULL, '2022-11-11 10:37:40.300269', 277, 277, NULL),
	(421, NULL, '', NULL, NULL, NULL, NULL, NULL, NULL, NULL, NULL, '2022-11-11 11:22:12.647174', 'INSPECT', NULL, '', '', NULL, '2022-09-20 00:00:00.000000', NULL, NULL, '2022-11-11 11:22:12.647174', 341, 341, NULL),
	(422, NULL, '', NULL, NULL, NULL, NULL, NULL, NULL, NULL, NULL, '2022-11-11 11:28:57.414415', 'INSPECT', NULL, '', '', NULL, '2022-09-22 00:00:00.000000', NULL, NULL, '2022-11-11 11:28:57.414415', 303, 303, NULL),
	(423, NULL, '', NULL, NULL, NULL, NULL, NULL, NULL, NULL, NULL, '2022-11-11 14:16:18.788795', 'INSPECT', NULL, '', '', NULL, '2022-09-15 00:00:00.000000', NULL, NULL, '2022-11-11 14:16:18.788795', 302, 302, NULL),
	(424, NULL, '', NULL, '', NULL, NULL, NULL, NULL, NULL, NULL, '2022-11-11 15:22:43.385850', 'INSPECT', NULL, '', NULL, NULL, '2022-09-18 00:00:00.000000', NULL, NULL, '2022-11-11 15:22:43.385850', 253, 253, NULL),
	(425, NULL, '2022-11', '', '', '', NULL, NULL, NULL, NULL, NULL, '2022-11-11 15:27:49.823190', 'LEARNING', NULL, '', NULL, NULL, NULL, NULL, NULL, '2022-11-11 15:27:49.823190', 323, NULL, NULL),
	(426, NULL, '', NULL, NULL, NULL, NULL, NULL, NULL, NULL, NULL, '2022-11-11 15:35:44.845995', 'INSPECT', NULL, '', '', NULL, '2022-09-20 00:00:00.000000', NULL, NULL, '2022-11-11 15:35:44.845995', 304, 304, NULL),
	(427, NULL, '', NULL, NULL, NULL, NULL, NULL, NULL, NULL, NULL, '2022-11-11 15:54:28.892385', 'INSPECT', NULL, '', '', NULL, '2022-09-15 00:00:00.000000', NULL, NULL, '2022-11-11 15:54:28.892385', 301, 301, NULL),
	(429, NULL, '', NULL, '', NULL, NULL, NULL, NULL, NULL, NULL, '2022-11-11 16:22:21.264350', 'INSPECT', NULL, '', '', NULL, '2022-09-15 00:00:00.000000', NULL, NULL, '2022-11-11 16:22:21.264350', 270, 270, NULL),
	(430, NULL, '', NULL, '', NULL, NULL, NULL, NULL, NULL, NULL, '2022-11-11 16:25:00.804263', 'INSPECT', NULL, '', NULL, NULL, '2022-11-11 00:00:00.000000', NULL, NULL, '2022-11-11 16:25:00.804263', 271, 271, NULL),
	(431, NULL, '', NULL, '2022', NULL, NULL, NULL, NULL, NULL, NULL, '2022-11-11 16:30:44.998202', 'INSPECT', NULL, '2022', NULL, NULL, '2022-09-03 00:00:00.000000', NULL, NULL, '2022-11-11 16:30:44.998202', 252, 252, NULL),
	(432, NULL, '', NULL, '', NULL, NULL, NULL, NULL, NULL, NULL, '2022-11-11 16:35:07.214748', 'INSPECT', NULL, '', NULL, NULL, '2022-11-11 00:00:00.000000', NULL, NULL, '2022-11-11 16:35:07.214748', 269, 269, NULL),
	(433, NULL, '', NULL, '', NULL, NULL, NULL, NULL, NULL, NULL, '2022-11-11 16:37:17.690255', 'INSPECT', NULL, '2022915', '', NULL, '2022-09-15 00:00:00.000000', NULL, NULL, '2022-11-11 16:37:17.690255', 267, 324, NULL),
	(434, NULL, '', '', '', '', '', NULL, NULL, NULL, NULL, '2022-11-13 13:44:38.118458', 'TALKING', NULL, '1\n2\n3', NULL, NULL, '2022-10-14 00:00:00.000000', NULL, NULL, '2022-11-13 13:44:38.118458', 75, 15, NULL),
	(435, NULL, '', NULL, NULL, NULL, NULL, NULL, NULL, NULL, NULL, '2022-11-14 09:30:19.761912', 'INSPECT', NULL, '', NULL, NULL, '2022-09-30 00:00:00.000000', NULL, NULL, '2022-11-14 09:30:19.761912', 276, 276, NULL),
	(436, NULL, '', NULL, NULL, NULL, NULL, NULL, NULL, NULL, NULL, '2022-11-14 09:38:54.734419', 'INSPECT', NULL, '', NULL, NULL, '2022-09-30 00:00:00.000000', NULL, NULL, '2022-11-14 09:38:54.734419', 278, 278, NULL),
	(437, NULL, '', NULL, '', NULL, NULL, NULL, NULL, NULL, NULL, '2022-11-14 10:26:00.880111', 'INSPECT', NULL, '', NULL, NULL, '2022-09-18 00:00:00.000000', NULL, NULL, '2022-11-14 10:26:00.880111', 291, 291, NULL),
	(438, NULL, '', NULL, NULL, NULL, NULL, NULL, NULL, NULL, NULL, '2022-11-14 10:51:33.906046', 'INSPECT', NULL, '', NULL, NULL, '2022-09-09 00:00:00.000000', NULL, NULL, '2022-11-14 10:51:33.906046', 215, 215, NULL),
	(439, NULL, '', NULL, NULL, NULL, NULL, NULL, NULL, NULL, NULL, '2022-11-14 10:54:33.585773', 'INSPECT', NULL, '', NULL, NULL, '2022-09-08 00:00:00.000000', NULL, NULL, '2022-11-14 10:54:33.585773', 318, 318, NULL),
	(440, NULL, '', NULL, '', NULL, NULL, NULL, NULL, NULL, NULL, '2022-11-14 10:57:42.286419', 'INSPECT', NULL, '', NULL, NULL, '2022-11-14 00:00:00.000000', NULL, NULL, '2022-11-14 10:57:42.286419', 272, 272, NULL),
	(441, NULL, '', NULL, NULL, NULL, NULL, NULL, NULL, NULL, NULL, '2022-11-14 11:11:31.523250', 'INSPECT', NULL, '', NULL, NULL, '2022-09-13 00:00:00.000000', NULL, NULL, '2022-11-14 11:11:31.523250', 346, 346, NULL);

INSERT INTO `fr_ordinal_form_multi_department1` (`ordinal_form_id`, `multi_department1_id`) VALUES
	(12, 22);
INSERT INTO `fr_ordinal_form_multi_department1` (`ordinal_form_id`, `multi_department1_id`) VALUES
	(12, 10),
	(12, 7),
	(14, 4),
	(14, 6),
	(347, 16),
	(354, 12),
	(356, 12),
	(357, 12),
	(360, 15),
	(361, 15),
	(362, 15),
	(363, 28),
	(364, 28),
	(365, 21),
	(367, 32),
	(368, 32),
	(369, 32),
	(371, 31),
	(371, 30),
	(371, 29),
	(371, 27),
	(371, 28),
	(371, 26),
	(371, 25),
	(371, 24),
	(371, 23),
	(371, 22),
	(371, 21),
	(373, 10),
	(374, 13),
	(376, 20),
	(377, 21),
	(378, 13),
	(379, 13),
	(380, 13),
	(381, 13),
	(382, 18),
	(385, 27),
	(386, 27),
	(386, 4),
	(387, 27),
	(388, 27),
	(390, 21),
	(391, 26),
	(392, 30),
	(393, 30),
	(394, 30),
	(395, 11),
	(396, 29),
	(397, 21),
	(398, 27),
	(399, 27),
	(400, 27),
	(401, 27),
	(402, 22),
	(403, 22),
	(404, 22),
	(405, 22),
	(406, 22),
	(407, 22),
	(408, 21),
	(409, 25),
	(410, 21),
	(411, 25),
	(412, 29),
	(413, 26),
	(414, 29),
	(418, 31),
	(419, 29),
	(420, 26),
	(421, 31),
	(422, 31),
	(423, 31),
	(424, 22),
	(426, 31),
	(427, 31),
	(429, 25),
	(430, 25),
	(431, 22),
	(432, 25),
	(433, 25),
	(435, 26),
	(436, 26),
	(437, 29),
	(438, 19),
	(439, 19),
	(440, 25),
	(441, 19);

INSERT INTO `fr_ordinal_form_multi_user1` (`ordinal_form_id`, `multi_user1_id`) VALUES
	(4, 3);
INSERT INTO `fr_ordinal_form_multi_user1` (`ordinal_form_id`, `multi_user1_id`) VALUES
	(4, 4),
	(4, 5),
	(4, 6),
	(4, 7),
	(4, 8),
	(4, 9),
	(4, 10),
	(4, 11),
	(4, 12),
	(4, 13),
	(4, 14),
	(4, 15),
	(4, 16),
	(4, 17),
	(4, 18),
	(4, 19),
	(4, 20),
	(4, 21),
	(4, 22),
	(4, 23),
	(4, 24),
	(4, 25),
	(4, 26),
	(4, 27),
	(5, 3),
	(5, 4),
	(5, 5),
	(5, 6),
	(5, 7),
	(5, 8),
	(5, 9),
	(5, 10),
	(5, 11),
	(5, 12),
	(5, 13),
	(5, 14),
	(5, 15),
	(5, 16),
	(5, 17),
	(5, 18),
	(5, 19),
	(5, 20),
	(5, 21),
	(5, 22),
	(5, 23),
	(5, 24),
	(5, 25),
	(5, 26),
	(5, 27),
	(6, 3),
	(6, 4),
	(6, 5),
	(6, 6),
	(6, 7),
	(6, 8),
	(6, 9),
	(6, 10),
	(6, 11),
	(6, 12),
	(6, 13),
	(6, 14),
	(6, 15),
	(6, 16),
	(6, 17),
	(6, 18),
	(6, 19),
	(6, 20),
	(6, 21),
	(6, 22),
	(11, 318),
	(13, 1),
	(13, 305),
	(13, 306),
	(13, 307),
	(13, 308),
	(13, 309),
	(13, 310),
	(13, 311),
	(13, 312),
	(13, 313),
	(13, 342),
	(13, 343),
	(13, 315),
	(13, 316),
	(13, 317),
	(13, 318),
	(13, 319),
	(13, 320),
	(13, 321),
	(13, 322),
	(13, 323),
	(13, 324),
	(13, 325),
	(13, 326),
	(13, 327),
	(13, 328),
	(13, 329),
	(13, 330),
	(15, 76),
	(15, 80),
	(15, 82),
	(15, 85),
	(15, 83),
	(15, 89),
	(16, 75),
	(16, 76),
	(16, 77),
	(16, 78),
	(16, 79),
	(16, 80),
	(16, 81),
	(16, 82),
	(16, 83),
	(16, 84),
	(16, 85),
	(16, 86),
	(16, 87),
	(16, 88),
	(16, 89),
	(16, 90),
	(16, 92),
	(16, 93),
	(16, 94),
	(16, 95),
	(16, 96),
	(16, 97),
	(17, 75),
	(17, 76),
	(17, 77),
	(17, 78),
	(17, 79),
	(17, 80),
	(17, 81),
	(17, 82),
	(17, 83),
	(17, 84),
	(17, 85),
	(17, 86),
	(17, 87),
	(17, 88),
	(17, 89),
	(17, 90),
	(17, 92),
	(17, 93),
	(17, 94),
	(17, 95),
	(17, 96),
	(17, 97),
	(22, 2),
	(22, 3),
	(22, 4),
	(22, 5),
	(22, 6),
	(22, 7),
	(22, 8),
	(22, 9),
	(22, 10),
	(22, 11),
	(22, 13),
	(22, 14),
	(22, 15),
	(22, 16),
	(22, 17),
	(22, 18),
	(22, 19),
	(22, 20),
	(22, 21),
	(22, 22),
	(213, 2),
	(213, 3),
	(213, 4),
	(213, 5),
	(213, 6),
	(213, 7),
	(213, 8),
	(213, 9),
	(213, 10),
	(213, 11),
	(213, 12),
	(213, 13),
	(213, 14),
	(213, 15),
	(213, 16),
	(213, 17),
	(213, 18),
	(213, 19),
	(213, 20),
	(213, 21),
	(213, 22),
	(213, 23),
	(213, 25),
	(213, 26),
	(213, 27),
	(213, 28),
	(213, 30),
	(213, 40),
	(213, 48),
	(213, 75),
	(213, 98),
	(213, 116),
	(213, 143),
	(213, 155),
	(213, 172),
	(213, 134),
	(213, 186),
	(213, 202),
	(213, 207),
	(213, 215),
	(213, 236),
	(213, 242),
	(213, 250),
	(213, 255),
	(213, 261),
	(213, 267),
	(213, 273),
	(213, 279),
	(213, 283),
	(213, 288),
	(213, 293),
	(213, 301),
	(224, 75),
	(224, 76),
	(224, 77),
	(224, 78),
	(224, 79),
	(224, 80),
	(224, 81),
	(224, 82),
	(224, 83),
	(224, 84),
	(224, 85),
	(224, 86),
	(224, 87),
	(224, 88),
	(224, 89),
	(224, 90),
	(224, 91),
	(224, 92),
	(224, 93),
	(224, 94),
	(224, 95),
	(224, 96),
	(224, 97),
	(227, 327),
	(227, 338),
	(227, 283),
	(227, 284),
	(227, 285),
	(227, 286),
	(227, 287),
	(228, 327),
	(228, 338),
	(228, 283),
	(228, 284),
	(228, 285),
	(228, 286),
	(228, 287),
	(229, 327),
	(229, 338),
	(229, 283),
	(229, 284),
	(229, 285),
	(229, 286),
	(229, 287),
	(230, 310),
	(230, 116),
	(230, 117),
	(230, 118),
	(230, 120),
	(230, 121),
	(230, 123),
	(230, 124),
	(230, 125),
	(230, 126),
	(230, 127),
	(230, 128),
	(230, 129),
	(230, 130),
	(230, 131),
	(230, 132),
	(232, 186),
	(232, 187),
	(232, 188),
	(232, 191),
	(232, 192),
	(232, 193),
	(232, 194),
	(232, 195),
	(232, 196),
	(232, 197),
	(232, 198),
	(233, 186),
	(233, 187),
	(233, 188),
	(233, 191),
	(233, 192),
	(233, 193),
	(233, 194),
	(233, 195),
	(233, 196),
	(233, 197),
	(233, 198),
	(233, 199),
	(233, 200),
	(233, 201),
	(233, 1001),
	(234, 186),
	(234, 187),
	(234, 188),
	(234, 190),
	(234, 191),
	(234, 192),
	(234, 193),
	(234, 194),
	(234, 195),
	(234, 196),
	(234, 197),
	(234, 198),
	(234, 199),
	(234, 200),
	(234, 201),
	(234, 1001),
	(235, 186),
	(235, 187),
	(235, 188),
	(235, 191),
	(235, 192),
	(235, 194),
	(235, 195),
	(235, 196),
	(235, 197),
	(235, 198),
	(235, 199),
	(235, 200),
	(235, 201),
	(235, 1001),
	(239, 331),
	(239, 242),
	(239, 243),
	(239, 244),
	(239, 245),
	(239, 246),
	(239, 247),
	(239, 248),
	(239, 249),
	(240, 331),
	(240, 242),
	(240, 243),
	(240, 244),
	(240, 245),
	(240, 246),
	(240, 247),
	(240, 248),
	(240, 249),
	(241, 331),
	(241, 242),
	(241, 243),
	(241, 244),
	(241, 245),
	(241, 246),
	(241, 247),
	(241, 248),
	(241, 249),
	(243, 215),
	(243, 218),
	(253, 207),
	(253, 208),
	(253, 209),
	(253, 210),
	(253, 211),
	(253, 212),
	(253, 213),
	(254, 301),
	(254, 302),
	(254, 303),
	(254, 304),
	(255, 207),
	(255, 208),
	(255, 209),
	(255, 210),
	(255, 211),
	(255, 212),
	(255, 213),
	(256, 42),
	(256, 44),
	(256, 45),
	(256, 46),
	(256, 41),
	(256, 40),
	(256, 306),
	(257, 207),
	(257, 208),
	(257, 209),
	(257, 210),
	(257, 211),
	(257, 212),
	(257, 213),
	(258, 30),
	(258, 31),
	(258, 32),
	(258, 33),
	(258, 34),
	(258, 36),
	(258, 37),
	(258, 39),
	(258, 104),
	(259, 30),
	(259, 31),
	(259, 32),
	(259, 33),
	(259, 36),
	(259, 37),
	(259, 39),
	(259, 104),
	(260, 30),
	(260, 31),
	(260, 32),
	(260, 33),
	(260, 34),
	(260, 36),
	(260, 37),
	(260, 39),
	(260, 104),
	(261, 30),
	(261, 31),
	(261, 32),
	(261, 33),
	(261, 36),
	(261, 37),
	(261, 39),
	(261, 104),
	(262, 306),
	(262, 40),
	(262, 41),
	(262, 42),
	(262, 44),
	(262, 45),
	(262, 46),
	(263, 202),
	(264, 202),
	(265, 202),
	(266, 202),
	(267, 202),
	(268, 236),
	(268, 237),
	(268, 238),
	(268, 239),
	(268, 240),
	(269, 30),
	(269, 31),
	(269, 32),
	(269, 33),
	(269, 36),
	(269, 37),
	(269, 39),
	(269, 104),
	(270, 236),
	(270, 237),
	(270, 238),
	(270, 239),
	(270, 240),
	(271, 98),
	(271, 99),
	(271, 100),
	(271, 101),
	(271, 102),
	(271, 105),
	(271, 106),
	(271, 107),
	(271, 108),
	(271, 109),
	(271, 110),
	(271, 111),
	(271, 112),
	(271, 114),
	(271, 115),
	(272, 98),
	(272, 99),
	(272, 100),
	(272, 101),
	(272, 102),
	(272, 105),
	(272, 106),
	(272, 107),
	(272, 108),
	(272, 109),
	(272, 110),
	(272, 111),
	(272, 112),
	(272, 114),
	(272, 115),
	(273, 155),
	(273, 156),
	(273, 158),
	(273, 157),
	(273, 160),
	(273, 161),
	(273, 162),
	(273, 163),
	(273, 164),
	(273, 165),
	(273, 166),
	(273, 167),
	(273, 168),
	(273, 169),
	(273, 170),
	(273, 171),
	(273, 241),
	(274, 98),
	(274, 99),
	(274, 100),
	(274, 101),
	(274, 102),
	(274, 105),
	(274, 106),
	(274, 107),
	(274, 108),
	(274, 109),
	(274, 110),
	(274, 111),
	(274, 112),
	(274, 114),
	(274, 115),
	(275, 155),
	(275, 156),
	(275, 157),
	(275, 158),
	(275, 160),
	(275, 161),
	(275, 162),
	(275, 163),
	(275, 164),
	(275, 165),
	(275, 166),
	(275, 167),
	(275, 168),
	(275, 169),
	(275, 170),
	(275, 171),
	(275, 241),
	(276, 155),
	(276, 156),
	(276, 157),
	(276, 158),
	(276, 160),
	(276, 161),
	(276, 162),
	(276, 163),
	(276, 164),
	(276, 165),
	(276, 166),
	(276, 167),
	(276, 168),
	(276, 169),
	(276, 170),
	(276, 171),
	(276, 241),
	(288, 326),
	(288, 279),
	(288, 281),
	(288, 282),
	(288, 344),
	(288, 345),
	(288, 226),
	(288, 337),
	(289, 326),
	(289, 337),
	(289, 279),
	(289, 281),
	(289, 282),
	(289, 344),
	(289, 345),
	(289, 226),
	(290, 326),
	(290, 337),
	(290, 279),
	(290, 281),
	(290, 282),
	(290, 344),
	(290, 345),
	(290, 226),
	(291, 326),
	(291, 337),
	(291, 279),
	(291, 281),
	(291, 282),
	(291, 344),
	(291, 345),
	(291, 226),
	(294, 48),
	(294, 49),
	(294, 50),
	(295, 48),
	(295, 49),
	(295, 50),
	(296, 50),
	(296, 48),
	(296, 49),
	(297, 172),
	(297, 173),
	(297, 174),
	(297, 176),
	(297, 177),
	(297, 178),
	(297, 179),
	(297, 180),
	(297, 181),
	(297, 182),
	(298, 172),
	(298, 173),
	(298, 174),
	(298, 176),
	(298, 177),
	(298, 178),
	(298, 179),
	(298, 180),
	(298, 181),
	(298, 182),
	(299, 172),
	(299, 173),
	(299, 174),
	(299, 176),
	(299, 178),
	(299, 179),
	(299, 180),
	(299, 181),
	(299, 182),
	(300, 342),
	(300, 134),
	(300, 139),
	(300, 136),
	(300, 137),
	(300, 138),
	(300, 140),
	(300, 141),
	(300, 142),
	(301, 342),
	(301, 134),
	(301, 139),
	(301, 136),
	(301, 137),
	(301, 138),
	(301, 140),
	(301, 141),
	(301, 142),
	(302, 301),
	(302, 302),
	(302, 303),
	(302, 304),
	(243, 216),
	(243, 220),
	(243, 221),
	(243, 222),
	(243, 223),
	(243, 224),
	(243, 225),
	(243, 226),
	(243, 227),
	(243, 228),
	(243, 229),
	(243, 230),
	(243, 231),
	(243, 232),
	(243, 233),
	(243, 234),
	(243, 235),
	(243, 318),
	(243, 346),
	(303, 300),
	(303, 301),
	(303, 302),
	(303, 303),
	(303, 304),
	(304, 342),
	(304, 134),
	(304, 139),
	(304, 136),
	(304, 137),
	(304, 138),
	(304, 140),
	(304, 141),
	(304, 142),
	(244, 215),
	(244, 218),
	(244, 216),
	(244, 220),
	(244, 221),
	(244, 222),
	(244, 223),
	(244, 224),
	(244, 225),
	(244, 226),
	(244, 227),
	(244, 228),
	(244, 229),
	(244, 230),
	(244, 231),
	(244, 232),
	(244, 233),
	(244, 234),
	(244, 235),
	(244, 318),
	(244, 346),
	(245, 215),
	(245, 218),
	(245, 216),
	(245, 220),
	(245, 221),
	(245, 222),
	(245, 223),
	(245, 224),
	(245, 225),
	(245, 226),
	(245, 227),
	(245, 228),
	(245, 229),
	(245, 230),
	(245, 231),
	(245, 232),
	(245, 233),
	(245, 234),
	(245, 235),
	(245, 318),
	(245, 346),
	(305, 267),
	(305, 268),
	(305, 269),
	(305, 270),
	(305, 271),
	(306, 267),
	(306, 268),
	(306, 269),
	(306, 270),
	(306, 271),
	(306, 335),
	(307, 236),
	(307, 237),
	(307, 238),
	(307, 239),
	(307, 240),
	(308, 273),
	(308, 274),
	(308, 275),
	(308, 276),
	(308, 277),
	(308, 278),
	(309, 273),
	(309, 274),
	(309, 275),
	(309, 276),
	(309, 277),
	(309, 278),
	(310, 256),
	(310, 257),
	(310, 258),
	(310, 259),
	(310, 260),
	(310, 255),
	(315, 256),
	(315, 257),
	(315, 258),
	(315, 259),
	(315, 260),
	(315, 255),
	(316, 250),
	(316, 251),
	(316, 252),
	(316, 253),
	(316, 254),
	(317, 143),
	(317, 144),
	(317, 145),
	(317, 146),
	(317, 147),
	(317, 150),
	(317, 151),
	(317, 152),
	(317, 153),
	(318, 250),
	(318, 251),
	(318, 252),
	(318, 253),
	(318, 254),
	(319, 256),
	(319, 257),
	(319, 258),
	(319, 259),
	(319, 260),
	(319, 255),
	(320, 251),
	(320, 250),
	(320, 252),
	(320, 253),
	(320, 254),
	(321, 143),
	(321, 144),
	(321, 145),
	(321, 146),
	(321, 147),
	(321, 150),
	(321, 151),
	(321, 152),
	(321, 153),
	(322, 267),
	(322, 268),
	(322, 269),
	(322, 270),
	(322, 271),
	(323, 143),
	(323, 144),
	(323, 145),
	(323, 146),
	(323, 147),
	(323, 150),
	(323, 151),
	(323, 152),
	(323, 153),
	(324, 273),
	(324, 274),
	(324, 275),
	(324, 276),
	(324, 277),
	(324, 278),
	(328, 293),
	(328, 294),
	(328, 295),
	(328, 296),
	(328, 297),
	(328, 298),
	(328, 299),
	(329, 293),
	(329, 294),
	(329, 295),
	(329, 296),
	(329, 297),
	(329, 298),
	(329, 299),
	(330, 293),
	(330, 294),
	(330, 295),
	(330, 296),
	(330, 297),
	(330, 298),
	(330, 299),
	(331, 310),
	(331, 116),
	(331, 117),
	(331, 118),
	(331, 120),
	(331, 121),
	(331, 123),
	(331, 124),
	(331, 125),
	(331, 126),
	(331, 127),
	(331, 128),
	(331, 129),
	(331, 130),
	(331, 131),
	(331, 132),
	(331, 133),
	(332, 310),
	(332, 116),
	(332, 117),
	(332, 118),
	(332, 120),
	(332, 121),
	(332, 123),
	(332, 124),
	(332, 125),
	(332, 126),
	(332, 127),
	(332, 128),
	(332, 129),
	(332, 130),
	(332, 131),
	(332, 132),
	(332, 133),
	(334, 288),
	(334, 289),
	(334, 290),
	(334, 291),
	(334, 292),
	(334, 339),
	(335, 288),
	(335, 289),
	(335, 290),
	(335, 291),
	(335, 292),
	(335, 339),
	(336, 288),
	(336, 289),
	(336, 290),
	(336, 291),
	(336, 292),
	(336, 339),
	(359, 186),
	(359, 187),
	(359, 188),
	(359, 189),
	(359, 190),
	(359, 191),
	(359, 200),
	(359, 201),
	(359, 197),
	(359, 198),
	(359, 193),
	(370, 342),
	(370, 134),
	(370, 139),
	(370, 142),
	(370, 141),
	(370, 140),
	(370, 138),
	(370, 137),
	(370, 136),
	(372, 261),
	(372, 262),
	(372, 263),
	(372, 264),
	(372, 265),
	(372, 266),
	(383, 261),
	(383, 262),
	(383, 263),
	(383, 264),
	(383, 265),
	(383, 266),
	(383, 334),
	(384, 261),
	(384, 262),
	(384, 263),
	(384, 264),
	(384, 265),
	(384, 266),
	(389, 326),
	(389, 279),
	(389, 281),
	(389, 282),
	(389, 344),
	(389, 345),
	(389, 226),
	(425, 261),
	(425, 262),
	(425, 263),
	(425, 264),
	(425, 265),
	(425, 266);

INSERT INTO `fr_progress` (`id`, `content`, `percentage`, `reason`, `status`, `update_time`, `sub_user_id`) VALUES
	(1, NULL, 0, NULL, 'NONE_REVIEW', '2022-06-16 14:01:07.492768', NULL);
INSERT INTO `fr_progress` (`id`, `content`, `percentage`, `reason`, `status`, `update_time`, `sub_user_id`) VALUES
	(2, NULL, 0, NULL, 'NONE_REVIEW', '2022-06-16 14:03:04.440124', NULL),
	(3, NULL, 0, NULL, 'NONE_REVIEW', '2022-06-16 14:03:52.819136', NULL),
	(4, NULL, 0, NULL, 'NONE_REVIEW', '2022-06-16 14:04:27.382124', NULL),
	(5, NULL, 0, NULL, 'NONE_REVIEW', '2022-06-16 14:05:02.347901', NULL),
	(6, NULL, 0, NULL, 'NONE_REVIEW', '2022-06-16 14:05:31.826501', NULL),
	(7, NULL, 0, NULL, 'NONE_REVIEW', '2022-06-16 14:06:04.596347', NULL),
	(8, NULL, 0, '', 'NONE_REVIEW', '2022-08-30 14:04:35.288247', NULL),
	(9, NULL, 0, NULL, 'NONE_REVIEW', '2022-06-16 15:10:15.390824', NULL),
	(10, '2013-20211587.58711482.8104.7871104.78712022816202022821302022122054.787120222022122021202217710727974.97312103441005690.8488280142185198305.51176920.2957960.89540.1140.42122.9810.4471.6152.07123.26 202129202212 ', 100, NULL, 'REVIEWED', '2022-10-20 08:54:06.071896', NULL),
	(11, '2013-20211587.58711482.8104.7871104.78712022816202022821302022122054.787120222022122021202217710727974.97312103441005690.8488280142185198305.51176920.2957960.89540.1140.42122.9810.4471.6152.07123.26 202129202212 ', 100, NULL, 'REVIEWED', '2022-10-20 08:54:58.260736', NULL),
	(12, '2013-20211587.58711482.8104.7871104.78712022816202022821302022122054.787120222022122021202217710727974.97312103441005690.8488280142185198305.51176920.2957960.89540.1140.42122.9810.4471.6152.07123.26 202129202212 ', 100, NULL, 'REVIEWED', '2022-10-20 08:53:17.255802', NULL),
	(13, '2013-20211587.58711482.8104.7871104.78712022816202022821302022122054.787120222022122021202217710727974.97312103441005690.8488280142185198305.51176920.2957960.89540.1140.42122.9810.4471.6152.07123.26\n202129202212\n', 0, NULL, 'REVIEWED', '2022-10-20 08:48:05.595548', NULL),
	(14, '1587.58711482.8104.7871104.78712022816202022821302022122054.7871', 100, NULL, 'REVIEWED', '2022-09-01 11:14:50.271783', NULL),
	(15, '2022920212022', 100, NULL, 'REVIEWED', '2022-09-01 11:16:09.734799', NULL),
	(16, '2021202292022202129', 100, NULL, 'REVIEWED', '2022-09-01 11:15:38.795431', NULL),
	(17, NULL, 0, NULL, 'NONE_REVIEW', '2022-07-22 14:22:40.115103', NULL),
	(18, NULL, 0, NULL, 'NONE_REVIEW', '2022-07-25 10:53:42.360159', NULL),
	(19, NULL, 0, NULL, 'NONE_REVIEW', '2022-07-25 10:58:50.304319', NULL),
	(20, NULL, 0, NULL, 'NONE_REVIEW', '2022-07-25 11:00:36.825141', NULL),
	(21, NULL, 0, NULL, 'NONE_REVIEW', '2022-07-25 11:02:36.210336', NULL),
	(22, NULL, 0, NULL, 'NONE_REVIEW', '2022-07-25 11:03:28.401720', NULL),
	(23, NULL, 0, NULL, 'NONE_REVIEW', '2022-07-25 11:04:27.944129', NULL),
	(24, NULL, 0, NULL, 'NONE_REVIEW', '2022-07-25 11:05:17.340674', NULL),
	(25, NULL, 0, NULL, 'NONE_REVIEW', '2022-07-25 11:06:11.690616', NULL),
	(26, NULL, 0, NULL, 'NONE_REVIEW', '2022-07-25 11:09:31.713222', NULL),
	(27, NULL, 0, NULL, 'NONE_REVIEW', '2022-07-25 11:10:54.080009', NULL),
	(28, NULL, 0, NULL, 'NONE_REVIEW', '2022-07-25 12:22:01.559228', NULL),
	(29, NULL, 0, NULL, 'NONE_REVIEW', '2022-07-25 12:23:20.459849', NULL),
	(30, NULL, 0, NULL, 'NONE_REVIEW', '2022-07-25 12:24:14.684618', NULL),
	(31, NULL, 0, NULL, 'NONE_REVIEW', '2022-07-25 12:27:17.620298', NULL),
	(32, NULL, 0, NULL, 'NONE_REVIEW', '2022-07-25 12:29:42.677432', NULL),
	(33, NULL, 0, NULL, 'NONE_REVIEW', '2022-07-25 12:31:05.074366', NULL),
	(34, NULL, 0, NULL, 'NONE_REVIEW', '2022-07-25 12:32:02.313253', NULL),
	(39, NULL, 0, NULL, 'NONE_REVIEW', '2022-07-28 10:01:21.580861', NULL),
	(40, NULL, 0, NULL, 'NONE_REVIEW', '2022-07-28 10:03:28.605960', NULL),
	(41, NULL, 0, NULL, 'NONE_REVIEW', '2022-07-28 10:24:01.113706', NULL),
	(42, NULL, 0, NULL, 'NONE_REVIEW', '2022-07-28 10:24:59.493527', NULL),
	(43, NULL, 0, NULL, 'NONE_REVIEW', '2022-07-28 10:57:21.733180', NULL),
	(44, NULL, 0, NULL, 'NONE_REVIEW', '2022-07-28 10:58:25.972658', NULL),
	(45, NULL, 0, NULL, 'NONE_REVIEW', '2022-07-28 11:08:43.375495', NULL),
	(46, NULL, 0, NULL, 'NONE_REVIEW', '2022-07-28 11:11:17.921481', NULL),
	(47, NULL, 0, NULL, 'NONE_REVIEW', '2022-07-29 15:06:31.430203', NULL),
	(48, NULL, 0, NULL, 'NONE_REVIEW', '2022-07-29 15:06:52.952332', NULL),
	(49, NULL, 0, NULL, 'NONE_REVIEW', '2022-07-29 15:17:23.660531', NULL),
	(50, NULL, 0, NULL, 'NONE_REVIEW', '2022-07-29 15:56:43.585514', NULL),
	(51, NULL, 0, NULL, 'NONE_REVIEW', '2022-07-29 16:00:03.286850', NULL),
	(52, NULL, 0, NULL, 'NONE_REVIEW', '2022-07-29 16:04:03.365928', NULL),
	(53, NULL, 0, NULL, 'NONE_REVIEW', '2022-07-29 16:05:43.278542', NULL),
	(54, NULL, 0, NULL, 'NONE_REVIEW', '2022-07-29 16:06:31.141781', NULL),
	(56, NULL, 0, NULL, 'NONE_REVIEW', '2022-07-29 16:07:13.444441', NULL),
	(58, NULL, 0, NULL, 'NONE_REVIEW', '2022-08-02 10:47:36.945286', NULL),
	(59, NULL, 0, NULL, 'NONE_REVIEW', '2022-08-02 10:47:59.401295', NULL),
	(60, NULL, 0, NULL, 'NONE_REVIEW', '2022-08-02 10:48:17.543362', NULL),
	(61, NULL, 0, NULL, 'NONE_REVIEW', '2022-08-02 10:48:32.201049', NULL),
	(62, NULL, 0, NULL, 'NONE_REVIEW', '2022-08-02 10:48:49.531927', NULL),
	(63, NULL, 0, NULL, 'NONE_REVIEW', '2022-07-30 09:39:45.737004', NULL),
	(64, NULL, 0, NULL, 'NONE_REVIEW', '2022-08-24 09:26:50.399812', NULL),
	(65, NULL, 0, NULL, 'NONE_REVIEW', '2022-08-24 09:18:42.022279', NULL),
	(66, NULL, 0, NULL, 'NONE_REVIEW', '2022-07-30 09:56:45.936354', NULL),
	(68, NULL, 0, NULL, 'NONE_REVIEW', '2022-08-24 09:28:48.363752', NULL),
	(73, NULL, 0, NULL, 'NONE_REVIEW', '2022-08-24 09:24:17.687464', NULL),
	(75, NULL, 0, NULL, 'NONE_REVIEW', '2022-08-24 09:29:19.396681', NULL),
	(83, NULL, 0, NULL, 'NONE_REVIEW', '2022-08-02 10:42:57.343885', NULL),
	(84, NULL, 0, NULL, 'NONE_REVIEW', '2022-08-02 16:24:30.004804', NULL),
	(85, NULL, 0, NULL, 'NONE_REVIEW', '2022-08-02 16:31:38.706874', NULL),
	(86, NULL, 0, NULL, 'NONE_REVIEW', '2022-08-02 16:23:43.002974', NULL),
	(87, NULL, 0, NULL, 'NONE_REVIEW', '2022-08-02 16:19:55.940255', NULL),
	(88, NULL, 0, NULL, 'NONE_REVIEW', '2022-08-02 16:23:09.860998', NULL),
	(89, NULL, 0, NULL, 'NONE_REVIEW', '2022-08-02 16:28:02.279648', NULL),
	(90, NULL, 0, NULL, 'NONE_REVIEW', '2022-08-02 16:30:39.339750', NULL),
	(92, NULL, 0, NULL, 'NONE_REVIEW', '2022-08-08 14:45:46.421989', NULL),
	(93, NULL, 0, NULL, 'NONE_REVIEW', '2022-08-04 16:56:08.782276', NULL),
	(94, NULL, 0, NULL, 'NONE_REVIEW', '2022-08-04 16:54:34.226975', NULL),
	(95, NULL, 0, NULL, 'NONE_REVIEW', '2022-08-04 16:55:46.077702', NULL),
	(96, NULL, 0, NULL, 'NONE_REVIEW', '2022-08-04 16:55:18.106851', NULL),
	(97, NULL, 0, NULL, 'NONE_REVIEW', '2022-08-04 16:53:00.470375', NULL),
	(98, NULL, 0, NULL, 'NONE_REVIEW', '2022-08-05 09:38:15.054119', NULL),
	(99, NULL, 0, NULL, 'NONE_REVIEW', '2022-08-05 09:38:35.476519', NULL),
	(100, NULL, 0, NULL, 'NONE_REVIEW', '2022-08-05 09:38:53.383236', NULL),
	(101, NULL, 0, NULL, 'NONE_REVIEW', '2022-08-05 09:39:16.368461', NULL),
	(102, NULL, 0, NULL, 'NONE_REVIEW', '2022-08-05 09:39:35.073510', NULL),
	(103, NULL, 0, NULL, 'NONE_REVIEW', '2022-08-05 09:39:52.825306', NULL),
	(104, NULL, 0, NULL, 'NONE_REVIEW', '2022-08-05 09:40:11.170729', NULL),
	(105, NULL, 0, NULL, 'NONE_REVIEW', '2022-08-05 09:40:27.781815', NULL),
	(106, NULL, 0, NULL, 'NONE_REVIEW', '2022-08-05 09:40:54.988743', NULL),
	(107, NULL, 0, NULL, 'NONE_REVIEW', '2022-08-05 09:41:17.318933', NULL),
	(108, NULL, 0, NULL, 'NONE_REVIEW', '2022-08-05 11:34:23.865859', NULL),
	(109, NULL, 0, NULL, 'NONE_REVIEW', '2022-08-05 11:34:51.992089', NULL),
	(110, NULL, 0, NULL, 'NONE_REVIEW', '2022-08-05 11:45:04.401258', NULL),
	(111, NULL, 0, NULL, 'NONE_REVIEW', '2022-08-05 15:49:29.178719', NULL),
	(112, NULL, 0, NULL, 'NONE_REVIEW', '2022-08-05 15:51:13.826241', NULL),
	(113, NULL, 0, NULL, 'NONE_REVIEW', '2022-08-05 15:52:24.705967', NULL),
	(114, NULL, 0, NULL, 'NONE_REVIEW', '2022-08-05 15:53:27.950038', NULL),
	(115, NULL, 0, NULL, 'NONE_REVIEW', '2022-08-05 15:54:33.845322', NULL),
	(116, NULL, 0, NULL, 'NONE_REVIEW', '2022-08-05 15:55:52.537781', NULL),
	(117, NULL, 0, NULL, 'NONE_REVIEW', '2022-08-05 15:57:52.791804', NULL),
	(118, NULL, 0, NULL, 'NONE_REVIEW', '2022-08-05 15:59:12.466938', NULL),
	(119, NULL, 0, NULL, 'NONE_REVIEW', '2022-08-05 16:00:45.115607', NULL),
	(120, NULL, 0, NULL, 'NONE_REVIEW', '2022-08-06 12:34:33.734204', NULL),
	(121, NULL, 0, NULL, 'NONE_REVIEW', '2022-08-06 12:39:07.328398', NULL),
	(122, NULL, 0, NULL, 'NONE_REVIEW', '2022-08-06 12:43:14.951742', NULL),
	(123, NULL, 0, NULL, 'NONE_REVIEW', '2022-08-06 13:12:43.898537', NULL),
	(124, NULL, 0, NULL, 'NONE_REVIEW', '2022-08-06 13:17:20.167196', NULL),
	(125, NULL, 0, NULL, 'NONE_REVIEW', '2022-08-06 13:20:44.824596', NULL),
	(126, NULL, 0, NULL, 'NONE_REVIEW', '2022-08-06 13:23:53.067165', NULL),
	(127, NULL, 0, NULL, 'NONE_REVIEW', '2022-08-06 13:25:55.623296', NULL),
	(128, NULL, 0, NULL, 'NONE_REVIEW', '2022-08-06 13:28:31.172029', NULL),
	(129, NULL, 0, NULL, 'NONE_REVIEW', '2022-08-06 17:25:30.107023', NULL),
	(130, NULL, 0, NULL, 'NONE_REVIEW', '2022-08-06 17:28:10.592064', NULL),
	(131, NULL, 0, NULL, 'NONE_REVIEW', '2022-08-06 17:29:51.723994', NULL),
	(132, NULL, 0, NULL, 'NONE_REVIEW', '2022-08-06 17:31:08.684605', NULL),
	(133, NULL, 0, NULL, 'NONE_REVIEW', '2022-08-06 17:33:18.161285', NULL),
	(134, NULL, 0, NULL, 'NONE_REVIEW', '2022-08-08 14:24:29.467956', NULL),
	(135, NULL, 0, NULL, 'NONE_REVIEW', '2022-08-08 14:24:55.437726', NULL),
	(136, NULL, 0, NULL, 'NONE_REVIEW', '2022-08-08 14:25:19.611710', NULL),
	(137, NULL, 0, NULL, 'NONE_REVIEW', '2022-08-08 14:25:42.645392', NULL),
	(138, NULL, 0, NULL, 'NONE_REVIEW', '2022-08-08 14:26:06.928217', NULL),
	(139, NULL, 0, NULL, 'NONE_REVIEW', '2022-08-08 14:26:28.975965', NULL),
	(140, NULL, 0, NULL, 'NONE_REVIEW', '2022-08-08 14:26:58.385630', NULL),
	(141, NULL, 0, NULL, 'NONE_REVIEW', '2022-08-08 16:58:51.275541', NULL),
	(142, NULL, 0, NULL, 'NONE_REVIEW', '2022-08-08 17:06:20.711041', NULL),
	(143, NULL, 0, NULL, 'NONE_REVIEW', '2022-08-08 17:20:56.612671', NULL),
	(144, NULL, 0, NULL, 'NONE_REVIEW', '2022-08-08 17:27:43.422561', NULL),
	(145, NULL, 0, NULL, 'NONE_REVIEW', '2022-08-08 17:32:26.303977', NULL),
	(146, NULL, 0, NULL, 'NONE_REVIEW', '2022-08-08 17:40:26.221152', NULL),
	(147, NULL, 0, NULL, 'NONE_REVIEW', '2022-08-08 17:44:57.039315', NULL),
	(148, NULL, 0, NULL, 'NONE_REVIEW', '2022-08-09 11:36:03.522983', NULL),
	(149, NULL, 0, NULL, 'NONE_REVIEW', '2022-08-09 11:39:10.692378', NULL),
	(150, NULL, 0, NULL, 'NONE_REVIEW', '2022-08-09 11:41:42.296435', NULL),
	(151, NULL, 0, NULL, 'NONE_REVIEW', '2022-08-15 15:41:32.080422', NULL),
	(152, NULL, 0, NULL, 'NONE_REVIEW', '2022-08-15 15:41:19.548065', NULL),
	(153, NULL, 0, NULL, 'NONE_REVIEW', '2022-08-09 14:35:57.488513', NULL),
	(154, NULL, 0, NULL, 'NONE_REVIEW', '2022-08-10 13:12:30.378590', NULL),
	(162, NULL, 0, NULL, 'NONE_REVIEW', '2022-08-10 13:17:01.327916', NULL),
	(163, NULL, 0, NULL, 'NONE_REVIEW', '2022-08-10 13:16:07.073655', NULL),
	(164, NULL, 0, NULL, 'NONE_REVIEW', '2022-08-10 13:16:40.528879', NULL),
	(165, NULL, 0, NULL, 'NONE_REVIEW', '2022-08-10 13:17:23.359725', NULL),
	(166, NULL, 0, NULL, 'NONE_REVIEW', '2022-08-10 13:17:54.923664', NULL),
	(167, NULL, 0, NULL, 'NONE_REVIEW', '2022-08-10 13:19:31.775617', NULL),
	(168, NULL, 0, NULL, 'NONE_REVIEW', '2022-08-10 13:18:18.285907', NULL),
	(169, NULL, 0, NULL, 'NONE_REVIEW', '2022-08-10 11:02:18.088667', NULL),
	(170, NULL, 0, NULL, 'NONE_REVIEW', '2022-08-10 14:01:02.360919', NULL),
	(171, NULL, 0, NULL, 'NONE_REVIEW', '2022-08-10 14:08:26.630600', NULL),
	(172, NULL, 0, NULL, 'NONE_REVIEW', '2022-08-10 14:13:36.055812', NULL),
	(173, NULL, 0, NULL, 'NONE_REVIEW', '2022-08-10 14:17:58.783543', NULL),
	(174, NULL, 0, NULL, 'NONE_REVIEW', '2022-08-10 14:23:52.382609', NULL),
	(175, NULL, 0, NULL, 'NONE_REVIEW', '2022-08-11 14:45:51.149867', NULL),
	(176, NULL, 0, NULL, 'NONE_REVIEW', '2022-08-11 14:48:20.970796', NULL),
	(177, NULL, 0, NULL, 'NONE_REVIEW', '2022-08-11 14:51:43.814087', NULL),
	(178, NULL, 0, NULL, 'NONE_REVIEW', '2022-08-11 14:53:23.574618', NULL),
	(179, NULL, 0, NULL, 'NONE_REVIEW', '2022-08-11 14:55:20.964102', NULL),
	(180, NULL, 0, NULL, 'NONE_REVIEW', '2022-08-11 14:56:42.584887', NULL),
	(181, NULL, 0, NULL, 'NONE_REVIEW', '2022-08-11 14:58:39.613974', NULL),
	(182, NULL, 0, NULL, 'NONE_REVIEW', '2022-08-11 15:00:26.985449', NULL),
	(183, NULL, 0, NULL, 'NONE_REVIEW', '2022-08-11 15:39:08.038030', NULL),
	(184, NULL, 0, NULL, 'NONE_REVIEW', '2022-08-11 15:34:29.375848', NULL),
	(185, NULL, 0, NULL, 'NONE_REVIEW', '2022-08-11 15:39:54.354578', NULL),
	(186, NULL, 0, NULL, 'NONE_REVIEW', '2022-08-11 15:41:06.751947', NULL),
	(187, NULL, 0, NULL, 'NONE_REVIEW', '2022-08-11 15:42:26.995611', NULL),
	(188, NULL, 0, NULL, 'NONE_REVIEW', '2022-08-11 15:43:30.003596', NULL),
	(189, NULL, 0, NULL, 'NONE_REVIEW', '2022-08-11 15:44:50.852015', NULL),
	(190, NULL, 0, NULL, 'NONE_REVIEW', '2022-08-11 15:47:05.545524', NULL),
	(191, NULL, 0, NULL, 'NONE_REVIEW', '2022-08-12 09:37:26.230658', NULL),
	(192, NULL, 0, NULL, 'NONE_REVIEW', '2022-08-12 09:33:59.984292', NULL),
	(193, NULL, 0, NULL, 'NONE_REVIEW', '2022-08-12 09:34:21.582898', NULL),
	(194, NULL, 0, NULL, 'NONE_REVIEW', '2022-08-12 09:35:06.400640', NULL),
	(195, NULL, 0, NULL, 'NONE_REVIEW', '2022-08-12 09:35:31.981280', NULL),
	(196, NULL, 0, NULL, 'NONE_REVIEW', '2022-08-12 09:37:00.287766', NULL),
	(197, NULL, 0, NULL, 'NONE_REVIEW', '2022-08-12 09:35:58.326535', NULL),
	(198, NULL, 0, NULL, 'NONE_REVIEW', '2022-08-12 10:20:42.085947', NULL),
	(199, NULL, 0, NULL, 'NONE_REVIEW', '2022-08-12 10:21:30.529892', NULL),
	(200, NULL, 0, NULL, 'NONE_REVIEW', '2022-08-12 10:22:34.706583', NULL),
	(201, NULL, 0, NULL, 'NONE_REVIEW', '2022-08-12 10:24:27.185328', NULL),
	(202, NULL, 0, NULL, 'NONE_REVIEW', '2022-08-12 10:25:26.063461', NULL),
	(203, NULL, 0, NULL, 'NONE_REVIEW', '2022-08-12 10:26:05.239036', NULL),
	(204, NULL, 0, NULL, 'NONE_REVIEW', '2022-08-12 10:26:40.980975', NULL),
	(206, NULL, 0, NULL, 'NONE_REVIEW', '2022-08-12 10:53:03.354959', NULL),
	(207, NULL, 0, NULL, 'NONE_REVIEW', '2022-08-12 10:53:46.845947', NULL),
	(208, NULL, 0, NULL, 'NONE_REVIEW', '2022-08-12 10:54:18.333851', NULL),
	(209, NULL, 0, NULL, 'NONE_REVIEW', '2022-08-12 10:54:48.559341', NULL),
	(210, NULL, 0, NULL, 'NONE_REVIEW', '2022-08-12 10:55:23.798046', NULL),
	(211, NULL, 0, NULL, 'NONE_REVIEW', '2022-08-12 10:56:06.300264', NULL),
	(212, NULL, 0, NULL, 'NONE_REVIEW', '2022-08-12 10:56:54.710523', NULL),
	(213, NULL, 0, NULL, 'NONE_REVIEW', '2022-08-12 11:19:12.536940', NULL),
	(214, NULL, 0, NULL, 'NONE_REVIEW', '2022-08-12 11:25:57.178360', NULL),
	(215, NULL, 0, NULL, 'NONE_REVIEW', '2022-08-12 11:32:45.789237', NULL),
	(216, NULL, 0, NULL, 'NONE_REVIEW', '2022-08-12 11:36:48.426891', NULL),
	(217, NULL, 0, NULL, 'NONE_REVIEW', '2022-08-12 11:38:19.190637', NULL),
	(218, NULL, 0, NULL, 'NONE_REVIEW', '2022-08-12 12:16:23.718335', NULL),
	(219, NULL, 0, NULL, 'NONE_REVIEW', '2022-08-12 12:22:02.189614', NULL),
	(221, NULL, 0, NULL, 'NONE_REVIEW', '2022-08-12 14:50:06.445246', NULL),
	(222, NULL, 0, NULL, 'NONE_REVIEW', '2022-08-12 14:50:37.462567', NULL),
	(223, NULL, 0, NULL, 'NONE_REVIEW', '2022-08-12 14:51:01.386640', NULL),
	(224, NULL, 0, NULL, 'NONE_REVIEW', '2022-08-12 14:51:19.576366', NULL),
	(225, NULL, 0, NULL, 'NONE_REVIEW', '2022-08-12 14:51:40.235344', NULL),
	(226, NULL, 0, NULL, 'NONE_REVIEW', '2022-08-12 15:13:08.137256', NULL),
	(227, NULL, 0, NULL, 'NONE_REVIEW', '2022-08-12 15:14:26.357297', NULL),
	(228, NULL, 0, NULL, 'NONE_REVIEW', '2022-08-12 15:14:48.922313', NULL),
	(229, NULL, 0, NULL, 'NONE_REVIEW', '2022-08-12 15:15:21.704853', NULL),
	(230, NULL, 0, NULL, 'NONE_REVIEW', '2022-08-12 15:15:37.785306', NULL),
	(231, NULL, 0, NULL, 'NONE_REVIEW', '2022-08-12 15:26:25.252694', NULL),
	(232, NULL, 0, NULL, 'NONE_REVIEW', '2022-08-12 15:27:19.196638', NULL),
	(233, NULL, 0, NULL, 'NONE_REVIEW', '2022-08-12 15:27:39.465074', NULL),
	(234, NULL, 0, NULL, 'NONE_REVIEW', '2022-08-12 15:27:56.293621', NULL),
	(235, NULL, 0, NULL, 'NONE_REVIEW', '2022-08-12 15:30:50.171723', NULL),
	(236, NULL, 0, NULL, 'NONE_REVIEW', '2022-08-12 15:31:23.252071', NULL),
	(237, NULL, 0, NULL, 'NONE_REVIEW', '2022-08-12 15:31:36.787609', NULL),
	(238, NULL, 0, NULL, 'NONE_REVIEW', '2022-08-12 15:31:53.100525', NULL),
	(239, NULL, 0, NULL, 'NONE_REVIEW', '2022-08-12 15:40:59.039748', NULL),
	(240, NULL, 0, NULL, 'NONE_REVIEW', '2022-08-12 15:42:05.793731', NULL),
	(241, NULL, 0, NULL, 'NONE_REVIEW', '2022-08-12 15:43:34.896733', NULL),
	(242, NULL, 0, NULL, 'NONE_REVIEW', '2022-08-12 15:44:25.167831', NULL),
	(243, NULL, 0, NULL, 'NONE_REVIEW', '2022-08-12 15:45:43.722170', NULL),
	(244, NULL, 0, NULL, 'NONE_REVIEW', '2022-08-12 15:46:51.729444', NULL),
	(245, NULL, 0, NULL, 'NONE_REVIEW', '2022-08-12 15:47:51.297631', NULL),
	(246, NULL, 0, NULL, 'NONE_REVIEW', '2022-08-12 15:48:45.549271', NULL),
	(247, NULL, 0, NULL, 'NONE_REVIEW', '2022-08-13 09:55:14.977540', NULL),
	(249, NULL, 0, NULL, 'NONE_REVIEW', '2022-08-15 15:38:42.423931', NULL),
	(250, NULL, 0, NULL, 'NONE_REVIEW', '2022-08-15 15:38:22.265264', NULL),
	(251, NULL, 0, NULL, 'NONE_REVIEW', '2022-08-15 15:38:02.822811', NULL),
	(252, NULL, 0, NULL, 'NONE_REVIEW', '2022-08-15 15:37:14.711154', NULL),
	(253, NULL, 0, NULL, 'NONE_REVIEW', '2022-08-15 15:37:42.150333', NULL),
	(254, NULL, 0, NULL, 'NONE_REVIEW', '2022-08-15 15:49:18.490940', NULL),
	(256, NULL, 0, NULL, 'NONE_REVIEW', '2022-08-16 11:49:02.407720', NULL),
	(257, NULL, 0, NULL, 'NONE_REVIEW', '2022-08-16 11:49:32.708092', NULL),
	(258, NULL, 0, NULL, 'NONE_REVIEW', '2022-08-16 11:49:59.741076', NULL),
	(259, NULL, 0, NULL, 'NONE_REVIEW', '2022-08-16 11:50:34.341340', NULL),
	(260, NULL, 0, NULL, 'NONE_REVIEW', '2022-08-16 11:51:15.189114', NULL),
	(261, NULL, 0, NULL, 'NONE_REVIEW', '2022-08-16 11:51:45.129037', NULL),
	(262, NULL, 0, NULL, 'NONE_REVIEW', '2022-08-16 11:52:18.192371', NULL),
	(263, NULL, 0, NULL, 'NONE_REVIEW', '2022-08-16 14:47:44.892657', NULL),
	(264, NULL, 0, NULL, 'NONE_REVIEW', '2022-08-16 14:49:29.650316', NULL),
	(265, NULL, 0, NULL, 'NONE_REVIEW', '2022-08-16 14:50:43.767659', NULL),
	(266, NULL, 0, NULL, 'NONE_REVIEW', '2022-08-23 15:33:48.735475', NULL),
	(267, NULL, 0, NULL, 'NONE_REVIEW', '2022-08-16 14:53:16.452152', NULL),
	(268, NULL, 0, NULL, 'NONE_REVIEW', '2022-08-24 08:56:40.456290', NULL),
	(269, NULL, 0, NULL, 'NONE_REVIEW', '2022-08-24 08:56:55.427014', NULL),
	(270, NULL, 0, NULL, 'NONE_REVIEW', '2022-08-24 08:54:46.273559', NULL),
	(271, NULL, 0, NULL, 'NONE_REVIEW', '2022-08-24 08:55:19.870214', NULL),
	(272, NULL, 0, NULL, 'NONE_REVIEW', '2022-08-24 08:55:57.875601', NULL),
	(275, NULL, 0, NULL, 'NONE_REVIEW', '2022-08-18 14:37:46.889176', NULL),
	(276, NULL, 0, NULL, 'NONE_REVIEW', '2022-08-18 14:38:27.690600', NULL),
	(277, NULL, 0, NULL, 'NONE_REVIEW', '2022-08-18 14:39:41.771484', NULL),
	(278, NULL, 0, NULL, 'NONE_REVIEW', '2022-08-18 14:41:19.825504', NULL),
	(279, NULL, 0, NULL, 'NONE_REVIEW', '2022-08-18 14:42:51.857807', NULL),
	(280, NULL, 0, NULL, 'NONE_REVIEW', '2022-08-18 14:53:12.595904', NULL),
	(281, NULL, 0, NULL, 'NONE_REVIEW', '2022-08-18 14:53:12.595904', NULL),
	(282, NULL, 0, NULL, 'NONE_REVIEW', '2022-08-18 14:53:12.595904', NULL),
	(283, NULL, 0, NULL, 'NONE_REVIEW', '2022-08-18 14:53:12.595904', NULL),
	(284, NULL, 0, NULL, 'NONE_REVIEW', '2022-08-18 14:54:23.333834', NULL),
	(285, NULL, 0, NULL, 'NONE_REVIEW', '2022-08-18 14:55:46.841589', NULL),
	(286, NULL, 0, NULL, 'NONE_REVIEW', '2022-08-18 14:55:46.841589', NULL),
	(287, NULL, 0, NULL, 'NONE_REVIEW', '2022-08-18 14:57:15.492571', NULL),
	(288, NULL, 0, NULL, 'NONE_REVIEW', '2022-08-18 14:58:58.109677', NULL),
	(289, NULL, 0, NULL, 'NONE_REVIEW', '2022-08-18 15:05:37.578500', NULL),
	(290, NULL, 0, NULL, 'NONE_REVIEW', '2022-08-18 15:07:16.623436', NULL),
	(291, NULL, 0, NULL, 'NONE_REVIEW', '2022-08-18 15:07:16.623436', NULL),
	(292, NULL, 0, NULL, 'NONE_REVIEW', '2022-08-18 15:09:13.049573', NULL),
	(293, NULL, 0, NULL, 'NONE_REVIEW', '2022-08-18 15:09:13.049573', NULL),
	(294, NULL, 0, NULL, 'NONE_REVIEW', '2022-08-18 15:09:13.049573', NULL),
	(295, NULL, 0, NULL, 'NONE_REVIEW', '2022-08-18 15:10:54.325276', NULL),
	(296, NULL, 0, NULL, 'NONE_REVIEW', '2022-08-19 11:13:56.913528', NULL),
	(297, NULL, 0, NULL, 'NONE_REVIEW', '2022-08-19 11:14:33.717643', NULL),
	(298, NULL, 0, NULL, 'NONE_REVIEW', '2022-08-19 11:15:00.960987', NULL),
	(299, NULL, 0, NULL, 'NONE_REVIEW', '2022-08-19 11:15:32.965828', NULL),
	(300, NULL, 0, NULL, 'NONE_REVIEW', '2022-08-19 11:15:56.031804', NULL),
	(307, NULL, 0, NULL, 'NONE_REVIEW', '2022-08-20 15:17:12.671239', NULL),
	(308, NULL, 0, NULL, 'NONE_REVIEW', '2022-08-20 15:17:03.029123', NULL),
	(309, NULL, 0, NULL, 'NONE_REVIEW', '2022-08-20 15:16:52.794494', NULL),
	(310, NULL, 0, NULL, 'NONE_REVIEW', '2022-08-20 15:16:41.669176', NULL),
	(311, NULL, 0, NULL, 'NONE_REVIEW', '2022-08-20 15:16:28.355379', NULL),
	(312, NULL, 0, NULL, 'NONE_REVIEW', '2022-08-20 15:20:26.315267', NULL),
	(313, NULL, 0, NULL, 'NONE_REVIEW', '2022-08-20 15:15:55.571706', NULL),
	(314, NULL, 0, NULL, 'NONE_REVIEW', '2022-08-20 15:15:41.868231', NULL),
	(315, NULL, 0, NULL, 'NONE_REVIEW', '2022-08-20 15:30:49.979693', NULL),
	(316, NULL, 0, NULL, 'NONE_REVIEW', '2022-08-20 15:31:20.246892', NULL),
	(317, NULL, 0, NULL, 'NONE_REVIEW', '2022-08-20 15:31:42.578597', NULL),
	(318, NULL, 0, NULL, 'NONE_REVIEW', '2022-08-20 15:32:02.298278', NULL),
	(319, NULL, 0, NULL, 'NONE_REVIEW', '2022-08-20 15:32:17.378897', NULL),
	(320, NULL, 0, NULL, 'NONE_REVIEW', '2022-08-20 15:32:33.505040', NULL),
	(321, NULL, 0, NULL, 'NONE_REVIEW', '2022-08-20 15:37:52.658808', NULL),
	(322, NULL, 0, NULL, 'NONE_REVIEW', '2022-08-20 15:38:16.240740', NULL),
	(323, NULL, 0, NULL, 'NONE_REVIEW', '2022-08-20 15:38:46.102561', NULL),
	(324, NULL, 0, NULL, 'NONE_REVIEW', '2022-08-20 15:39:09.134993', NULL),
	(325, NULL, 0, NULL, 'NONE_REVIEW', '2022-08-20 15:39:40.058906', NULL),
	(326, NULL, 0, NULL, 'NONE_REVIEW', '2022-08-20 15:39:59.200021', NULL),
	(327, NULL, 0, NULL, 'NONE_REVIEW', '2022-08-20 15:41:53.943378', NULL),
	(328, NULL, 0, NULL, 'NONE_REVIEW', '2022-08-20 15:54:13.002361', NULL),
	(329, NULL, 0, NULL, 'NONE_REVIEW', '2022-08-20 15:54:38.583795', NULL),
	(330, NULL, 0, NULL, 'NONE_REVIEW', '2022-08-20 15:55:00.382135', NULL),
	(331, NULL, 0, NULL, 'NONE_REVIEW', '2022-08-20 15:55:26.070288', NULL),
	(332, NULL, 0, NULL, 'NONE_REVIEW', '2022-08-20 15:55:44.602013', NULL),
	(333, NULL, 0, NULL, 'NONE_REVIEW', '2022-08-20 15:56:03.134563', NULL),
	(334, NULL, 0, NULL, 'NONE_REVIEW', '2022-08-21 12:10:32.573302', NULL),
	(335, NULL, 0, NULL, 'NONE_REVIEW', '2022-08-21 12:11:16.468835', NULL),
	(336, NULL, 0, NULL, 'NONE_REVIEW', '2022-08-21 12:11:41.782574', NULL),
	(337, NULL, 0, NULL, 'NONE_REVIEW', '2022-08-21 12:12:05.799602', NULL),
	(338, NULL, 0, NULL, 'NONE_REVIEW', '2022-08-21 12:12:41.099583', NULL),
	(339, NULL, 0, NULL, 'NONE_REVIEW', '2022-08-21 12:13:25.710966', NULL),
	(340, NULL, 0, NULL, 'NONE_REVIEW', '2022-08-22 19:38:02.746696', NULL),
	(341, NULL, 0, NULL, 'NONE_REVIEW', '2022-08-22 15:27:21.984158', NULL),
	(342, NULL, 0, NULL, 'NONE_REVIEW', '2022-08-23 13:36:31.742653', NULL),
	(343, NULL, 0, NULL, 'NONE_REVIEW', '2022-08-23 13:36:52.166963', NULL),
	(344, NULL, 0, NULL, 'NONE_REVIEW', '2022-08-22 19:38:02.746696', NULL),
	(345, NULL, 0, NULL, 'NONE_REVIEW', '2022-08-22 19:53:55.393115', NULL),
	(346, NULL, 0, NULL, 'NONE_REVIEW', '2022-08-22 19:54:21.582110', NULL),
	(347, NULL, 0, NULL, 'NONE_REVIEW', '2022-08-22 19:54:41.147274', NULL),
	(348, NULL, 0, NULL, 'NONE_REVIEW', '2022-08-22 19:54:58.553971', NULL),
	(349, NULL, 0, NULL, 'NONE_REVIEW', '2022-08-22 19:55:20.291316', NULL),
	(350, NULL, 0, NULL, 'NONE_REVIEW', '2022-08-22 19:55:34.683019', NULL),
	(351, NULL, 0, NULL, 'NONE_REVIEW', '2022-08-22 19:55:52.482329', NULL),
	(352, NULL, 0, NULL, 'NONE_REVIEW', '2022-08-22 19:56:27.033007', NULL),
	(353, NULL, 0, NULL, 'NONE_REVIEW', '2022-08-22 19:57:26.571259', NULL),
	(354, NULL, 0, NULL, 'NONE_REVIEW', '2022-08-22 19:57:44.415925', NULL),
	(355, NULL, 0, NULL, 'NONE_REVIEW', '2022-08-22 19:58:04.838349', NULL),
	(356, NULL, 0, NULL, 'NONE_REVIEW', '2022-08-22 19:58:21.995261', NULL),
	(357, NULL, 0, NULL, 'NONE_REVIEW', '2022-08-22 19:58:39.014980', NULL),
	(358, NULL, 0, NULL, 'NONE_REVIEW', '2022-08-22 19:58:55.501491', NULL),
	(359, NULL, 0, NULL, 'NONE_REVIEW', '2022-08-22 19:59:09.065685', NULL),
	(360, NULL, 0, NULL, 'NONE_REVIEW', '2022-08-22 20:00:14.758352', NULL),
	(361, NULL, 0, NULL, 'NONE_REVIEW', '2022-08-22 20:00:27.258674', NULL),
	(362, NULL, 0, NULL, 'NONE_REVIEW', '2022-08-22 20:00:45.915968', NULL),
	(363, NULL, 0, NULL, 'NONE_REVIEW', '2022-08-22 20:01:01.150706', NULL),
	(364, NULL, 0, NULL, 'NONE_REVIEW', '2022-08-22 20:01:16.651121', NULL),
	(365, NULL, 0, NULL, 'NONE_REVIEW', '2022-08-22 20:01:32.996051', NULL),
	(366, NULL, 0, NULL, 'NONE_REVIEW', '2022-08-22 20:02:41.657756', NULL),
	(367, NULL, 0, NULL, 'NONE_REVIEW', '2022-08-22 20:02:55.393845', NULL),
	(368, NULL, 0, NULL, 'NONE_REVIEW', '2022-08-22 20:03:08.300422', NULL),
	(369, NULL, 0, NULL, 'NONE_REVIEW', '2022-08-22 20:03:22.410162', NULL),
	(370, NULL, 0, NULL, 'NONE_REVIEW', '2022-08-22 20:03:41.770033', NULL),
	(371, NULL, 0, NULL, 'NONE_REVIEW', '2022-08-22 20:03:58.711030', NULL),
	(372, NULL, 0, NULL, 'NONE_REVIEW', '2022-08-22 20:05:28.890280', NULL),
	(373, NULL, 0, NULL, 'NONE_REVIEW', '2022-08-22 20:06:58.664130', NULL),
	(374, NULL, 0, NULL, 'NONE_REVIEW', '2022-08-22 20:07:34.152489', NULL),
	(375, NULL, 0, NULL, 'NONE_REVIEW', '2022-08-22 20:08:06.419426', NULL),
	(376, NULL, 0, NULL, 'NONE_REVIEW', '2022-08-22 20:09:33.345629', NULL),
	(377, NULL, 0, NULL, 'NONE_REVIEW', '2022-08-22 20:09:59.472136', NULL),
	(378, NULL, 0, NULL, 'NONE_REVIEW', '2022-08-22 20:10:12.691228', NULL),
	(379, NULL, 0, NULL, 'NONE_REVIEW', '2022-08-22 20:15:44.315167', NULL),
	(380, NULL, 0, NULL, 'NONE_REVIEW', '2022-08-22 20:15:57.581466', NULL),
	(381, NULL, 0, NULL, 'NONE_REVIEW', '2022-08-22 20:16:12.038214', NULL),
	(382, NULL, 0, NULL, 'NONE_REVIEW', '2022-08-22 20:16:26.148924', NULL),
	(383, NULL, 0, NULL, 'NONE_REVIEW', '2022-08-22 20:16:50.764015', NULL),
	(384, NULL, 0, NULL, 'NONE_REVIEW', '2022-08-22 20:17:04.389583', NULL),
	(385, NULL, 0, NULL, 'NONE_REVIEW', '2022-08-22 20:17:22.359907', NULL),
	(386, NULL, 0, NULL, 'NONE_REVIEW', '2022-08-22 20:22:06.217181', NULL),
	(387, NULL, 0, NULL, 'NONE_REVIEW', '2022-08-22 20:22:25.468410', NULL),
	(388, NULL, 0, NULL, 'NONE_REVIEW', '2022-08-22 20:22:50.237495', NULL),
	(389, NULL, 0, NULL, 'NONE_REVIEW', '2022-08-22 20:23:12.008784', NULL),
	(390, NULL, 0, NULL, 'NONE_REVIEW', '2022-08-22 20:23:28.684893', NULL),
	(391, NULL, 0, NULL, 'NONE_REVIEW', '2022-08-22 20:23:50.672647', NULL),
	(392, NULL, 0, NULL, 'NONE_REVIEW', '2022-08-22 20:24:12.268601', NULL),
	(393, NULL, 0, NULL, 'NONE_REVIEW', '2022-08-22 20:24:27.801978', NULL),
	(394, NULL, 0, NULL, 'NONE_REVIEW', '2022-08-22 20:35:59.902681', NULL),
	(395, NULL, 0, NULL, 'NONE_REVIEW', '2022-08-22 20:28:39.404315', NULL),
	(396, NULL, 0, NULL, 'NONE_REVIEW', '2022-08-22 20:28:59.703793', NULL),
	(397, NULL, 0, NULL, 'NONE_REVIEW', '2022-08-22 20:29:22.298100', NULL),
	(398, NULL, 0, NULL, 'NONE_REVIEW', '2022-08-22 20:29:41.892822', NULL),
	(399, NULL, 0, NULL, 'NONE_REVIEW', '2022-08-22 20:30:08.209646', NULL),
	(400, NULL, 0, NULL, 'NONE_REVIEW', '2022-08-22 20:30:28.303914', NULL),
	(401, NULL, 0, NULL, 'NONE_REVIEW', '2022-08-22 20:30:48.914350', NULL),
	(402, NULL, 0, NULL, 'NONE_REVIEW', '2022-08-23 08:50:29.305227', NULL),
	(403, NULL, 0, NULL, 'NONE_REVIEW', '2022-08-23 09:04:13.223879', NULL),
	(404, NULL, 0, NULL, 'NONE_REVIEW', '2022-08-23 08:58:05.312886', NULL),
	(405, NULL, 0, NULL, 'NONE_REVIEW', '2022-08-23 08:58:24.549682', NULL),
	(406, NULL, 0, NULL, 'NONE_REVIEW', '2022-08-23 08:59:19.723757', NULL),
	(407, NULL, 0, NULL, 'NONE_REVIEW', '2022-08-23 08:59:45.804214', NULL),
	(408, NULL, 0, NULL, 'NONE_REVIEW', '2022-08-23 09:00:16.117493', NULL),
	(409, NULL, 0, NULL, 'NONE_REVIEW', '2022-08-23 10:40:55.340087', NULL),
	(410, NULL, 0, NULL, 'NONE_REVIEW', '2022-08-23 10:41:44.108200', NULL),
	(411, NULL, 0, NULL, 'NONE_REVIEW', '2022-08-23 10:42:15.937971', NULL),
	(412, NULL, 0, NULL, 'NONE_REVIEW', '2022-08-23 10:42:38.488416', NULL),
	(413, NULL, 0, NULL, 'NONE_REVIEW', '2022-08-23 10:42:59.459811', NULL),
	(414, NULL, 0, NULL, 'NONE_REVIEW', '2022-08-23 10:43:20.353135', NULL),
	(415, NULL, 0, NULL, 'NONE_REVIEW', '2022-08-23 11:27:23.232763', NULL),
	(416, NULL, 0, NULL, 'NONE_REVIEW', '2022-08-23 11:50:02.556426', NULL),
	(417, NULL, 0, NULL, 'NONE_REVIEW', '2022-08-23 13:34:46.812035', NULL),
	(418, NULL, 0, NULL, 'NONE_REVIEW', '2022-08-23 13:35:42.379141', NULL),
	(419, NULL, 0, NULL, 'NONE_REVIEW', '2022-08-23 14:14:25.758571', NULL),
	(420, NULL, 0, NULL, 'NONE_REVIEW', '2022-08-23 14:14:25.758571', NULL),
	(421, NULL, 0, NULL, 'NONE_REVIEW', '2022-08-23 14:15:54.568946', NULL),
	(422, NULL, 0, NULL, 'NONE_REVIEW', '2022-08-23 14:15:54.584571', NULL),
	(423, NULL, 0, NULL, 'NONE_REVIEW', '2022-08-23 14:15:54.584571', NULL),
	(424, NULL, 0, NULL, 'NONE_REVIEW', '2022-08-23 14:16:40.384510', NULL),
	(425, NULL, 0, NULL, 'NONE_REVIEW', '2022-08-23 14:16:40.384510', NULL),
	(426, NULL, 0, NULL, 'NONE_REVIEW', '2022-08-23 14:16:40.384510', NULL),
	(427, NULL, 0, NULL, 'NONE_REVIEW', '2022-08-23 14:17:24.200086', NULL),
	(428, NULL, 0, NULL, 'NONE_REVIEW', '2022-08-23 14:17:24.200086', NULL),
	(429, NULL, 0, NULL, 'NONE_REVIEW', '2022-08-23 14:18:25.017251', NULL),
	(430, NULL, 0, NULL, 'NONE_REVIEW', '2022-08-23 14:18:25.017251', NULL),
	(431, NULL, 0, NULL, 'NONE_REVIEW', '2022-08-23 14:18:48.863483', NULL),
	(432, NULL, 0, NULL, 'NONE_REVIEW', '2022-08-23 14:18:48.863483', NULL),
	(433, NULL, 0, NULL, 'NONE_REVIEW', '2022-08-23 14:29:06.013343', NULL),
	(434, NULL, 0, NULL, 'NONE_REVIEW', '2022-08-23 14:31:00.256967', NULL),
	(435, NULL, 0, NULL, 'NONE_REVIEW', '2022-08-23 14:31:00.256967', NULL),
	(436, NULL, 0, NULL, 'NONE_REVIEW', '2022-08-23 14:31:00.256967', NULL),
	(437, NULL, 0, NULL, 'NONE_REVIEW', '2022-08-23 14:31:33.589693', NULL),
	(438, NULL, 0, NULL, 'NONE_REVIEW', '2022-08-23 14:32:06.719676', NULL),
	(439, NULL, 0, NULL, 'NONE_REVIEW', '2022-08-23 14:32:36.035359', NULL),
	(440, NULL, 0, NULL, 'NONE_REVIEW', '2022-08-23 14:33:02.273657', NULL),
	(441, NULL, 0, NULL, 'NONE_REVIEW', '2022-08-23 14:39:07.306751', NULL),
	(442, NULL, 0, NULL, 'NONE_REVIEW', '2022-08-23 14:39:07.306751', NULL),
	(443, NULL, 0, NULL, 'NONE_REVIEW', '2022-08-23 14:40:00.234874', NULL),
	(444, NULL, 0, NULL, 'NONE_REVIEW', '2022-08-23 14:40:00.234874', NULL),
	(445, NULL, 0, NULL, 'NONE_REVIEW', '2022-08-23 14:41:38.098927', NULL),
	(446, NULL, 0, NULL, 'NONE_REVIEW', '2022-08-23 14:41:38.098927', NULL),
	(447, NULL, 0, NULL, 'NONE_REVIEW', '2022-08-23 14:41:38.098927', NULL),
	(448, NULL, 0, NULL, 'NONE_REVIEW', '2022-08-23 14:41:38.098927', NULL),
	(449, NULL, 0, NULL, 'NONE_REVIEW', '2022-08-23 14:42:45.102099', NULL),
	(450, NULL, 0, NULL, 'NONE_REVIEW', '2022-08-23 14:42:45.102099', NULL),
	(451, NULL, 0, NULL, 'NONE_REVIEW', '2022-08-23 14:42:45.102099', NULL),
	(452, NULL, 0, NULL, 'NONE_REVIEW', '2022-08-23 14:43:27.479889', NULL),
	(453, NULL, 0, NULL, 'NONE_REVIEW', '2022-08-23 14:43:27.479889', NULL),
	(454, NULL, 0, NULL, 'NONE_REVIEW', '2022-08-23 14:45:09.472716', NULL),
	(455, NULL, 0, NULL, 'NONE_REVIEW', '2022-08-23 14:45:09.472716', NULL),
	(456, NULL, 0, NULL, 'NONE_REVIEW', '2022-08-23 14:46:28.276377', NULL),
	(457, NULL, 0, NULL, 'NONE_REVIEW', '2022-08-23 14:46:28.276377', NULL),
	(458, NULL, 0, NULL, 'NONE_REVIEW', '2022-08-23 14:48:06.126228', NULL),
	(459, NULL, 0, NULL, 'NONE_REVIEW', '2022-08-23 14:48:06.126228', NULL),
	(460, NULL, 0, NULL, 'NONE_REVIEW', '2022-08-23 14:48:06.126228', NULL),
	(461, NULL, 0, NULL, 'NONE_REVIEW', '2022-08-23 14:55:18.858830', NULL),
	(462, NULL, 0, NULL, 'NONE_REVIEW', '2022-08-23 14:55:18.858830', NULL),
	(463, NULL, 0, NULL, 'NONE_REVIEW', '2022-08-23 14:55:18.858830', NULL),
	(464, NULL, 0, NULL, 'NONE_REVIEW', '2022-08-23 14:56:33.595324', NULL),
	(465, NULL, 0, NULL, 'NONE_REVIEW', '2022-08-23 14:56:33.597324', NULL),
	(466, NULL, 0, NULL, 'NONE_REVIEW', '2022-08-23 14:57:55.066044', NULL),
	(467, NULL, 0, NULL, 'NONE_REVIEW', '2022-08-23 14:57:55.066044', NULL),
	(468, NULL, 0, NULL, 'NONE_REVIEW', '2022-08-23 14:57:55.066044', NULL),
	(469, NULL, 0, NULL, 'NONE_REVIEW', '2022-08-23 14:59:59.042805', NULL),
	(470, NULL, 0, NULL, 'NONE_REVIEW', '2022-08-23 14:59:59.042805', NULL),
	(471, NULL, 0, NULL, 'NONE_REVIEW', '2022-08-23 15:00:50.282020', NULL),
	(472, NULL, 0, NULL, 'NONE_REVIEW', '2022-08-23 15:00:50.282020', NULL),
	(473, NULL, 0, NULL, 'NONE_REVIEW', '2022-08-23 15:01:50.943312', NULL),
	(474, NULL, 0, NULL, 'NONE_REVIEW', '2022-08-23 15:01:50.943312', NULL),
	(475, NULL, 0, NULL, 'NONE_REVIEW', '2022-08-23 15:02:58.351294', NULL),
	(476, NULL, 0, NULL, 'NONE_REVIEW', '2022-08-23 15:02:58.351294', NULL),
	(477, NULL, 0, NULL, 'NONE_REVIEW', '2022-08-23 15:04:29.716077', NULL),
	(478, NULL, 0, NULL, 'NONE_REVIEW', '2022-08-23 15:04:29.716077', NULL),
	(479, NULL, 0, NULL, 'NONE_REVIEW', '2022-08-23 15:18:20.201548', NULL),
	(480, NULL, 0, NULL, 'NONE_REVIEW', '2022-08-23 15:20:28.158560', NULL),
	(481, NULL, 0, NULL, 'NONE_REVIEW', '2022-08-23 15:21:25.980750', NULL),
	(482, NULL, 0, NULL, 'NONE_REVIEW', '2022-08-23 15:34:42.117273', NULL),
	(483, NULL, 0, NULL, 'NONE_REVIEW', '2022-08-23 15:35:39.853110', NULL),
	(484, NULL, 0, NULL, 'NONE_REVIEW', '2022-08-23 15:36:26.359287', NULL),
	(485, NULL, 0, NULL, 'NONE_REVIEW', '2022-08-23 15:44:24.309616', NULL),
	(486, NULL, 0, NULL, 'NONE_REVIEW', '2022-08-23 15:45:10.286862', NULL),
	(487, NULL, 0, NULL, 'NONE_REVIEW', '2022-08-23 15:45:45.570309', NULL),
	(488, NULL, 0, NULL, 'NONE_REVIEW', '2022-08-23 15:52:04.243965', NULL),
	(489, NULL, 0, NULL, 'NONE_REVIEW', '2022-08-23 15:52:40.466889', NULL),
	(490, NULL, 0, NULL, 'NONE_REVIEW', '2022-08-23 15:53:19.534600', NULL),
	(491, NULL, 0, NULL, 'NONE_REVIEW', '2022-08-23 15:56:05.079340', NULL),
	(492, NULL, 0, NULL, 'NONE_REVIEW', '2022-08-23 15:56:44.910264', NULL),
	(493, NULL, 0, NULL, 'NONE_REVIEW', '2022-08-23 15:57:44.053685', NULL),
	(494, NULL, 0, NULL, 'NONE_REVIEW', '2022-08-23 15:58:15.555822', NULL),
	(495, NULL, 0, NULL, 'NONE_REVIEW', '2022-08-23 15:58:52.369691', NULL),
	(496, NULL, 0, NULL, 'NONE_REVIEW', '2022-08-23 15:59:41.620927', NULL),
	(497, NULL, 0, NULL, 'NONE_REVIEW', '2022-08-23 16:00:37.437289', NULL),
	(498, NULL, 0, NULL, 'NONE_REVIEW', '2022-08-23 19:57:51.347247', NULL),
	(499, NULL, 0, NULL, 'NONE_REVIEW', '2022-08-23 20:01:33.252335', NULL),
	(500, NULL, 0, NULL, 'NONE_REVIEW', '2022-08-23 20:03:34.918182', NULL),
	(501, NULL, 0, NULL, 'NONE_REVIEW', '2022-08-23 20:05:28.314711', NULL),
	(502, NULL, 0, NULL, 'NONE_REVIEW', '2022-08-23 20:06:13.162285', NULL),
	(503, NULL, 0, NULL, 'NONE_REVIEW', '2022-08-23 20:08:07.153837', NULL),
	(504, NULL, 0, NULL, 'NONE_REVIEW', '2022-08-23 20:08:50.536012', NULL),
	(505, NULL, 0, NULL, 'NONE_REVIEW', '2022-08-23 20:10:24.739365', NULL),
	(506, NULL, 0, NULL, 'NONE_REVIEW', '2022-08-23 20:41:34.574693', NULL),
	(507, NULL, 0, NULL, 'NONE_REVIEW', '2022-08-23 20:42:12.702920', NULL),
	(508, NULL, 0, NULL, 'NONE_REVIEW', '2022-08-23 20:42:44.924884', NULL),
	(509, NULL, 0, NULL, 'NONE_REVIEW', '2022-08-23 20:43:17.317340', NULL),
	(510, NULL, 0, NULL, 'NONE_REVIEW', '2022-08-23 20:43:51.320311', NULL),
	(511, NULL, 0, NULL, 'NONE_REVIEW', '2022-08-23 20:44:22.758604', NULL),
	(512, NULL, 0, NULL, 'NONE_REVIEW', '2022-08-23 20:45:13.046212', NULL),
	(513, NULL, 0, NULL, 'NONE_REVIEW', '2022-08-23 20:53:17.531873', NULL),
	(514, NULL, 0, NULL, 'NONE_REVIEW', '2022-08-24 08:54:17.676546', NULL),
	(515, NULL, 0, NULL, 'NONE_REVIEW', '2022-08-24 08:52:13.022759', NULL),
	(516, NULL, 0, NULL, 'NONE_REVIEW', '2022-08-24 08:53:24.262911', NULL),
	(517, NULL, 0, NULL, 'NONE_REVIEW', '2022-08-24 08:53:21.089779', NULL),
	(518, NULL, 0, NULL, 'NONE_REVIEW', '2022-08-24 08:53:50.331780', NULL),
	(519, NULL, 0, NULL, 'NONE_REVIEW', '2022-08-24 08:54:26.802216', NULL),
	(520, NULL, 0, NULL, 'NONE_REVIEW', '2022-08-24 08:55:27.966702', NULL),
	(521, NULL, 0, NULL, 'NONE_REVIEW', '2022-08-24 08:58:21.936479', NULL),
	(522, NULL, 0, NULL, 'NONE_REVIEW', '2022-08-24 08:58:37.624385', NULL),
	(523, NULL, 0, NULL, 'NONE_REVIEW', '2022-08-24 08:59:03.799437', NULL),
	(524, NULL, 0, NULL, 'NONE_REVIEW', '2022-08-24 08:59:27.832648', NULL),
	(525, NULL, 0, NULL, 'NONE_REVIEW', '2022-08-24 08:59:45.679858', NULL),
	(526, NULL, 0, NULL, 'NONE_REVIEW', '2022-08-24 09:00:05.227727', NULL),
	(527, NULL, 0, NULL, 'NONE_REVIEW', '2022-08-24 09:07:29.012360', NULL),
	(528, NULL, 0, NULL, 'NONE_REVIEW', '2022-08-24 09:07:46.185348', NULL),
	(529, NULL, 0, NULL, 'NONE_REVIEW', '2022-08-24 09:08:00.388837', NULL),
	(530, NULL, 0, NULL, 'NONE_REVIEW', '2022-08-24 09:08:20.140027', NULL),
	(531, NULL, 0, NULL, 'NONE_REVIEW', '2022-08-24 09:08:37.532473', NULL),
	(532, NULL, 0, NULL, 'NONE_REVIEW', '2022-08-24 09:08:55.910567', NULL),
	(533, NULL, 0, NULL, 'NONE_REVIEW', '2022-08-24 09:09:13.379755', NULL),
	(534, NULL, 0, NULL, 'NONE_REVIEW', '2022-08-24 14:12:04.963940', NULL),
	(535, NULL, 0, NULL, 'NONE_REVIEW', '2022-08-24 14:12:30.858211', NULL),
	(536, NULL, 0, NULL, 'NONE_REVIEW', '2022-08-24 14:12:57.266789', NULL),
	(537, NULL, 0, NULL, 'NONE_REVIEW', '2022-08-24 14:14:20.129895', NULL),
	(538, NULL, 0, NULL, 'NONE_REVIEW', '2022-08-24 14:14:40.241128', NULL),
	(539, NULL, 0, NULL, 'NONE_REVIEW', '2022-08-24 14:15:13.180077', NULL),
	(540, NULL, 0, NULL, 'NONE_REVIEW', '2022-08-24 14:23:42.778477', NULL),
	(541, NULL, 0, NULL, 'NONE_REVIEW', '2022-08-24 14:24:14.343048', NULL),
	(542, NULL, 0, NULL, 'NONE_REVIEW', '2022-08-24 14:24:41.079332', NULL),
	(543, NULL, 0, NULL, 'NONE_REVIEW', '2022-08-24 14:25:08.893739', NULL),
	(544, NULL, 0, NULL, 'NONE_REVIEW', '2022-08-24 14:25:31.833828', NULL),
	(545, NULL, 0, NULL, 'NONE_REVIEW', '2022-08-24 14:26:09.352060', NULL),
	(546, NULL, 0, NULL, 'NONE_REVIEW', '2022-08-24 14:33:27.693776', NULL),
	(547, NULL, 0, NULL, 'NONE_REVIEW', '2022-08-24 14:33:48.743562', NULL),
	(548, NULL, 0, NULL, 'NONE_REVIEW', '2022-08-24 14:34:11.572271', NULL),
	(549, NULL, 0, NULL, 'NONE_REVIEW', '2022-08-24 14:36:38.565635', NULL),
	(550, NULL, 0, NULL, 'NONE_REVIEW', '2022-08-24 14:37:39.743931', NULL),
	(551, NULL, 0, NULL, 'NONE_REVIEW', '2022-08-24 14:38:15.307989', NULL),
	(552, NULL, 0, NULL, 'NONE_REVIEW', '2022-08-24 14:43:29.030939', NULL),
	(553, NULL, 0, NULL, 'NONE_REVIEW', '2022-08-24 14:43:45.219430', NULL),
	(554, NULL, 0, NULL, 'NONE_REVIEW', '2022-08-24 14:44:12.564678', NULL),
	(555, NULL, 0, NULL, 'NONE_REVIEW', '2022-08-24 14:44:32.737340', NULL),
	(556, NULL, 0, NULL, 'NONE_REVIEW', '2022-08-24 14:44:53.598520', NULL),
	(557, NULL, 0, NULL, 'NONE_REVIEW', '2022-08-24 14:45:15.849735', NULL),
	(558, NULL, 0, NULL, 'NONE_REVIEW', '2022-08-24 14:49:07.410768', NULL),
	(559, NULL, 0, NULL, 'NONE_REVIEW', '2022-08-24 14:49:33.056492', NULL),
	(560, NULL, 0, NULL, 'NONE_REVIEW', '2022-08-24 14:49:52.056987', NULL),
	(561, NULL, 0, NULL, 'NONE_REVIEW', '2022-08-24 14:50:09.667176', NULL),
	(562, NULL, 0, NULL, 'NONE_REVIEW', '2022-08-24 14:50:32.465689', NULL),
	(563, NULL, 0, NULL, 'NONE_REVIEW', '2022-08-24 14:50:52.031704', NULL),
	(564, NULL, 0, NULL, 'NONE_REVIEW', '2022-08-24 14:58:09.842181', NULL),
	(565, NULL, 0, NULL, 'NONE_REVIEW', '2022-08-24 14:58:34.312047', NULL),
	(566, NULL, 0, NULL, 'NONE_REVIEW', '2022-08-24 14:58:56.047411', NULL),
	(567, NULL, 0, NULL, 'NONE_REVIEW', '2022-08-24 14:59:25.018199', NULL),
	(568, NULL, 0, NULL, 'NONE_REVIEW', '2022-08-24 14:59:52.036105', NULL),
	(569, NULL, 0, NULL, 'NONE_REVIEW', '2022-08-24 15:00:51.820715', NULL),
	(570, NULL, 0, NULL, 'NONE_REVIEW', '2022-08-24 15:01:28.434555', NULL),
	(571, NULL, 0, NULL, 'NONE_REVIEW', '2022-08-24 15:02:06.123022', NULL),
	(572, NULL, 0, NULL, 'NONE_REVIEW', '2022-08-24 15:12:55.642322', NULL),
	(573, NULL, 0, NULL, 'NONE_REVIEW', '2022-08-24 15:13:34.332446', NULL),
	(574, NULL, 0, NULL, 'NONE_REVIEW', '2022-08-24 15:14:00.303375', NULL),
	(575, NULL, 0, NULL, 'NONE_REVIEW', '2022-08-24 15:14:26.341693', NULL),
	(576, NULL, 0, NULL, 'NONE_REVIEW', '2022-08-24 15:15:19.977394', NULL),
	(577, NULL, 0, NULL, 'NONE_REVIEW', '2022-08-24 15:15:46.181184', NULL),
	(578, NULL, 0, NULL, 'NONE_REVIEW', '2022-08-24 15:16:07.762099', NULL),
	(579, NULL, 0, NULL, 'NONE_REVIEW', '2022-08-24 15:22:32.419752', NULL),
	(580, NULL, 0, NULL, 'NONE_REVIEW', '2022-08-24 15:23:00.515405', NULL),
	(581, NULL, 0, NULL, 'NONE_REVIEW', '2022-08-24 15:23:29.299080', NULL),
	(582, NULL, 0, NULL, 'NONE_REVIEW', '2022-08-24 15:24:01.693941', NULL),
	(583, NULL, 0, NULL, 'NONE_REVIEW', '2022-08-24 15:24:25.070851', NULL),
	(584, NULL, 0, NULL, 'NONE_REVIEW', '2022-08-24 15:24:51.852760', NULL),
	(585, NULL, 0, NULL, 'NONE_REVIEW', '2022-08-24 15:25:33.355460', NULL),
	(586, NULL, 0, NULL, 'NONE_REVIEW', '2022-08-25 08:49:23.293580', NULL),
	(587, NULL, 0, NULL, 'NONE_REVIEW', '2022-08-25 08:50:35.784258', NULL),
	(588, NULL, 0, NULL, 'NONE_REVIEW', '2022-08-25 08:51:07.416141', NULL),
	(589, NULL, 0, NULL, 'NONE_REVIEW', '2022-08-25 08:51:40.357581', NULL),
	(590, NULL, 0, NULL, 'NONE_REVIEW', '2022-08-25 09:02:12.770689', NULL),
	(592, NULL, 0, NULL, 'NONE_REVIEW', '2022-08-25 09:00:58.074728', NULL),
	(593, NULL, 0, NULL, 'NONE_REVIEW', '2022-08-25 09:02:01.488801', NULL),
	(594, NULL, 0, NULL, 'NONE_REVIEW', '2022-08-25 09:02:45.213032', NULL),
	(595, NULL, 0, NULL, 'NONE_REVIEW', '2022-08-25 09:03:14.042539', NULL),
	(596, NULL, 0, NULL, 'NONE_REVIEW', '2022-08-25 09:03:54.609156', NULL),
	(597, NULL, 0, NULL, 'NONE_REVIEW', '2022-08-25 09:04:38.613971', NULL),
	(598, NULL, 0, NULL, 'NONE_REVIEW', '2022-08-25 09:04:38.926457', NULL),
	(599, NULL, 0, NULL, 'NONE_REVIEW', '2022-08-25 09:05:02.022130', NULL),
	(600, NULL, 0, NULL, 'NONE_REVIEW', '2022-08-25 09:05:10.761728', NULL),
	(601, NULL, 0, NULL, 'NONE_REVIEW', '2022-08-25 09:05:20.231925', NULL),
	(602, NULL, 0, NULL, 'NONE_REVIEW', '2022-08-25 09:05:33.281914', NULL),
	(603, NULL, 0, NULL, 'NONE_REVIEW', '2022-08-25 09:05:36.188456', NULL),
	(604, NULL, 0, NULL, 'NONE_REVIEW', '2022-08-25 09:05:42.516745', NULL),
	(605, NULL, 0, NULL, 'NONE_REVIEW', '2022-08-25 09:05:47.516872', NULL),
	(606, NULL, 0, NULL, 'NONE_REVIEW', '2022-08-25 09:06:04.673788', NULL),
	(607, NULL, 0, NULL, 'NONE_REVIEW', '2022-08-25 09:06:07.114474', NULL),
	(608, NULL, 0, NULL, 'NONE_REVIEW', '2022-08-25 09:06:21.567964', NULL),
	(609, NULL, 0, NULL, 'NONE_REVIEW', '2022-08-25 09:06:26.429074', NULL),
	(610, NULL, 0, NULL, 'NONE_REVIEW', '2022-08-25 09:06:33.726138', NULL),
	(611, NULL, 0, NULL, 'NONE_REVIEW', '2022-08-25 09:06:41.806768', NULL),
	(612, NULL, 0, NULL, 'NONE_REVIEW', '2022-08-25 09:06:55.355583', NULL),
	(613, NULL, 0, NULL, 'NONE_REVIEW', '2022-08-25 09:06:56.089973', NULL),
	(614, NULL, 0, NULL, 'NONE_REVIEW', '2022-08-25 09:07:19.313655', NULL),
	(615, NULL, 0, NULL, 'NONE_REVIEW', '2022-08-25 09:07:34.454850', NULL),
	(616, NULL, 0, NULL, 'NONE_REVIEW', '2022-08-25 09:07:43.253542', NULL),
	(617, NULL, 0, NULL, 'NONE_REVIEW', '2022-08-25 09:07:59.803361', NULL),
	(618, NULL, 0, NULL, 'NONE_REVIEW', '2022-08-25 09:08:01.787795', NULL),
	(619, NULL, 0, NULL, 'NONE_REVIEW', '2022-08-25 09:08:46.952223', NULL),
	(620, NULL, 0, NULL, 'NONE_REVIEW', '2022-08-25 09:11:20.812803', NULL),
	(621, NULL, 0, NULL, 'NONE_REVIEW', '2022-08-25 09:12:08.398139', NULL),
	(623, NULL, 0, NULL, 'NONE_REVIEW', '2022-08-25 09:39:44.791587', NULL),
	(625, NULL, 0, NULL, 'NONE_REVIEW', '2022-08-25 09:16:58.377928', NULL),
	(626, NULL, 0, NULL, 'NONE_REVIEW', '2022-08-25 09:17:55.523050', NULL),
	(627, NULL, 0, NULL, 'NONE_REVIEW', '2022-08-25 09:19:02.458470', NULL),
	(628, NULL, 0, NULL, 'NONE_REVIEW', '2022-08-25 09:19:35.074094', NULL),
	(629, NULL, 0, NULL, 'NONE_REVIEW', '2022-08-25 09:20:07.923192', NULL),
	(630, NULL, 0, NULL, 'NONE_REVIEW', '2022-08-25 09:21:45.856912', NULL),
	(631, NULL, 0, NULL, 'NONE_REVIEW', '2022-08-25 09:22:14.264788', NULL),
	(632, NULL, 0, NULL, 'NONE_REVIEW', '2022-08-25 09:22:26.016913', NULL),
	(633, NULL, 0, NULL, 'NONE_REVIEW', '2022-08-25 09:22:34.941104', NULL),
	(634, NULL, 0, NULL, 'NONE_REVIEW', '2022-08-25 09:22:55.818185', NULL),
	(635, NULL, 0, NULL, 'NONE_REVIEW', '2022-08-25 09:23:21.195761', NULL),
	(636, NULL, 0, NULL, 'NONE_REVIEW', '2022-08-25 09:23:44.513254', NULL),
	(637, NULL, 0, NULL, 'NONE_REVIEW', '2022-08-25 09:28:43.930620', NULL),
	(638, NULL, 0, NULL, 'NONE_REVIEW', '2022-08-25 09:29:09.092273', NULL),
	(639, NULL, 0, NULL, 'NONE_REVIEW', '2022-08-25 09:29:38.016147', NULL),
	(640, NULL, 0, NULL, 'NONE_REVIEW', '2022-08-25 09:30:00.487969', NULL),
	(641, NULL, 0, NULL, 'NONE_REVIEW', '2022-08-25 09:30:29.118430', NULL),
	(642, NULL, 0, NULL, 'NONE_REVIEW', '2022-08-25 09:30:55.308348', NULL),
	(643, NULL, 0, NULL, 'NONE_REVIEW', '2022-08-25 09:36:19.357049', NULL),
	(644, NULL, 0, NULL, 'NONE_REVIEW', '2022-08-25 09:36:48.657554', NULL),
	(645, NULL, 0, NULL, 'NONE_REVIEW', '2022-08-25 09:37:10.005469', NULL),
	(646, NULL, 0, NULL, 'NONE_REVIEW', '2022-08-25 09:37:33.133073', NULL),
	(647, NULL, 0, NULL, 'NONE_REVIEW', '2022-08-25 09:38:00.542181', NULL),
	(648, NULL, 0, NULL, 'NONE_REVIEW', '2022-08-25 09:38:27.184561', NULL),
	(649, NULL, 0, NULL, 'NONE_REVIEW', '2022-08-25 09:40:37.528989', NULL),
	(650, NULL, 0, NULL, 'NONE_REVIEW', '2022-08-25 09:41:20.035711', NULL),
	(651, NULL, 0, NULL, 'NONE_REVIEW', '2022-08-25 09:42:04.616612', NULL),
	(652, NULL, 0, NULL, 'NONE_REVIEW', '2022-08-25 09:42:53.604974', NULL),
	(653, NULL, 0, NULL, 'NONE_REVIEW', '2022-08-25 09:43:35.076848', NULL),
	(654, NULL, 0, NULL, 'NONE_REVIEW', '2022-08-25 10:06:49.641577', NULL),
	(655, NULL, 0, NULL, 'NONE_REVIEW', '2022-08-25 10:07:29.736678', NULL),
	(656, NULL, 0, NULL, 'NONE_REVIEW', '2022-08-25 10:08:25.739932', NULL),
	(657, NULL, 0, NULL, 'NONE_REVIEW', '2022-08-25 10:09:16.432788', NULL),
	(658, NULL, 0, NULL, 'NONE_REVIEW', '2022-08-25 10:09:50.438641', NULL),
	(659, NULL, 0, NULL, 'NONE_REVIEW', '2022-08-25 10:10:17.034909', NULL),
	(660, NULL, 0, NULL, 'NONE_REVIEW', '2022-08-25 14:50:38.660559', NULL),
	(661, NULL, 0, NULL, 'NONE_REVIEW', '2022-08-25 14:51:10.526414', NULL),
	(662, NULL, 0, NULL, 'NONE_REVIEW', '2022-08-25 14:51:34.393644', NULL),
	(663, NULL, 0, NULL, 'NONE_REVIEW', '2022-08-25 14:52:09.307883', NULL),
	(664, NULL, 0, NULL, 'NONE_REVIEW', '2022-08-25 14:52:33.236194', NULL),
	(665, NULL, 0, NULL, 'NONE_REVIEW', '2022-08-25 15:10:51.620352', NULL),
	(666, NULL, 0, NULL, 'NONE_REVIEW', '2022-08-25 15:11:13.871519', NULL),
	(667, NULL, 0, NULL, 'NONE_REVIEW', '2022-08-25 15:11:43.030162', NULL),
	(668, NULL, 0, NULL, 'NONE_REVIEW', '2022-08-25 15:12:16.734400', NULL),
	(669, NULL, 0, NULL, 'NONE_REVIEW', '2022-08-25 15:12:59.157542', NULL),
	(670, NULL, 0, NULL, 'NONE_REVIEW', '2022-08-25 15:13:17.908023', NULL),
	(673, NULL, 0, NULL, 'NONE_REVIEW', '2022-08-25 17:12:38.386175', NULL),
	(674, NULL, 0, NULL, 'NONE_REVIEW', '2022-08-25 17:12:38.386175', NULL),
	(675, NULL, 0, NULL, 'NONE_REVIEW', '2022-08-25 17:14:24.457729', NULL),
	(676, NULL, 0, NULL, 'NONE_REVIEW', '2022-08-25 17:14:24.457729', NULL),
	(677, NULL, 0, NULL, 'NONE_REVIEW', '2022-08-25 17:14:24.457729', NULL),
	(678, NULL, 0, NULL, 'NONE_REVIEW', '2022-08-25 17:16:31.876522', NULL),
	(679, NULL, 0, NULL, 'NONE_REVIEW', '2022-08-25 17:16:31.876522', NULL),
	(680, NULL, 0, NULL, 'NONE_REVIEW', '2022-08-25 17:16:31.876522', NULL),
	(681, NULL, 0, NULL, 'NONE_REVIEW', '2022-08-25 17:17:40.333518', NULL),
	(682, NULL, 0, NULL, 'NONE_REVIEW', '2022-08-25 17:17:40.333518', NULL),
	(683, NULL, 0, NULL, 'NONE_REVIEW', '2022-08-25 17:19:13.308015', NULL),
	(684, NULL, 0, NULL, 'NONE_REVIEW', '2022-08-25 17:19:13.308015', NULL),
	(685, NULL, 0, NULL, 'NONE_REVIEW', '2022-08-25 17:19:13.308015', NULL),
	(686, NULL, 0, NULL, 'NONE_REVIEW', '2022-08-25 17:21:00.691933', NULL),
	(687, NULL, 0, NULL, 'NONE_REVIEW', '2022-08-25 17:21:00.691933', NULL),
	(688, NULL, 0, NULL, 'NONE_REVIEW', '2022-08-25 17:22:13.264304', NULL),
	(689, NULL, 0, NULL, 'NONE_REVIEW', '2022-08-25 17:22:13.264304', NULL),
	(690, NULL, 0, NULL, 'NONE_REVIEW', '2022-08-25 17:23:20.069697', NULL),
	(691, NULL, 0, NULL, 'NONE_REVIEW', '2022-08-25 17:23:20.069697', NULL),
	(692, NULL, 0, NULL, 'NONE_REVIEW', '2022-08-25 17:24:57.512880', NULL),
	(693, NULL, 0, NULL, 'NONE_REVIEW', '2022-08-25 17:24:57.512880', NULL),
	(694, NULL, 0, NULL, 'NONE_REVIEW', '2022-08-25 17:24:57.512880', NULL),
	(695, NULL, 0, NULL, 'NONE_REVIEW', '2022-08-26 10:01:52.253754', NULL),
	(696, NULL, 0, NULL, 'NONE_REVIEW', '2022-08-26 10:02:15.554170', NULL),
	(697, NULL, 0, NULL, 'NONE_REVIEW', '2022-08-26 10:02:34.946338', NULL),
	(698, NULL, 0, NULL, 'NONE_REVIEW', '2022-08-26 10:52:10.009326', NULL),
	(699, NULL, 0, NULL, 'NONE_REVIEW', '2022-08-26 10:52:21.838230', NULL),
	(700, NULL, 0, NULL, 'NONE_REVIEW', '2022-08-26 10:52:34.291960', NULL),
	(701, NULL, 0, NULL, 'NONE_REVIEW', '2022-08-26 10:20:54.979278', NULL),
	(702, NULL, 0, NULL, 'NONE_REVIEW', '2022-08-26 10:21:19.386818', NULL),
	(703, NULL, 0, NULL, 'NONE_REVIEW', '2022-08-26 10:28:14.050453', NULL),
	(704, NULL, 0, NULL, 'NONE_REVIEW', '2022-08-26 10:29:21.133064', NULL),
	(705, NULL, 0, NULL, 'NONE_REVIEW', '2022-08-26 10:30:15.779611', NULL),
	(706, NULL, 0, NULL, 'NONE_REVIEW', '2022-08-26 10:31:13.334682', NULL),
	(707, NULL, 0, NULL, 'NONE_REVIEW', '2022-08-26 10:40:19.290537', NULL),
	(708, NULL, 0, NULL, 'NONE_REVIEW', '2022-08-26 10:41:17.686129', NULL),
	(709, NULL, 0, NULL, 'NONE_REVIEW', '2022-08-26 10:42:06.359435', NULL),
	(710, NULL, 0, NULL, 'NONE_REVIEW', '2022-08-26 10:43:17.710014', NULL),
	(711, NULL, 0, NULL, 'NONE_REVIEW', '2022-08-26 10:44:10.041493', NULL),
	(712, NULL, 0, NULL, 'NONE_REVIEW', '2022-08-26 10:44:10.811935', NULL),
	(713, NULL, 0, NULL, 'NONE_REVIEW', '2022-08-26 10:44:28.798730', NULL),
	(714, NULL, 0, NULL, 'NONE_REVIEW', '2022-08-26 10:44:47.722071', NULL),
	(715, NULL, 0, NULL, 'NONE_REVIEW', '2022-08-26 10:45:12.253949', NULL),
	(716, NULL, 0, NULL, 'NONE_REVIEW', '2022-08-26 10:45:20.488728', NULL),
	(717, NULL, 0, NULL, 'NONE_REVIEW', '2022-08-26 10:45:30.551487', NULL),
	(718, NULL, 0, NULL, 'NONE_REVIEW', '2022-08-26 10:46:15.914255', NULL),
	(719, NULL, 0, NULL, 'NONE_REVIEW', '2022-08-26 10:49:13.367199', NULL),
	(720, NULL, 0, NULL, 'NONE_REVIEW', '2022-08-26 10:49:33.602860', NULL),
	(721, NULL, 0, NULL, 'NONE_REVIEW', '2022-08-26 10:49:49.761224', NULL),
	(722, NULL, 0, NULL, 'NONE_REVIEW', '2022-08-26 10:50:07.622915', NULL),
	(723, NULL, 0, NULL, 'NONE_REVIEW', '2022-08-26 10:50:29.361981', NULL),
	(724, NULL, 0, NULL, 'NONE_REVIEW', '2022-08-26 14:06:57.397285', NULL),
	(725, NULL, 0, NULL, 'NONE_REVIEW', '2022-08-26 14:07:53.433116', NULL),
	(726, NULL, 0, NULL, 'NONE_REVIEW', '2022-08-26 14:09:02.343284', NULL),
	(727, NULL, 0, NULL, 'NONE_REVIEW', '2022-08-26 14:10:02.928829', NULL),
	(728, NULL, 0, NULL, 'NONE_REVIEW', '2022-08-26 14:11:24.393289', NULL),
	(729, NULL, 0, NULL, 'NONE_REVIEW', '2022-08-26 14:12:15.742055', NULL),
	(730, NULL, 0, NULL, 'NONE_REVIEW', '2022-08-26 14:52:41.340505', NULL),
	(731, NULL, 0, NULL, 'NONE_REVIEW', '2022-08-26 14:53:25.910263', NULL),
	(732, NULL, 0, NULL, 'NONE_REVIEW', '2022-08-26 14:54:17.898698', NULL),
	(733, NULL, 0, NULL, 'NONE_REVIEW', '2022-08-26 14:55:10.481312', NULL),
	(734, NULL, 0, NULL, 'NONE_REVIEW', '2022-08-26 14:55:59.610062', NULL),
	(735, NULL, 0, NULL, 'NONE_REVIEW', '2022-08-26 15:03:14.828255', NULL),
	(736, NULL, 0, NULL, 'NONE_REVIEW', '2022-08-27 14:21:55.650667', NULL),
	(738, NULL, 0, NULL, 'NONE_REVIEW', '2022-08-26 15:06:16.133196', NULL),
	(739, NULL, 0, NULL, 'NONE_REVIEW', '2022-08-26 15:06:16.133196', NULL),
	(740, NULL, 0, NULL, 'NONE_REVIEW', '2022-08-26 15:06:16.133196', NULL),
	(741, NULL, 0, NULL, 'NONE_REVIEW', '2022-08-26 15:06:44.153833', NULL),
	(742, NULL, 0, NULL, 'NONE_REVIEW', '2022-08-26 15:06:44.153833', NULL),
	(743, NULL, 0, NULL, 'NONE_REVIEW', '2022-08-26 15:07:20.639975', NULL),
	(744, NULL, 0, NULL, 'NONE_REVIEW', '2022-08-26 15:07:20.639975', NULL),
	(745, NULL, 0, NULL, 'NONE_REVIEW', '2022-08-26 15:08:11.190962', NULL),
	(746, NULL, 0, NULL, 'NONE_REVIEW', '2022-08-26 15:08:11.190962', NULL),
	(747, NULL, 0, NULL, 'NONE_REVIEW', '2022-08-26 15:08:45.224619', NULL),
	(748, NULL, 0, NULL, 'NONE_REVIEW', '2022-08-26 15:08:45.224619', NULL),
	(749, NULL, 0, NULL, 'NONE_REVIEW', '2022-08-26 15:09:31.650056', NULL),
	(750, NULL, 0, NULL, 'NONE_REVIEW', '2022-08-26 15:09:31.650056', NULL),
	(751, NULL, 0, NULL, 'NONE_REVIEW', '2022-08-26 16:46:24.372225', NULL),
	(752, NULL, 0, NULL, 'NONE_REVIEW', '2022-08-26 16:49:12.393442', NULL),
	(753, NULL, 0, NULL, 'NONE_REVIEW', '2022-08-26 16:51:00.528269', NULL),
	(754, NULL, 0, NULL, 'NONE_REVIEW', '2022-08-26 16:52:56.082484', NULL),
	(755, NULL, 0, NULL, 'NONE_REVIEW', '2022-08-26 16:55:03.608322', NULL),
	(756, NULL, 0, NULL, 'NONE_REVIEW', '2022-08-26 16:57:06.778650', NULL),
	(757, NULL, 0, NULL, 'NONE_REVIEW', '2022-08-26 17:01:33.548721', NULL),
	(758, NULL, 0, NULL, 'NONE_REVIEW', '2022-08-26 17:03:47.896435', NULL),
	(759, NULL, 0, NULL, 'NONE_REVIEW', '2022-08-26 17:03:47.896435', NULL),
	(760, NULL, 0, NULL, 'NONE_REVIEW', '2022-08-26 17:05:14.511222', NULL),
	(761, NULL, 0, NULL, 'NONE_REVIEW', '2022-08-26 17:05:14.511222', NULL),
	(762, NULL, 0, NULL, 'NONE_REVIEW', '2022-08-26 17:06:29.597193', NULL),
	(763, NULL, 0, NULL, 'NONE_REVIEW', '2022-08-26 17:06:29.597193', NULL),
	(764, NULL, 0, NULL, 'NONE_REVIEW', '2022-08-26 17:07:58.839159', NULL),
	(765, NULL, 0, NULL, 'NONE_REVIEW', '2022-08-26 17:07:58.839159', NULL),
	(766, NULL, 0, NULL, 'NONE_REVIEW', '2022-08-26 17:07:58.839159', NULL),
	(767, NULL, 0, NULL, 'NONE_REVIEW', '2022-08-26 17:09:32.709616', NULL),
	(768, NULL, 0, NULL, 'NONE_REVIEW', '2022-08-26 17:09:32.709616', NULL),
	(769, NULL, 0, NULL, 'NONE_REVIEW', '2022-08-26 17:10:55.233391', NULL),
	(770, NULL, 0, NULL, 'NONE_REVIEW', '2022-08-26 17:10:55.233391', NULL),
	(771, NULL, 0, NULL, 'NONE_REVIEW', '2022-08-27 14:21:55.650667', NULL),
	(772, NULL, 0, NULL, 'NONE_REVIEW', '2022-08-27 15:56:09.712727', NULL),
	(776, NULL, 0, NULL, 'NONE_REVIEW', '2022-08-27 15:58:50.990350', NULL),
	(777, NULL, 0, NULL, 'NONE_REVIEW', '2022-08-27 16:32:46.516361', NULL),
	(778, NULL, 0, NULL, 'NONE_REVIEW', '2022-08-27 16:04:42.555562', NULL),
	(779, NULL, 0, NULL, 'NONE_REVIEW', '2022-08-27 16:32:08.872511', NULL),
	(780, NULL, 0, NULL, 'NONE_REVIEW', '2022-08-29 11:22:13.486979', NULL),
	(781, NULL, 0, NULL, 'NONE_REVIEW', '2022-08-29 11:23:01.257738', NULL),
	(782, NULL, 0, NULL, 'NONE_REVIEW', '2022-08-29 11:23:25.416948', NULL),
	(783, NULL, 0, NULL, 'NONE_REVIEW', '2022-08-29 11:23:49.797318', NULL),
	(784, NULL, 0, NULL, 'NONE_REVIEW', '2022-08-29 11:24:15.128882', NULL),
	(785, NULL, 0, NULL, 'NONE_REVIEW', '2022-08-29 11:24:37.770719', NULL),
	(786, NULL, 0, NULL, 'NONE_REVIEW', '2022-08-29 15:49:45.860738', NULL),
	(787, NULL, 0, NULL, 'NONE_REVIEW', '2022-08-29 15:53:09.553614', NULL),
	(788, NULL, 0, NULL, 'NONE_REVIEW', '2022-08-29 15:50:31.680141', NULL),
	(789, NULL, 0, NULL, 'NONE_REVIEW', '2022-08-29 15:50:55.525215', NULL),
	(790, NULL, 0, NULL, 'NONE_REVIEW', '2022-08-29 15:51:39.464968', NULL),
	(791, NULL, 0, NULL, 'NONE_REVIEW', '2022-08-29 15:52:42.973146', NULL),
	(792, NULL, 0, NULL, 'NONE_REVIEW', '2022-08-29 16:24:16.063021', NULL),
	(793, NULL, 0, NULL, 'NONE_REVIEW', '2022-08-29 16:24:03.249273', NULL),
	(794, NULL, 0, NULL, 'NONE_REVIEW', '2022-08-29 16:24:47.440820', NULL),
	(795, NULL, 0, NULL, 'NONE_REVIEW', '2022-08-29 16:26:36.523982', NULL),
	(796, NULL, 0, NULL, 'NONE_REVIEW', '2022-08-29 16:26:58.058739', NULL),
	(797, NULL, 0, NULL, 'NONE_REVIEW', '2022-08-29 16:27:21.299172', NULL),
	(798, NULL, 0, NULL, 'NONE_REVIEW', '2022-08-29 16:32:41.443761', NULL),
	(799, NULL, 0, NULL, 'NONE_REVIEW', '2022-08-29 16:32:58.758306', NULL),
	(800, NULL, 0, NULL, 'NONE_REVIEW', '2022-08-29 16:33:15.041960', NULL),
	(801, NULL, 0, NULL, 'NONE_REVIEW', '2022-08-29 16:33:36.261252', NULL),
	(802, NULL, 0, NULL, 'NONE_REVIEW', '2022-08-29 16:33:52.984034', NULL),
	(803, NULL, 0, NULL, 'NONE_REVIEW', '2022-08-29 16:34:14.939415', NULL),
	(804, NULL, 0, NULL, 'NONE_REVIEW', '2022-08-29 16:42:38.588811', NULL),
	(805, NULL, 0, NULL, 'NONE_REVIEW', '2022-08-29 16:43:23.357311', NULL),
	(806, NULL, 0, NULL, 'NONE_REVIEW', '2022-08-29 16:44:11.063134', NULL),
	(807, NULL, 0, NULL, 'NONE_REVIEW', '2022-08-29 16:44:35.908305', NULL),
	(808, NULL, 0, NULL, 'NONE_REVIEW', '2022-08-29 16:44:54.519604', NULL),
	(809, NULL, 0, NULL, 'NONE_REVIEW', '2022-08-29 16:45:12.021042', NULL),
	(811, NULL, 0, NULL, 'NONE_REVIEW', '2022-08-29 21:24:47.614370', NULL),
	(812, NULL, 0, NULL, 'NONE_REVIEW', '2022-08-29 21:25:59.462319', NULL),
	(813, NULL, 0, NULL, 'NONE_REVIEW', '2022-08-29 21:27:24.373614', NULL),
	(814, NULL, 0, NULL, 'NONE_REVIEW', '2022-08-29 21:28:41.141877', NULL),
	(815, NULL, 0, NULL, 'NONE_REVIEW', '2022-08-29 21:30:04.848092', NULL),
	(816, NULL, 0, NULL, 'NONE_REVIEW', '2022-08-29 21:33:29.988506', NULL),
	(817, NULL, 0, NULL, 'NONE_REVIEW', '2022-08-29 21:34:41.772844', NULL),
	(818, NULL, 0, NULL, 'NONE_REVIEW', '2022-08-29 21:38:14.500578', NULL),
	(819, NULL, 0, NULL, 'NONE_REVIEW', '2022-08-29 21:39:21.489060', NULL),
	(820, NULL, 0, NULL, 'NONE_REVIEW', '2022-08-29 21:40:39.847123', NULL),
	(821, NULL, 0, NULL, 'NONE_REVIEW', '2022-08-29 21:41:46.495219', NULL),
	(822, NULL, 0, NULL, 'NONE_REVIEW', '2022-08-29 21:44:02.927122', NULL),
	(823, NULL, 0, NULL, 'NONE_REVIEW', '2022-08-29 21:45:00.715686', NULL),
	(824, NULL, 0, NULL, 'NONE_REVIEW', '2022-08-29 21:46:05.083215', NULL),
	(825, NULL, 0, NULL, 'NONE_REVIEW', '2022-08-29 21:47:19.464775', NULL),
	(826, NULL, 0, NULL, 'NONE_REVIEW', '2022-08-29 21:48:18.625478', NULL),
	(827, NULL, 0, NULL, 'NONE_REVIEW', '2022-08-29 21:49:21.959598', NULL),
	(828, NULL, 0, NULL, 'NONE_REVIEW', '2022-08-29 21:54:37.122324', NULL),
	(829, NULL, 0, NULL, 'NONE_REVIEW', '2022-08-29 21:55:35.719918', NULL),
	(830, NULL, 0, NULL, 'NONE_REVIEW', '2022-08-29 21:56:27.975112', NULL),
	(831, NULL, 0, NULL, 'NONE_REVIEW', '2022-08-29 21:57:46.431272', NULL),
	(832, NULL, 0, NULL, 'NONE_REVIEW', '2022-08-29 21:58:41.792826', NULL),
	(833, NULL, 0, NULL, 'NONE_REVIEW', '2022-08-29 22:04:22.404864', NULL),
	(834, NULL, 0, NULL, 'NONE_REVIEW', '2022-08-29 22:06:07.590826', NULL),
	(835, NULL, 0, NULL, 'NONE_REVIEW', '2022-08-29 22:08:04.056144', NULL),
	(836, NULL, 0, NULL, 'NONE_REVIEW', '2022-08-29 22:09:26.673322', NULL),
	(837, NULL, 0, NULL, 'NONE_REVIEW', '2022-08-29 22:10:43.323192', NULL),
	(838, NULL, 0, NULL, 'NONE_REVIEW', '2022-08-29 22:11:48.693113', NULL),
	(839, NULL, 0, NULL, 'NONE_REVIEW', '2022-08-29 22:13:52.470611', NULL),
	(840, NULL, 0, NULL, 'NONE_REVIEW', '2022-08-29 22:14:52.082150', NULL),
	(841, NULL, 0, NULL, 'NONE_REVIEW', '2022-08-29 22:15:53.866780', NULL),
	(842, NULL, 0, NULL, 'NONE_REVIEW', '2022-08-29 22:17:04.405232', NULL),
	(843, NULL, 0, NULL, 'NONE_REVIEW', '2022-08-29 22:18:01.971285', NULL),
	(844, NULL, 0, NULL, 'NONE_REVIEW', '2022-08-29 22:18:58.834380', NULL),
	(845, NULL, 0, NULL, 'NONE_REVIEW', '2022-08-30 08:46:56.621130', NULL),
	(846, NULL, 0, NULL, 'NONE_REVIEW', '2022-08-30 09:46:37.350503', NULL),
	(847, NULL, 0, NULL, 'NONE_REVIEW', '2022-08-30 09:48:49.361471', NULL),
	(848, NULL, 0, NULL, 'NONE_REVIEW', '2022-08-30 10:02:43.155875', NULL),
	(849, NULL, 0, NULL, 'NONE_REVIEW', '2022-08-30 10:07:16.117803', NULL),
	(851, NULL, 0, NULL, 'NONE_REVIEW', '2022-08-30 10:51:36.676524', NULL),
	(852, NULL, 0, NULL, 'NONE_REVIEW', '2022-08-30 10:52:11.083681', NULL),
	(853, NULL, 0, NULL, 'NONE_REVIEW', '2022-08-30 10:52:29.196754', NULL),
	(854, NULL, 0, NULL, 'NONE_REVIEW', '2022-08-30 10:54:01.843231', NULL),
	(855, NULL, 0, NULL, 'NONE_REVIEW', '2022-08-30 10:57:51.255151', NULL),
	(856, NULL, 0, NULL, 'NONE_REVIEW', '2022-08-30 11:00:16.204810', NULL),
	(857, NULL, 0, NULL, 'NONE_REVIEW', '2022-08-30 10:59:48.029565', NULL),
	(858, NULL, 0, NULL, 'NONE_REVIEW', '2022-08-30 11:01:36.664560', NULL),
	(859, NULL, 0, NULL, 'NONE_REVIEW', '2022-08-30 11:03:23.804902', NULL),
	(860, NULL, 0, NULL, 'NONE_REVIEW', '2022-08-30 14:52:25.867193', NULL),
	(861, NULL, 0, NULL, 'NONE_REVIEW', '2022-08-30 14:56:23.446900', NULL),
	(862, NULL, 0, NULL, 'NONE_REVIEW', '2022-08-30 15:05:30.799036', NULL),
	(863, NULL, 0, NULL, 'NONE_REVIEW', '2022-08-30 15:06:26.677968', NULL),
	(864, NULL, 0, NULL, 'NONE_REVIEW', '2022-08-30 15:10:15.165583', NULL),
	(865, NULL, 0, NULL, 'NONE_REVIEW', '2022-08-30 15:11:39.445114', NULL),
	(866, NULL, 0, NULL, 'NONE_REVIEW', '2022-08-30 15:12:39.278232', NULL),
	(867, NULL, 0, NULL, 'NONE_REVIEW', '2022-08-30 15:13:42.360528', NULL),
	(868, NULL, 0, NULL, 'NONE_REVIEW', '2022-08-30 15:14:41.399191', NULL),
	(869, NULL, 0, NULL, 'NONE_REVIEW', '2022-08-30 15:20:50.288908', NULL),
	(870, NULL, 0, NULL, 'NONE_REVIEW', '2022-08-30 15:21:38.791372', NULL),
	(871, NULL, 0, NULL, 'NONE_REVIEW', '2022-08-30 15:21:59.575341', NULL),
	(872, NULL, 0, NULL, 'NONE_REVIEW', '2022-08-30 15:22:36.892539', NULL),
	(873, NULL, 0, NULL, 'NONE_REVIEW', '2022-08-30 15:22:46.488150', NULL),
	(874, NULL, 0, NULL, 'NONE_REVIEW', '2022-08-30 15:23:33.241165', NULL),
	(875, NULL, 0, NULL, 'NONE_REVIEW', '2022-08-30 15:24:16.040037', NULL),
	(876, NULL, 0, NULL, 'NONE_REVIEW', '2022-08-30 15:24:54.046341', NULL),
	(877, NULL, 0, NULL, 'NONE_REVIEW', '2022-08-30 15:25:00.922135', NULL),
	(878, NULL, 0, NULL, 'NONE_REVIEW', '2022-08-30 15:28:32.148534', NULL),
	(879, NULL, 0, NULL, 'NONE_REVIEW', '2022-08-30 15:32:33.762998', NULL),
	(880, NULL, 0, NULL, 'NONE_REVIEW', '2022-08-30 15:33:06.577147', NULL),
	(881, NULL, 0, NULL, 'NONE_REVIEW', '2022-08-30 15:33:36.115063', NULL),
	(882, NULL, 0, NULL, 'NONE_REVIEW', '2022-08-30 15:34:14.946883', NULL),
	(883, NULL, 0, NULL, 'NONE_REVIEW', '2022-08-30 15:34:51.921984', NULL),
	(884, NULL, 0, NULL, 'NONE_REVIEW', '2022-08-30 15:36:49.974989', NULL),
	(885, NULL, 0, NULL, 'NONE_REVIEW', '2022-08-30 15:48:42.565411', NULL),
	(886, NULL, 0, NULL, 'NONE_REVIEW', '2022-08-30 15:49:11.458461', NULL),
	(887, NULL, 0, NULL, 'NONE_REVIEW', '2022-08-30 15:49:57.445605', NULL),
	(888, NULL, 0, NULL, 'NONE_REVIEW', '2022-08-30 15:50:07.400018', NULL),
	(889, NULL, 0, NULL, 'NONE_REVIEW', '2022-08-30 15:50:40.611531', NULL),
	(890, NULL, 0, NULL, 'NONE_REVIEW', '2022-08-30 15:50:48.676012', NULL),
	(891, NULL, 0, NULL, 'NONE_REVIEW', '2022-08-30 15:51:15.067306', NULL),
	(892, NULL, 0, NULL, 'NONE_REVIEW', '2022-08-30 15:52:07.077997', NULL),
	(893, NULL, 0, NULL, 'NONE_REVIEW', '2022-08-30 15:52:09.328054', NULL),
	(894, NULL, 0, NULL, 'NONE_REVIEW', '2022-08-30 15:52:55.054494', NULL),
	(895, NULL, 0, NULL, 'NONE_REVIEW', '2022-08-30 15:53:46.169736', NULL),
	(896, NULL, 0, NULL, 'NONE_REVIEW', '2022-08-30 15:54:37.487979', NULL),
	(897, NULL, 0, NULL, 'NONE_REVIEW', '2022-08-30 15:55:31.384863', NULL),
	(898, NULL, 0, NULL, 'NONE_REVIEW', '2022-08-30 15:56:21.940883', NULL),
	(899, NULL, 0, NULL, 'NONE_REVIEW', '2022-08-30 15:59:33.652517', NULL),
	(900, NULL, 0, NULL, 'NONE_REVIEW', '2022-08-30 16:00:19.516028', NULL),
	(901, NULL, 0, NULL, 'NONE_REVIEW', '2022-08-30 16:01:10.240340', NULL),
	(902, NULL, 0, NULL, 'NONE_REVIEW', '2022-08-30 16:01:43.399639', NULL),
	(903, NULL, 0, NULL, 'NONE_REVIEW', '2022-08-30 16:02:12.263803', NULL),
	(904, NULL, 0, NULL, 'NONE_REVIEW', '2022-08-30 16:02:51.126496', NULL),
	(905, NULL, 0, NULL, 'NONE_REVIEW', '2022-08-30 16:15:11.112851', NULL),
	(906, NULL, 0, NULL, 'NONE_REVIEW', '2022-08-30 16:16:13.314805', NULL),
	(907, NULL, 0, NULL, 'NONE_REVIEW', '2022-08-30 16:17:31.588943', NULL),
	(908, NULL, 0, NULL, 'NONE_REVIEW', '2022-08-30 16:19:02.891306', NULL),
	(909, NULL, 0, NULL, 'NONE_REVIEW', '2022-08-30 16:19:53.802155', NULL),
	(910, NULL, 0, NULL, 'NONE_REVIEW', '2022-08-30 16:25:19.271329', NULL),
	(911, NULL, 0, NULL, 'NONE_REVIEW', '2022-08-30 16:26:23.922051', NULL),
	(912, NULL, 0, NULL, 'NONE_REVIEW', '2022-08-30 16:27:32.161957', NULL),
	(913, NULL, 0, NULL, 'NONE_REVIEW', '2022-08-30 16:32:13.865562', NULL),
	(914, NULL, 0, NULL, 'NONE_REVIEW', '2022-08-30 16:34:13.607570', NULL),
	(915, NULL, 0, NULL, 'NONE_REVIEW', '2022-08-30 16:35:01.208796', NULL),
	(916, NULL, 0, NULL, 'NONE_REVIEW', '2022-08-30 16:37:08.533787', NULL),
	(917, NULL, 0, NULL, 'NONE_REVIEW', '2022-08-30 16:41:54.248650', NULL),
	(918, NULL, 0, NULL, 'NONE_REVIEW', '2022-08-30 16:47:17.511837', NULL),
	(919, NULL, 0, NULL, 'NONE_REVIEW', '2022-08-30 16:48:23.751533', NULL),
	(920, NULL, 0, NULL, 'NONE_REVIEW', '2022-08-30 16:49:18.888799', NULL),
	(921, NULL, 0, NULL, 'NONE_REVIEW', '2022-08-30 17:04:24.327422', NULL),
	(922, NULL, 0, NULL, 'NONE_REVIEW', '2022-08-31 08:25:15.182098', NULL),
	(923, NULL, 0, NULL, 'NONE_REVIEW', '2022-08-31 08:26:02.044099', NULL),
	(924, NULL, 0, NULL, 'NONE_REVIEW', '2022-08-31 08:26:41.704314', NULL),
	(925, NULL, 0, NULL, 'NONE_REVIEW', '2022-08-31 08:28:24.243799', NULL),
	(926, NULL, 0, NULL, 'NONE_REVIEW', '2022-08-31 08:29:17.533468', NULL),
	(927, NULL, 0, NULL, 'NONE_REVIEW', '2022-08-31 08:30:02.964045', NULL),
	(928, NULL, 0, NULL, 'NONE_REVIEW', '2022-08-31 08:30:59.607066', NULL),
	(929, NULL, 0, NULL, 'NONE_REVIEW', '2022-08-31 08:39:24.526360', NULL),
	(930, NULL, 0, NULL, 'NONE_REVIEW', '2022-08-31 08:39:44.398253', NULL),
	(931, NULL, 0, NULL, 'NONE_REVIEW', '2022-08-31 08:39:58.593599', NULL),
	(932, NULL, 0, NULL, 'NONE_REVIEW', '2022-08-31 08:40:51.647970', NULL),
	(933, NULL, 0, NULL, 'NONE_REVIEW', '2022-08-31 08:41:08.401261', NULL),
	(934, NULL, 0, NULL, 'NONE_REVIEW', '2022-08-31 08:41:54.158885', NULL),
	(935, NULL, 0, NULL, 'NONE_REVIEW', '2022-08-31 08:41:48.062572', NULL),
	(936, NULL, 0, NULL, 'NONE_REVIEW', '2022-08-31 08:42:26.974827', NULL),
	(937, NULL, 0, NULL, 'NONE_REVIEW', '2022-08-31 08:42:49.356107', NULL),
	(938, NULL, 0, NULL, 'NONE_REVIEW', '2022-08-31 08:43:12.497323', NULL),
	(939, NULL, 0, NULL, 'NONE_REVIEW', '2022-08-31 08:44:47.056025', NULL),
	(940, NULL, 0, NULL, 'NONE_REVIEW', '2022-08-31 08:44:48.307325', NULL),
	(941, NULL, 0, NULL, 'NONE_REVIEW', '2022-08-31 08:48:15.067483', NULL),
	(942, NULL, 0, NULL, 'NONE_REVIEW', '2022-08-31 08:49:08.884728', NULL),
	(943, NULL, 0, NULL, 'NONE_REVIEW', '2022-08-31 08:49:58.905656', NULL),
	(944, NULL, 0, NULL, 'NONE_REVIEW', '2022-08-31 08:50:49.832626', NULL),
	(945, NULL, 0, NULL, 'NONE_REVIEW', '2022-08-31 08:51:31.213346', NULL),
	(946, NULL, 0, NULL, 'NONE_REVIEW', '2022-08-31 08:52:13.110985', NULL),
	(947, NULL, 0, NULL, 'NONE_REVIEW', '2022-08-31 08:52:49.272426', NULL),
	(948, NULL, 0, NULL, 'NONE_REVIEW', '2022-08-31 08:54:11.329587', NULL),
	(949, NULL, 0, NULL, 'NONE_REVIEW', '2022-08-31 08:54:31.173873', NULL),
	(950, NULL, 0, NULL, 'NONE_REVIEW', '2022-08-31 08:54:48.770199', NULL),
	(951, NULL, 0, NULL, 'NONE_REVIEW', '2022-08-31 08:55:07.650294', NULL),
	(952, NULL, 0, NULL, 'NONE_REVIEW', '2022-08-31 08:55:30.856938', NULL),
	(953, NULL, 0, NULL, 'NONE_REVIEW', '2022-08-31 08:55:58.529923', NULL),
	(954, NULL, 0, NULL, 'NONE_REVIEW', '2022-08-31 09:04:32.024578', NULL),
	(955, NULL, 0, NULL, 'NONE_REVIEW', '2022-08-31 09:04:51.596848', NULL),
	(956, NULL, 0, NULL, 'NONE_REVIEW', '2022-08-31 09:05:12.868264', NULL),
	(957, NULL, 0, NULL, 'NONE_REVIEW', '2022-08-31 09:05:30.916313', NULL),
	(958, NULL, 0, NULL, 'NONE_REVIEW', '2022-08-31 09:05:53.282863', NULL),
	(959, NULL, 0, NULL, 'NONE_REVIEW', '2022-08-31 09:06:07.644746', NULL),
	(960, NULL, 0, NULL, 'NONE_REVIEW', '2022-08-31 09:16:59.052593', NULL),
	(961, NULL, 0, NULL, 'NONE_REVIEW', '2022-08-31 09:18:04.348681', NULL),
	(962, NULL, 0, NULL, 'NONE_REVIEW', '2022-08-31 09:18:43.639080', NULL),
	(963, NULL, 0, NULL, 'NONE_REVIEW', '2022-08-31 09:19:33.499366', NULL),
	(964, NULL, 0, NULL, 'NONE_REVIEW', '2022-08-31 09:20:04.458107', NULL),
	(965, NULL, 0, NULL, 'NONE_REVIEW', '2022-08-31 09:20:26.523833', NULL),
	(966, NULL, 0, NULL, 'NONE_REVIEW', '2022-08-31 09:21:01.342737', NULL),
	(967, NULL, 0, NULL, 'NONE_REVIEW', '2022-08-31 14:38:17.311189', NULL),
	(970, NULL, 0, NULL, 'NONE_REVIEW', '2022-08-31 14:38:47.797926', NULL),
	(971, NULL, 0, NULL, 'NONE_REVIEW', '2022-08-31 14:39:06.848158', NULL),
	(972, NULL, 0, NULL, 'NONE_REVIEW', '2022-08-31 14:47:47.452617', NULL),
	(973, NULL, 0, NULL, 'NONE_REVIEW', '2022-08-31 14:50:39.557390', NULL),
	(974, NULL, 0, NULL, 'NONE_REVIEW', '2022-08-31 14:51:07.514339', NULL),
	(975, NULL, 0, NULL, 'NONE_REVIEW', '2022-08-31 14:51:34.861111', NULL),
	(976, NULL, 0, NULL, 'NONE_REVIEW', '2022-08-31 14:53:34.284675', NULL),
	(977, NULL, 0, NULL, 'NONE_REVIEW', '2022-08-31 14:54:18.288781', NULL),
	(978, NULL, 0, NULL, 'NONE_REVIEW', '2022-08-31 14:55:24.029505', NULL),
	(979, NULL, 0, NULL, 'NONE_REVIEW', '2022-08-31 14:56:43.379642', NULL),
	(980, NULL, 0, NULL, 'NONE_REVIEW', '2022-08-31 14:57:45.107222', NULL),
	(981, NULL, 0, NULL, 'NONE_REVIEW', '2022-08-31 14:58:31.253371', NULL),
	(986, NULL, 0, NULL, 'NONE_REVIEW', '2022-09-01 08:43:20.286138', NULL),
	(987, NULL, 0, NULL, 'NONE_REVIEW', '2022-09-01 08:44:22.461305', NULL),
	(988, NULL, 0, NULL, 'NONE_REVIEW', '2022-09-01 08:44:48.745164', NULL),
	(989, NULL, 0, NULL, 'NONE_REVIEW', '2022-09-01 08:45:31.483163', NULL),
	(990, NULL, 0, NULL, 'NONE_REVIEW', '2022-09-01 08:46:03.540342', NULL),
	(991, NULL, 0, NULL, 'NONE_REVIEW', '2022-09-01 12:52:43.166530', NULL),
	(992, NULL, 0, NULL, 'NONE_REVIEW', '2022-09-01 12:53:52.190507', NULL),
	(993, NULL, 0, NULL, 'NONE_REVIEW', '2022-09-01 12:53:52.190507', NULL),
	(994, NULL, 0, NULL, 'NONE_REVIEW', '2022-09-01 12:53:52.190507', NULL),
	(995, NULL, 0, NULL, 'NONE_REVIEW', '2022-09-01 12:54:59.494328', NULL),
	(996, NULL, 0, NULL, 'NONE_REVIEW', '2022-09-01 12:54:59.494328', NULL),
	(997, NULL, 0, NULL, 'NONE_REVIEW', '2022-09-01 12:54:59.494328', NULL),
	(998, NULL, 0, NULL, 'NONE_REVIEW', '2022-09-01 12:55:49.811318', NULL),
	(999, NULL, 0, NULL, 'NONE_REVIEW', '2022-09-01 12:55:49.811318', NULL),
	(1000, NULL, 0, NULL, 'NONE_REVIEW', '2022-09-01 12:56:30.799033', NULL),
	(1001, NULL, 0, NULL, 'NONE_REVIEW', '2022-09-01 16:28:25.004372', NULL),
	(1002, NULL, 0, NULL, 'NONE_REVIEW', '2022-09-01 16:28:54.117682', NULL),
	(1003, NULL, 0, NULL, 'NONE_REVIEW', '2022-09-01 16:29:33.496529', NULL),
	(1004, NULL, 0, NULL, 'NONE_REVIEW', '2022-09-01 16:29:57.654694', NULL),
	(1005, NULL, 0, NULL, 'NONE_REVIEW', '2022-09-01 16:30:44.397690', NULL),
	(1006, NULL, 0, NULL, 'NONE_REVIEW', '2022-09-01 16:31:14.041949', NULL),
	(1007, NULL, 0, NULL, 'NONE_REVIEW', '2022-09-01 16:31:44.389322', NULL),
	(1008, NULL, 0, NULL, 'NONE_REVIEW', '2022-09-01 16:36:06.566345', NULL),
	(1009, NULL, 0, NULL, 'NONE_REVIEW', '2022-09-01 16:36:49.490937', NULL),
	(1010, NULL, 0, NULL, 'NONE_REVIEW', '2022-09-01 16:37:17.132277', NULL),
	(1011, NULL, 0, NULL, 'NONE_REVIEW', '2022-09-01 16:38:04.574092', NULL),
	(1012, NULL, 0, NULL, 'NONE_REVIEW', '2022-09-01 16:38:26.638242', NULL),
	(1013, NULL, 0, NULL, 'NONE_REVIEW', '2022-09-01 16:39:09.959956', NULL),
	(1014, NULL, 0, NULL, 'NONE_REVIEW', '2022-09-01 16:39:34.246238', NULL),
	(1015, NULL, 0, NULL, 'NONE_REVIEW', '2022-09-01 16:39:52.715652', NULL),
	(1016, NULL, 0, NULL, 'NONE_REVIEW', '2022-09-01 16:49:14.367194', NULL),
	(1017, NULL, 0, NULL, 'NONE_REVIEW', '2022-09-01 16:49:31.481419', NULL),
	(1018, NULL, 0, NULL, 'NONE_REVIEW', '2022-09-01 16:49:55.531647', NULL),
	(1019, NULL, 0, NULL, 'NONE_REVIEW', '2022-09-01 16:50:17.627948', NULL),
	(1020, NULL, 0, NULL, 'NONE_REVIEW', '2022-09-01 16:50:53.833467', NULL),
	(1021, NULL, 0, NULL, 'NONE_REVIEW', '2022-09-01 16:51:15.585389', NULL),
	(1022, NULL, 0, NULL, 'NONE_REVIEW', '2022-09-01 16:51:41.024480', NULL),
	(1023, NULL, 0, NULL, 'NONE_REVIEW', '2022-09-02 10:03:52.935102', NULL),
	(1028, NULL, 0, NULL, 'NONE_REVIEW', '2022-09-02 10:15:49.173470', NULL),
	(1029, NULL, 0, NULL, 'NONE_REVIEW', '2022-09-02 10:13:19.358541', NULL),
	(1030, NULL, 0, NULL, 'NONE_REVIEW', '2022-09-02 10:14:09.582836', NULL),
	(1031, NULL, 0, NULL, 'NONE_REVIEW', '2022-09-02 10:14:34.240912', NULL),
	(1032, NULL, 0, NULL, 'NONE_REVIEW', '2022-09-02 10:14:53.135904', NULL),
	(1033, NULL, 0, NULL, 'NONE_REVIEW', '2022-09-02 10:15:14.701141', NULL),
	(1034, NULL, 0, NULL, 'NONE_REVIEW', '2022-09-02 10:57:36.806665', NULL),
	(1035, NULL, 0, NULL, 'NONE_REVIEW', '2022-09-02 10:57:54.844081', NULL),
	(1036, NULL, 0, NULL, 'NONE_REVIEW', '2022-09-02 10:58:55.285346', NULL),
	(1037, NULL, 0, NULL, 'NONE_REVIEW', '2022-09-02 10:59:33.899299', NULL),
	(1038, NULL, 0, NULL, 'NONE_REVIEW', '2022-09-02 10:59:18.429775', NULL),
	(1039, NULL, 0, NULL, 'NONE_REVIEW', '2022-09-02 10:59:38.931610', NULL),
	(1040, NULL, 0, NULL, 'NONE_REVIEW', '2022-09-02 10:59:58.011346', NULL),
	(1041, NULL, 0, NULL, 'NONE_REVIEW', '2022-09-02 11:00:22.967000', NULL),
	(1042, NULL, 0, NULL, 'NONE_REVIEW', '2022-09-02 11:00:43.219088', NULL),
	(1043, NULL, 0, NULL, 'NONE_REVIEW', '2022-09-02 11:05:01.542042', NULL),
	(1044, NULL, 0, NULL, 'NONE_REVIEW', '2022-09-02 11:05:24.232543', NULL),
	(1045, NULL, 0, NULL, 'NONE_REVIEW', '2022-09-02 11:05:44.611975', NULL),
	(1046, NULL, 0, NULL, 'NONE_REVIEW', '2022-09-02 11:06:01.614164', NULL),
	(1047, NULL, 0, NULL, 'NONE_REVIEW', '2022-09-02 11:06:21.101599', NULL),
	(1048, NULL, 0, NULL, 'NONE_REVIEW', '2022-09-02 11:06:45.136090', NULL),
	(1049, NULL, 0, NULL, 'NONE_REVIEW', '2022-09-02 11:06:59.419998', NULL),
	(1052, NULL, 0, NULL, 'NONE_REVIEW', '2022-09-02 11:14:21.401309', NULL),
	(1053, NULL, 0, NULL, 'NONE_REVIEW', '2022-09-02 11:15:05.673289', NULL),
	(1054, NULL, 0, NULL, 'NONE_REVIEW', '2022-09-02 11:15:44.208182', NULL),
	(1056, NULL, 0, NULL, 'NONE_REVIEW', '2022-09-02 11:16:20.826853', NULL),
	(1057, NULL, 0, NULL, 'NONE_REVIEW', '2022-09-02 11:17:09.513190', NULL),
	(1058, NULL, 0, NULL, 'NONE_REVIEW', '2022-09-02 11:18:00.848693', NULL),
	(1059, NULL, 0, NULL, 'NONE_REVIEW', '2022-09-02 11:18:42.477276', NULL),
	(1060, NULL, 0, NULL, 'NONE_REVIEW', '2022-09-02 11:19:30.803198', NULL),
	(1061, NULL, 0, NULL, 'NONE_REVIEW', '2022-09-02 11:21:13.250191', NULL),
	(1062, NULL, 0, NULL, 'NONE_REVIEW', '2022-09-02 11:21:13.250191', NULL),
	(1063, NULL, 0, NULL, 'NONE_REVIEW', '2022-09-02 11:21:13.250191', NULL),
	(1064, NULL, 0, NULL, 'NONE_REVIEW', '2022-09-02 11:21:13.250191', NULL),
	(1065, NULL, 0, NULL, 'NONE_REVIEW', '2022-09-02 11:22:50.792747', NULL),
	(1066, NULL, 0, NULL, 'NONE_REVIEW', '2022-09-02 11:22:50.792747', NULL),
	(1067, NULL, 0, NULL, 'NONE_REVIEW', '2022-09-02 11:23:57.674231', NULL),
	(1068, NULL, 0, NULL, 'NONE_REVIEW', '2022-09-02 11:23:57.674231', NULL),
	(1069, NULL, 0, NULL, 'NONE_REVIEW', '2022-09-02 11:25:26.196085', NULL),
	(1070, NULL, 0, NULL, 'NONE_REVIEW', '2022-09-02 11:25:26.196085', NULL),
	(1071, NULL, 0, NULL, 'NONE_REVIEW', '2022-09-02 12:24:22.357262', NULL),
	(1072, NULL, 0, NULL, 'NONE_REVIEW', '2022-09-02 12:24:48.124866', NULL),
	(1073, NULL, 0, NULL, 'NONE_REVIEW', '2022-09-02 12:25:13.360793', NULL),
	(1074, NULL, 0, NULL, 'NONE_REVIEW', '2022-09-02 12:25:37.958150', NULL),
	(1075, NULL, 0, NULL, 'NONE_REVIEW', '2022-09-02 15:24:38.766436', NULL),
	(1076, NULL, 0, NULL, 'NONE_REVIEW', '2022-09-02 15:25:11.599902', NULL),
	(1077, NULL, 0, NULL, 'NONE_REVIEW', '2022-09-02 15:25:51.413928', NULL),
	(1078, NULL, 0, NULL, 'NONE_REVIEW', '2022-09-02 15:26:13.776282', NULL),
	(1079, NULL, 0, NULL, 'NONE_REVIEW', '2022-09-02 15:52:33.614010', NULL),
	(1080, NULL, 0, NULL, 'NONE_REVIEW', '2022-09-02 15:53:02.431616', NULL),
	(1081, NULL, 0, NULL, 'NONE_REVIEW', '2022-09-02 15:53:37.543663', NULL),
	(1082, NULL, 0, NULL, 'NONE_REVIEW', '2022-09-02 15:54:03.733081', NULL),
	(1083, NULL, 0, NULL, 'NONE_REVIEW', '2022-09-02 15:54:25.015597', NULL),
	(1084, NULL, 0, NULL, 'NONE_REVIEW', '2022-09-02 15:54:42.970872', NULL),
	(1085, NULL, 0, NULL, 'NONE_REVIEW', '2022-09-02 15:54:59.550622', NULL),
	(1086, NULL, 0, NULL, 'NONE_REVIEW', '2022-09-02 15:55:29.962282', NULL),
	(1087, NULL, 0, NULL, 'NONE_REVIEW', '2022-09-02 15:57:38.317049', NULL),
	(1088, NULL, 0, NULL, 'NONE_REVIEW', '2022-09-02 15:58:08.007351', NULL),
	(1089, NULL, 0, NULL, 'NONE_REVIEW', '2022-09-02 15:58:51.466336', NULL),
	(1090, NULL, 0, NULL, 'NONE_REVIEW', '2022-09-02 15:59:41.222390', NULL),
	(1091, NULL, 0, NULL, 'NONE_REVIEW', '2022-09-02 16:00:13.538451', NULL),
	(1092, NULL, 0, NULL, 'NONE_REVIEW', '2022-09-02 16:00:45.868827', NULL),
	(1093, NULL, 0, NULL, 'NONE_REVIEW', '2022-09-02 16:02:29.501281', NULL),
	(1094, NULL, 0, NULL, 'NONE_REVIEW', '2022-09-02 16:02:54.690262', NULL),
	(1095, NULL, 0, NULL, 'NONE_REVIEW', '2022-09-02 16:03:30.387385', NULL),
	(1096, NULL, 0, NULL, 'NONE_REVIEW', '2022-09-02 16:04:00.842510', NULL),
	(1097, NULL, 0, NULL, 'NONE_REVIEW', '2022-09-02 16:04:27.109962', NULL),
	(1098, NULL, 0, NULL, 'NONE_REVIEW', '2022-09-02 16:04:47.001989', NULL),
	(1099, NULL, 0, NULL, 'NONE_REVIEW', '2022-09-02 16:04:50.191201', NULL),
	(1100, NULL, 0, NULL, 'NONE_REVIEW', '2022-09-02 16:05:10.055051', NULL),
	(1101, NULL, 0, NULL, 'NONE_REVIEW', '2022-09-02 16:05:28.104902', NULL),
	(1102, NULL, 0, NULL, 'NONE_REVIEW', '2022-09-02 16:05:29.230400', NULL),
	(1103, NULL, 0, NULL, 'NONE_REVIEW', '2022-09-02 16:06:31.296203', NULL),
	(1104, NULL, 0, NULL, 'NONE_REVIEW', '2022-09-02 16:07:05.782039', NULL),
	(1105, NULL, 0, NULL, 'NONE_REVIEW', '2022-09-02 16:22:04.545005', NULL),
	(1106, NULL, 0, NULL, 'NONE_REVIEW', '2022-09-02 16:22:22.154835', NULL),
	(1107, NULL, 0, NULL, 'NONE_REVIEW', '2022-09-02 16:22:41.687344', NULL),
	(1108, NULL, 0, NULL, 'NONE_REVIEW', '2022-09-02 16:23:00.005999', NULL),
	(1109, NULL, 0, NULL, 'NONE_REVIEW', '2022-09-02 16:23:16.709765', NULL),
	(1110, NULL, 0, NULL, 'NONE_REVIEW', '2022-09-02 16:23:33.620114', NULL),
	(1111, NULL, 0, NULL, 'NONE_REVIEW', '2022-09-02 16:42:24.328296', NULL),
	(1112, NULL, 0, NULL, 'NONE_REVIEW', '2022-09-02 16:42:42.409099', NULL),
	(1113, NULL, 0, NULL, 'NONE_REVIEW', '2022-09-02 16:42:59.865600', NULL),
	(1114, NULL, 0, NULL, 'NONE_REVIEW', '2022-09-02 16:43:18.399128', NULL),
	(1115, NULL, 0, NULL, 'NONE_REVIEW', '2022-09-02 16:43:41.354405', NULL),
	(1116, NULL, 0, NULL, 'NONE_REVIEW', '2022-09-02 16:44:01.417873', NULL),
	(1117, NULL, 0, NULL, 'NONE_REVIEW', '2022-09-02 16:44:18.793321', NULL),
	(1118, NULL, 0, NULL, 'NONE_REVIEW', '2022-09-02 16:44:37.700542', NULL),
	(1119, NULL, 0, NULL, 'NONE_REVIEW', '2022-09-04 15:20:22.070007', NULL),
	(1120, NULL, 0, NULL, 'NONE_REVIEW', '2022-09-04 15:15:58.438454', NULL),
	(1121, NULL, 0, NULL, 'NONE_REVIEW', '2022-09-04 15:16:26.130566', NULL),
	(1122, NULL, 0, NULL, 'NONE_REVIEW', '2022-09-04 15:16:52.789865', NULL),
	(1123, NULL, 0, NULL, 'NONE_REVIEW', '2022-09-04 15:17:26.496891', NULL),
	(1124, NULL, 0, NULL, 'NONE_REVIEW', '2022-09-04 15:17:46.546291', NULL),
	(1125, NULL, 0, NULL, 'NONE_REVIEW', '2022-09-04 15:18:07.147112', NULL),
	(1126, NULL, 0, NULL, 'NONE_REVIEW', '2022-09-04 15:24:38.687489', NULL),
	(1127, NULL, 0, NULL, 'NONE_REVIEW', '2022-09-04 15:20:53.561125', NULL),
	(1128, NULL, 0, NULL, 'NONE_REVIEW', '2022-09-04 15:20:57.469442', NULL),
	(1129, NULL, 0, NULL, 'NONE_REVIEW', '2022-09-04 15:21:20.958389', NULL),
	(1130, NULL, 0, NULL, 'NONE_REVIEW', '2022-09-04 15:21:29.509143', NULL),
	(1131, NULL, 0, NULL, 'NONE_REVIEW', '2022-09-04 15:21:53.716802', NULL),
	(1132, NULL, 0, NULL, 'NONE_REVIEW', '2022-09-04 15:22:21.878180', NULL),
	(1133, NULL, 0, NULL, 'NONE_REVIEW', '2022-09-04 15:22:49.351770', NULL),
	(1134, NULL, 0, NULL, 'NONE_REVIEW', '2022-09-04 15:22:51.367418', NULL),
	(1135, NULL, 0, NULL, 'NONE_REVIEW', '2022-09-04 15:23:40.208934', NULL),
	(1136, NULL, 0, NULL, 'NONE_REVIEW', '2022-09-04 15:24:03.259144', NULL),
	(1137, NULL, 0, NULL, 'NONE_REVIEW', '2022-09-04 15:24:26.919405', NULL),
	(1138, NULL, 0, NULL, 'NONE_REVIEW', '2022-09-04 15:24:51.643058', NULL),
	(1139, NULL, 0, NULL, 'NONE_REVIEW', '2022-09-04 15:25:34.259994', NULL),
	(1140, NULL, 0, NULL, 'NONE_REVIEW', '2022-09-04 15:25:55.563743', NULL),
	(1141, NULL, 0, NULL, 'NONE_REVIEW', '2022-09-04 15:27:54.121143', NULL),
	(1142, NULL, 0, NULL, 'NONE_REVIEW', '2022-09-04 15:34:28.610810', NULL),
	(1143, NULL, 0, NULL, 'NONE_REVIEW', '2022-09-04 15:35:07.878570', NULL),
	(1144, NULL, 0, NULL, 'NONE_REVIEW', '2022-09-04 15:35:40.760466', NULL),
	(1145, NULL, 0, NULL, 'NONE_REVIEW', '2022-09-04 15:36:12.406037', NULL),
	(1146, NULL, 0, NULL, 'NONE_REVIEW', '2022-09-04 15:41:23.009343', NULL),
	(1147, NULL, 0, NULL, 'NONE_REVIEW', '2022-09-04 15:42:07.466470', NULL),
	(1148, NULL, 0, NULL, 'NONE_REVIEW', '2022-09-04 15:42:39.406867', NULL),
	(1149, NULL, 0, NULL, 'NONE_REVIEW', '2022-09-04 15:45:47.252340', NULL),
	(1150, NULL, 0, NULL, 'NONE_REVIEW', '2022-09-04 15:46:36.836009', NULL),
	(1151, NULL, 0, NULL, 'NONE_REVIEW', '2022-09-04 15:47:11.342809', NULL),
	(1152, NULL, 0, NULL, 'NONE_REVIEW', '2022-09-04 15:47:44.879801', NULL),
	(1153, NULL, 0, NULL, 'NONE_REVIEW', '2022-09-04 15:48:05.208441', NULL),
	(1154, NULL, 0, NULL, 'NONE_REVIEW', '2022-09-04 16:01:55.817042', NULL),
	(1155, NULL, 0, NULL, 'NONE_REVIEW', '2022-09-04 16:02:24.195646', NULL),
	(1156, NULL, 0, NULL, 'NONE_REVIEW', '2022-09-04 16:02:52.120407', NULL),
	(1158, NULL, 0, NULL, 'NONE_REVIEW', '2022-09-04 16:04:30.787666', NULL),
	(1159, NULL, 0, NULL, 'NONE_REVIEW', '2022-09-04 16:05:11.838155', NULL),
	(1160, NULL, 0, NULL, 'NONE_REVIEW', '2022-09-04 16:05:55.811026', NULL),
	(1161, NULL, 0, NULL, 'NONE_REVIEW', '2022-09-04 16:21:18.482357', NULL),
	(1162, NULL, 0, NULL, 'NONE_REVIEW', '2022-09-04 16:21:57.145732', NULL),
	(1163, NULL, 0, NULL, 'NONE_REVIEW', '2022-09-04 16:22:36.179503', NULL),
	(1164, NULL, 0, NULL, 'NONE_REVIEW', '2022-09-04 16:23:08.295825', NULL),
	(1165, NULL, 0, NULL, 'NONE_REVIEW', '2022-09-04 16:23:36.815636', NULL),
	(1166, NULL, 0, NULL, 'NONE_REVIEW', '2022-09-04 16:24:16.959457', NULL),
	(1167, NULL, 0, NULL, 'NONE_REVIEW', '2022-09-04 16:24:44.072208', NULL),
	(1168, NULL, 0, NULL, 'NONE_REVIEW', '2022-09-05 16:10:32.488558', NULL),
	(1169, NULL, 0, NULL, 'NONE_REVIEW', '2022-09-05 16:12:04.717805', NULL),
	(1170, NULL, 0, NULL, 'NONE_REVIEW', '2022-09-05 16:13:10.117303', NULL),
	(1171, NULL, 0, NULL, 'NONE_REVIEW', '2022-09-05 16:15:15.495122', NULL),
	(1172, NULL, 0, NULL, 'NONE_REVIEW', '2022-09-05 16:16:13.674061', NULL),
	(1173, NULL, 0, NULL, 'NONE_REVIEW', '2022-09-05 16:17:38.524115', NULL),
	(1174, NULL, 0, NULL, 'NONE_REVIEW', '2022-09-05 16:29:41.269074', NULL),
	(1175, NULL, 0, NULL, 'NONE_REVIEW', '2022-09-05 16:32:20.788834', NULL),
	(1176, NULL, 0, NULL, 'NONE_REVIEW', '2022-09-05 16:33:31.172057', NULL),
	(1177, NULL, 0, NULL, 'NONE_REVIEW', '2022-09-06 09:04:34.115593', NULL),
	(1178, NULL, 0, NULL, 'NONE_REVIEW', '2022-09-06 09:09:11.324964', NULL),
	(1179, NULL, 0, NULL, 'NONE_REVIEW', '2022-09-06 09:10:27.773195', NULL);


INSERT INTO `ta_assessment` (`id`, `code`, `create_date`, `level_one`, `level_two`, `name`, `point`, `standard`, `value`, `value_type`) VALUES
	(1, 'CZ2022-0001', '2022-06-29', '', '', '', 0.50, '100%', '1.05', NULL);
INSERT INTO `ta_assessment` (`id`, `code`, `create_date`, `level_one`, `level_two`, `name`, `point`, `standard`, `value`, `value_type`) VALUES
	(2, 'CZ2022-0002', '2022-06-29', '', '', '', 2.00, '1.40.6100%80%80%/*', '3400', NULL),
	(3, 'CZ2022-0003', '2022-06-29', '', '', '', 0.50, '100%', '40%', NULL),
	(4, 'CZ2022-0004', '2022-06-29', '', '', '', 1.00, '0.70.3100%/*', '30', NULL),
	(5, 'CZ2022-0005', '2022-06-29', '', '', '', 1.00, '100%', '7', NULL),
	(6, 'CZ2022-0006', '2022-06-29', '', '2000200050020%2', '2000200050020%2', 1.00, '100%', '3', NULL),
	(7, 'CZ2022-0007', '2022-06-29', '', '500015000100020%5000220002', '500015000100020%5000220002', 0.80, '100%', '2', NULL),
	(8, 'CZ2022-0008', '2022-06-29', '', '', '', 0.20, '', '0', NULL),
	(9, 'CZ2022-0009', '2022-06-29', '', '', '1050', 0.00, '1', '3', NULL),
	(10, 'CZ2022-0010', '2022-06-29', '', '', '503', 0.00, '1', '1', NULL),
	(11, 'CZ2022-0011', '2022-06-29', '', '', '500', 0.00, '1', '1', NULL),
	(12, 'CZ2022-0012', '2022-06-29', '', '', '', 0.00, '1', '0', NULL),
	(13, 'CZ2022-0013', '2022-06-29', '', '', '', 0.00, '1', '1', NULL),
	(14, 'CZ2022-0014', '2022-06-29', '', '', '', 0.00, '1000.251000.11', NULL, NULL),
	(15, 'CZ2022-0015', '2022-06-29', '', '', '5001.5', 0.00, '', NULL, NULL),
	(16, 'CZ2022-0016', '2022-06-29', '', '', '121', 0.00, '', NULL, NULL),
	(17, 'CZ2022-0017', '2022-06-29', '', '', '500010.5', 0.00, '', NULL, NULL),
	(18, 'CZ2022-0018', '2022-06-29', 'GDP%', 'GDP%', 'GDP%', 3.50, '1.22.1.5[0.7+0.3*-/-] *1.5', '10%', NULL),
	(19, 'CZ2022-0019', '2022-06-29', '', '', '', 0.20, '80%<80%', '24.9', NULL),
	(20, 'CZ2022-0020', '2022-06-29', '', '', '', 0.10, '80%<80%', '0.205', NULL),
	(21, 'CZ2022-0021', '2022-06-29', '', '', '', 0.80, '80%<80%', '14.2', NULL),
	(22, 'CZ2022-0022', '2022-06-29', '', '', '', 0.40, '80%<80%', '6.5', NULL),
	(23, 'CZ2022-0023', '2022-06-29', '', '', '', 1.00, '80%<80%', '5', NULL),
	(24, 'CZ2022-0024', '2022-06-29', '', '', '', 0.30, '80%<80%', '16.99', NULL),
	(25, 'CZ2022-0025', '2022-06-29', '', '', '', 0.30, '80%<80%', '1', NULL),
	(26, 'CZ2022-0026', '2022-06-29', '', '', '', 0.30, '80%<80%', '0.9', NULL),
	(27, 'CZ2022-0027', '2022-06-29', '', '', '', 0.30, '80%<80%', '0.45', NULL),
	(28, 'CZ2022-0028', '2022-06-29', '', '', '', 0.30, '8%0.38%-12%0.212%', NULL, NULL),
	(29, 'CZ2022-0029', '2022-06-29', '', '', '', 0.50, '1.70%2.30%', '3600', NULL),
	(30, 'CZ2022-0030', '2022-06-29', '', '2022', '2022', 1.00, '1.2.5%10%5%-10%30%10%2022', '102533', NULL),
	(31, 'CZ2022-0031', '2022-06-29', '', '', '', 0.50, '90%90%', '3.5', NULL),
	(32, 'CZ2022-0032', '2022-06-29', '', '3.0', '3.0', 0.30, '', '', NULL),
	(33, 'CZ2022-0033', '2022-06-29', '', '', '', 0.30, '100%', '52.8', NULL),
	(34, 'CZ2022-0034', '2022-06-29', '', '', '', 0.30, '100%', '9', NULL),
	(35, 'CZ2022-0035', '2022-06-29', '', '', '', 0.30, '100%', NULL, NULL),
	(36, 'CZ2022-0036', '2022-06-29', '', '', '', 1.00, '', '10GWH', NULL),
	(37, 'CZ2022-0037', '2022-06-29', '', '', '', 0.50, '=0.5*[(-/-*40+60]/100', '1', NULL),
	(38, 'CZ2022-0038', '2022-06-29', '', '', '', 0.50, '', '60(2022', NULL),
	(39, 'CZ2022-0039', '2022-06-29', '', '', '', 4.00, '2.40.81.0.4[0.5+0.5*-/-] *0.42.0.4[0.7+0.3*-/-] *0.40.81.0.40.022.0.4[0.7+0.3*-/-] *0.4', '', NULL),
	(40, 'CZ2022-0040', '2022-06-29', '', '', '', 0.80, '80%<80%', '15%', NULL),
	(41, 'CZ2022-0041', '2022-06-29', '', '', '', 1.00, '0.60.41.0.2[0.5+0.5*-/-] *0.22.0.2[0.7+0.3*-/-] *0.2', '', NULL),
	(42, 'CZ2022-0042', '2022-06-29', '', '', '', 0.50, '80%<80%', '9%', NULL),
	(43, 'CZ2022-0043', '2022-06-29', '', '', '', 0.50, '80%<80%', '11%', NULL),
	(44, 'CZ2022-0044', '2022-06-29', '', '', '', 0.20, '80%<80%', '9%', NULL),
	(45, 'CZ2022-0045', '2022-06-29', '', '', '', 0.50, '0.20.20.180.040.30.30.270.06', NULL, NULL),
	(46, 'CZ2022-0046', '2022-06-29', '', '', '', 0.30, '80%<80%53010.05', '4', NULL),
	(47, 'CZ2022-0047', '2022-06-29', '', '', '', 0.50, '80%<80%53010.05', '3', NULL),
	(48, 'CZ2022-0048', '2022-06-29', '', '5', '5', 0.10, '80%<80%53010.05', '1', NULL),
	(49, 'CZ2022-0049', '2022-06-29', '', '', '', 0.30, '80%<80%', '1', NULL),
	(50, 'CZ2022-0050', '2022-06-29', '', 'JMRH', 'JG', 0.30, '', '1', NULL),
	(51, 'CZ2022-0051', '2022-06-29', '', 'JMRH', '', 0.20, '0.20.01', NULL, NULL),
	(52, 'CZ2022-0052', '2022-06-29', '', '', '', 0.20, '80%<80%', '2', NULL),
	(53, 'CZ2022-0053', '2022-06-29', '', '', '', 0.30, '80%<80%', '3', NULL),
	(54, 'CZ2022-0054', '2022-06-29', '', '', '', 0.30, '80%<80%', '8', NULL),
	(55, 'CZ2022-0055', '2022-06-29', '', '', '', 0.50, '80%<80%', '13', NULL),
	(56, 'CZ2022-0056', '2022-06-29', '', '', '', 0.70, '80%<80%', '320', NULL),
	(57, 'CZ2022-0057', '2022-06-29', '', '20', '20', 0.30, '55%', '55%', NULL),
	(58, 'CZ2022-0058', '2022-06-29', '', '', '', 0.50, '80%<80%', '250', NULL),
	(59, 'CZ2022-0059', '2022-06-29', '', '', '', 0.20, '80%<80%', '35', NULL),
	(60, 'CZ2022-0060', '2022-06-29', '\n', '', '', 0.80, '80%<80%', '4', NULL),
	(61, 'CZ2022-0061', '2022-06-29', '', '', '', 1.00, '', '9.5%', NULL),
	(62, 'CZ2022-0062', '2022-06-29', '', 'GDP', 'GDP', 0.50, '', '1.2', NULL),
	(63, 'CZ2022-0063', '2022-06-29', '', '', '0.30.2', 0.50, '80%<80%', '3', NULL),
	(64, 'CZ2022-0064', '2022-06-29', '', '', '', 1.00, '', '', NULL),
	(65, 'CZ2022-0065', '2022-06-29', '', '', '', 0.50, '', '25%', NULL),
	(66, 'CZ2022-0066', '2022-06-29', '', '0.20.1', '0.20.1', 0.30, '0.20.10.1', '2', NULL),
	(67, 'CZ2022-0067', '2022-06-29', '', '', '', 0.20, '', '', NULL),
	(68, 'CZ2022-0068', '2022-06-29', '', '', '', 0.30, '90%90%', '8%', NULL),
	(69, 'CZ2022-0069', '2022-06-29', '', '', '', 0.80, '90%90%', '8%', NULL),
	(70, 'CZ2022-0070', '2022-06-29', '', '', '', 0.10, '90%90%', '130', NULL),
	(71, 'CZ2022-0071', '2022-06-29', '', '', '', 0.20, '90%90%', '5%', NULL),
	(72, 'CZ2022-0072', '2022-06-29', '', '', '', 0.10, '90%90%', '10%', NULL),
	(73, 'CZ2022-0073', '2022-06-29', '', '', '', 0.30, '90%90%', '2100', NULL),
	(74, 'CZ2022-0074', '2022-06-29', '', '', '', 0.10, '80%<80%', '4', NULL),
	(75, 'CZ2022-0075', '2022-06-29', '', '', '', 0.10, '90%90%', '20%', NULL),
	(76, 'CZ2022-0076', '2022-06-29', '50', '', '', 0.20, '0.080.08=0.08*0.12=0.12*1.00.2', '2', NULL),
	(77, 'CZ2022-0077', '2022-06-29', '50', '', '', 0.20, '0.080.08=0.08*0.12=0.12*1.00.2', '1', NULL),
	(78, 'CZ2022-0078', '2022-06-29', '', '', '', 0.30, '0.2,(0.2*)10.10.3', '2', NULL),
	(79, 'CZ2022-0079', '2022-06-29', '', '', '', 0.30, '0.2,(0.2*)10.10.3', '2', NULL),
	(80, 'CZ2022-0080', '2022-06-29', '', '', '', 0.20, '', '2', NULL),
	(81, 'CZ2022-0081', '2022-06-29', '', '', '', 0.20, '80%<80%', '37', NULL),
	(82, 'CZ2022-0082', '2022-06-29', '', '', '', 0.10, '202110%80%<80%', '10%', NULL),
	(83, 'CZ2022-0083', '2022-06-29', '', '', '', 0.60, '80%<80%', '15', NULL),
	(84, 'CZ2022-0084', '2022-06-29', '', '', '', 0.20, '80%<80%', '2.5%', NULL),
	(85, 'CZ2022-0085', '2022-06-29', '', '', '', 0.40, '0.30.1', '2', NULL),
	(86, 'CZ2022-0086', '2022-06-29', '', '', '', 0.60, '0.450.150.10.05', '1500', NULL),
	(87, 'CZ2022-0087', '2022-06-29', '', '', '1000', 0.60, '', '1', NULL),
	(88, 'CZ2022-0088', '2022-06-29', '', '', '', 0.10, '200', '35', NULL),
	(89, 'CZ2022-0089', '2022-06-29', '', '', '', 0.10, '80%<80%', '30', NULL),
	(90, 'CZ2022-0090', '2022-06-29', '', '', '', 0.30, '80%<80%', '4.4', NULL),
	(91, 'CZ2022-0091', '2022-06-29', '', '', '', 0.10, '0', NULL, NULL),
	(92, 'CZ2022-0092', '2022-06-29', '', '', '', 0.10, '0.10.090.08', NULL, NULL),
	(93, 'CZ2022-0093', '2022-06-29', '', '', '', 0.50, '80%<80%', '10%', NULL),
	(94, 'CZ2022-0094', '2022-06-29', '', '', '', 1.40, '80%<80%', '260', NULL),
	(95, 'CZ2022-0095', '2022-06-29', '', '', '', 0.80, '80%<80%', '120', NULL),
	(96, 'CZ2022-0096', '2022-06-29', '', '', '', 0.80, '100%70%*<70%', '300', NULL),
	(97, 'CZ2022-0097', '2022-06-29', '', '', '', 0.20, '0.20.80.02585%0.025', '95%80%', NULL),
	(98, 'CZ2022-0098', '2022-06-29', '', '', '', 0.60, '0.590%90%10%0.0250.10.190%=/0.1\n0.8', '3.2', NULL),
	(99, 'CZ2022-0099', '2022-06-29', '', '', '', 0.20, '122', '10', NULL),
	(100, 'CZ2022-0100', '2022-06-29', '', '', '', 0.15, '1233', '15', NULL),
	(101, 'CZ2022-0101', '2022-06-29', '', '', '', 0.15, '10.050.110.025', NULL, NULL),
	(102, 'CZ2022-0102', '2022-06-29', '', '', '', 0.40, '90%0.490%', '2', NULL),
	(103, 'CZ2022-0103', '2022-06-29', '', '', '', 0.10, '0.02/0.080.04/0.08\n0.5', NULL, NULL),
	(104, 'CZ2022-0104', '2022-06-29', '', '', '', 1.20, '20%190%90%1%0.010.2\n0.290%=/0.2\n1.2', '8.9', NULL),
	(105, 'CZ2022-0105', '2022-06-29', '', '', '', 1.00, '0.20.20.20.20.20.20.20.20.2', '119', NULL),
	(106, 'CZ2022-0106', '2022-06-29', '', '', '', 6.00, '650%50%2520', '4', NULL),
	(107, 'CZ2022-0107', '2022-06-29', '', '', '', 6.00, '650%50%2520', '5', NULL),
	(108, 'CZ2022-0108', '2022-06-29', '', '', '', 3.00, '3110', '2', NULL),
	(109, 'CZ2022-0109', '2022-06-29', '', '', '', 3.00, '31310', '2', NULL),
	(110, 'CZ2022-0110', '2022-06-29', '', '', '', 3.00, '31105', '4', NULL),
	(111, 'CZ2022-0111', '2022-06-29', '', '', '', 4.00, '490%90%', '550', NULL),
	(112, 'CZ2022-0112', '2022-06-29', '', '', '', 5.00, '532', '880<32>', NULL),
	(113, 'CZ2022-0113', '2022-06-29', '', '', '', 5.00, '510', 'C4<A1B1>', NULL),
	(114, 'CZ2022-0114', '2022-06-29', '', '', '', 5.00, '52', '6', NULL),
	(115, 'CZ2022-0115', '2022-06-29', '', '', '', 0.00, '14161101818C110115', NULL, NULL),
	(116, 'CZ2022-0116', '2022-06-29', '', '', '', 0.00, '10', NULL, NULL),
	(117, 'CZ2022-0117', '2022-06-29', '', '', '', 0.40, '10.020.1', '', NULL),
	(118, 'CZ2022-0118', '2022-06-29', '', '2.0', '2.0', 0.20, '2.010.050.2', NULL, NULL),
	(119, 'CZ2022-0119', '2022-06-29', '', '2.0', '', 0.20, '10.020.2', NULL, NULL),
	(120, 'CZ2022-0120', '2022-06-29', '', '100%100%', '100%', 0.20, '10.040.2', NULL, NULL),
	(121, 'CZ2022-0121', '2022-06-29', '', '100%100%', '1', 0.20, '0.110.1', NULL, NULL),
	(122, 'CZ2022-0122', '2022-06-29', '', '100%100%', '', 0.20, '10.020.2', NULL, NULL),
	(123, 'CZ2022-0123', '2022-06-29', '', '100%100%', '', 0.20, '100%0.050.2', NULL, NULL),
	(124, 'CZ2022-0124', '2022-06-29', '', '', '0.1', 0.20, '0.2', NULL, NULL),
	(125, 'CZ2022-0125', '2022-06-29', '', '', '0.10.2', 0.20, '0.2', NULL, NULL),
	(126, 'CZ2022-0126', '2022-06-29', '', '', '', 0.20, '', NULL, NULL),
	(127, 'CZ2022-0127', '2022-06-29', '', '', '', 0.10, '', NULL, NULL),
	(128, 'CZ2022-0128', '2022-06-29', '', '', '', 0.10, '', NULL, NULL),
	(129, 'CZ2022-0129', '2022-06-29', '', '', '', 0.10, '', NULL, NULL),
	(130, 'CZ2022-0130', '2022-06-29', '', '', '25%', 0.10, '', NULL, NULL),
	(131, 'CZ2022-0131', '2022-06-29', '', '', '100%', 0.08, '100%', '100%', NULL),
	(132, 'CZ2022-0132', '2022-06-29', '', '', '', 0.12, '0.01,', NULL, NULL),
	(133, 'CZ2022-0133', '2022-06-29', '', '', '', 0.20, '100%0.20.02', NULL, NULL),
	(134, 'CZ2022-0134', '2022-06-29', '', '67.6', '67.6', 0.60, '10100%', '6.1', NULL),
	(135, 'CZ2022-0135', '2022-06-29', '', '79', '', 0.20, '202110202212100%', NULL, NULL),
	(136, 'CZ2022-0136', '2022-06-29', '', '79', '', 0.30, '202110202212100%', '8', NULL),
	(137, 'CZ2022-0137', '2022-06-29', '', '', '', 0.40, '9100%', '', NULL),
	(138, 'CZ2022-0138', '2022-06-29', '', '', '', 0.30, '1-30.340.2710.03', NULL, NULL),
	(139, 'CZ2022-0139', '2022-06-29', '', '', '', 0.05, '', NULL, NULL),
	(140, 'CZ2022-0140', '2022-06-29', '', '', '', 0.05, '', NULL, NULL),
	(141, 'CZ2022-0141', '2022-06-29', '', '', '', 0.05, '', NULL, NULL),
	(142, 'CZ2022-0142', '2022-06-29', '', '', '15050', 0.07, '', NULL, NULL),
	(143, 'CZ2022-0143', '2022-06-29', '', '', '', 0.08, '', '7%', NULL),
	(144, 'CZ2022-0144', '2022-06-29', '', '', '', 0.10, '100%100%100%0.01', NULL, NULL),
	(145, 'CZ2022-0145', '2022-06-29', '', '', '', 0.40, '10.410.04100%0.2', NULL, NULL),
	(146, 'CZ2022-0146', '2022-06-29', '', '', '', 0.20, '0.05/0.1/0.20.020.04', NULL, NULL),
	(147, 'CZ2022-0147', '2022-06-29', '', '', '', 0.20, '10.210.02', NULL, NULL),
	(148, 'CZ2022-0148', '2022-06-29', '', '', '', 0.40, '85%75%100%0.01', NULL, NULL),
	(149, 'CZ2022-0149', '2022-06-29', '', '', '', 0.30, '96%98%20220.30.03', NULL, NULL),
	(150, 'CZ2022-0150', '2022-06-29', '', '', 'PM2.5PM10O3', 0.30, '', NULL, NULL),
	(151, 'CZ2022-0151', '2022-06-29', '', '', '', 0.50, '', NULL, NULL),
	(152, 'CZ2022-0152', '2022-06-29', '', '', 'V', 0.20, '', NULL, NULL),
	(153, 'CZ2022-0153', '2022-06-29', '', '', '', 0.10, '', NULL, NULL),
	(154, 'CZ2022-0154', '2022-06-29', '', '', '', 0.25, '', NULL, NULL),
	(155, 'CZ2022-0155', '2022-06-29', '', '', '', 0.25, '', NULL, NULL),
	(156, 'CZ2022-0156', '2022-06-29', '', '', '', 0.20, '', NULL, NULL),
	(157, 'CZ2022-0157', '2022-06-29', '', '', '', 0.10, '', NULL, NULL),
	(158, 'CZ2022-0158', '2022-06-29', '', '', '', 0.10, '', NULL, NULL),
	(159, 'CZ2022-0159', '2022-06-29', '', '', '', 0.10, '', NULL, NULL),
	(160, 'CZ2022-0160', '2022-06-29', '', '', '', 0.70, '', NULL, NULL),
	(161, 'CZ2022-0161', '2022-06-29', '', '', '', 0.20, '', NULL, NULL),
	(162, 'CZ2022-0162', '2022-06-29', '', '', '', 0.20, '', NULL, NULL),
	(163, 'CZ2022-0163', '2022-06-29', '', '', '', 0.30, '', NULL, NULL),
	(164, 'CZ2022-0164', '2022-06-29', '', '', '', 0.05, '', '5', NULL),
	(165, 'CZ2022-0165', '2022-06-29', '', '', '5', 0.25, '', '5', NULL),
	(166, 'CZ2022-0166', '2022-06-29', '', '', '10.05', 0.20, '0.05', NULL, NULL),
	(167, 'CZ2022-0167', '2022-06-29', '', '', '', 0.05, '', NULL, NULL),
	(168, 'CZ2022-0168', '2022-06-29', '', '', '1', 0.05, '', NULL, NULL),
	(169, 'CZ2022-0169', '2022-06-29', '', '', '15%', 0.05, '', NULL, NULL),
	(170, 'CZ2022-0170', '2022-06-29', '', '', '12', 0.05, '', NULL, NULL),
	(171, 'CZ2022-0171', '2022-06-29', '', '', '50%', 0.05, '', NULL, NULL),
	(172, 'CZ2022-0172', '2022-06-29', '', '', '', 0.05, '', NULL, NULL),
	(173, 'CZ2022-0173', '2022-06-29', '', '', '1', 0.10, '', NULL, NULL),
	(174, 'CZ2022-0174', '2022-06-29', '', '', '1', 0.10, '', NULL, NULL),
	(175, 'CZ2022-0175', '2022-06-29', '', '', '', 0.02, '100%', '', NULL),
	(176, 'CZ2022-0176', '2022-06-29', '', '', '', 0.40, '100%', '100', NULL),
	(177, 'CZ2022-0177', '2022-06-29', '', '', '', 0.20, '100%0.1901-30.14-60.097-90.080.02', NULL, NULL),
	(178, 'CZ2022-0178', '2022-06-29', '', '', '12.7', 0.20, '100%', '3.2', NULL),
	(179, 'CZ2022-0179', '2022-06-29', '', '', '178.35000', 0.10, '100%', '21.3478', NULL),
	(180, 'CZ2022-0180', '2022-06-29', '', '', '', 0.20, '100%1-30.24-60.157-90.1104-90.05', NULL, NULL),
	(181, 'CZ2022-0181', '2022-06-29', '', '', '19', 0.10, '100%', '1', NULL),
	(182, 'CZ2022-0182', '2022-06-29', '', '', '5', 0.05, '100%', '1', NULL),
	(183, 'CZ2022-0183', '2022-06-29', '', '', '', 0.15, '100%', '240', NULL),
	(184, 'CZ2022-0184', '2022-06-29', '', '', '', 0.15, '100%', '', NULL),
	(185, 'CZ2022-0185', '2022-06-29', '', '', '', 0.30, '100%1-30.34-60.27-90.10.05', NULL, NULL),
	(186, 'CZ2022-0186', '2022-06-29', '', '', '', 0.15, '100%20221-30.154-60.17-90.050.01', NULL, NULL),
	(187, 'CZ2022-0187', '2022-06-29', '', '', '', 0.20, NULL, NULL, NULL),
	(188, 'CZ2022-0188', '2022-06-29', '', '', '', 0.20, '96%0.03', '96%', NULL),
	(189, 'CZ2022-0189', '2022-06-29', '', '99%65%', '99%65%', 0.20, '99%65%', '99%65%', NULL),
	(190, 'CZ2022-0190', '2022-06-29', '', '', '', 0.10, '100%', '100%', NULL),
	(191, 'CZ2022-0191', '2022-06-29', '', '', '', 0.20, '20%15%', '20%', NULL),
	(192, 'CZ2022-0192', '2022-06-29', '', '', '', 0.30, '300.020.005(0.1)0.10.0250.10.025', NULL, NULL),
	(193, 'CZ2022-0193', '2022-06-29', '', '', '', 0.20, '0.020.10.05', NULL, NULL),
	(194, 'CZ2022-0194', '2022-06-29', '', '', '', 0.30, '10.12', NULL, NULL),
	(195, 'CZ2022-0195', '2022-06-29', '', '', '', 0.20, '0.05-0.10.2', NULL, NULL),
	(196, 'CZ2022-0196', '2022-06-29', '', '', '', 0.30, NULL, NULL, NULL),
	(197, 'CZ2022-0197', '2022-06-29', '', '', '', 0.20, '0.110.0540%0.05', NULL, NULL),
	(198, 'CZ2022-0198', '2022-06-29', '', '', '', 0.30, '100%15%50%100%', NULL, NULL),
	(199, 'CZ2022-0199', '2022-06-29', '', '', '', 0.20, 'AED5AED1.5/1.3925%50%80%100%', NULL, NULL),
	(200, 'CZ2022-0200', '2022-06-29', '', '', '', 0.30, '50%202260%1', NULL, NULL),
	(201, 'CZ2022-0201', '2022-06-29', '', '1', '1', 0.20, '50%', '1', NULL),
	(202, 'CZ2022-0202', '2022-06-29', '', '', '', 0.10, '0.10.025()', '1', NULL),
	(203, 'CZ2022-0203', '2022-06-29', '', '', '', 0.10, '0.10.025()', '4', NULL),
	(204, 'CZ2022-0204', '2022-06-29', '', '411', '411', 0.20, '', '1', NULL),
	(205, 'CZ2022-0205', '2022-06-29', '', '', '', 0.10, '', '1', NULL),
	(206, 'CZ2022-0206', '2022-06-29', '', '', '', 0.40, '202221111', NULL, NULL),
	(207, 'CZ2022-0207', '2022-06-29', '', '10', '10', 0.30, '10', NULL, NULL),
	(208, 'CZ2022-0208', '2022-06-29', '', '', '', 0.20, '', NULL, NULL),
	(209, 'CZ2022-0209', '2022-06-29', '', '', '', 0.20, '', NULL, NULL),
	(210, 'CZ2022-0210', '2022-06-29', '', '3A', '3A', 0.20, '3A', NULL, NULL),
	(211, 'CZ2022-0211', '2022-06-29', '', '601', '601', 0.20, '601', NULL, NULL),
	(212, 'CZ2022-0212', '2022-06-29', '', '100%100%', '100%100%', 0.20, '100%100%', '100%', NULL),
	(213, 'CZ2022-0213', '2022-06-29', '', '', '100%2.04100%100%', 0.30, '100%2.04100%100%', NULL, NULL),
	(214, 'CZ2022-0214', '2022-06-29', '', '', '', 0.10, '60%', '60%', NULL),
	(215, 'CZ2022-0215', '2022-06-29', '', '', '', 0.10, '50%', '50%', NULL),
	(216, 'CZ2022-0216', '2022-06-29', '', '1', '1', 0.10, '1', '1', NULL),
	(217, 'CZ2022-0217', '2022-06-29', '', '', '', 0.10, '1', '1', NULL),
	(218, 'CZ2022-0218', '2022-06-29', '', '50', '50', 0.10, '50', '50', NULL),
	(219, 'CZ2022-0219', '2022-06-29', '', '2', '2', 0.20, '2', NULL, NULL),
	(220, 'CZ2022-0220', '2022-06-29', '', '2', '2', 0.20, '2', NULL, NULL),
	(221, 'CZ2022-0221', '2022-06-29', '', '3', '13', 0.20, '230013', NULL, NULL),
	(222, 'CZ2022-0222', '2022-06-29', '', '1171250%34', '1171250%34', 0.30, '1171250%34', NULL, NULL),
	(223, 'CZ2022-0223', '2022-06-29', '', '64010050', '64010050', 0.20, '64010050', '40', NULL),
	(224, 'CZ2022-0224', '2022-06-29', '', '100%90%', '100%90%', 0.10, '100%90%', NULL, NULL),
	(225, 'CZ2022-0225', '2022-06-29', '', '429[1]1212514121', '429[1]1212514121', 0.30, '429[1]1212514121', NULL, NULL),
	(226, 'CZ2022-0226', '2022-06-29', '', '', '', 0.20, '', NULL, NULL),
	(227, 'CZ2022-0227', '2022-06-29', '', '2110199110%', '2110199110%', 0.20, '2110199110%', NULL, NULL),
	(228, 'CZ2022-0228', '2022-06-29', '', '326912', '326912', 0.20, '326912', NULL, NULL),
	(229, 'CZ2022-0229', '2022-06-29', '', '2022', '2022', 2.50, '2022', NULL, NULL),
	(230, 'CZ2022-0230', '2022-06-29', '', '1-30.24-60.157-90.1', '1-30.24-60.157-90.1', 0.20, '1-30.24-60.157-90.1', NULL, NULL),
	(231, 'CZ2022-0231', '2022-06-29', '', '0.02590.210190.3200.40.40.0550.3100.40.40.20.40.1', '0.02590.210190.3200.40.40.0550.3100.40.40.20.40.1', 0.40, '0.02590.210190.3200.40.40.0550.3100.40.40.20.40.1', NULL, NULL),
	(232, 'CZ2022-0232', '2022-06-29', '', '', '', 0.30, '40.3450%4', NULL, NULL),
	(233, 'CZ2022-0233', '2022-06-29', '', '', '', 0.10, '0.025', NULL, NULL),
	(234, 'CZ2022-0234', '2022-06-29', '', '2022', '2022', 1.20, '2022', NULL, NULL),
	(235, 'CZ2022-0235', '2022-06-29', '', '', '', 0.20, '', NULL, NULL),
	(236, 'CZ2022-0236', '2022-06-29', '', '', '', 0.10, '', NULL, NULL),
	(237, 'CZ2022-0237', '2022-06-29', '', '', '', 0.10, '', NULL, NULL),
	(238, 'CZ2022-0238', '2022-06-29', '', '', '', 0.10, '95%90%', '95%90%', NULL),
	(239, 'CZ2022-0239', '2022-06-29', '', '', '', 0.20, '', NULL, NULL),
	(240, 'CZ2022-0240', '2022-06-29', '', '', '', 0.10, '', NULL, NULL),
	(241, 'CZ2022-0241', '2022-06-29', '', '137(', '137(', 0.10, '137(', NULL, NULL),
	(242, 'CZ2022-0242', '2022-06-29', '', '1121', '1121', 0.10, '1121', '1', NULL),
	(243, 'CZ2022-0243', '2022-06-29', '', '', '', 0.10, '', NULL, NULL),
	(244, 'CZ2022-0244', '2022-06-29', '', '0.2', '0.2', 0.20, '0.2', NULL, NULL),
	(245, 'CZ2022-0245', '2022-06-29', '', '10.05', '10.05', 0.10, '10.05', NULL, NULL),
	(246, 'CZ2022-0246', '2022-06-29', '', '', '', 0.10, '10.0510.02', NULL, NULL),
	(247, 'CZ2022-0247', '2022-06-29', '', '', '', 0.10, '0.05', NULL, NULL),
	(248, 'CZ2022-0248', '2022-06-29', '', '0.20.05', '0.20.05', 0.40, '0.20.05', NULL, NULL),
	(249, 'CZ2022-0249', '2022-06-29', '', '0.2', '0.2', 0.40, '0.2', NULL, NULL),
	(250, 'CZ2022-0250', '2022-06-29', '', '', '', 0.10, '0.10.1', NULL, NULL),
	(251, 'CZ2022-0251', '2022-06-29', '', '0.10.10.1', '0.10.10.1', 0.10, '0.10.10.1', NULL, NULL),
	(252, 'CZ2022-0252', '2022-06-29', '', '', '', 0.50, '2022', NULL, NULL);

INSERT INTO `ta_assessment_external` (`id`, `code`, `create_date`, `level_one`, `level_two`, `name`, `point`, `standard`) VALUES
	(3, 'EZ2022-0003', NULL, '', '', '', -1.00, '0.5 ');
INSERT INTO `ta_assessment_external` (`id`, `code`, `create_date`, `level_one`, `level_two`, `name`, `point`, `standard`) VALUES
	(4, 'EZ2022-0004', NULL, '', '', '', -0.10, '10.1'),
	(5, 'EZ2022-0005', NULL, '', '', '', -0.50, '0.25             '),
	(6, 'EZ2022-0006', NULL, '', '', '', -0.50, '0.1-0.5'),
	(7, 'EZ2022-0007', NULL, '', '', '', -0.25, '0.25');


INSERT INTO `ta_assessment_resp_department` (`assessment_id`, `resp_department_id`) VALUES
	(1, 14);
INSERT INTO `ta_assessment_resp_department` (`assessment_id`, `resp_department_id`) VALUES
	(2, 14),
	(3, 14),
	(4, 9),
	(4, 14),
	(5, 9),
	(5, 14),
	(6, 9),
	(6, 14),
	(7, 9),
	(7, 14),
	(8, 9),
	(8, 14),
	(9, 9),
	(9, 14),
	(10, 9),
	(10, 14),
	(11, 9),
	(11, 14),
	(12, 9),
	(12, 14),
	(13, 9),
	(13, 14),
	(14, 9),
	(14, 14),
	(15, 9),
	(15, 14),
	(16, 9),
	(16, 14),
	(17, 9),
	(17, 14),
	(18, 9),
	(18, 13),
	(19, 9),
	(19, 11),
	(19, 13),
	(19, 14),
	(20, 13),
	(21, 9),
	(21, 14),
	(22, 9),
	(22, 14),
	(23, 9),
	(23, 14),
	(24, 9),
	(24, 13),
	(24, 14),
	(25, 11),
	(26, 11),
	(26, 13),
	(26, 16),
	(26, 17),
	(27, 10),
	(27, 11),
	(28, 9),
	(29, 9),
	(30, 9),
	(31, 9),
	(32, 9),
	(32, 11),
	(32, 14),
	(33, 9),
	(33, 11),
	(33, 13),
	(33, 14),
	(34, 9),
	(34, 14),
	(35, 9),
	(35, 14),
	(36, 9),
	(36, 11),
	(36, 14),
	(36, 20),
	(37, 9),
	(37, 14),
	(38, 9),
	(39, 9),
	(40, 9),
	(41, 9),
	(42, 9),
	(43, 9),
	(44, 9),
	(45, 9),
	(46, 9),
	(47, 9),
	(48, 9),
	(49, 9),
	(50, 9),
	(51, 9),
	(52, 9),
	(53, 9),
	(54, 9),
	(55, 9),
	(56, 9),
	(56, 11),
	(57, 9),
	(57, 11),
	(58, 9),
	(58, 11),
	(59, 9),
	(60, 9),
	(61, 9),
	(62, 9),
	(63, 9),
	(64, 9),
	(65, 9),
	(66, 9),
	(67, 9),
	(68, 9),
	(69, 9),
	(70, 9),
	(71, 9),
	(72, 9),
	(73, 9),
	(74, 9),
	(75, 9),
	(76, 9),
	(77, 9),
	(78, 9),
	(78, 18),
	(79, 9),
	(79, 18),
	(80, 9),
	(80, 18),
	(81, 9),
	(81, 18),
	(82, 15),
	(83, 15),
	(84, 13),
	(85, 13),
	(86, 13),
	(87, 13),
	(88, 13),
	(89, 13),
	(90, 13),
	(91, 13),
	(92, 13),
	(93, 13),
	(94, 20),
	(95, 11),
	(95, 20),
	(96, 9),
	(96, 11),
	(96, 20),
	(97, 9),
	(98, 9),
	(99, 9),
	(100, 9),
	(101, 9),
	(102, 9),
	(103, 9),
	(104, 9),
	(105, 9),
	(105, 13),
	(105, 14),
	(106, 14),
	(107, 14),
	(108, 14),
	(109, 14),
	(110, 9),
	(110, 14),
	(111, 9),
	(111, 14),
	(112, 9),
	(112, 14),
	(113, 9),
	(113, 14),
	(114, 9),
	(114, 14),
	(115, 14),
	(116, 14),
	(117, 10),
	(118, 10),
	(119, 10),
	(120, 14),
	(120, 20),
	(121, 14),
	(121, 20),
	(122, 14),
	(122, 20),
	(123, 14),
	(123, 20),
	(124, 10),
	(124, 14),
	(124, 20),
	(125, 10),
	(125, 14),
	(125, 20),
	(126, 19),
	(127, 19),
	(128, 19),
	(129, 19),
	(130, 19),
	(131, 19),
	(132, 19),
	(133, 19),
	(134, 11),
	(135, 11),
	(136, 11),
	(137, 11),
	(138, 13),
	(139, 13),
	(140, 13),
	(141, 13),
	(142, 13),
	(143, 13),
	(144, 13),
	(145, 19),
	(146, 19),
	(147, 19),
	(148, 11),
	(149, 19),
	(150, 9),
	(150, 11),
	(150, 13),
	(150, 16),
	(150, 17),
	(150, 19),
	(151, 9),
	(151, 11),
	(151, 13),
	(151, 16),
	(151, 17),
	(151, 19),
	(152, 9),
	(152, 11),
	(152, 13),
	(152, 16),
	(152, 17),
	(152, 19),
	(153, 9),
	(153, 11),
	(153, 13),
	(153, 16),
	(153, 17),
	(153, 19),
	(154, 9),
	(154, 11),
	(154, 13),
	(154, 16),
	(154, 17),
	(154, 19),
	(155, 9),
	(155, 11),
	(155, 13),
	(155, 16),
	(155, 17),
	(155, 19),
	(156, 9),
	(156, 11),
	(156, 13),
	(156, 16),
	(156, 17),
	(156, 19),
	(157, 9),
	(157, 11),
	(157, 13),
	(157, 16),
	(157, 17),
	(157, 19),
	(158, 9),
	(158, 11),
	(158, 13),
	(158, 16),
	(158, 17),
	(158, 19),
	(159, 9),
	(159, 11),
	(159, 13),
	(159, 16),
	(159, 17),
	(159, 19),
	(160, 9),
	(160, 11),
	(160, 13),
	(160, 16),
	(160, 17),
	(160, 19),
	(161, 9),
	(161, 11),
	(161, 13),
	(161, 16),
	(161, 17),
	(161, 19),
	(162, 9),
	(162, 11),
	(162, 13),
	(162, 16),
	(162, 17),
	(162, 19),
	(163, 9),
	(163, 11),
	(163, 13),
	(163, 16),
	(163, 17),
	(163, 19),
	(164, 15),
	(165, 15),
	(166, 15),
	(167, 15),
	(168, 15),
	(169, 15),
	(170, 15),
	(171, 15),
	(172, 15),
	(173, 15),
	(174, 15),
	(175, 11),
	(176, 11),
	(177, 11),
	(178, 11),
	(179, 11),
	(179, 13),
	(180, 11),
	(180, 13),
	(181, 11),
	(182, 11),
	(183, 11),
	(184, 9),
	(184, 11),
	(184, 15),
	(184, 19),
	(185, 9),
	(185, 11),
	(185, 15),
	(185, 19),
	(186, 9),
	(186, 11),
	(186, 15),
	(186, 19),
	(187, 9),
	(188, 9),
	(189, 10),
	(190, 10),
	(191, 10),
	(192, 10),
	(193, 10),
	(194, 10),
	(195, 10),
	(196, 10),
	(197, 10),
	(198, 10),
	(199, 10),
	(200, 10),
	(201, 10),
	(202, 15),
	(203, 15),
	(204, 15),
	(205, 15),
	(206, 10),
	(206, 18),
	(207, 10),
	(208, 10),
	(209, 10),
	(210, 10),
	(211, 10),
	(212, 10),
	(213, 10),
	(214, 10),
	(215, 10),
	(216, 10),
	(217, 10),
	(218, 10),
	(219, 10),
	(220, 10),
	(221, 10),
	(222, 10),
	(223, 10),
	(224, 10),
	(225, 15),
	(226, 15),
	(227, 10),
	(228, 18),
	(229, 8),
	(230, 8),
	(231, 8),
	(232, 8),
	(233, 8),
	(234, 9),
	(234, 10),
	(234, 11),
	(234, 13),
	(234, 19),
	(235, 11),
	(236, 11),
	(237, 11),
	(238, 11),
	(239, 9),
	(239, 10),
	(239, 11),
	(239, 13),
	(239, 19),
	(240, 9),
	(240, 10),
	(240, 11),
	(240, 13),
	(240, 19),
	(241, 9),
	(241, 10),
	(241, 11),
	(241, 13),
	(241, 19),
	(242, 9),
	(242, 10),
	(242, 11),
	(242, 13),
	(242, 19),
	(244, 8),
	(244, 9),
	(244, 11),
	(244, 12),
	(245, 8),
	(245, 9),
	(245, 11),
	(245, 12),
	(246, 8),
	(246, 9),
	(246, 11),
	(246, 12),
	(247, 8),
	(247, 9),
	(247, 11),
	(247, 12),
	(248, 8),
	(249, 6),
	(249, 8),
	(250, 19),
	(251, 8),
	(252, 6);

INSERT INTO `ta_assessment_resp_user` (`assessment_id`, `resp_user_id`) VALUES
	(1, 5);
INSERT INTO `ta_assessment_resp_user` (`assessment_id`, `resp_user_id`) VALUES
	(1, 10),
	(1, 18),
	(1, 20),
	(2, 5),
	(2, 10),
	(2, 18),
	(2, 20),
	(3, 5),
	(3, 10),
	(3, 18),
	(3, 20),
	(4, 5),
	(4, 10),
	(4, 15),
	(4, 18),
	(4, 20),
	(5, 5),
	(5, 10),
	(5, 15),
	(5, 18),
	(5, 20),
	(6, 18),
	(6, 22),
	(7, 18),
	(7, 22),
	(8, 18),
	(8, 22),
	(9, 5),
	(9, 10),
	(9, 15),
	(9, 18),
	(9, 20),
	(10, 5),
	(10, 10),
	(10, 15),
	(10, 18),
	(10, 20),
	(11, 5),
	(11, 10),
	(11, 15),
	(11, 18),
	(11, 20),
	(12, 5),
	(12, 10),
	(12, 15),
	(12, 18),
	(12, 20),
	(13, 5),
	(13, 10),
	(13, 15),
	(13, 18),
	(13, 20),
	(14, 5),
	(14, 10),
	(14, 15),
	(14, 18),
	(14, 20),
	(15, 18),
	(15, 22),
	(16, 18),
	(16, 22),
	(17, 18),
	(17, 22),
	(18, 15),
	(18, 18),
	(18, 21),
	(19, 3),
	(19, 5),
	(19, 15),
	(19, 17),
	(19, 18),
	(19, 21),
	(20, 21),
	(21, 5),
	(21, 10),
	(21, 15),
	(21, 18),
	(21, 20),
	(22, 15),
	(23, 18),
	(24, 5),
	(24, 15),
	(24, 18),
	(24, 21),
	(25, 17),
	(26, 6),
	(26, 17),
	(26, 21),
	(27, 16),
	(27, 17),
	(28, 15),
	(29, 15),
	(30, 15),
	(31, 15),
	(32, 5),
	(32, 10),
	(32, 15),
	(32, 17),
	(32, 18),
	(32, 20),
	(33, 10),
	(33, 15),
	(33, 17),
	(33, 18),
	(33, 20),
	(33, 21),
	(34, 5),
	(34, 10),
	(34, 15),
	(34, 18),
	(34, 20),
	(35, 5),
	(35, 10),
	(35, 15),
	(35, 18),
	(35, 20),
	(36, 5),
	(36, 10),
	(36, 15),
	(36, 17),
	(36, 18),
	(36, 19),
	(36, 20),
	(37, 5),
	(37, 10),
	(37, 15),
	(37, 18),
	(37, 20),
	(38, 5),
	(38, 15),
	(38, 18),
	(39, 15),
	(40, 15),
	(41, 15),
	(42, 15),
	(43, 15),
	(44, 15),
	(45, 15),
	(46, 15),
	(47, 15),
	(48, 15),
	(49, 15),
	(50, 15),
	(51, 15),
	(52, 15),
	(53, 15),
	(54, 15),
	(55, 15),
	(56, 15),
	(56, 19),
	(57, 15),
	(57, 19),
	(58, 15),
	(58, 19),
	(59, 15),
	(60, 15),
	(61, 18),
	(61, 22),
	(62, 18),
	(62, 22),
	(63, 18),
	(63, 22),
	(64, 18),
	(64, 22),
	(65, 18),
	(65, 22),
	(66, 18),
	(66, 22),
	(67, 18),
	(67, 22),
	(68, 15),
	(69, 15),
	(70, 15),
	(71, 15),
	(72, 15),
	(73, 15),
	(74, 15),
	(75, 15),
	(76, 15),
	(77, 15),
	(78, 15),
	(79, 15),
	(80, 15),
	(81, 15),
	(82, 9),
	(83, 9),
	(84, 21),
	(85, 21),
	(86, 21),
	(87, 21),
	(88, 21),
	(89, 21),
	(90, 21),
	(91, 21),
	(92, 21),
	(93, 21),
	(94, 17),
	(95, 17),
	(95, 19),
	(96, 15),
	(96, 17),
	(96, 19),
	(97, 15),
	(98, 15),
	(99, 15),
	(100, 15),
	(101, 15),
	(102, 15),
	(103, 15),
	(104, 15),
	(105, 15),
	(105, 18),
	(105, 21),
	(106, 18),
	(107, 18),
	(108, 18),
	(109, 18),
	(110, 15),
	(110, 18),
	(111, 15),
	(111, 18),
	(112, 15),
	(112, 18),
	(113, 15),
	(113, 18),
	(114, 15),
	(114, 18),
	(115, 18),
	(116, 18),
	(117, 16),
	(118, 16),
	(119, 16),
	(120, 5),
	(120, 10),
	(120, 17),
	(120, 18),
	(120, 20),
	(121, 5),
	(121, 10),
	(121, 17),
	(121, 18),
	(121, 20),
	(122, 5),
	(122, 10),
	(122, 17),
	(122, 18),
	(122, 20),
	(123, 5),
	(123, 10),
	(123, 17),
	(123, 18),
	(123, 20),
	(124, 5),
	(124, 10),
	(124, 16),
	(124, 17),
	(124, 18),
	(124, 20),
	(125, 5),
	(125, 10),
	(125, 16),
	(125, 17),
	(125, 18),
	(125, 20),
	(126, 11),
	(127, 11),
	(128, 11),
	(129, 11),
	(130, 11),
	(131, 11),
	(132, 11),
	(133, 11),
	(134, 17),
	(135, 17),
	(136, 17),
	(137, 17),
	(138, 21),
	(139, 21),
	(140, 21),
	(141, 21),
	(142, 21),
	(143, 21),
	(144, 21),
	(145, 12),
	(146, 12),
	(147, 12),
	(148, 19),
	(149, 12),
	(150, 6),
	(150, 11),
	(150, 15),
	(150, 17),
	(150, 21),
	(151, 6),
	(151, 11),
	(151, 15),
	(151, 17),
	(151, 21),
	(152, 6),
	(152, 11),
	(152, 15),
	(152, 17),
	(152, 21),
	(153, 6),
	(153, 11),
	(153, 15),
	(153, 17),
	(153, 21),
	(154, 6),
	(154, 11),
	(154, 15),
	(154, 17),
	(154, 21),
	(155, 6),
	(155, 11),
	(155, 15),
	(155, 17),
	(155, 21),
	(156, 6),
	(156, 11),
	(156, 15),
	(156, 17),
	(156, 21),
	(157, 6),
	(157, 11),
	(157, 15),
	(157, 17),
	(157, 21),
	(158, 6),
	(158, 11),
	(158, 15),
	(158, 17),
	(158, 21),
	(159, 6),
	(159, 11),
	(159, 15),
	(159, 17),
	(159, 21),
	(160, 6),
	(160, 11),
	(160, 15),
	(160, 17),
	(160, 21),
	(161, 6),
	(161, 11),
	(161, 15),
	(161, 17),
	(161, 21),
	(162, 6),
	(162, 11),
	(162, 15),
	(162, 17),
	(162, 21),
	(163, 6),
	(163, 11),
	(163, 15),
	(163, 17),
	(163, 21),
	(164, 9),
	(165, 9),
	(166, 9),
	(167, 9),
	(168, 9),
	(169, 9),
	(170, 9),
	(171, 9),
	(172, 9),
	(173, 9),
	(174, 9),
	(175, 17),
	(176, 19),
	(177, 17),
	(178, 17),
	(179, 17),
	(179, 21),
	(180, 17),
	(180, 21),
	(181, 17),
	(182, 17),
	(183, 17),
	(184, 6),
	(184, 9),
	(184, 11),
	(184, 12),
	(184, 17),
	(185, 6),
	(185, 9),
	(185, 11),
	(185, 12),
	(185, 17),
	(186, 6),
	(186, 9),
	(186, 11),
	(186, 12),
	(186, 17),
	(187, 15),
	(188, 15),
	(189, 16),
	(190, 16),
	(191, 16),
	(192, 16),
	(193, 16),
	(194, 16),
	(195, 16),
	(196, 16),
	(197, 16),
	(198, 16),
	(199, 16),
	(200, 16),
	(201, 16),
	(202, 9),
	(203, 9),
	(204, 9),
	(205, 9),
	(206, 15),
	(206, 16),
	(207, 16),
	(208, 16),
	(209, 16),
	(210, 16),
	(211, 16),
	(212, 16),
	(213, 16),
	(214, 16),
	(215, 16),
	(216, 16),
	(217, 16),
	(218, 16),
	(219, 16),
	(220, 16),
	(221, 16),
	(222, 16),
	(223, 16),
	(224, 12),
	(224, 16),
	(225, 9),
	(226, 9),
	(227, 16),
	(228, 16),
	(229, 6),
	(229, 11),
	(230, 6),
	(230, 11),
	(231, 6),
	(231, 11),
	(232, 6),
	(232, 11),
	(233, 6),
	(233, 11),
	(234, 6),
	(234, 12),
	(234, 15),
	(234, 16),
	(234, 17),
	(234, 21),
	(235, 17),
	(236, 17),
	(237, 17),
	(238, 17),
	(239, 6),
	(239, 12),
	(239, 15),
	(239, 16),
	(239, 17),
	(239, 21),
	(240, 6),
	(240, 12),
	(240, 15),
	(240, 16),
	(240, 17),
	(240, 21),
	(241, 6),
	(241, 12),
	(241, 15),
	(241, 16),
	(241, 17),
	(241, 21),
	(242, 6),
	(242, 12),
	(242, 15),
	(242, 16),
	(242, 17),
	(242, 21),
	(243, 6),
	(244, 6),
	(244, 11),
	(244, 15),
	(244, 17),
	(245, 6),
	(245, 11),
	(245, 15),
	(245, 17),
	(246, 6),
	(246, 11),
	(246, 15),
	(246, 17),
	(247, 6),
	(247, 11),
	(247, 15),
	(247, 17),
	(248, 6),
	(249, 6),
	(250, 6),
	(250, 12),
	(251, 6),
	(251, 11),
	(252, 6);

INSERT INTO `ta_plan` (`id`, `code`, `status`, `update_time`, `assessment_id`, `department_id`, `user_id`) VALUES
	(2, 'JH2022-0001', 'AWAITING_REVIEW', '2022-07-19 15:54:39.081524', 230, 8, 48);

INSERT INTO `ta_plan_detail` (`id`, `end_date`, `name`, `remark`, `start_date`, `value`, `value_type`, `plan_id`, `task_id`, `user_id`) VALUES
	(2, '2022-12-31', '', NULL, '2022-01-01', '', NULL, 2, 2, 321);

INSERT INTO `ta_task` (`id`, `progress`, `remark`, `status`, `update_time`, `value`, `value_type`) VALUES
	(2, 0, NULL, 'NONE_REVIEW', '2022-07-19 15:54:39.081524', NULL, NULL);

INSERT INTO `user` (`id`, `name`, `privilege`, `station`, `user_order`, `department_id`, `parent_id`, `password`, `gender`, `is_deleted`, `phone`) VALUES
	(-999, 'admin', 'ADMIN', '', NULL, -999, NULL, NULL, NULL, NULL, NULL);
INSERT INTO `user` (`id`, `name`, `privilege`, `station`, `user_order`, `department_id`, `parent_id`, `password`, `gender`, `is_deleted`, `phone`) VALUES
	(1, '', 'DEPT', '', NULL, 1, NULL, '123abc', NULL, NULL, NULL),
	(2, '', 'FIRST', '', NULL, 2, NULL, NULL, NULL, NULL, NULL),
	(3, '', 'DOUBLE', '', NULL, 3, NULL, NULL, NULL, NULL, NULL),
	(4, '', 'DOUBLE', '', NULL, 3, NULL, NULL, NULL, NULL, NULL),
	(5, '', 'DOUBLE', ' ()', NULL, 3, NULL, 'hy1415926', NULL, NULL, NULL),
	(6, '', 'DOUBLE', ' ()', NULL, 3, NULL, 'jlm031128', NULL, NULL, NULL),
	(7, '', 'DOUBLE', '', NULL, 3, NULL, '770608aa', NULL, NULL, NULL),
	(8, '', 'DOUBLE', ' ()', NULL, 3, NULL, '860522sxy', NULL, NULL, NULL),
	(9, '', 'DOUBLE', ' ()', NULL, 3, NULL, NULL, NULL, NULL, NULL),
	(10, '', 'DOUBLE', ' ()', NULL, 3, NULL, 'wuxf123456', NULL, NULL, NULL),
	(11, '', 'DOUBLE', ' ()', NULL, 3, NULL, 'zsp134679', NULL, NULL, NULL),
	(12, '', 'DOUBLE', '', NULL, 3, NULL, NULL, NULL, NULL, NULL),
	(13, '', 'DOUBLE', '', NULL, 3, NULL, NULL, NULL, NULL, NULL),
	(14, '', 'DOUBLE', '', NULL, 3, NULL, NULL, NULL, NULL, NULL),
	(15, '', 'DOUBLE', ' ()', NULL, 3, NULL, 'panqh302', NULL, NULL, NULL),
	(16, '', 'DOUBLE', ' ()', NULL, 3, NULL, 'QAZ7895123', NULL, NULL, NULL),
	(17, '', 'DOUBLE', ' ()', NULL, 3, NULL, 'swh639285', NULL, NULL, NULL),
	(18, '', 'DOUBLE', ' ()', NULL, 3, NULL, '092116cherish', NULL, NULL, NULL),
	(19, '', 'DOUBLE', ' ()', NULL, 3, NULL, 'zbq123456', NULL, NULL, NULL),
	(20, '', 'DOUBLE', ' ()', NULL, 3, NULL, 'yf20021111', NULL, NULL, NULL),
	(21, '', 'DOUBLE', ' ()', NULL, 3, NULL, NULL, NULL, NULL, NULL),
	(22, '', 'DOUBLE', ' ()', NULL, 3, NULL, NULL, NULL, NULL, NULL),
	(23, '', 'DOUBLE', ' ()', NULL, 3, NULL, NULL, NULL, NULL, NULL),
	(24, '', 'DOUBLE', ' ()', NULL, 3, NULL, NULL, NULL, NULL, NULL),
	(25, '', 'DOUBLE', ' ()', NULL, 3, NULL, NULL, NULL, NULL, NULL),
	(26, '', 'DOUBLE', ' ()', NULL, 3, NULL, NULL, NULL, NULL, NULL),
	(27, '', 'DOUBLE', ' ()', NULL, 3, NULL, NULL, NULL, NULL, NULL),
	(28, '', 'DEPT_J', '', NULL, 4, NULL, '123abc', NULL, NULL, NULL),
	(29, '', 'DEPT_Z', '', NULL, 5, NULL, '123abc', NULL, NULL, NULL),
	(30, '', 'FIRST', '', NULL, 6, NULL, 'rkb19851003', NULL, NULL, NULL),
	(31, '', 'DOUBLE', '', NULL, 6, NULL, NULL, NULL, NULL, NULL),
	(32, '', NULL, '', NULL, 6, NULL, 'C737589', NULL, NULL, NULL),
	(33, '', NULL, '', NULL, 6, NULL, NULL, NULL, NULL, NULL),
	(34, '', NULL, '', NULL, 6, NULL, NULL, NULL, NULL, NULL),
	(35, '', NULL, 'OA', NULL, 6, NULL, NULL, NULL, NULL, NULL),
	(36, '', NULL, '', NULL, 6, NULL, NULL, NULL, NULL, NULL),
	(37, '', NULL, '', NULL, 6, NULL, 'sting312', NULL, NULL, NULL),
	(38, '', NULL, '', NULL, 6, NULL, NULL, NULL, NULL, NULL),
	(39, '', NULL, '', NULL, 6, NULL, 'Wh199412', NULL, NULL, NULL),
	(40, '', 'FIRST', '', NULL, 7, NULL, NULL, NULL, NULL, NULL),
	(41, '', NULL, '', NULL, 7, NULL, NULL, NULL, NULL, NULL),
	(42, '', NULL, '', NULL, 7, NULL, 'sxm1998', NULL, NULL, NULL),
	(44, '', NULL, '', NULL, 7, NULL, NULL, NULL, NULL, NULL),
	(45, '', NULL, '', NULL, 7, NULL, NULL, NULL, NULL, NULL),
	(46, '', NULL, '', NULL, 7, NULL, NULL, NULL, NULL, NULL),
	(48, '', 'FIRST', '', NULL, 8, NULL, NULL, NULL, NULL, NULL),
	(49, '', 'DOUBLE', '', NULL, 8, NULL, NULL, NULL, NULL, NULL),
	(50, '', 'DOUBLE', '', NULL, 8, NULL, 'bbzz110', NULL, NULL, NULL),
	(51, '', NULL, '', NULL, 8, NULL, NULL, NULL, NULL, NULL),
	(52, '', NULL, '', NULL, 8, NULL, NULL, NULL, NULL, NULL),
	(53, '', NULL, '', NULL, 8, NULL, NULL, NULL, NULL, NULL),
	(54, '', NULL, '', NULL, 8, NULL, NULL, NULL, NULL, NULL),
	(55, '', NULL, '', NULL, 8, NULL, NULL, NULL, NULL, NULL),
	(56, '', NULL, '', NULL, 8, NULL, 'whj938145', NULL, NULL, NULL),
	(57, '', NULL, '12349', NULL, 8, NULL, NULL, NULL, NULL, NULL),
	(58, '', NULL, '', NULL, 8, NULL, NULL, NULL, NULL, NULL),
	(59, '', NULL, '', NULL, 8, NULL, 'qie19920819', NULL, NULL, NULL),
	(60, '', NULL, '', NULL, 8, NULL, NULL, NULL, NULL, NULL),
	(61, '', NULL, '', NULL, 8, NULL, NULL, NULL, NULL, NULL),
	(62, '', NULL, '', NULL, 8, NULL, NULL, NULL, NULL, NULL),
	(63, '', NULL, '', NULL, 8, NULL, NULL, NULL, NULL, NULL),
	(64, '', NULL, '', NULL, 8, NULL, NULL, NULL, NULL, NULL),
	(65, '', NULL, '', NULL, 8, NULL, NULL, NULL, NULL, NULL),
	(66, '', NULL, '', NULL, 8, NULL, NULL, NULL, NULL, NULL),
	(67, '', NULL, '', NULL, 8, NULL, NULL, NULL, NULL, NULL),
	(68, '', NULL, '', NULL, 8, NULL, NULL, NULL, NULL, NULL),
	(69, '', NULL, '', NULL, 8, NULL, NULL, NULL, NULL, NULL),
	(70, '', NULL, '', NULL, 8, NULL, NULL, NULL, NULL, NULL),
	(71, '', NULL, '', NULL, 8, NULL, NULL, NULL, NULL, NULL),
	(72, '', NULL, '', NULL, 8, NULL, 'CHENguowei711228', NULL, NULL, NULL),
	(73, '', NULL, '', NULL, 8, NULL, NULL, NULL, NULL, NULL),
	(74, '', NULL, '', NULL, 8, NULL, NULL, NULL, NULL, NULL),
	(75, '', 'FIRST', '', NULL, 9, NULL, NULL, NULL, NULL, NULL),
	(76, '', 'DOUBLE', '', NULL, 9, NULL, NULL, NULL, NULL, NULL),
	(77, '', 'DOUBLE', '', NULL, 9, NULL, NULL, NULL, NULL, NULL),
	(78, '', 'DOUBLE', '', NULL, 9, NULL, NULL, NULL, NULL, NULL),
	(79, '', NULL, '', NULL, 9, NULL, NULL, NULL, NULL, NULL),
	(80, '', NULL, '', NULL, 9, NULL, 'Sky6786713', NULL, NULL, NULL),
	(81, '', NULL, '()', NULL, 9, NULL, 'qmt886785428', NULL, NULL, NULL),
	(82, '', NULL, '', NULL, 9, NULL, 'a123371182', NULL, NULL, NULL),
	(83, '', NULL, '', NULL, 9, NULL, '9302lovelyt', NULL, NULL, NULL),
	(84, '', NULL, '', NULL, 9, NULL, NULL, NULL, NULL, NULL),
	(85, '', NULL, '', NULL, 9, NULL, 'zqyaijxd1211', NULL, NULL, NULL),
	(86, '', NULL, '', NULL, 9, NULL, NULL, NULL, NULL, NULL),
	(87, '', NULL, '', NULL, 9, NULL, NULL, NULL, NULL, NULL),
	(88, '', NULL, '', NULL, 9, NULL, NULL, NULL, NULL, NULL),
	(89, '', NULL, '', NULL, 9, NULL, NULL, NULL, NULL, NULL),
	(90, '', NULL, '', NULL, 9, NULL, 'wangyu199302', NULL, NULL, NULL),
	(91, '', NULL, '', NULL, 9, NULL, NULL, NULL, NULL, NULL),
	(92, '', NULL, '', NULL, 9, NULL, 'Bb258963', NULL, NULL, NULL),
	(93, '', NULL, '', NULL, 9, NULL, 'shan1020qiong', NULL, NULL, NULL),
	(94, '', NULL, '', NULL, 9, NULL, NULL, NULL, NULL, NULL),
	(95, '', NULL, '', NULL, 9, NULL, 'chenlong0704', NULL, NULL, NULL),
	(96, '', NULL, '', NULL, 9, NULL, NULL, NULL, NULL, NULL),
	(97, '', NULL, '', NULL, 9, NULL, NULL, NULL, NULL, NULL),
	(98, '', 'FIRST', '', NULL, 10, NULL, NULL, NULL, NULL, NULL),
	(99, '', 'DOUBLE', '', NULL, 10, NULL, 'wym970101', NULL, NULL, NULL),
	(100, '', NULL, '', NULL, 10, NULL, NULL, NULL, NULL, NULL),
	(101, '', 'DOUBLE', '', NULL, 10, NULL, 'j123456', NULL, NULL, NULL),
	(102, '', NULL, '', NULL, 10, NULL, NULL, NULL, NULL, NULL),
	(103, '', NULL, '', NULL, 10, NULL, NULL, NULL, NULL, NULL),
	(104, '', 'DOUBLE', '', NULL, 6, NULL, 'fy09061110', NULL, NULL, NULL),
	(105, '', NULL, '', NULL, 10, NULL, NULL, NULL, NULL, NULL),
	(106, '', NULL, '', NULL, 10, NULL, NULL, NULL, NULL, NULL),
	(107, '', NULL, '', NULL, 10, NULL, NULL, NULL, NULL, NULL),
	(108, '', NULL, '', NULL, 10, NULL, 'cw112233', NULL, NULL, NULL),
	(109, '', NULL, '', NULL, 10, NULL, 'Aa123456', NULL, NULL, NULL),
	(110, '', 'DOUBLE', '', NULL, 10, NULL, NULL, NULL, NULL, NULL),
	(111, '', NULL, '', NULL, 10, NULL, 'hjy123456', NULL, NULL, NULL),
	(112, '', NULL, '', NULL, 10, NULL, NULL, NULL, NULL, NULL),
	(113, '', NULL, '', NULL, 10, NULL, NULL, NULL, NULL, NULL),
	(114, '', NULL, '', NULL, 10, NULL, NULL, NULL, NULL, NULL),
	(115, '', NULL, '', NULL, 10, NULL, 'yanjing985', NULL, NULL, NULL),
	(116, '', 'FIRST', '', NULL, 11, NULL, 'Jwb8788Yhq', NULL, NULL, NULL),
	(117, '', 'DOUBLE', '', NULL, 11, NULL, NULL, NULL, NULL, NULL),
	(118, '', 'DOUBLE', '', NULL, 11, NULL, 'swj860102', NULL, NULL, NULL),
	(119, '', NULL, '', NULL, 11, NULL, NULL, NULL, NULL, NULL),
	(120, '', NULL, '', NULL, 11, NULL, NULL, NULL, NULL, NULL),
	(121, '', NULL, '', NULL, 11, NULL, NULL, NULL, NULL, NULL),
	(122, '', NULL, 'G528', NULL, 7, NULL, 'xym836809', NULL, NULL, NULL),
	(123, '', NULL, '', NULL, 11, NULL, 'cjb123456', NULL, NULL, NULL),
	(124, '', NULL, '', NULL, 11, NULL, NULL, NULL, NULL, NULL),
	(125, '', NULL, '', NULL, 11, NULL, '19931001zh', NULL, NULL, NULL),
	(126, '', NULL, '', NULL, 11, NULL, NULL, NULL, NULL, NULL),
	(127, '', NULL, '', NULL, 11, NULL, NULL, NULL, NULL, NULL),
	(128, '', NULL, '', NULL, 11, NULL, 'zyf692661', NULL, NULL, NULL),
	(129, '', NULL, '', NULL, 11, NULL, NULL, NULL, NULL, NULL),
	(130, '', NULL, '', NULL, 11, NULL, 'dy1281922824', NULL, NULL, NULL),
	(131, '', NULL, '', NULL, 11, NULL, NULL, NULL, NULL, NULL),
	(132, '', NULL, '', NULL, 11, NULL, NULL, NULL, NULL, NULL),
	(133, '', NULL, '', NULL, 11, NULL, NULL, NULL, NULL, NULL),
	(134, '', 'FIRST', '', NULL, 32, NULL, 'zbq123456', NULL, NULL, NULL),
	(135, '', NULL, '', NULL, 11, NULL, NULL, NULL, NULL, NULL),
	(136, '', NULL, '', NULL, 11, NULL, 'xb661581', NULL, NULL, NULL),
	(137, '', NULL, '', NULL, 11, NULL, NULL, NULL, NULL, NULL),
	(138, '', NULL, '', NULL, 11, NULL, 'zxq446770230qq', NULL, NULL, NULL),
	(139, '', 'DOUBLE', '', NULL, 32, NULL, 'zbq123456', NULL, NULL, NULL),
	(140, '', NULL, '', NULL, 11, NULL, NULL, NULL, NULL, NULL),
	(141, '', NULL, '', NULL, 11, NULL, NULL, NULL, NULL, NULL),
	(142, '', NULL, '', NULL, 11, NULL, 'qian1020', NULL, NULL, NULL),
	(143, '', 'FIRST', '', NULL, 12, NULL, NULL, NULL, NULL, NULL),
	(144, '', NULL, '', NULL, 12, NULL, NULL, NULL, NULL, NULL),
	(145, '', 'DOUBLE', '', NULL, 12, NULL, 'syj123456', NULL, NULL, NULL),
	(146, '', NULL, ' ', NULL, 12, NULL, NULL, NULL, NULL, NULL),
	(147, '', NULL, '', NULL, 12, NULL, NULL, NULL, NULL, NULL),
	(148, '', NULL, '10', NULL, 11, NULL, NULL, NULL, NULL, NULL),
	(149, '', NULL, '9', NULL, 10, NULL, NULL, NULL, NULL, NULL),
	(150, '', NULL, '', NULL, 12, NULL, NULL, NULL, NULL, NULL),
	(151, '', 'DOUBLE', '', NULL, 12, NULL, NULL, NULL, NULL, NULL),
	(152, '', NULL, '', NULL, 12, NULL, NULL, NULL, NULL, NULL),
	(153, '', NULL, '10', NULL, 12, NULL, NULL, NULL, NULL, NULL),
	(155, '', 'FIRST', '', NULL, 13, NULL, NULL, NULL, NULL, NULL),
	(156, '', 'DOUBLE', '', NULL, 13, NULL, '1', NULL, NULL, NULL),
	(157, '', NULL, '', NULL, 13, NULL, NULL, NULL, NULL, NULL),
	(158, '', 'DOUBLE', '', NULL, 13, NULL, NULL, NULL, NULL, NULL),
	(160, '', NULL, '', NULL, 13, NULL, NULL, NULL, NULL, NULL),
	(161, '', NULL, '', NULL, 13, NULL, NULL, NULL, NULL, NULL),
	(162, '', NULL, '', NULL, 13, NULL, 'Y851303', NULL, NULL, NULL),
	(163, '', NULL, '', NULL, 13, NULL, 'zg123456', NULL, NULL, NULL),
	(164, '', NULL, '', NULL, 13, NULL, 'xk561783', NULL, NULL, NULL),
	(165, '', 'DOUBLE', '', NULL, 13, NULL, NULL, NULL, NULL, NULL),
	(166, '', NULL, '', NULL, 13, NULL, NULL, NULL, NULL, NULL),
	(167, '', NULL, '', NULL, 13, NULL, NULL, NULL, NULL, NULL),
	(168, '', NULL, '', NULL, 13, NULL, NULL, NULL, NULL, NULL),
	(169, '', NULL, '', NULL, 13, NULL, 'yxf061230', NULL, NULL, NULL),
	(170, '', NULL, '', NULL, 13, NULL, NULL, NULL, NULL, NULL),
	(171, '', NULL, '', NULL, 13, NULL, NULL, NULL, NULL, NULL),
	(172, '', 'FIRST', '', NULL, 14, NULL, NULL, NULL, NULL, NULL),
	(173, '', 'DOUBLE', '', NULL, 14, NULL, NULL, NULL, NULL, NULL),
	(174, '', 'DOUBLE', '', NULL, 14, NULL, 'czh191126', NULL, NULL, NULL),
	(175, '', NULL, '', NULL, 14, NULL, NULL, NULL, NULL, NULL),
	(176, '', 'DOUBLE', '', NULL, 14, NULL, 'zwz820616', NULL, NULL, NULL),
	(177, '', NULL, '', NULL, 14, NULL, NULL, NULL, NULL, NULL),
	(178, '', NULL, '', NULL, 14, NULL, NULL, NULL, NULL, NULL),
	(179, '', NULL, '', NULL, 14, NULL, '930805ABCd', NULL, NULL, NULL),
	(180, '', NULL, '', NULL, 14, NULL, 'zst19970309', NULL, NULL, NULL),
	(181, '', NULL, '', NULL, 14, NULL, NULL, NULL, NULL, NULL),
	(182, '', NULL, '', NULL, 14, NULL, 'dan9719', NULL, NULL, NULL),
	(183, '', NULL, '', NULL, 14, NULL, 'ruirui0119zhuo', NULL, NULL, NULL),
	(184, '', NULL, '', NULL, 14, NULL, NULL, NULL, NULL, NULL),
	(185, '', NULL, '', NULL, 14, NULL, NULL, NULL, NULL, NULL),
	(186, '', 'FIRST', '', NULL, 15, NULL, '1984114516shen', NULL, NULL, NULL),
	(187, '', 'DOUBLE', '', NULL, 15, NULL, NULL, NULL, NULL, NULL),
	(188, '', NULL, '', NULL, 15, NULL, 'Syy19930908', NULL, NULL, NULL),
	(189, '', NULL, '', NULL, 15, NULL, NULL, NULL, NULL, NULL),
	(190, '', NULL, '', NULL, 15, NULL, NULL, NULL, NULL, NULL),
	(191, '', NULL, '', NULL, 15, NULL, NULL, NULL, NULL, NULL),
	(192, '', NULL, '', NULL, 15, NULL, NULL, NULL, NULL, NULL),
	(193, '', NULL, '', NULL, 15, NULL, NULL, NULL, NULL, NULL),
	(194, '', NULL, '', NULL, 15, NULL, NULL, NULL, NULL, NULL),
	(195, '', NULL, '', NULL, 15, NULL, NULL, NULL, NULL, NULL),
	(196, '', NULL, '', NULL, 15, NULL, NULL, NULL, NULL, NULL),
	(197, '', NULL, '', NULL, 15, NULL, NULL, NULL, NULL, NULL),
	(198, '', NULL, '', NULL, 15, NULL, NULL, NULL, NULL, NULL),
	(199, '', NULL, '', NULL, 15, NULL, '1114924648cn', NULL, NULL, NULL),
	(200, '', NULL, '', NULL, 15, NULL, NULL, NULL, NULL, NULL),
	(201, '', NULL, '', NULL, 15, NULL, NULL, NULL, NULL, NULL),
	(202, '', 'FIRST', '', NULL, 16, NULL, 'li6811630', NULL, NULL, NULL),
	(203, '', 'FIRST', '', NULL, 17, NULL, 'abc123456', NULL, NULL, NULL),
	(204, '', NULL, '', NULL, 17, NULL, NULL, NULL, NULL, NULL),
	(205, '', NULL, '', NULL, 17, NULL, '86336123sun', NULL, NULL, NULL),
	(206, '', NULL, '', NULL, 17, NULL, 'xuxiao115006', NULL, NULL, NULL),
	(207, '', 'FIRST', '', NULL, 18, NULL, 'xjg123456', NULL, NULL, NULL),
	(208, '', 'DOUBLE', '', NULL, 18, NULL, 'zzl123456', NULL, NULL, NULL),
	(209, '', 'DOUBLE', '', NULL, 18, NULL, 'zj86513902', NULL, NULL, NULL),
	(210, '', NULL, '', NULL, 18, NULL, NULL, NULL, NULL, NULL),
	(211, '', NULL, '', NULL, 18, NULL, NULL, NULL, NULL, NULL),
	(212, '', NULL, '', NULL, 18, NULL, 'Zyw86778160', NULL, NULL, NULL),
	(213, '', NULL, '', NULL, 18, NULL, NULL, NULL, NULL, NULL),
	(214, '', NULL, '', NULL, 18, NULL, NULL, NULL, NULL, NULL),
	(215, '', 'FIRST', '', NULL, 19, NULL, 'qianxuefei216', NULL, NULL, NULL),
	(216, '', NULL, '', NULL, 19, NULL, 'cch19940404', NULL, NULL, NULL),
	(217, '', NULL, '', NULL, 19, NULL, NULL, NULL, NULL, NULL),
	(218, '', NULL, '', NULL, 19, NULL, NULL, NULL, NULL, NULL),
	(219, '', NULL, '', NULL, 19, NULL, NULL, NULL, NULL, NULL),
	(220, '', NULL, '', NULL, 19, NULL, 'shuning636699', NULL, NULL, NULL),
	(221, '', NULL, '', NULL, 19, NULL, 'xhp680806', NULL, NULL, NULL),
	(222, '', NULL, '', NULL, 19, NULL, 'shen1124', NULL, NULL, NULL),
	(223, '', NULL, '', NULL, 19, NULL, NULL, NULL, NULL, NULL),
	(224, '', NULL, '', NULL, 19, NULL, '123456glt', NULL, NULL, NULL),
	(225, '', NULL, '', NULL, 19, NULL, NULL, NULL, NULL, NULL),
	(226, '', 'DOUBLE', '', NULL, 27, NULL, NULL, NULL, NULL, NULL),
	(227, '', NULL, '', NULL, 19, NULL, '2012123jj', NULL, NULL, NULL),
	(228, '', NULL, '', NULL, 19, NULL, NULL, NULL, NULL, NULL),
	(229, '', NULL, '', NULL, 19, NULL, NULL, NULL, NULL, NULL),
	(230, '', NULL, '', NULL, 19, NULL, NULL, NULL, NULL, NULL),
	(231, '', NULL, '', NULL, 19, NULL, NULL, NULL, NULL, NULL),
	(232, '', NULL, '', NULL, 19, NULL, NULL, NULL, NULL, NULL),
	(233, '', NULL, '', NULL, 19, NULL, NULL, NULL, NULL, NULL),
	(234, '', NULL, '', NULL, 19, NULL, '126991Zz', NULL, NULL, NULL),
	(235, '', NULL, '', NULL, 19, NULL, 'zxjcy1614', NULL, NULL, NULL),
	(236, '', 'FIRST', '', NULL, 20, NULL, NULL, NULL, NULL, NULL),
	(237, '', NULL, '', NULL, 20, NULL, 'Dgs880523', NULL, NULL, NULL),
	(238, '', NULL, '', NULL, 20, NULL, NULL, NULL, NULL, NULL),
	(239, '', 'DOUBLE', '', NULL, 20, NULL, NULL, NULL, NULL, NULL),
	(240, '', NULL, '', NULL, 20, NULL, NULL, NULL, NULL, NULL),
	(241, '', 'NORMAL', '', NULL, 13, NULL, 'bbsq123456', NULL, NULL, NULL),
	(242, '', 'FIRST', '', NULL, 21, NULL, NULL, NULL, NULL, NULL),
	(243, '', 'DOUBLE', '', NULL, 21, NULL, NULL, NULL, NULL, NULL),
	(244, '', 'DOUBLE', '', NULL, 21, NULL, 'qin358751', NULL, NULL, NULL),
	(245, '', 'DOUBLE', '', NULL, 21, NULL, 'hyeg112007', NULL, NULL, NULL),
	(246, '', 'DOUBLE', '', NULL, 21, NULL, 'Gjh1994', NULL, NULL, NULL),
	(247, '', 'DOUBLE', '', NULL, 21, NULL, 'a123456', NULL, NULL, NULL),
	(248, '', 'DOUBLE', '', NULL, 21, NULL, NULL, NULL, NULL, NULL),
	(249, '', 'DOUBLE', '', NULL, 21, NULL, NULL, NULL, NULL, NULL),
	(250, '', 'FIRST', '', NULL, 22, NULL, 'blc220701', NULL, NULL, NULL),
	(251, '', 'DOUBLE', '', NULL, 22, NULL, 'blc220701', NULL, NULL, NULL),
	(252, '', 'DOUBLE', '', NULL, 22, NULL, NULL, NULL, NULL, NULL),
	(253, '', 'DOUBLE', '', NULL, 22, NULL, 'j710100', NULL, NULL, NULL),
	(254, '', 'DOUBLE', '', NULL, 22, NULL, 'fld19920316', NULL, NULL, NULL),
	(255, '', 'FIRST', '', NULL, 23, NULL, 'ct123456', NULL, NULL, NULL),
	(256, '', 'DOUBLE', '', NULL, 23, NULL, 'hdywd13511281982', NULL, NULL, NULL),
	(257, '', 'DOUBLE', '', NULL, 23, NULL, 'danche511792', NULL, NULL, NULL),
	(258, '', 'DOUBLE', '', NULL, 23, NULL, 'ab123456', NULL, NULL, NULL),
	(259, '', 'DOUBLE', '', NULL, 23, NULL, NULL, NULL, NULL, NULL),
	(260, '', 'DOUBLE', '', NULL, 23, NULL, 'twl73057', NULL, NULL, NULL),
	(261, '', 'FIRST', '', NULL, 24, NULL, NULL, NULL, NULL, NULL),
	(262, '', 'DOUBLE', '', NULL, 24, NULL, '1', NULL, NULL, NULL),
	(263, '', 'DOUBLE', '', NULL, 24, NULL, NULL, NULL, NULL, NULL),
	(264, '', 'DOUBLE', '', NULL, 24, NULL, NULL, NULL, NULL, NULL),
	(265, '', 'DOUBLE', '', NULL, 24, NULL, NULL, NULL, NULL, NULL),
	(266, '', 'DOUBLE', '', NULL, 24, NULL, NULL, NULL, NULL, NULL),
	(267, '', 'FIRST', '', NULL, 25, NULL, NULL, NULL, NULL, NULL),
	(268, '', 'DOUBLE', '', NULL, 25, NULL, NULL, NULL, NULL, NULL),
	(269, '', 'DOUBLE', '', NULL, 25, NULL, NULL, NULL, NULL, NULL),
	(270, '', 'DOUBLE', '', NULL, 25, NULL, '123456xqy', NULL, NULL, NULL),
	(271, '', 'DOUBLE', '', NULL, 25, NULL, 'jiangchao622', NULL, NULL, NULL),
	(272, '', 'DOUBLE', '', NULL, 25, NULL, NULL, NULL, NULL, NULL),
	(273, '', 'FIRST', '', NULL, 26, NULL, 'qyp11262626', NULL, NULL, NULL),
	(274, '', 'DOUBLE', '', NULL, 26, NULL, 'Xu123456', NULL, NULL, NULL),
	(275, '', 'DOUBLE', '', NULL, 26, NULL, 'llj280808', NULL, NULL, NULL),
	(276, '', 'DOUBLE', '', NULL, 26, NULL, 'swf123456', NULL, NULL, NULL),
	(277, '', 'DOUBLE', '', NULL, 26, NULL, 'wjc123456', NULL, NULL, NULL),
	(278, '', 'DOUBLE', '', NULL, 26, NULL, 'XSC123xsc', NULL, NULL, NULL),
	(279, '', 'FIRST', '', NULL, 27, NULL, NULL, NULL, NULL, NULL),
	(280, '', 'DOUBLE', '', NULL, 27, NULL, NULL, NULL, NULL, NULL),
	(281, '', 'DOUBLE', '', NULL, 27, NULL, NULL, NULL, NULL, NULL),
	(282, '', 'DOUBLE', '', NULL, 27, NULL, NULL, NULL, NULL, NULL),
	(283, '', 'FIRST', '', NULL, 28, NULL, 'tbc123456', NULL, NULL, NULL),
	(284, '', 'DOUBLE', '', NULL, 28, NULL, 'tbc123456', NULL, NULL, NULL),
	(285, '', 'DOUBLE', '', NULL, 28, NULL, 'tbc123456', NULL, NULL, NULL),
	(286, '', 'DOUBLE', '', NULL, 28, NULL, 'tbc123456', NULL, NULL, NULL),
	(287, '', 'DOUBLE', '', NULL, 28, NULL, 'tbc123456', NULL, NULL, NULL),
	(288, '', 'FIRST', '', NULL, 29, NULL, NULL, NULL, NULL, NULL),
	(289, '', 'DOUBLE', '', NULL, 29, NULL, NULL, NULL, NULL, NULL),
	(290, '', 'DOUBLE', '', NULL, 29, NULL, 'luwei1025', NULL, NULL, NULL),
	(291, '', 'DOUBLE', '', NULL, 29, NULL, NULL, NULL, NULL, NULL),
	(292, '', 'DOUBLE', '', NULL, 29, NULL, 'ddt6780850', NULL, NULL, NULL),
	(293, '', 'FIRST', '', NULL, 30, NULL, NULL, NULL, NULL, NULL),
	(294, '', 'DOUBLE', '', NULL, 30, NULL, NULL, NULL, NULL, NULL),
	(295, '', 'DOUBLE', '', NULL, 30, NULL, NULL, NULL, NULL, NULL),
	(296, '', 'DOUBLE', '', NULL, 30, NULL, NULL, NULL, NULL, NULL),
	(297, '', 'DOUBLE', '', NULL, 30, NULL, 'tonyli0508', NULL, NULL, NULL),
	(298, '', 'DOUBLE', '', NULL, 30, NULL, NULL, NULL, NULL, NULL),
	(299, '', 'DOUBLE', '', NULL, 30, NULL, 'zheng125', NULL, NULL, NULL),
	(300, '', 'DOUBLE', '', NULL, 31, NULL, NULL, NULL, NULL, NULL),
	(301, '', 'FIRST', '', NULL, 31, NULL, '123456abc', NULL, NULL, NULL),
	(302, '', 'DOUBLE', '', NULL, 31, NULL, 'wmh19890308', NULL, NULL, NULL),
	(303, '', 'DOUBLE', '', NULL, 31, NULL, 'wt467997', NULL, NULL, NULL),
	(304, '', 'DOUBLE', '', NULL, 31, NULL, 'qyf11212', NULL, NULL, NULL),
	(305, '', 'DEPT', '', 10, 6, 5, 'dzb123', NULL, NULL, NULL),
	(306, '', 'DEPT', '', 10, 7, 5, NULL, NULL, NULL, NULL),
	(307, '', 'DEPT', '', 10, 8, 6, NULL, NULL, NULL, NULL),
	(308, '', 'DEPT', '', 10, 9, 15, NULL, NULL, NULL, NULL),
	(309, '', 'DEPT', '', 10, 10, 16, NULL, NULL, NULL, NULL),
	(310, '', 'DEPT', '', 10, 11, 17, 'Jwb8788Yhq', NULL, NULL, NULL),
	(311, '', 'DEPT', '', 10, 12, 3, NULL, NULL, NULL, NULL),
	(312, '', 'DEPT', '', 10, 13, 21, NULL, NULL, NULL, NULL),
	(313, '', 'DEPT', '', 10, 14, 5, 'zs123456', NULL, NULL, NULL),
	(315, '', 'DEPT', '', 10, 16, 6, 'li6811630', NULL, NULL, NULL),
	(316, '', 'DEPT', '', 10, 17, 6, 'abc123456', NULL, NULL, NULL),
	(317, '', 'DEPT', '', 10, 18, 15, 'scjg86778159', NULL, NULL, NULL),
	(318, '', 'DEPT', '', 10, 19, 6, 'qianxuefei216', NULL, NULL, NULL),
	(319, '', 'DEPT', '', 10, 20, 17, NULL, NULL, NULL, NULL),
	(320, '', 'DEPT', '', 10, 21, 1, NULL, NULL, NULL, NULL),
	(321, '', 'DEPT', '', 10, 22, 1, 'blc220701', NULL, NULL, NULL),
	(322, '', 'DEPT', '', 10, 23, 1, NULL, NULL, NULL, NULL),
	(323, '', 'DEPT', '', 10, 24, 1, NULL, NULL, NULL, NULL),
	(324, '', 'DEPT', '', 10, 25, 1, 'nongfeng1', NULL, NULL, NULL),
	(325, '', 'DEPT', '', 10, 26, 1, 'Xu123456', NULL, NULL, NULL),
	(326, '', 'DEPT', '', 10, 27, 1, NULL, NULL, NULL, NULL),
	(327, '', 'DEPT', '', 10, 28, 1, 'tbc123456', NULL, NULL, NULL),
	(328, '', 'DEPT', '', 10, 29, 1, NULL, NULL, NULL, NULL),
	(329, '', 'DEPT', '', 10, 30, 1, NULL, NULL, NULL, NULL),
	(330, '', 'DEPT', '', 10, 31, 1, 'dsc123', NULL, NULL, NULL),
	(331, '', 'DEPT_J', '', 9, 21, NULL, NULL, NULL, NULL, NULL),
	(332, '', 'DEPT_J', '', 9, 22, NULL, 'blc220701', NULL, NULL, NULL),
	(333, '', 'DEPT_J', '', 9, 23, NULL, NULL, NULL, NULL, NULL),
	(334, '', 'DEPT_J', '', 9, 24, NULL, NULL, NULL, NULL, NULL),
	(335, '', 'DEPT_J', '', 9, 25, NULL, NULL, NULL, NULL, NULL),
	(336, '', 'DEPT_J', '', 9, 26, NULL, 'xu123456', NULL, NULL, NULL),
	(337, '', 'DEPT_J', '', 9, 27, NULL, NULL, NULL, NULL, NULL),
	(338, '', 'DEPT_J', '', 9, 28, NULL, 'tbc123456', NULL, NULL, NULL),
	(339, '', 'DEPT_J', '', 9, 29, NULL, NULL, NULL, NULL, NULL),
	(340, '', 'DEPT_J', '', 9, 30, NULL, NULL, NULL, NULL, NULL),
	(341, '', 'DEPT_J', '', 9, 31, NULL, NULL, NULL, NULL, NULL),
	(342, '', 'DEPT', '', 10, 32, 19, 'zbq123456', NULL, NULL, NULL),
	(343, '', 'DEPT', '', 10, 15, 9, '1984114516shen', NULL, NULL, NULL),
	(344, '', 'DOUBLE', '', NULL, 27, NULL, NULL, NULL, NULL, NULL),
	(345, '', 'DOUBLE', '', NULL, 27, NULL, NULL, NULL, NULL, NULL),
	(346, '', 'DOUBLE', '', NULL, 19, NULL, 'sjh630087', '', NULL, NULL),
	(1001, '', NULL, '', NULL, 15, NULL, NULL, NULL, NULL, NULL);

UPDATE user SET password = '1' WHERE password IS NOT NULL;

SET TIME_ZONE=IFNULL(@OLD_TIME_ZONE, 'system');
SET SQL_MODE=IFNULL(@OLD_SQL_MODE, '');
SET FOREIGN_KEY_CHECKS=IFNULL(@OLD_FOREIGN_KEY_CHECKS, 1);
SET CHARACTER_SET_CLIENT=@OLD_CHARACTER_SET_CLIENT;
SET SQL_NOTES=IFNULL(@OLD_SQL_NOTES, 1);
