INSERT INTO
  department (id, name, parent_id, short_name)
VALUES
  (999, '系统管理员', NULL, NULL)
, (1, '镇党委', NULL, NULL)
, (2, '镇党委书记', NULL, NULL)
, (3, '班子其他成员', NULL, NULL)
, (4, '镇纪委', NULL, NULL)
, (5, '组织部门', NULL, NULL)
, (6, '党政综合办公室', 1, '党政办')
, (7, '党建工作办公室', 1, '党建办')
, (8, '社会治理办公室', 1, '社会治理办')
, (9, '经济发展办公室', 1, '经发办')
, (10, '社会事务服务管理办公室', 1, '社会事务办')
, (11, '村镇建设管理办公室', 1, '村建办')
, (12, '财政办公室', 1, '财政办')
, (13, '农业农村办公室', 1, '农业农村办')
, (14, '招商和项目推进科', 1, NULL)
, (15, '综合服务中心', 1, '文化站')
, (16, '生态环境办公室', 1, NULL)
, (17, '生态环境执法分队', 1, '生环分队')
, (18, '市场监督管理局百步分局', 1, '市场监管百步分局')
, (19, '综合行政执法中队', 1, '综合执法')
, (20, '自然规划局百步分局', 1, '自然资源所')
, (21, '百步社区', 1, NULL)
, (22, '百联村', 1, NULL)
, (23, '超同村', 1, NULL)
, (24, '逍恬村', 1, NULL)
, (25, '农丰村', 1, NULL)
, (26, '新升村', 1, NULL)
, (27, '横港村', 1, NULL)
, (28, '桃北村', 1, NULL)
, (29, '胜利村', 1, NULL)
, (30, '五丰村', 1, NULL)
, (31, '得胜村', 1, NULL)
;

INSERT INTO
  station (id, name, department_id)
VALUES
  (999, '系统管理员', 999)
, (1, '党委', 1)
, (2, '党委书记、管委会主任', 2)
, (3, '党委副书记、镇长、管委会副主任', 3)
, (4, '人大主席', 3)
, (5, '党委副书记 (党群)', 3)
, (6, '党委副书记 (政法)', 3)
, (7, '党委委员、纪委书记', 3)
, (8, '党委委员 (组织)', 3)
, (9, '党委委员 (宣传)', 3)
, (10, '党委委员 (统战)', 3)
, (11, '党委委员 (政法)', 3)
, (12, '党委委员、人武部部长', 3)
, (13, '党委委员、派出所所长', 3)
, (14, '人大副主席', 3)
, (15, '副镇长 (工业)', 3)
, (16, '副镇长 (社会事业)', 3)
, (17, '副镇长 (城建交通)', 3)
, (18, '副镇长 (人才、招商)', 3)
, (19, '副镇长 (征迁)', 3)
, (20, '管委会副主任 (招商)', 3)
, (21, '管委会副主任 (农业)', 3)
, (22, '副镇长级干部 (蒋爱君)', 3)
, (23, '副镇长级干部 (赵生良)', 3)
, (24, '副镇长级干部 (张明)', 3)
, (25, '副镇长级干部 (张陆君)', 3)
, (26, '副镇长级干部 (刘爱群)', 3)
, (27, '副镇长级干部 (唐惠平)', 3)
, (28, '纪委', 4)
, (29, '组织', 5)
, (30, '党政综合办公室主任、纪委委员（全面统筹）', 6)
, (31, '党政综合办公室副主任、人大办公室副主任（两办信息、人大工作、政府出纳、信息公开）', 6)
, (32, '党政综合办公室工作人员（文书）', 6)
, (33, '人武干事', 6)
, (34, '党政综合办公室工作人员、百联村书记助理、团委副书记', 6)
, (35, '党政综合办公室工作人员、镇长秘书，（OA收发、数字化改革（党政智治）、保密工作）', 6)
, (36, '党政综合办公室工作人员（司机、文书）', 6)
, (37, '党政综合办公室工作人员（档案）', 6)
, (38, '信息攥写、防疫物资', 6)
, (39, '党政综合办公室工作人员（档案、文印）', 6)
, (40, '党建工作办公室主任、团委书记、妇联副主席（全面统筹。主要负责信息、考核等）', 7)
, (41, '纪委副书记（正股级）（纪委工作）', 7)
, (42, '党建工作办公室工作人员（一支队伍管执法）', 7)
, (43, '党建工作办公室工作人员（协助纪委工作）', 7)
, (44, '党建工作办公室工作人员（人事、档案）', 7)
, (45, '工业社区党支部副书记（协助党员发展等组织事务；工业社区事务）', 7)
, (46, '党建工作办公室工作人员（工会、关工委）', 7)
, (47, '社会治理办公室副主任（保留正股长级）（主持全面工作（信访维稳、禁毒、反邪教））', 8)
, (48, '司法所所长（司法行政）', 8)
, (49, '综治、平安、四个平台、微嘉园', 8)
, (50, '社会治理办公室工作人员（人民调解）', 8)
, (51, '社会治理办公室工作人员（中心报账、禁毒、信访）', 8)
, (52, '社会治理办公室工作人员。综治日常内勤工作（反恐、信访、考核、报表）', 8)
, (53, '社会治理办公室工作人员（社区矫正、安置帮教）', 8)
, (54, '社会治理办公室工作人员（禁毒）', 8)
, (55, '社会治理办公室工作人员（信访、12349、禁毒）', 8)
, (56, '社会治理办公室工作人员（禁毒、调解）', 8)
, (57, '信访接待', 8)
, (58, '反诈宣讲员', 8)
, (59, '司法行政内勤（人民调解、台账）', 8)
, (60, '社会治理办公室工作人员（综合指挥室、四个平台、微嘉园、驾证式系统）', 8)
, (61, '百步集镇片区专职网格员', 8)
, (62, '横港集镇专职网格员', 8)
, (63, '横港第三网格专职网格员', 8)
, (64, '五丰第六网格专职网格员', 8)
, (65, '农丰第二网格专职网格员', 8)
, (66, '新升第一网格专职网格员', 8)
, (67, '矛调中心', 8)
, (68, '人民调解', 8)
, (69, '经济发展办公室主任（负责经发办全面工作）', 9)
, (70, '综合服务中心副主任（科技、三产、经信、商务，企业联审；达产履约）', 9)
, (71, '综合服务中心副主任（劳动、安全、项目推进、园区管理、发改（能耗）双控，负责对接发改局应急局人社局卫计局条线科室、事故处理、重点时段专项整治、星创湾、入区入园、项目推进等）', 9)
, (72, '综合服务中心副主任（统计、创建，全面负责统计各条线工作，做好部门对接和统筹安排；做好统计数据分析、调研；各项创建、验收工作、统计普查工作等）', 9)
, (73, '经济发展办公室工作人员（办公室事务、报账）', 9)
, (74, '经济发展办公室工作人员（项目备案、外贸、旅游、低散乱污、腾退、收储（对接经信局行政许可科、产业转型升级科；商务局外经外贸科））', 9)
, (75, '经济发展办公室工作人员（固定资产投资统计工作、劳动工资统计工作、科技统计工作、统计“双强”行动(星级创建工作)、统计服务与政务信息工作、统计法制工作）', 9)
, (76, '经济发展办公室工作人员（信息宣传、培大育强、营商环境、股改上市（对接经信局企业培育科、企业服务中心；财政局经融办））', 9)
, (77, '经济发展办公室工作人员（亩均绩效、数字化、两高一低、技改投资（对接经信局产业转型科、数字经济发展科）', 9)
, (78, '经济发展办公室工作人员（兼工业镇长助理、技能培训、协助发改（能耗）双控、电力化改革、项目推进）', 9)
, (79, '经济发展办公室工作人员（科技创新、服务业发展、投资（对接科技局；商务局服务业发展中心））', 9)
, (80, '经济发展办公室工作人员（支部工作、协助重点工作及商会工作）', 9)
, (81, '劳动纠纷、职业卫生、日常监督、星创湾现场（对接人社局、卫计局）', 9)
, (82, '安全生产、小微园区监管、日常监督、特种设备、污水零直排（对接应急局、墙改办、市场监管）', 9)
, (83, '税务协理、科协、电子商务、小微园系统建设（对接国税于城分局；科协；商务局商贸电商科；经信局园区科）', 9)
, (84, '规上工业统计工作、能源和水消费统计工作、工业经济效益、景气调查统计工作', 9)
, (85, '就业条线、安全资料、安全培训、工程资料', 9)
, (86, '农业统计工作、城乡一体化住户调查工作、粮食生产统计监测调查工作、畜禽监测。', 9)
, (87, '规模以下工业抽样调查统计工作、服务业统计工作（贸易统计）、名录库工作、旅游业统计、其他临时性或一次性调查工作', 9)
, (88, '信息员，镇相关工作对接处理，上级交办问题处理，日常巡查检查，管家工作管理。', 9)
, (89, '特色小镇统计（年度考核）工作、开发区统计（年度考核）工作、链长制、小城市试点考核、嘉兴市重大产业平台', 9)
, (90, '商会、园区党建', 9)
, (91, '星创湾资料、入园入区资料、疫情防控、发改（能耗）双控报表', 9)
, (92, '社会事务服务管理办公室主任，全面统筹负责教育工作、食品药品安全工作，统筹民政、残联、退役军人、三社、卫健、疫情防控等各项工作', 10)
, (93, '社会事务服务管理办公室副主任，牵头负责民政、残联工作', 10)
, (94, '负责民政工作', 10)
, (95, '社会治理办公室副主任、行政执法办公室副主任、教导员。牵头负责退役军人、三社工作，协助食品药品安全工作', 10)
, (96, '社会组织党支部书记、社区党支部委员，负责慈善工作、协助三社工作', 10)
, (97, '负责退役军人工作', 10)
, (98, '妇联主席、社会事务服务管理办公室副主任、政务服务办公室副主任，负责便民服务中心', 10)
, (99, '居民医保', 10)
, (100, '城乡居民基本养老保险、居民医保', 10)
, (101, '负责残联工作', 10)
, (102, '职工医保', 10)
, (103, '就业，创业，失业窗口，职工医保', 10)
, (104, '综合服务中心党支部副书记，牵头负责疫情防控、爱国卫生、计生工作。', 10)
, (105, '负责计生统计、药具、档案、流动人口计生工作', 10)
, (106, '负责计生协活动、服务、计生政策、党支部联络员', 10)
, (107, '疫情防控', 10)
, (108, '负责爱国卫生、红十字会、报账', 10)
, (109, '负责信息工作、协助食药安全工作', 10)
, (110, '村镇建设管理办公室主任，统管村建办工作、配合城建镇长做好相关工作、统筹协调安排相关工作', 11)
, (111, '综合服务中心副主任、负责巡查、创建等。交通大会战、文明创建、美丽城镇、农村公路管理站、安全生产等镇级工作、日常巡查相关事宜、政府投资项目统计事宜、农村生活污水', 11)
, (112, '招商和项目推进科副科长，负责项目前期。政府投资项目前期办证、后期竣工事宜、国土空间利用（规划）、农民建房规划', 11)
, (113, '村镇建设管理办公室工作人员', 11)
, (114, '招投标、农民建房。镇招投标中心工作、农民建房（具体工作）、美丽城镇相关工作（具体工作）', 11)
, (115, '政府投资项目全过程管理、交通大会战相关工作（具体工作）、农村公路管理站台账', 11)
, (116, '镇级小型项目现场管理、线性工程（G528等）对下工作', 7)
, (117, '交通建管', 11)
, (118, '财务、统计、投资入库、档案', 11)
, (119, '镇级小型项目现场管理；日常巡查相关工作（上级督察、专项检查等）', 11)
, (120, '政府投资项目现场管理；日常巡查相关工作（上级督察、专项检查等）', 11)
, (121, '交通管理', 11)
, (122, '政府投资项目现场管理；文明创建相关工作（具体工作）', 11)
, (123, '在建档案管理（三楼档案室），包括行成电子档；配合经办人办理前期、归档工作；政府投资领导小组会议资料整理', 11)
, (124, '道路、农房、码头、燃气等日常巡查；建筑工地文明施工、防疫工作等巡查；其他镇级工作巡查；', 11)
, (125, '交通大会战台账整理；农村公路管理台账整理；镇级小型项目现场管理；', 11)
, (126, '办公室统筹', 11)
, (127, '征搬迁工作', 11)
, (128, '档案、内勤', 11)
, (129, '村镇建设管理办公室党支部书记，征搬迁工作、侧重负责征迁', 11)
, (130, '财政办公室主任、综合服务中心党支部书记，统筹协调财政办日常工作；财政复核；合同审核；财务审批', 12)
, (131, '协助财政办主任开展工作；融资；会计（总工会、机关工会）', 12)
, (132, '综合服务中心副主任、事业会计，会计（站办、保留账户、党群服务中心、政府本级、党政办、党建办）；站办账户（出纳蔡海萍）复核；票据管理；', 12)
, (133, '站办专项资金出纳；会计（慈善、水利建设、农合联、镇食堂）； 党费户、党群服务中心、农合联、慈善、保留账户（出纳蔡海萍）复核', 12)
, (134, '出纳（财政办、镇食堂、站办、党费户、党群服务中心、农合联、党政、党建、慈善、保留账户、三泽物业）', 12)
, (135, '10家公司出纳（开发区投资公司、城建公司、百尚公司、百新公司、基础、富村、尚成公司）', 11)
, (136, '国有公司财务印鉴章管理；9家国有公司会计（开发区投资、尚成、三泽物业、百尚开发、百新公司）；债务申报、债务表、快报、凭证装订整理、工程款台账', 10)
, (137, '总会计账、预决算编制、政府采购、报表上报（财政支出、三公经费等月报）；党政办、党建办账户（出纳蔡海萍）复核；工资奖金核算；', 12)
, (138, '负责国有资产日常管理工作；各国有公司公章管理', 12)
, (139, '协助管理国有资产的使用和经营工作', 12)
, (140, '10家公司付款复核工作；会计（城建公司、基础公司、富村公司、党费户）、社保办理、公积金业务；工商变更；固定资产管理平台（每月更新）；资产云系统（资产月报）、国有资产年报', 12)
, (141, '协助监督、检查国有资产管理、维护和使用情况，建立健全相关台帐，合同签订，国资收租；合同备案管理', 12)
, (142, '农业农村办公室主任，统筹全面工作', 13)
, (143, '综合服务中心副主任（分管农经），农合联、农民增收、农业投资、农经管理', 13)
, (144, '经作（蔬菜、蚕桑）、粮食生产功能（非粮化）、气象、农业招商引资、产业化项目管理', 13)
, (145, '综合服务中心副主任（分管农业），畜牧、水产与渔政、农村人居环境', 13)
, (146, 'UNKNOWN', 13)
, (147, '农机监理', 13)
, (148, '农机监理、农民培训等农培工作', 13)
, (149, '栽培、土肥、植保、农业设施用地报批、农业保险', 13)
, (150, '畜牧、农村人居环境、防疫', 13)
, (151, '林业、水果、科教（含生态、能源、秸秆禁烧、清洁农场、项目申报等）', 13)
, (152, '水政监察和水资源管理、工程质监和安全、水利工程、防汛防台抗旱、灾情统计、考核数据及材料整理、档案、党务', 13)
, (153, '五个村会计、票据管理、农村财务审计、壮大村级集体经济', 13)
, (154, '十个村出纳、一事一议、扶贫', 13)
, (155, '水利规划、水文、防汛防台抗旱、水利信息、防汛仓库管理、灾情统计、档案、报账', 13)
, (156, '水利规划、工程质监和安全、水利工程、防汛防台抗旱', 13)
, (157, '五个村会计、村级产权交易、农村财务审计', 13)
, (158, '种子、惠农补贴、信息、农产品质量安全及三品认证', 13)
, (159, '招商和项目推进科科长，全面负责招商和项目推进科工作，分管招商引资工作，负责招商引资目标责任制考核指标落实。', 14)
, (160, '综合服务中心主任', 14)
, (161, '招商和项目推进科副科长，负责驻沪、项目招引、项目推进等工作，协助长三角一体化目标责任制考核指标落实。', 14)
, (162, '负责文字材料的撰写，相关数据统计、分析、上报，上级各类统计信息的填报，以及目标责任制考核情况汇总、通报等工作，协助外语翻译工作。', 14)
, (163, '招商和项目推进服务中心副主任，全面负责项目推进、综合服务等工作，联系招商二组项目推进工作。', 14)
, (164, '负责项目招引、项目推进、人才、统战等工作，协助人才、科创工作目标责任制考核指标落实，协助信息宣传报道。', 14)
, (165, '负责项目招引、项目推进等工作，协助内资招商目标责任制考核指标落实。', 14)
, (166, '负责项目招引、项目推进等工作，协助项目推进节点化管理考核指标等工作。', 14)
, (167, '负责二三产项目推进、协调等全流程服务，以及项目推进节点化管理考核指标等工作，联系招商三组项目推进工作。', 14)
, (168, '负责项目招引、项目推进、服务业等工作，协助服务业工作目标责任制考核指标落实。', 14)
, (169, '负责信息宣传报道、档案管理、财务报销、后勤保障、招商周报编辑等工作，协助文字材料撰写、数据统计和统战工作，联系招商一组项目推进工作。', 14)
, (170, '负责外资项目招引，外语翻译，外国协会、外资中介、外商人员的日常联系沟通、信息收集等工作，协助外资招商目标责任制考核指标落实。', 14)
, (171, '驾驶员', 14)
, (172, '综合服务中心副主任、文化副站长（主持工作），主持镇文化分馆、文化站工作，负责日常事务；活动策划组织（含品牌节庆活动开展）；基础设施建设及重点工程推进；文化队伍建设；各类创建；指导、督促各村文化礼堂（新建、提升、创建评定、活动等）。', 15)
, (173, '综合服务中心副主任，文化化产业；文化市场（含扫黄打非）；学习强国日常管理；中心工作联络；文化场所疫情防控；负责图书分馆、企业分馆、文创馆、横港印象馆、名师工作室等场馆活动开展、运作管理', 15)
, (174, '沈奕云：指导镇级舞蹈节目编排；平台填报处理（各文化平台）；指导村创编节目、会务、演出服管理；协助活动策划组织及品牌节庆活动开展；文艺繁荣工程；协助文化礼堂工作；文保和非遗。', 15)
, (175, '账（宣文统旅）；材料撰写及课题研究；站内工作信息统筹、文学理论部工作；协助文明日常工作；意识形态（含网络舆情）。', 15)
, (176, '文明日常工作；协助课题及材料撰写、站内信系、文学理论部工作；新闻信息宣传（含短视频、爱海盐发布、学习强国供稿）', 15)
, (177, '文明创建；体育（含老年体协）；摄影及视觉部工作；台账档案；四个平台处理；负责线上线下各阵地管理及外宣工作；后勤。', 15)
, (178, '横港村宣传文化工作', 15)
, (179, '逍恬村宣传文化工作，同时负责百步分馆表演艺术指导部相关工作', 15)
, (180, '农丰村宣传文化工作（含礼堂书屋）', 15)
, (181, '桃北村宣传文化工作', 15)
, (182, '五丰村宣传文化工作（含礼堂书屋）', 15)
, (183, '百联村宣传文化工作，同时负责站内培训方案策划和组织', 15)
, (184, '胜利村宣传文化工作', 15)
, (185, '超同村宣传文化工作', 15)
, (186, '得胜村宣传文化工作', 15)
, (187, '新升村宣传文化工作', 15)
, (188, '负责一支队伍管执法及党建、创建、队伍建设等；负责大综合一体化改革等相关工作。', 16)
, (189, '生态环境执法分队队长，主持全面工作，环保督查、上级交办、转办件的办理，日常案件办理，其它与局、镇等工作对接。', 17)
, (190, '负责环保督查件、上级交办、转办件的办理，日常案件办理，日常巡查检查，信访处理，信息员。', 17)
, (191, '驾驶员，信访处理，日常巡查检查。', 17)
, (192, '档案管理，材料、数据的收集和报送，固废平台管理员，后勤管理。', 17)
, (193, '市场监管局百步分局局长、党支部书记，全面主持分局各项工作，重点牵头投诉举报、放心消费、行政审批、财物、人事、党建、属地交办等工作，联系消保科、人事科、办公室等。', 18)
, (194, '市场监管局百步分局副局长，全面参与分局各项工作，重点牵头知识产权保护中心（快维中心）筹建、食品安全、质量标准、农贸市场监管、行政审批信息宣传等工作，联系知识产权科、市场科、食品科、质量标准科、审批科、商家共治联盟。', 18)
, (195, '市场监管局百步分局副局长，全面参与分局各项工作，重点牵头信用监管、稽查执法、特设安全、药械监管等工作，联系信用科、执法队、特设科、药械科、品牌指导站。', 18)
, (196, '重点负责市场主体年报、日常巡查、疫情防控、有关催报（填报）等工作，以及交办的其他工作。', 18)
, (197, '重点负责行政审批、信息宣传、党务、人事等工作，以及交办的其他工作。', 18)
, (198, '重点负责知识产权保护中心（快维中心）筹建、食品安全、质量标准、农贸市场监管、信息宣传、行政执法、财物等工作，以及交办的其他工作。', 18)
, (199, '重点负责信用监管、稽查执法、特设安全、药械监管、信息宣传（牵头）、等工作，以及交办的其他工作。', 18)
, (200, '重点负责市场主体年报、个私协会、日常巡查、疫情防控、小微企业调查、车辆维保、文件收发等工作，以及交办的其他工作。', 18)
, (201, '综合行政执法中队中队长（主持工作），统筹负责综合行政执法、三改一拆、四位一体（人居环境）、五水共治、垃圾分类、队伍建设等。承接一支队伍管执法相关工作。', 19)
, (202, '负责执法办案工作，餐厨垃圾以及犬类管理联络员。参与横港片综合巡查组巡查工作。', 19)
, (203, '内勤，负责综合材料、信息宣传、统计、档案、智慧城管系统、执法办案等工作。', 19)
, (204, '负责执法办案工作，参与百步片综合巡查组巡查工作。', 19)
, (205, '局借调人员，负责执法办案工作，参与横港片综合巡查组巡查工作。', 19)
, (206, '负责行政审批工作。', 19)
, (207, '协助支部书记做好党建工作，协助教导员做好四位一体和垃圾分类等工作', 19)
, (208, '百步集镇市容管理组组长，负责百步集镇市容市貌管理（户外广告、店招店牌、餐饮油烟、越店经营、流动摊贩开店审批等）、犬类管理及佳惠物业考核管理。', 19)
, (209, '百步片四位一体组长，牵头负责百步片四位一体工作，工业垃圾打包站、中转站管理。', 19)
, (210, '内勤及财务，负责（四位一体、垃圾分类、五水共治、人居环境）内勤，采购、报账及综治系统管理。', 19)
, (211, '横港片综合巡查组组长，负责横港片全域违建巡查和管控、农村主要道路流动摊贩管理，行政执法领域违法行为巡查等。协助三改一拆、四位一体和垃圾分类等工作。', 19)
, (212, '综合分队', 19)
, (213, '横港片综合巡查组组员。', 19)
, (214, '百步片综合巡查组组长，负责百步片全域违建巡查和管控、农村主要道路流动摊贩管理，行政执法领域违法行为巡查等。协助三改一拆、四位一体和垃圾分类等工作。', 19)
, (215, '头负责三改一拆工作。', 19)
, (216, '垃圾分类组长，牵头负责百步镇全域垃圾分类工作。', 19)
, (217, '横港片四位一体组长，牵头负责横港片四位一体工作，餐厨垃圾点、建筑垃圾场、中转站管理。', 19)
, (218, '横港集镇市容管理组组长，负责横港集镇市容市貌管理（户外广告、店招店牌、餐饮油烟、越店经营、流动摊贩、开店审批等）。', 19)
, (219, '横港集镇市容管理组组员', 19)
, (220, '百步片巡查组组员。', 19)
, (221, '自然资源规划局百步国土所所长，全面负责', 20)
, (222, '农房审批、农房发证、档案管理、林业管理，协助其他工作等其他工作。', 20)
, (223, '信息一张图、用地批后监管、土地执法监察、土地调查变更、宣传、设施用地审批与管理、临时用地审批与管理、土地开发、土地整治、耕地占补平衡、土地整理', 20)
, (224, '自然资源规划局百步国土所副所长，负责党建工作、用地预审、农转用（征收）报批、供地、收储、土地调查变更、土地执法监察、信访；协助土地开发、土地整治、耕地占补平衡、土地整理、设施用地审批与管理、临时用地审批与管理。', 20)
, (225, '档案管理、办公室内勤、协助土地执法监察等工作', 20)
, (226, '社区书记', 21)
, (227, '社区干部', 21)
, (228, '村书记', 22)
, (229, '村干部', 22)
, (230, '村书记', 23)
, (231, '村干部', 23)
, (232, '村书记', 24)
, (233, '村干部', 24)
, (234, '村书记', 25)
, (235, '村干部', 25)
, (236, '村书记', 26)
, (237, '村干部', 26)
, (238, '村书记', 27)
, (239, '村干部', 27)
, (240, '村书记', 28)
, (241, '村干部', 28)
, (242, '村书记', 29)
, (243, '村干部', 29)
, (244, '村书记', 30)
, (245, '村干部', 30)
, (246, '村书记', 31)
, (247, '村干部', 31)
;

INSERT INTO
  user (id, name, gender, station_id)
VALUES
  (999, 'admin', NULL, 999)
, (1, '党委', NULL, 1)
, (2, '赵小龙', NULL, 2)
, (3, '吴胜杰', NULL, 3)
, (4, '蔡耀明', NULL, 4)
, (5, '王哲', NULL, 5)
, (6, '姜利明', NULL, 6)
, (7, '李勤根', NULL, 7)
, (8, '沈潇雅', NULL, 8)
, (9, '范郭真', NULL, 9)
, (10, '吴肖峰', NULL, 10)
, (11, '朱世鹏', NULL, 11)
, (12, '董佳浩', NULL, 12)
, (13, '张陆军', NULL, 13)
, (14, '李均敬', NULL, 14)
, (15, '潘其华', NULL, 15)
, (16, '王玲敏', NULL, 16)
, (17, '沈伟华', NULL, 17)
, (18, '姚晨雪', NULL, 18)
, (19, '叶吴良', NULL, 19)
, (20, '叶锋', NULL, 20)
, (21, '沈鹏', NULL, 21)
, (22, '蒋爱君', NULL, 22)
, (23, '赵生良', NULL, 23)
, (24, '张明', NULL, 24)
, (25, '张陆君', NULL, 25)
, (26, '刘爱群', NULL, 26)
, (27, '唐惠平', NULL, 27)
, (28, '纪委', NULL, 28)
, (29, '组织', NULL, 29)
, (30, '任凯波', '男', 30)
, (31, '江琳', '女', 31)
, (32, '蔡琦亮', '男', 32)
, (33, '顾嘉骏', '男', 33)
, (34, '王怡雯', '女', 34)
, (35, '朱佳琪', '女', 35)
, (36, '俞金良', '男', 36)
, (37, '宋婷', '女', 37)
, (38, '马徐杰', '男', 38)
, (39, '王皓', '女', 39)
, (40, '金梦靖', '女', 40)
, (41, '秦银平', '男', 41)
, (42, '沈晓明', '男', 42)
, (43, '何柏良', '男', 43)
, (44, '高沁', '女', 44)
, (45, '庄建康', '男', 42)
, (46, '刘晓冬', '男', 45)
, (47, '夏欣宜', '女', 46)
, (48, '富高君', '男', 47)
, (49, '徐皓', '男', 48)
, (50, '潘如锦', '女', 49)
, (51, '殷其良', '男', 50)
, (52, '王建文', '男', 50)
, (53, '沈金良', '男', 51)
, (54, '盛玲丽', '女', 52)
, (55, '蒋勇杰', '男', 53)
, (56, '吴浩加', '男', 54)
, (57, '张漂洁', '女', 55)
, (58, '沈怡', '女', 56)
, (59, '黄亦潇', '女', 57)
, (60, '钟舒亭', '女', 58)
, (61, '蒋陈燕', '女', 59)
, (62, '徐晨阳', '男', 60)
, (63, '王华烽', '男', 61)
, (64, '李新', '男', 61)
, (65, '盛怡豪', '男', 61)
, (66, '陈飞', '男', 61)
, (67, '沈钱明', '男', 62)
, (68, '孙晨辉', '男', 63)
, (69, '张佳伟', '男', 64)
, (70, '柯江', '男', 65)
, (71, '吴拂晓', '男', 66)
, (72, '陈国卫', '男', 67)
, (73, '缪法明', '男', 68)
, (74, '李伟明', '男', 68)
, (75, '沈晓坚', '男', 69)
, (76, '干高霞', '女', 70)
, (77, '吴辰凯', '男', 71)
, (78, '姚春燕', '女', 72)
, (79, '储美芬', '女', 73)
, (80, '沈凯悦', '女', 74)
, (81, '钱梦婷', '女', 75)
, (82, '胡晨迪', '男', 76)
, (83, '陆韵涛', '男', 77)
, (84, '陆军', '男', 78)
, (85, '朱勤燕', '女', 79)
, (86, '张建松', '男', 80)
, (87, '姚佳飞', '男', 81)
, (88, '陈涛', '男', 82)
, (89, '秦倩芸', '女', 83)
, (90, '王瑜', '女', 84)
, (91, '王月婷', '女', 85)
, (92, '蔡芸', '女', 86)
, (93, '吴珊', '女', 87)
, (94, '朱军军', '男', 88)
, (95, '陈龙', '男', 89)
, (96, '吴霞菁', '女', 90)
, (97, '吴能娟', '女', 91)
, (98, '陆加海', '男', 92)
, (99, '王永明', '男', 93)
, (100, '王超鑫', '男', 94)
, (101, '金顺祥', '男', 95)
, (102, '沈红维', '女', 96)
, (103, '印佳', '女', 97)
, (104, '冯瀛', '女', 98)
, (105, '姜燕', '女', 99)
, (106, '吴凯丽', '女', 100)
, (107, '盛卫丰', '男', 101)
, (108, '陈维', '女', 102)
, (109, '吴凌霞', '女', 103)
, (110, '何琦', '女', 104)
, (111, '吴静怡', '女', 105)
, (112, '许柳婷', '女', 106)
, (113, '朱洛慧', '女', 107)
, (114, '姚玲丹', '女', 108)
, (115, '李董燕', '女', 109)
, (116, '金文彬', '男', 110)
, (117, '盛秀锋', '男', 111)
, (118, '沈伟佳', '男', 112)
, (119, '庄雪明', '男', 113)
, (120, '朱健康', '男', 114)
, (121, '蒉张斌', '男', 115)
, (122, '徐姚明', '男', 116)
, (123, '张春伟', '男', 113)
, (124, '夏晶', '男', 117)
, (125, '郑欢', '女', 118)
, (126, '许李金', '男', 119)
, (127, '沈超', '男', 120)
, (128, '庄宇峰', '男', 121)
, (129, '叶士斌', '男', 121)
, (130, '丁悦', '男', 122)
, (131, '袁洁', '女', 123)
, (132, '钱海青', '男', 124)
, (133, '李昕', '女', 125)
, (134, '冯沈燕', '男', 126)
, (135, '蒋昊', '男', 127)
, (136, '薛斌', '男', 127)
, (137, '朱豪杰', '男', 127)
, (138, '张晓琴', '女', 128)
, (139, '李德明', '男', 129)
, (140, '张仕明', '男', 127)
, (141, '李志远', '男', 128)
, (142, '钱雪峰', '男', 127)
, (143, '陈仁群', '女', 130)
, (144, '吴玉明', '男', 131)
, (145, '沈燕君', '女', 132)
, (146, '金徐萍', '女', 133)
, (147, '蔡海萍', '女', 134)
, (148, '郑洁', '女', 135)
, (149, '邓燕君', '女', 136)
, (150, '顾丽燕', '女', 137)
, (151, '徐建平', '男', 138)
, (152, '张建龙', '男', 139)
, (153, '徐娟', '女', 140)
, (154, '金敏佳', '男', 141)
, (155, '陆水良', '男', 142)
, (156, '包海兴', '男', 143)
, (157, '徐忠玲', '女', 144)
, (158, '王建明', '男', 145)
, (159, '张岚', '女', 146)
, (160, '吴惠明', '男', 147)
, (161, '张永明', '男', 148)
, (162, '应小平', '男', 149)
, (163, '曹国光', '男', 150)
, (164, '秦许康', '男', 151)
, (165, '姚明', '男', 152)
, (166, '朱淑丽', '女', 153)
, (167, '王芸', '女', 154)
, (168, '俞晨怡', '女', 155)
, (169, '俞雪峰', '男', 156)
, (170, '彭印洁', '女', 157)
, (171, '金菊娟', '女', 158)
, (172, '肖叶忠', '男', 159)
, (173, '许伟兵', '男', 160)
, (174, '陈哲浩', '男', 161)
, (175, '曹忆湄', '女', 162)
, (176, '张伟忠', '男', 163)
, (177, '李望龙', '男', 164)
, (178, '徐元涛', '男', 165)
, (179, '阮鑫磊', '男', 166)
, (180, '张晟涛', '男', 167)
, (181, '马镭耘', '男', 168)
, (182, '吴丹青', '女', 169)
, (183, '王瑞', '女', 170)
, (184, '姚文浩', '男', 171)
, (185, '袁春峰', '男', 171)
, (186, '沈峰火', '男', 172)
, (187, '叶慧娟', '女', 173)
, (188, '沈奕云', '女', 174)
, (189, '李艳春', '女', 175)
, (190, '俞嘉雯', '女', 176)
, (191, '沈欢渊', '女', 177)
, (192, '徐林燕', '女', 178)
, (193, '曹李洁', '女', 179)
, (194, '徐珊妮', '女', 180)
, (195, '金银洁', '女', 181)
, (196, '闻丹媛', '女', 182)
, (197, '殷露娜', '女', 183)
, (198, '钱佳丽', '女', 184)
, (199, '储妮', '女', 185)
, (200, '康妍', '女', 186)
, (201, '康怡晨', '女', 187)
, (202, '李丹捷', '男', 188)
, (203, '卢毅', '男', 189)
, (204, '钟海富', '男', 190)
, (205, '孙学军', '男', 191)
, (206, '许晓', '女', 192)
, (207, '徐建国', '男', 193)
, (208, '张志来', '男', 194)
, (209, '朱犟', '男', 195)
, (210, '冯建明', '男', 196)
, (211, '汪超逸', '女', 197)
, (212, '庄毅炜', '男', 198)
, (213, '朱克来', '女', 199)
, (214, '孙腾飞', '男', 200)
, (215, '钱雪飞', '男', 201)
, (216, '蔡诚航', '男', 202)
, (217, '王琴', '女', 203)
, (218, '范振伟', '男', 204)
, (219, '杨慧杰', '男', 205)
, (220, '舒宁', '男', 206)
, (221, '徐海平', '男', 207)
, (222, '沈海飞', '男', 208)
, (223, '干佳伟', '男', 209)
, (224, '顾蕾婷', '女', 210)
, (225, '郭伟', '男', 211)
, (226, '倪周剑', '男', 212)
, (227, '杜镱杰', '男', 213)
, (228, '黄燕飞', '男', 214)
, (229, '徐晓明', '男', 215)
, (230, '陆一侃', '男', 216)
, (231, '张卫佳', '男', 217)
, (232, '马明复', '男', 218)
, (233, '张益斌', '男', 219)
, (234, '查敏皓', '男', 219)
, (235, '朱超岳', '男', 220)
, (236, '金海凤', '男', 221)
, (237, '戴根松', '男', 222)
, (238, '朗宇', '女', 223)
, (239, '王益文', '男', 224)
, (240, '叶华明', '男', 225)
, (241, '徐佳', '', 226)
, (242, '金雪明', '', 227)
, (243, '蒋吴顺', '', 227)
, (244, '高菊芬', '', 227)
, (245, '夏婷吉', '', 227)
, (246, '顾嘉晖', '', 227)
, (247, '陆伦杰', '', 227)
, (248, '贺晓叶', '', 227)
, (249, '董云瑶', '', 227)
, (250, '叶吴良2', '', 228)
, (251, '张培锋', '', 229)
, (252, '顾烨超', '', 229)
, (253, '蒋伊莉', '', 229)
, (254, '冯力栋', '', 229)
, (255, '储海锋', '', 230)
, (256, '韩惠东', '', 231)
, (257, '范程佳', '', 231)
, (258, '陈超', '', 231)
, (259, '陈菊', '', 231)
, (260, '李晓', '', 231)
, (261, '张小吐', '', 232)
, (262, '张永妹', '', 233)
, (263, '张陆艳', '', 233)
, (264, '张陈凯', '', 233)
, (265, '胡剑波', '', 233)
, (266, '张萍', '', 233)
, (267, '张浩东', '', 234)
, (268, '吴丹加', '', 235)
, (269, '姚燕青', '', 235)
, (270, '徐群玉', '', 235)
, (271, '蒋超', '', 235)
, (272, '沈佳丽', '', 235)
, (273, '钱益平', '', 236)
, (274, '徐晓飞', '', 237)
, (275, '陆林军', '', 237)
, (276, '施文芳', '', 237)
, (277, '吴金超', '', 237)
, (278, '王凯丽', '', 237)
, (279, '钱伟斌', '', 238)
, (280, '俞惠飞', '', 239)
, (281, '王亚晴', '', 239)
, (282, '庄丽', '', 239)
, (283, '郑亚平', '', 240)
, (284, '田洪彬', '', 241)
, (285, '何明霞', '', 241)
, (286, '何佳伟', '', 241)
, (287, '沈浩', '', 241)
, (288, '陆建国', '', 242)
, (289, '张森煜', '', 243)
, (290, '陆伟', '', 243)
, (291, '陈叶娟', '', 243)
, (292, '戴东涛', '', 243)
, (293, '钱柏根', '', 244)
, (294, '王月屏', '', 245)
, (295, '吴忠伟', '', 245)
, (296, '王建波', '', 245)
, (297, '葛月红', '', 245)
, (298, '韩斌', '', 245)
, (299, '郑佳琦', '', 245)
, (300, '陈建芬', '', 246)
, (301, '吴丹萍', '', 247)
, (302, '吴妙辉', '', 247)
, (303, '吴涛', '', 247)
, (304, '钱亦芳', '', 247)
;