SET @OLD_CHARACTER_SET_CLIENT=@@CHARACTER_SET_CLIENT;
SET NAMES utf8;
SET NAMES utf8mb4;
SET @OLD_FOREIGN_KEY_CHECKS=@@FOREIGN_KEY_CHECKS, FOREIGN_KEY_CHECKS=0;
SET @OLD_SQL_MODE=@@SQL_MODE, SQL_MODE='NO_AUTO_VALUE_ON_ZERO';
SET @OLD_SQL_NOTES=@@SQL_NOTES, SQL_NOTES=0;

ALTER TABLE `approval` DISABLE KEYS;
INSERT INTO `approval` (`id`, `create_time`, `update_time`, `approve_user_id`, `copy_user_id`, `matter_id`, `meeting_id`, `meeting_topic_id`, `plan_id`, `progress_id`) VALUES
	(1, '2022-06-16 14:01:07.500480', '2022-06-16 14:01:07.500480', 1, NULL, 1, NULL, NULL, NULL, NULL),
	(2, '2022-06-16 14:03:04.444081', '2022-06-16 14:03:04.444081', 1, NULL, 2, NULL, NULL, NULL, NULL),
	(3, '2022-06-16 14:03:52.823135', '2022-06-16 14:03:52.823135', 1, NULL, 3, NULL, NULL, NULL, NULL),
	(4, '2022-06-16 14:04:27.401040', '2022-06-16 14:04:27.401040', 1, NULL, 4, NULL, NULL, NULL, NULL),
	(5, '2022-06-16 14:05:02.353038', '2022-06-16 14:05:02.353038', 1, NULL, 5, NULL, NULL, NULL, NULL),
	(6, '2022-06-16 14:05:31.844133', '2022-06-16 14:05:31.844133', 1, NULL, 6, NULL, NULL, NULL, NULL),
	(7, '2022-06-16 14:06:04.599346', '2022-06-16 14:06:04.599346', 1, NULL, 7, NULL, NULL, NULL, NULL),
	(8, '2022-06-16 15:09:03.241399', '2022-06-16 15:09:03.241399', 1, NULL, 8, NULL, NULL, NULL, NULL),
	(9, '2022-06-16 15:10:15.406581', '2022-06-16 15:10:15.406581', 1, NULL, 9, NULL, NULL, NULL, NULL),
	(10, '2022-06-22 09:19:55.038772', '2022-06-22 09:19:55.038772', 1, NULL, NULL, 1, NULL, NULL, NULL),
	(11, '2022-06-22 09:25:25.764751', '2022-06-22 09:25:25.764751', 1, NULL, NULL, NULL, 1, NULL, NULL),
	(12, '2022-06-22 09:29:38.344481', '2022-06-22 09:29:38.344481', 1, NULL, NULL, NULL, 2, NULL, NULL),
	(13, '2022-06-22 09:32:17.461596', '2022-06-22 09:32:17.461596', 1, NULL, NULL, NULL, 3, NULL, NULL),
	(14, '2022-06-22 09:35:20.236672', '2022-06-22 09:35:20.236672', 1, NULL, NULL, NULL, 4, NULL, NULL),
	(15, '2022-06-22 09:37:47.979886', '2022-06-22 09:37:47.979886', 1, NULL, NULL, NULL, 5, NULL, NULL),
	(16, '2022-06-22 09:48:42.644277', '2022-06-22 09:48:42.644277', 1, NULL, NULL, NULL, 8, NULL, NULL),
	(17, '2022-06-22 09:53:56.901966', '2022-06-22 09:53:56.901966', 1, NULL, NULL, NULL, 9, NULL, NULL),
	(18, '2022-06-22 09:56:53.375730', '2022-06-22 09:56:53.375730', 1, NULL, NULL, NULL, 10, NULL, NULL),
	(19, '2022-06-22 10:00:18.101276', '2022-06-22 10:00:18.101276', 1, NULL, NULL, NULL, 11, NULL, NULL),
	(20, '2022-06-22 10:04:00.490744', '2022-06-22 10:04:00.490744', 1, NULL, NULL, NULL, 12, NULL, NULL),
	(21, '2022-06-22 10:06:25.741811', '2022-06-22 10:06:25.741811', 1, NULL, NULL, NULL, 13, NULL, NULL),
	(22, '2022-06-22 10:10:26.996799', '2022-06-22 10:10:26.996799', 1, NULL, NULL, NULL, 14, NULL, NULL),
	(23, '2022-06-22 10:12:57.058596', '2022-06-22 10:12:57.058596', 1, NULL, NULL, NULL, 15, NULL, NULL),
	(24, '2022-06-22 10:16:41.787490', '2022-06-22 10:16:41.787490', 1, NULL, NULL, NULL, 16, NULL, NULL),
	(25, '2022-06-22 10:18:50.325287', '2022-06-22 10:18:50.325287', 1, NULL, NULL, NULL, 17, NULL, NULL),
	(26, '2022-06-22 10:20:53.119294', '2022-06-22 10:20:53.119294', 1, NULL, NULL, NULL, 18, NULL, NULL),
	(27, '2022-06-22 10:22:46.556498', '2022-06-22 10:22:46.556498', 1, NULL, NULL, NULL, 19, NULL, NULL),
	(28, '2022-06-22 10:24:34.590958', '2022-06-22 10:24:34.590958', 1, NULL, NULL, NULL, 20, NULL, NULL),
	(29, '2022-06-22 10:26:28.607896', '2022-06-22 10:26:28.607896', 1, NULL, NULL, NULL, 21, NULL, NULL),
	(30, '2022-06-22 10:28:45.979118', '2022-06-22 10:28:45.979118', 1, NULL, NULL, NULL, 22, NULL, NULL);
ALTER TABLE `approval` ENABLE KEYS;

ALTER TABLE `approval_step` DISABLE KEYS;
INSERT INTO `approval_step` (`id`, `content`, `status`, `update_time`, `approval_id`, `approve_user_id`) VALUES
	(1, NULL, 'AWAITING_REVIEW', '2022-06-16 14:01:07.503518', 1, 1),
	(2, NULL, 'AWAITING_REVIEW', '2022-06-16 14:03:04.445081', 2, 1),
	(3, NULL, 'AWAITING_REVIEW', '2022-06-16 14:03:52.823135', 3, 1),
	(4, NULL, 'AWAITING_REVIEW', '2022-06-16 14:04:27.405216', 4, 1),
	(5, NULL, 'AWAITING_REVIEW', '2022-06-16 14:05:02.358278', 5, 1),
	(6, NULL, 'AWAITING_REVIEW', '2022-06-16 14:05:31.844133', 6, 1),
	(7, NULL, 'AWAITING_REVIEW', '2022-06-16 14:06:04.600378', 7, 1),
	(8, NULL, 'AWAITING_REVIEW', '2022-06-16 15:09:03.241901', 8, 1),
	(9, NULL, 'AWAITING_REVIEW', '2022-06-16 15:10:15.406581', 9, 1),
	(10, NULL, 'REVIEWED', '2022-06-22 09:20:38.069110', 10, 1),
	(11, NULL, 'REVIEWED', '2022-06-22 15:04:48.259757', 11, 1),
	(12, NULL, 'REVIEWED', '2022-06-22 15:04:37.312012', 12, 1),
	(13, NULL, 'REVIEWED', '2022-06-22 15:04:21.308740', 13, 1),
	(14, NULL, 'REVIEWED', '2022-06-22 15:04:13.338456', 14, 1),
	(15, NULL, 'REVIEWED', '2022-06-22 15:04:05.496040', 15, 1),
	(16, NULL, 'REVIEWED', '2022-06-22 15:03:58.310137', 16, 1),
	(17, NULL, 'REVIEWED', '2022-06-22 15:03:49.963567', 17, 1),
	(18, NULL, 'REVIEWED', '2022-06-22 15:03:41.983764', 18, 1),
	(19, NULL, 'REVIEWED', '2022-06-22 15:03:32.826277', 19, 1),
	(20, NULL, 'REVIEWED', '2022-06-22 15:03:23.448840', 20, 1),
	(21, NULL, 'REVIEWED', '2022-06-22 15:03:15.319213', 21, 1),
	(22, NULL, 'REVIEWED', '2022-06-22 15:02:56.439444', 22, 1),
	(23, NULL, 'REVIEWED', '2022-06-22 15:02:48.540445', 23, 1),
	(24, NULL, 'REVIEWED', '2022-06-22 15:02:40.866013', 24, 1),
	(25, NULL, 'REVIEWED', '2022-06-22 15:02:32.011107', 25, 1),
	(26, NULL, 'REVIEWED', '2022-06-22 15:02:23.265959', 26, 1),
	(27, NULL, 'REVIEWED', '2022-06-22 15:02:14.757220', 27, 1),
	(28, NULL, 'REVIEWED', '2022-06-22 14:59:36.341597', 28, 1),
	(29, NULL, 'REVIEWED', '2022-06-22 14:59:23.128084', 29, 1),
	(30, NULL, 'REVIEWED', '2022-06-22 14:59:10.819077', 30, 1);
ALTER TABLE `approval_step` ENABLE KEYS;

ALTER TABLE `attach` DISABLE KEYS;
INSERT INTO `attach` (`id`, `file_name`, `fs_file_name`, `update_time`, `upload_user_id`, `source_ordinal_form_id`) VALUES
	(1, '监督检查.jpg', '监督检查_20220628_155309.jpg', '2022-06-28 15:53:09.127789', 999, 1);
ALTER TABLE `attach` ENABLE KEYS;

ALTER TABLE `department` DISABLE KEYS;
INSERT INTO `department` (`id`, `name`, `parent_id`, `short_name`) VALUES
	(1, '镇党委', NULL, NULL),
	(2, '镇党委书记', NULL, NULL),
	(3, '班子其他成员', NULL, NULL),
	(4, '镇纪委', NULL, NULL),
	(5, '组织部门', NULL, NULL),
	(6, '党政综合办公室', 1, '党政办'),
	(7, '党建工作办公室', 1, '党建办'),
	(8, '社会治理办公室', 1, '社会治理办'),
	(9, '经济发展办公室', 1, '经发办'),
	(10, '社会事务服务管理办公室', 1, '社会事务办'),
	(11, '村镇建设管理办公室', 1, '村建办'),
	(12, '财政办公室', 1, '财政办'),
	(13, '农业农村办公室', 1, '农业农村办'),
	(14, '招商和项目推进科', 1, NULL),
	(15, '综合服务中心', 1, '文化站'),
	(16, '生态环境办公室', 1, NULL),
	(17, '生态环境执法分队', 1, '生环分队'),
	(18, '市场监督管理局百步分局', 1, '市场监管百步分局'),
	(19, '综合行政执法中队', 1, '综合执法'),
	(20, '自然规划局百步分局', 1, '自然资源所'),
	(21, '百步社区', 1, NULL),
	(22, '百联村', 1, NULL),
	(23, '超同村', 1, NULL),
	(24, '逍恬村', 1, NULL),
	(25, '农丰村', 1, NULL),
	(26, '新升村', 1, NULL),
	(27, '横港村', 1, NULL),
	(28, '桃北村', 1, NULL),
	(29, '胜利村', 1, NULL),
	(30, '五丰村', 1, NULL),
	(31, '得胜村', 1, NULL),
	(999, '系统管理员', NULL, NULL);
ALTER TABLE `department` ENABLE KEYS;

ALTER TABLE `fr_evaluation` DISABLE KEYS;
INSERT INTO `fr_evaluation` (`id`, `content`, `focus`, `name`, `type`, `value`) VALUES
	(1, '依据“一岗双责”及其下位责任实际，按要求参加及召开“1+X”会议，分析分管、联系及负责领域、办所（中心）、条线等全面从严治党形势任务、问题风险，以及“七张问题清单”状况，明晰各方职责任务，研究解决履责突出问题，推进各方职责任务调整、完善及有效落实。', '是否参加“1+X”会议：取表单“1”和“X”专项会议中参会人员表中的人名；“x”会议有多次但不确定数量，每次都取，少1次按比例扣分', '“1+X”会议部署、推进', '明责评价', 4.00),
	(2, '班子成员“一岗双责”及其下位责任主体，坚持问题、风险导向，特别是依据全面从严治党、“七张问题清单”导向，查找、建立分管、联系及负责领域、办所（中心）、条线各主体等“问题清单”并全程跟进调整完善，有针对性动态建立“措施清单”及“廉政重点项目清单”，确保明确履责方向、突出履责重点、强化履责协同、有效落实责任清单。', '1、是否有四项清单；2、四项清单内容详实，有明确的责任人。取数四个清单，主要取措施清单中的数据。（1、是否按时完成任务并登记履责模板纪实。可根据时间逐步对未完成事项进行提醒；2、未完成事项有没有说明及申请协调，没有要扣分；3、有没有季度核查；取数主要取履责模板记实、临时交办工作、约谈记录中的数据）', '责任清单建立', '明责评价', 6.00),
	(3, '按要求参加区（镇）党委“第一议题”、学规学纪活动，指导督促分管、联系及负责领域、办所（中心）、条线认真制定年度安排计划，各办所（中心）坚持每月不少于1次组织开展学习、宣传、教育、警示等活动，推动班子成员及办所（中心）各主体做到“两个维护”，提高政治站位，强化纪律规矩意识，守牢法纪底线红线。', '1、有没有学习计划；2、有没有按照时间和内容进行学习；取数主要取学规学纪计划和月度执行情况数据', '“第一议题”、学规学纪开展、落实', '明责评价', 5.00),
	(4, '班子成员“一岗双责”及其下位责任主体，坚持问题、风险导向，依据建立的分管、联系及负责领域、办所（中心）、条线各主体等“问题清单”、“措施清单”及“廉政重点项目清单”等，全程动态推进整改进展直至整改完成销号，形成落实“整改清单”，实现各责任主体能动、协同履责工作到位，提升管党治党责任落实成效。', '1、是否有四项清单；2、四项清单内容详实，有明确的责任人。取数四个清单，主要取措施清单中的数据。（1、是否按时完成任务并登记履责模板纪实。可根据时间逐步对未完成事项进行提醒；2、未完成事项有没有说明及申请协调，没有要扣分；3、有没有季度核查；取数主要取履责模板纪实、临时交办工作、约谈记录中的数据）', '责任清单落实', '履责评价', 12.00),
	(5, '班子成员“一岗双责”及其下位责任主体，围绕上级重大决策部署及分管、联系及负责领域、办所（中心）、条线党风廉政建设重点领域，“七张问题清单”所涉内容，相关主体每季度不少于1次组织（联合）开展监督检查，加强问题、风险排查发现及有效处置、整改。', '1、有没有季度检查；2、有没有检查报告；3、有没有对问题的解决方案和跟进。取数主要是监督检查表数据', '监督检查组织、实施', '履责评价', 6.00),
	(6, '班子成员“一岗双责”及其下位责任主体主动抓好监督执纪“四种形态”，主动适用第一种形态处置问题，主动发现、报告所分管、负责、联系领域、办所（中心）、条线干部和公职人员的违纪违法问题。', '1、有没有第一种形态的应用通知书；2、有没有提醒谈话等；取数主要取一单三书的数据', '第一种形态处置、运用', '履责评价', 6.00),
	(7, '认真抓好“一单三书”制度的执行落实，对所涉的各类问题、风险，各主体强化责任落实，协同落实整改，层层落实管党治党责任。', '1、一单三书内容是否完善；2、涉及的问题和意见建议是否得到整改；取数主要取一单三书数据', '“一单三书”执行、落实', '履责评价', 4.00),
	(8, '认真抓好“纪委动议”制度的执行落实，对所涉的各类问题、风险及其他工作职责任务，各主体协同落实抓好整改及部署落实，防控风险、解决问题。', '1、纪委动议中的问题有没有得到有效整改；取数主要取措施清单、纪委动议中的数据', '纪委动议执行、落实', '履责评价', 4.00),
	(9, '班子成员“一岗双责”及其下位责任主体对照责任清单、协同履责绩效考评项目等，客观、如实、及时向上级报告履责情况，突出存在问题及风险，抓好职责范围内的监督评议工作，抓好评议反馈问题的整改落实。', '1、有没有如实编制履责报告；2、履责报告内容是否详实；取数主要是自动形成的评责报告和班子成员添加内容编制的数据', '履责报告执行、落实', '履责评价', 6.00),
	(10, '班子成员“一岗双责”及其下位责任主体按照重大事项请示报告相关规定，如实、及时做好重大事项报告。', '1、重大事项有没有报告，内容是否属实。什么是重大事项由领导判断，如果没有报告，由领导按规定扣分', '重大事项请示报告执行、落实', '履责评价', 4.00),
	(11, '班子成员“一岗双责”及其下位责任主体认真开展党员干部和公职人员廉政问题风险排查，有针对性地制定防范措施，抓好措施执行落实，防范廉政风险问题发生。', '1、分管站办中心所有党员干部是否均已排查；2、排查报告。取数要取组织结构下部门人员与风险防控排查的数量，以及各自的内容是否齐全', '廉政风险排查防控开展、落实', '履责评价', 5.00),
	(12, '认真抓好分管清廉机关（站所）建设，严格执行落实班子议事规则、“三重一大”集体决策机制及工程项目招投标制度规定等，严格执行行业、业务工作法律法规、政策制度规定，健全单位内部治理、内控、监督机制，全面规范权力运行，加强机关、站所）清廉文化建设，积极打造清廉单元建设示范标杆。', '这个是由领导来判断是否达到，默认为满分', '清廉单元建设推进、实施', '履责评价', 8.00),
	(13, '认真配合上级巡察、基层作风巡查、专项监督、专项治理及反馈问题整改落实工作，支持、配合纪检监察组织正常履行监督执纪问责工作，对“一单三书”及纪检监察建议书、正风肃纪移送函等按要求办理及整改落实。', '部分数据由领导判断，部分数据来源为一单三书的表单中', '上级监督、治理配合、整改', '履责评价', 5.00),
	(14, '纪检监察组织、班子成员、办所（中心）在日常监督增强发现的问题，抓好“六必谈”等情形的履责约谈，同步抓好被上级履责约谈的整改落实，不断增强相关责任主体的履责意识、履责动力，推动各类问题、风险有效整改。', '1、有没有约谈记录；2、约谈事项是否得到纠正；取数主要取约谈记录的数据', '履责约谈开展、实施', '督责评价', 5.00),
	(15, '发生违纪违规违法情况，或在推进上级党委、政府中心工作、重点工作中发生不作为慢作为乱作为假作为等问题的，被区（镇）及以上机关查处的一般给予相应扣分。其中，给予通报的，每人次扣2分；给予诫勉的，每人次扣3分；给予组织处理或组织调整的，每人次扣4分。被给予党纪政务轻处分的，每人次扣6分；被给予党纪政务重处分的，每人次扣8分；因职务犯罪被追究刑事责任的，每人次扣12分。涉及镇班子成员、办所（中心）负责人的，加倍扣分。在镇党委、镇纪委监察办发现查处之前，及时跟进主动处置（指适用第一种形态的情形）的，不予扣分或相应予以加分；主动报告相关问题（指第二种形态及以上的情形）的，减半扣分或不予扣分；涉及瞒报的，加倍扣分。违纪违规案件发生后，针对分管、联系及负责办所（中心）违纪党员干部、公职人员开展谈心谈话等思想教育的，每案加0.5分。违纪违规案件发生后，通过组织生活会、警示教育会落实警示教育制度的，每案加1分；强化以案促改，针对违纪违规案件暴露出的薄弱环节和廉政风险，及时提出整改意见和建议，并健全制度规范，强化内部监督，有具体举措并书面总结的，每案加1分。本项加分最高不超过6分。', '由组织部门或领导判断，默认为满分', '党员干部监督、管理', '追责评价', 20.00);
ALTER TABLE `fr_evaluation` ENABLE KEYS;

ALTER TABLE `fr_inform` DISABLE KEYS;
ALTER TABLE `fr_inform` ENABLE KEYS;

ALTER TABLE `fr_matter` DISABLE KEYS;
INSERT INTO `fr_matter` (`id`, `code`, `content`, `end_date`, `measure_status`, `origin`, `update_time`, `user_id`, `source_ordinal_form_id`, `source_inform_id`) VALUES
	(1, '1', '“非粮化”整治推进不力', '2022-12-31', 'AWAITING_REVIEW', '责任主体排查发现 / 执行上级重大决策部署方面问题或风险', '2022-06-16 14:01:07.510173', 21, NULL, NULL),
	(2, '2', '农村人居环境整治推进不力', '2022-12-31', 'AWAITING_REVIEW', '责任主体排查发现 / 履职方面的风险或问题', '2022-06-16 14:03:04.445081', 21, NULL, NULL),
	(3, '3', '相关农田水利工程等方面利用职权谋取私利风险', '2022-07-31', 'AWAITING_REVIEW', '责任主体排查发现 / 廉洁用权履职方面的问题或风险', '2022-06-16 14:03:52.824138', 21, NULL, NULL),
	(4, '4', '与相关农业市场化主体交往过程中权力寻租的风险', '2022-07-31', 'AWAITING_REVIEW', '责任主体排查发现 / 廉洁用权履职方面的问题或风险', '2022-06-16 14:04:27.406135', 21, NULL, NULL),
	(5, '5', '存在违规接受管理服务对象吃请等“四风”问题风险', '2022-07-31', 'AWAITING_REVIEW', '责任主体排查发现 / 执行落实中央八项规定精神等方面的问题风险', '2022-06-16 14:05:02.359230', 21, NULL, NULL),
	(6, '6', '作风不够实，自律不够严的问题', '2022-07-31', 'AWAITING_REVIEW', '责任主体排查发现 / 作风建设方面的问题或风险', '2022-06-16 14:05:31.845099', 21, NULL, NULL),
	(7, '7', '存在违法违纪风险', '2022-12-31', 'AWAITING_REVIEW', '责任主体排查发现 / 严守国家法律法规和党的纪律方面的问题或风险', '2022-06-16 14:06:04.601392', 21, NULL, NULL),
	(8, '8', '（重大督查问题）桃北村蔡张丽反映台风期间人员未安置问题', '2021-12-31', 'AWAITING_REVIEW', '上级反馈、移交、交办 / 纳入上级“七张问题清单”的移交、交办问题', '2022-06-16 15:09:03.242952', 21, NULL, NULL),
	(9, '9', '反映百步三和印刷公司违法建造五千多平方米的房子、百步镇横港村程小唤无审批手续建造村旁单门独户。', '2022-07-15', 'AWAITING_REVIEW', '区(镇)反馈、交办 / 本级纪检监察部门监督检查、信访调查、审查调查、问题线索处置等发现、暴露的各类问题', '2022-06-16 15:10:15.407846', 17, NULL, NULL);
ALTER TABLE `fr_matter` ENABLE KEYS;

ALTER TABLE `fr_measure` DISABLE KEYS;
INSERT INTO `fr_measure` (`id`, `code`, `content`, `end_date`, `start_date`, `matter_id`, `progress_id`, `user_id`) VALUES
	(1, '1', '1、进一步完善“非粮化”整治推进计划；\n2、建立完成目标任务倒排机制，突出节点化推进，责任逐层传导压实到村；\n3、加强日常监督检查跟进，抓好督查通报和考核结果运用。', '2022-12-31', NULL, 1, 1, 21),
	(2, '1', '1、进一步建立健全面向各村的定期督查、考核通报机制；\n2、建立完善面向人居环境治理第三方主体的监督检查及考核奖惩机制，运用市场力量倒逼落实人居环境治理工作责任；\n3、加强宣传引导，推动建立农户主体参与房前屋后人居环境治理、规范垃圾分类的有效激励奖惩机制；\n4、进一步加强人居环境和垃圾分类执法力度，严厉打击、通报各类违规违法行为，形成震慑效果。', '2022-12-31', NULL, 2, 2, 21),
	(3, '1', '1、严格监管工程管理人员，对工程施工单位变更、追加项目等行为严格按程序审核，确保工程质量；2、加强日工程管理人员的日常教育管理，督促与工程单位人员“八小时”之外不接触、保持距离；3、严格自律，带头严格落实工程发包、合同签约、建设施工、验收、审价、资金支付、履约保证金缴纳等各环节监管，规避不良交往。', '2022-07-31', NULL, 3, 3, 21),
	(4, '1', '1、严格兑现落实上级对各类农业主体的奖补规定，按程序规范操作，确保公平公正；2.对属于“三重一大”事项提交区（镇）党委会议决策后执行；3、主动规避与相关农业市场主体人员工作之外的交往。', '2022-07-31', NULL, 4, 4, 21),
	(5, '1', '1、加强农业农村办干部和公职人员队伍的教育监督，发现苗头性、倾向性问题主动落实第一种形态处置；2、定期结合站所会议，进行案例通报和警示；3、带头垂范，不接受农场主、工程单位的宴请、送礼等吃请，要求分管的干部职工对我本人进行监督。', '2022-07-31', NULL, 5, 5, 21),
	(6, '1', '1、切实加强党性、廉政学习，提升自我修养；2、注意言行，重抓落实，不搞形式主义官僚主义这套。3、在各方面与上级要求保持一致。', '2022-07-31', NULL, 6, 6, 21),
	(7, '1', '1、注重自我警示，严格遵守不酒驾醉驾、不参与各类赌博活动；2、不去各类不良场所，净化朋友圈、社交圈；3.加强对分管条线的提醒和教育，注重以案为鉴，严防此类问题发生。', '2022-12-31', NULL, 7, 7, 21),
	(8, '1', '"1、针对留言人蔡张丽所反映的情况，及时做好沟通，消除误解，取得蔡张丽对镇村防汛防台工作的支持与理解。\n2、区（镇）将根据此次事件反映出的问题进行完善提升，对防汛防台工作进行复盘，补齐救灾安置工作短板，进一步强化为民服务意识水平"', '2021-12-31', '2021-11-30', 8, 8, 21),
	(9, '1', '1、分别由分管拆违的副镇长叶吴良、分管农民建房的副镇长沈伟华对负责进行调查核实是否存在违建情况；\n2、根据调查结果，跟进处置。', '2022-07-15', '2022-06-02', 9, 9, 17);
ALTER TABLE `fr_measure` ENABLE KEYS;

ALTER TABLE `fr_meeting` DISABLE KEYS;
INSERT INTO `fr_meeting` (`id`, `code`, `content`, `placement`, `start_time`, `status`, `type`, `department_id`, `user_id`) VALUES
	(1, 'HY001', '1. 传达学习上级精神\n2. 明确各责任主体职责任务\n3. 排查各自领域问题风险及防范措施', '暂无', '2022-03-08 10:00:00.534000', 'REVIEWED', '1专题会议', NULL, 2);
ALTER TABLE `fr_meeting` ENABLE KEYS;

ALTER TABLE `fr_meeting_meeting_user` DISABLE KEYS;
INSERT INTO `fr_meeting_meeting_user` (`meeting_id`, `meeting_user_id`) VALUES
	(1, 2),
	(1, 3),
	(1, 4),
	(1, 5),
	(1, 6),
	(1, 7),
	(1, 8),
	(1, 9),
	(1, 10),
	(1, 11),
	(1, 12),
	(1, 13),
	(1, 14),
	(1, 15),
	(1, 16),
	(1, 17),
	(1, 18),
	(1, 19),
	(1, 20),
	(1, 21);
ALTER TABLE `fr_meeting_meeting_user` ENABLE KEYS;

ALTER TABLE `fr_meeting_sub_user` DISABLE KEYS;
ALTER TABLE `fr_meeting_sub_user` ENABLE KEYS;

ALTER TABLE `fr_meeting_topic` DISABLE KEYS;
INSERT INTO `fr_meeting_topic` (`id`, `create_time`, `status`, `meeting_id`, `user_id`) VALUES
	(1, '2022-06-22 09:25:25.743287', 'REVIEWED', 1, 2),
	(2, '2022-06-22 09:29:38.341030', 'REVIEWED', 1, 3),
	(3, '2022-06-22 09:32:17.458549', 'REVIEWED', 1, 4),
	(4, '2022-06-22 09:35:20.232671', 'REVIEWED', 1, 5),
	(5, '2022-06-22 09:37:47.976889', 'REVIEWED', 1, 6),
	(8, '2022-06-22 09:48:42.626897', 'REVIEWED', 1, 7),
	(9, '2022-06-22 09:53:56.881553', 'REVIEWED', 1, 8),
	(10, '2022-06-22 09:56:53.371732', 'REVIEWED', 1, 9),
	(11, '2022-06-22 10:00:18.093149', 'REVIEWED', 1, 10),
	(12, '2022-06-22 10:04:00.482007', 'REVIEWED', 1, 11),
	(13, '2022-06-22 10:06:25.733526', 'REVIEWED', 1, 12),
	(14, '2022-06-22 10:10:26.971789', 'REVIEWED', 1, 13),
	(15, '2022-06-22 10:12:57.058596', 'REVIEWED', 1, 14),
	(16, '2022-06-22 10:16:41.779079', 'REVIEWED', 1, 15),
	(17, '2022-06-22 10:18:50.317146', 'REVIEWED', 1, 16),
	(18, '2022-06-22 10:20:53.119294', 'REVIEWED', 1, 17),
	(19, '2022-06-22 10:22:46.547903', 'REVIEWED', 1, 18),
	(20, '2022-06-22 10:24:34.557985', 'REVIEWED', 1, 19),
	(21, '2022-06-22 10:26:28.599405', 'REVIEWED', 1, 20),
	(22, '2022-06-22 10:28:45.971753', 'REVIEWED', 1, 21);
ALTER TABLE `fr_meeting_topic` ENABLE KEYS;

ALTER TABLE `fr_meeting_topic_task` DISABLE KEYS;
INSERT INTO `fr_meeting_topic_task` (`id`, `content`, `is_matter`, `topic_id`) VALUES
	(1, '加强党的政治建设，增强“四个意识”，坚定“四个自信”，做到“两个维护”，切实提高政治判断力、政治领悟力、政治执行力，坚决贯彻落实习近平总书记重要讲话和重要指示批示精神，坚决贯彻落实党中央决策部署，坚持全面从严治党战略方针，始终保持自我革命定力，推动更好发挥全面从严治党引领保障作用。严肃党内政治生活，加强政治生态研判。带头贯彻执行民主集中制，严格执行党委会议议事规则和集体决策制度，严格落实“五不直接分管”、集体议事决策时末位表态等要求。带头遵守政治纪律和政治规矩，主动向上级请示报告工作。', NULL, 1),
	(2, '认真执行《党委（党组）落实全面从严治党主体责任规定》、《中共中央关于加强对“一把手”和领导班子监督的意见》和省委实施意见，按照深化全面从严治党“四责协同”机制要求，牵头推动落实“五张责任清单”，履行第一责任人责任，加强区（镇）全面从严治党研究部署和督促落实，重点抓好对区（镇）班子成员和村（社）、中心办所“一把手”的监督，抓好职责范围内党风廉政建设和反腐败工作。', NULL, 1),
	(3, '认真贯彻落实省市县委和区（镇）党委决策部署，牵头推动落实招大引强、产业转型、创新赋能、城乡建设、民生保障、社会治理、党建统领“七大提升行动”，深入开展项目攻坚年、改革创新年、作风建设年“三个年”活动。', NULL, 1),
	(4, '加强党对反腐败工作的统一领导，坚持综合施治，牵头落实不敢腐、不能腐、不想腐一体推进，重点推动强化权力公开规范高效运行机制建设，提升基层治理体系和治理能力现代化水平。牵头统筹谋划清廉单元建设，持续深化清廉百步建设。', NULL, 1),
	(5, '牵头加固中央八项规定堤坝，持之以恒加强作风建设，锲而不舍纠“四风”树新风。', NULL, 1),
	(6, '牵头加固中央八项规定堤坝，持之以恒加强作风建设，锲而不舍纠“四风”树新风。', NULL, 1),
	(7, '坚持以身作则，在严格自律上当标杆、作表率，带头遵守执行全面从严治党各项规定，带头落实中央八项规定及其实施细则精神，带头坚决抵制其他党员干部及其家属亲友违规干预干部选拔任用、工程建设、执法司法等行为。带头做到廉洁从政、廉洁用权、廉洁修身、廉洁齐家，带头落实构建亲清政商关系要求，管住管好自己的家属亲友和身边工作人员，始终保持清正廉洁政治本色。', NULL, 1),
	(8, '加强党的政治建设，增强“四个意识”，坚定“四个自信”，做到“两个维护”，切实提高政治判断力、政治领悟力、政治执行力，坚决贯彻落实习近平总书记重要讲话和重要指示批示精神，坚决贯彻落实党中央决策部署，坚持全面从严治党战略方针，始终保持自我革命定力，推动更好发挥全面从严治党引领保障作用。认真贯彻执行民主集中制，严格执行党委会议议事规则和集体决策制度，加强班子成员之间相互监督，讨论决策问题充分发表意见，有效发挥监督作用。严格遵守政治纪律和政治规矩，主动向上级请示报告工作。', NULL, 2),
	(9, '认真执行《党委（党组）落实全面从严治党主体责任规定》、《中共中央关于加强对“一把手”和领导班子监督的意见》和省委实施意见，按照深化全面从严治党“四责协同”机制、落实“五张责任清单”要求，认真履行“一岗双责”，部署、检查、督促落实政府系统全面从严治党工作及责任落实工作，重点抓好对政府系统党员干部，特别是财政办和国资、审计线“一把手”及其成员的严格教育管理监督，抓好政府系统、主管部门（口子）等职责范围内党风廉政建设和反腐败工作，推动廉洁政府建设。', NULL, 2),
	(10, '认真贯彻落实省市县委和区（镇）党委决策部署，推动落实“七大提升行动”，深入开展“三个年”活动。', NULL, 2),
	(11, '强化政府权力公开规范高效运行，谋划、实施职责范围内的重点清廉单元建设，提高治理水平。严格执行财政预算决算制度，加强对财政性资金的管理和监督检查，抓好基础设施、公共建设等政府投资项目的监管，提高资金使用绩效，严格控制和缩减一般性支出，厉行勤俭节约，带头过“紧日子”。切实抓好国有资产管理及处置、土地出让、政府采购、招商引资、债务管理、内控机制数字化改革等方面监督。', NULL, 2),
	(12, '加强政府系统作风建设，推动严格执行中央八项规定及其实施细则精神，持之以恒反“四风”，持续整治享乐主义、奢靡之风，力戒形式主义、官僚主义。', NULL, 2),
	(13, '加强政府系统党员干部日常教育管理监督，运用好“四种形态”特别是第一种形态，让“红红脸、出出汗”成为常态。', NULL, 2),
	(14, '严格廉洁自律，模范遵守执行全面从严治党各项规定，严格落实中央八项规定及其实施细则精神，坚决抵制其他党员干部及其家属亲友违规干预干部选拔任用、工程建设、执法司法等行为。带头做到廉洁从政、廉洁用权、廉洁修身、廉洁齐家，带头落实构建亲清政商关系要求，管住管好自己的家属亲友和身边工作人员，始终保持清正廉洁政治本色。', NULL, 2),
	(15, '加强党的政治建设，增强“四个意识”，坚定“四个自信”，做到“两个维护”，切实提高政治判断力、政治领悟力、政治执行力，坚决贯彻落实习近平总书记重要讲话和重要指示批示精神，坚决贯彻落实党中央决策部署，坚持全面从严治党战略方针，始终保持自我革命定力，推动更好发挥全面从严治党引领保障作用。认真贯彻执行民主集中制，严格执行班子集体决策制度，加强班子成员之间相互监督，讨论决策问题充分发表意见，有效发挥监督作用。严格遵守政治纪律和政治规矩，主动向上级请示报告工作。', NULL, 3),
	(16, '认真执行《党委（党组）落实全面从严治党主体责任规定》、《中共中央关于加强对“一把手”和领导班子监督的意见》和省委实施意见，按照深化全面从严治党“四责协同”机制、落实“五张责任清单”要求，认真履行“一岗双责”，部署、检查、督促落实镇人大全面从严治党工作及责任落实工作，重点抓好对镇人大党员干部，特别是人大办、慈善分会“一把手”及其成员的严格教育管理监督，抓好镇人大、分管部门（口子）等职责范围内党风廉政建设和反腐败工作，推动廉洁人大建设。', NULL, 3),
	(17, '认真贯彻落实省市县委和区（镇）党委决策部署，强化人大监督履职，有力推动落实“七大提升行动”和“三个年”活动，协助抓好民生保障提升行动。', NULL, 3),
	(18, '强化人大监督权力的公开规范高效运行，谋划、实施职责范围内的重点清廉单元建设，提高履职规范化水平。抓好慈善资金募集、分配使用监管，防范化解问题风险。', NULL, 3),
	(19, '创新优化人大监督，推动人大监督与其他各类监督形成协同格局，不断提升监督效能，保障和推动上级决策部署落地见效。', NULL, 3),
	(20, '加强镇人大作风建设，推动严格执行中央八项规定及其实施细则精神，持之以恒反“四风”，持续整治享乐主义、奢靡之风，力戒形式主义、官僚主义。', NULL, 3),
	(21, '加强镇人大、分管部门（口子）党员干部的日常教育管理监督，运用好“四种形态”特别是第一种形态，让“红红脸、出出汗”成为常态。', NULL, 3),
	(22, '严格廉洁自律，模范遵守执行全面从严治党各项规定，严格落实中央八项规定及其实施细则精神，坚决抵制其他党员干部及其家属亲友违规干预干部选拔任用、工程建设、执法司法等行为。带头做到廉洁从政、廉洁用权、廉洁修身、廉洁齐家，带头落实构建亲清政商关系要求，管住管好自己的家属亲友和身边工作人员，始终保持清正廉洁政治本色。', NULL, 3),
	(23, '加强党的政治建设，增强“四个意识”，坚定“四个自信”，做到“两个维护”，切实提高政治判断力、政治领悟力、政治执行力，坚决贯彻落实习近平总书记重要讲话和重要指示批示精神，坚决贯彻落实党中央决策部署，坚持全面从严治党战略方针，始终保持自我革命定力，推动更好发挥全面从严治党引领保障作用。认真贯彻执行民主集中制，严格执行党委集体决策制度，加强班子成员之间相互监督，讨论决策问题充分发表意见，有效发挥监督作用。严格遵守政治纪律和政治规矩，主动向上级请示报告工作。', NULL, 4),
	(24, '认真执行《党委（党组）落实全面从严治党主体责任规定》、《中共中央关于加强对“一把手”和领导班子监督的意见》和省委实施意见，按照深化全面从严治党“四责协同”机制、落实“五张责任清单”要求，认真履行“一岗双责”，部署、检查、督促落实主持和分管领域全面从严治党工作及责任落实工作，重点抓好对主管和分管领域党员干部，特别是政协联络室、工会、党政办、党建办、招商和项目推进科、所联系村“一把手”及其成员的严格教育管理监督，抓好主持和分管领域等职责范围内党风廉政建设和反腐败工作。', NULL, 4),
	(25, '认真贯彻落实省市县委和区（镇）党委决策部署，扎实开展招大引强提升行动、产业转型提升行动、党建统领提升行动和项目攻坚年、改革创新年、作风建设年活动。', NULL, 4),
	(26, '创新优化政协民主监督，推动政协监督与其他各类监督形成协同格局，不断提升监督效能，保障和推动上级决策部署落地见效。', NULL, 4),
	(27, '严格执行上级和本级有关招商和项目推进、营商环境建设工作涉及政策、制度、规定，完善优化相关制度规则，规范权力运行，强化廉政风险防控。', NULL, 4),
	(28, '坚持数字化改革为牵引推进清廉机关建设，加快内控制度机制刚性落地，规范机关权力运行，健全优化督查考核一体化机制，推动区（镇）机关党员干部进一步转作风、提效能、优服务。', NULL, 4),
	(29, '切实严格执行公务用车管理、机关食堂管理等制度规定，厉行节约。', NULL, 4),
	(30, '推动严格执行中央八项规定及其实施细则精神，持之以恒反“四风”，持续整治享乐主义、奢靡之风，力戒形式主义、官僚主义，持续抓好基层减负工作。', NULL, 4),
	(31, '加强主持和分管部门（口子）党员干部的日常教育管理监督，运用好“四种形态”特别是第一种形态，让“红红脸、出出汗”成为常态。', NULL, 4),
	(32, '严格廉洁自律，模范遵守执行全面从严治党各项规定，严格落实中央八项规定及其实施细则精神，坚决抵制其他党员干部及其家属亲友违规干预干部选拔任用、工程建设、执法司法等行为。带头做到廉洁从政、廉洁用权、廉洁修身、廉洁齐家，带头落实构建亲清政商关系要求，管住管好自己的家属亲友和身边工作人员，始终保持清正廉洁政治本色。', NULL, 4),
	(33, '加强党的政治建设，增强“四个意识”，坚定“四个自信”，做到“两个维护”，切实提高政治判断力、政治领悟力、政治执行力，坚决贯彻落实习近平总书记重要讲话和重要指示批示精神，坚决贯彻落实党中央决策部署，坚持全面从严治党战略方针，始终保持自我革命定力，推动更好发挥全面从严治党引领保障作用。认真贯彻执行民主集中制，严格执行党委集体决策制度，加强班子成员之间相互监督，讨论决策问题充分发表意见，有效发挥监督作用。严格遵守政治纪律和政治规矩，主动向上级请示报告工作。', NULL, 5),
	(34, '认真执行《党委（党组）落实全面从严治党主体责任规定》、《中共中央关于加强对“一把手”和领导班子监督的意见》和省委实施意见，按照深化全面从严治党“四责协同”机制、落实“五张责任清单”要求，认真履行“一岗双责”，部署、检查、督促落实分管领域全面从严治党工作及责任落实工作，重点抓好对分管领域党员干部，特别是社会治理办、生态环境办、行政执法办和所联系村“一把手”及其成员的严格教育管理监督，抓好分管领域等职责范围内党风廉政建设和反腐败工作。', NULL, 5),
	(35, '认真贯彻落实省市县委和区（镇）党委决策部署，扎实开展城乡建设提升行动、社会治理提升行动，牵头抓好疫情防控工作，切实加强平安建设、法治建设，以及安全生产、消防安全、交通安全等工作。', NULL, 5),
	(36, '严格落实重要信访事项领导包案等制度，持续深化涉法、涉诉等领域损害群众利益突出问题治理，扎实抓好信访积案“清零”专项行动，抓好常态化扫黑除恶工作。', NULL, 5),
	(37, '加强“一支队伍管执法”机制执行落实，创新落实垃圾分类、三改一拆、生态环境治理等工作，全面改进责任落实、督查检查、考核奖惩机制，提升工作质量，提高专项资金使用绩效，规范权力运行，有效强化廉政风险防控。', NULL, 5),
	(38, '推动严格执行中央八项规定及其实施细则精神，持之以恒反“四风”，持续整治享乐主义、奢靡之风，力戒形式主义、官僚主义。', NULL, 5),
	(39, '加强对分管部门（口子）党员干部的日常教育管理监督，运用好“四种形态”特别是第一种形态，让“红红脸、出出汗”成为常态。', NULL, 5),
	(40, '严格廉洁自律，模范遵守执行全面从严治党各项规定，严格落实中央八项规定及其实施细则精神，坚决抵制其他党员干部及其家属亲友违规干预干部选拔任用、工程建设、执法司法等行为。带头做到廉洁从政、廉洁用权、廉洁修身、廉洁齐家，带头落实构建亲清政商关系要求，管住管好自己的家属亲友和身边工作人员，始终保持清正廉洁政治本色。', NULL, 5),
	(43, '加强党的政治建设，增强“四个意识”，坚定“四个自信”，做到“两个维护”，切实提高政治判断力、政治领悟力、政治执行力，坚决贯彻落实习近平总书记重要讲话和重要指示批示精神，坚决贯彻落实党中央决策部署，坚持全面从严治党战略方针，始终保持自我革命定力，推动更好发挥全面从严治党引领保障作用。认真贯彻执行民主集中制，严格执行党委集体决策制度，加强班子成员之间相互监督，讨论决策问题充分发表意见，有效发挥监督作用。严格遵守政治纪律和政治规矩，主动向上级请示报告工作。', NULL, 8),
	(44, '认真执行《党委（党组）落实全面从严治党主体责任规定》、《中共中央关于加强对“一把手”和领导班子监督的意见》和省委实施意见，按照深化全面从严治党“四责协同”机制、落实“五张责任清单”要求，既牵头落实纪委监督责任，加强监督执纪问责，做深做实政治监督，协助区（镇）党委压实管党治党责任、深化清廉百步建设，抓好对区（镇）班子同级监督和村（社）、中心办所班子监督，深化政治生态动态分析和研判工作，又认真落实班子成员“一岗双责”，从严从实抓好纪委监察办内部监督管理和纪检监察干部队伍自身建设，自觉接受最严格的约束和监督，严防“灯下黑”。', NULL, 8),
	(45, '认真贯彻落实省市县委和区（镇）党委决策部署，有力监督保障“七大提升行动”“三个年”活动目标任务圆满完成，确保政令畅通。', NULL, 8),
	(46, '协同推进党建统领提升行动，扎实开展“作风建设年”活动，强化监督执纪，锤炼锻造“五敢型”干部队伍，为新时代共同富裕示范样板建设提供坚强作风保障。', NULL, 8),
	(47, '坚持综合施治，深化“三不”一体推进，始终保持反腐败高压态势，准确运用监督执纪“四种形态”，不断做深做透案后文章。', NULL, 8),
	(48, '坚持聚焦群众关切，健全完善村级监察工作联络站日常监督机制，以基层监督助力基层自治。加强对惠民富民、促进共同富裕政策措施落实情况的监督检查，持续开展漠视侵害群众利益问题专项治理，抓好重复检举控告“清零”专项行动，切实推动解决群众“急难愁盼”。', NULL, 8),
	(49, '加快推进监督数字化改革，围绕区（镇）资产处置、土地收储、基础设施建设、招商引资等重要公权力、重大项目和重点工作推进，建立项目化、节点化、数字化、实效化的运行推进机制及其配套的责任落实机制、评估研判机制和风险监管机制，全面构建监督数字化多跨协同场景，推动架构形成以“公权运行内控、督查考核推进、“五张清单”体系、大数据云监督”为特征“3+1”开发区（乡镇）“智治”平台。', NULL, 8),
	(50, '强化正风肃纪，驰而不息纠治“四风”，推动构建纠治“四风”长效机制，持续加固中央八项规定堤坝。', NULL, 8),
	(51, '推动构建亲清政商关系，会同组织部门开展《关于规范领导干部廉洁从政从业行为，进一步推动构建亲清政商关系的意见》贯彻执行情况的监督检查，有效跟进督促处置工作。', NULL, 8),
	(52, '严格廉洁自律，模范遵守执行全面从严治党各项规定，严格落实中央八项规定及其实施细则精神，坚决抵制其他党员干部及其家属亲友违规干预干部选拔任用、工程建设、执法司法等行为。带头做到廉洁从政、廉洁用权、廉洁修身、廉洁齐家，带头落实构建亲清政商关系要求，管住管好自己的家属亲友和身边工作人员，始终保持清正廉洁政治本色。', NULL, 8),
	(53, '加强党的政治建设，增强“四个意识”，坚定“四个自信”，做到“两个维护”，切实提高政治判断力、政治领悟力、政治执行力，坚决贯彻落实习近平总书记重要讲话和重要指示批示精神，坚决贯彻落实党中央决策部署，坚持全面从严治党战略方针，始终保持自我革命定力，推动更好发挥全面从严治党引领保障作用。认真贯彻执行民主集中制，严格执行党委集体决策制度，加强班子成员之间相互监督，讨论决策问题充分发表意见，有效发挥监督作用。严格遵守政治纪律和政治规矩，主动向上级请示报告工作。', NULL, 9),
	(54, '认真执行《党委（党组）落实全面从严治党主体责任规定》、《中共中央关于加强对“一把手”和领导班子监督的意见》和省委实施意见，按照深化全面从严治党“四责协同”机制、落实“五张责任清单”要求，既牵头落实组织部门职能监督责任，加强对机关、村（社）、中心（站办）党员干部、工作人员的日常监督管理，指导各基层党组织开好组织生活会，强化选人用人组织把关，又认真落实班子成员“一岗双责”，部署、检查、督促落实分管条线站办全面从严治党工作及责任落实工作，从严从实抓好对党建办组织口、党政办档案条线工作人员和所联系村“一把手”及其成员的教育管理监督，抓好分管领域等职责范围内党风廉政建设和反腐败工作。', NULL, 9),
	(55, '认真贯彻落实省市县委和区（镇）党委决策部署，牵头强化组织部门职能监督保障，推动“七大提升行动”“三个年”活动目标任务圆满完成。', NULL, 9),
	(56, '扎实推进党建统领提升行动，扎实开展“作风建设年”活动，围绕强化担当作为，锤炼锻造“五敢型”干部队伍，为新时代共同富裕示范样板建设提供坚强作风保障。', NULL, 9),
	(57, '牵头建立健全区（镇）管思想、管工作、管作风、管纪律的日常监督管理体系，加强村（社）民主集中制执行情况监督检查，推动落实请示报告、任职回避、定期轮岗、干部交流等制度，运用约谈、专项检查、个人有关事项报告、因私出国（境）证照集中管理，以及组织处理等方式，加强对党员干部、工作人员的日常监督，安排区（镇）党委会议听取村（社）书记党建和述职述廉报告。', NULL, 9),
	(58, '严格执行干部选拔任用的相关规定，强化对中层干部、村（社）干部拟任人选的把关，按要求执行分析研判和动议、民主推荐、考察、讨论决定等各环节。落实干部落实好干部标准和“凡提四必”程序，全面考察干部。', NULL, 9),
	(59, '组织实施村（社）、中心办所班子年度考核与平时考核相结合工作，对重点工作进行专项考核，突出工作实绩考核。', NULL, 9),
	(60, '推动构建亲清政商关系，会同纪委监察办开展《关于规范领导干部廉洁从政从业行为，进一步推动构建亲清政商关系的意见》贯彻执行情况的监督检查，有效跟进督促处置工作。', NULL, 9),
	(61, '推动严格执行中央八项规定及其实施细则精神，持之以恒反“四风”，持续整治享乐主义、奢靡之风，力戒形式主义、官僚主义。', NULL, 9),
	(62, '严格廉洁自律，模范遵守执行全面从严治党各项规定，严格落实中央八项规定及其实施细则精神，坚决抵制其他党员干部及其家属亲友违规干预干部选拔任用、工程建设、执法司法等行为。带头做到廉洁从政、廉洁用权、廉洁修身、廉洁齐家，带头落实构建亲清政商关系要求，管住管好自己的家属亲友和身边工作人员，始终保持清正廉洁政治本色。', NULL, 9),
	(63, '加强党的政治建设，增强“四个意识”，坚定“四个自信”，做到“两个维护”，切实提高政治判断力、政治领悟力、政治执行力，坚决贯彻落实习近平总书记重要讲话和重要指示批示精神，坚决贯彻落实党中央决策部署，坚持全面从严治党战略方针，始终保持自我革命定力，推动更好发挥全面从严治党引领保障作用。认真贯彻执行民主集中制，严格执行党委集体决策制度，加强班子成员之间相互监督，讨论决策问题充分发表意见，有效发挥监督作用。严格遵守政治纪律和政治规矩，主动向上级请示报告工作。', NULL, 10),
	(64, '认真执行《党委（党组）落实全面从严治党主体责任规定》、《中共中央关于加强对“一把手”和领导班子监督的意见》和省委实施意见，按照深化全面从严治党“四责协同”机制、落实“五张责任清单”要求，认真履行“一岗双责”，部署、检查、督促落实分管领域全面从严治党工作及责任落实工作，重点抓好对分管领域党员干部，特别是文化站和所联系村“一把手”及其成员的严格教育管理监督，抓好分管领域等职责范围内党风廉政建设和反腐败工作。', NULL, 10),
	(65, '认真贯彻落实省市县委和区（镇）党委决策部署，协同开展产业转型提升行动、城乡建设提升行动、民生保障提升行动和党建统领提升行动。', NULL, 10),
	(66, '扎实开展“作风建设年”活动，围绕强化思想引领，锤炼锻造“五敢型”干部队伍，为新时代共同富裕示范样板建设提供坚强作风保障。', NULL, 10),
	(67, '推动落实意识形态工作责任制，巩固提升思想舆论阵地。规范公职人员网络行为，加强涉纪涉腐网络舆情的监测、研判和处置，确保不发生各类网络舆情事件。', NULL, 10),
	(68, '持续深入抓好学习宣传贯彻习近平新时代中国特色社会主义思想和党的十九届六中全会精神，以及下半年召开的党的二十大精神，全面落实“第一议题”制度，拧紧区（镇）党员干部思想“总开关”。', NULL, 10),
	(69, '加强文化、旅游、体育基础设施建设项目及资金、文明创建和文旅体活动、赛事资金监管工作，加强廉政风险防控。', NULL, 10),
	(70, '加强对分管部门（口子）党员干部的日常教育管理监督，运用好“四种形态”特别是第一种形态，让“红红脸、出出汗”成为常态。', NULL, 10),
	(71, '加强对分管部门（口子）党员干部的日常教育管理监督，运用好“四种形态”特别是第一种形态，让“红红脸、出出汗”成为常态。', NULL, 10),
	(72, '严格廉洁自律，模范遵守执行全面从严治党各项规定，严格落实中央八项规定及其实施细则精神，坚决抵制其他党员干部及其家属亲友违规干预干部选拔任用、工程建设、执法司法等行为。带头做到廉洁从政、廉洁用权、廉洁修身、廉洁齐家，带头落实构建亲清政商关系要求，管住管好自己的家属亲友和身边工作人员，始终保持清正廉洁政治本色。', NULL, 10),
	(73, '加强党的政治建设，增强“四个意识”，坚定“四个自信”，做到“两个维护”，切实提高政治判断力、政治领悟力、政治执行力，坚决贯彻落实习近平总书记重要讲话和重要指示批示精神，坚决贯彻落实党中央决策部署，坚持全面从严治党战略方针，始终保持自我革命定力，推动更好发挥全面从严治党引领保障作用。认真贯彻执行民主集中制，严格执行党委集体决策制度，加强班子成员之间相互监督，讨论决策问题充分发表意见，有效发挥监督作用。严格遵守政治纪律和政治规矩，主动向上级请示报告工作。', NULL, 11),
	(74, '认真执行《党委（党组）落实全面从严治党主体责任规定》、《中共中央关于加强对“一把手”和领导班子监督的意见》和省委实施意见，按照深化全面从严治党“四责协同”机制、落实“五张责任清单”要求，认真履行“一岗双责”，部署、检查、督促落实分管领域全面从严治党工作及责任落实工作，重点抓好对分管领域党员干部，特别是招商和项目推进科负责人及其成员的严格教育管理监督，抓好分管领域等职责范围内党风廉政建设和反腐败工作。', NULL, 11),
	(75, '认真贯彻落实省市县委和区（镇）党委决策部署，协同开展招大引强提升行动、产业转型提升行动和党建统领提升行动。', NULL, 11),
	(76, '加大对民族宗教领域群体性事件、重大网络舆情及非法宗教活动、渗透的风险研判，跟进有效处置。', NULL, 11),
	(77, '严格执行上级和本级有关招商和项目推进、营商环境建设工作涉及政策、制度、规定，完善优化相关制度规则，规范权力运行，强化廉政风险防控。', NULL, 11),
	(78, '协助创新优化政协民主监督，推动政协监督与其他各类监督形成协同格局，不断提升监督效能，保障和推动上级决策部署落地见效。', NULL, 11),
	(79, '加强对分管及协助分管部门（口子）党员干部的日常教育管理监督，运用好“四种形态”特别是第一种形态，让“红红脸、出出汗”成为常态。', NULL, 11),
	(80, '推动严格执行中央八项规定及其实施细则精神，持之以恒反“四风”，持续整治享乐主义、奢靡之风，力戒形式主义、官僚主义。', NULL, 11),
	(81, '严格廉洁自律，模范遵守执行全面从严治党各项规定，严格落实中央八项规定及其实施细则精神，坚决抵制其他党员干部及其家属亲友违规干预干部选拔任用、工程建设、执法司法等行为。带头做到廉洁从政、廉洁用权、廉洁修身、廉洁齐家，带头落实构建亲清政商关系要求，管住管好自己的家属亲友和身边工作人员，始终保持清正廉洁政治本色。', NULL, 11),
	(82, '加强党的政治建设，增强“四个意识”，坚定“四个自信”，做到“两个维护”，切实提高政治判断力、政治领悟力、政治执行力，坚决贯彻落实习近平总书记重要讲话和重要指示批示精神，坚决贯彻落实党中央决策部署，坚持全面从严治党战略方针，始终保持自我革命定力，推动更好发挥全面从严治党引领保障作用。认真贯彻执行民主集中制，严格执行党委集体决策制度，加强班子成员之间相互监督，讨论决策问题充分发表意见，有效发挥监督作用。严格遵守政治纪律和政治规矩，主动向上级请示报告工作。', NULL, 12),
	(83, '认真执行《党委（党组）落实全面从严治党主体责任规定》、《中共中央关于加强对“一把手”和领导班子监督的意见》和省委实施意见，按照深化全面从严治党“四责协同”机制、落实“五张责任清单”要求，认真履行“一岗双责”，部署、检查、督促落实协助分管领域全面从严治党工作及责任落实工作，重点抓好对协助分管领域党员干部，特别是社会治理办、行政执法办和所联系村“一把手”及其成员的严格教育管理监督，抓好协助分管领域等职责范围内党风廉政建设和反腐败工作。', NULL, 12),
	(84, '认真贯彻落实省市县委和区（镇）党委决策部署，协助开展城乡建设提升行动、社会治理提升行动和党建统领提升行动，协助抓好法治建设、平安建设。', NULL, 12),
	(85, '协助落实重要信访事项领导包案等制度，持续深化涉法、涉诉等领域损害群众利益突出问题治理，协助抓好信访积案“清零”专项行动。', NULL, 12),
	(86, '创新落实“四位一体”保洁（垃圾分类）等工作推进运作机制，协助全面改进责任落实、督查检查、考核奖惩机制，提升工作质量，提高专项资金使用绩效，规范权力运行，有效强化廉政风险防控。', NULL, 12),
	(87, '加强对协助分管部门（口子）党员干部的日常教育管理监督，运用好“四种形态”特别是第一种形态，让“红红脸、出出汗”成为常态。', NULL, 12),
	(88, '推动严格执行中央八项规定及其实施细则精神，持之以恒反“四风”，持续整治享乐主义、奢靡之风，力戒形式主义、官僚主义。', NULL, 12),
	(89, '严格廉洁自律，模范遵守执行全面从严治党各项规定，严格落实中央八项规定及其实施细则精神，坚决抵制其他党员干部及其家属亲友违规干预干部选拔任用、工程建设、执法司法等行为。带头做到廉洁从政、廉洁用权、廉洁修身、廉洁齐家，带头落实构建亲清政商关系要求，管住管好自己的家属亲友和身边工作人员，始终保持清正廉洁政治本色。', NULL, 12),
	(90, '加强党的政治建设，增强“四个意识”，坚定“四个自信”，做到“两个维护”，切实提高政治判断力、政治领悟力、政治执行力，坚决贯彻落实习近平总书记重要讲话和重要指示批示精神，坚决贯彻落实党中央决策部署，坚持全面从严治党战略方针，始终保持自我革命定力，推动更好发挥全面从严治党引领保障作用。认真贯彻执行民主集中制，严格执行党委集体决策制度，加强班子成员之间相互监督，讨论决策问题充分发表意见，有效发挥监督作用。严格遵守政治纪律和政治规矩，主动向上级请示报告工作。', NULL, 13),
	(91, '认真执行《党委（党组）落实全面从严治党主体责任规定》、《中共中央关于加强对“一把手”和领导班子监督的意见》和省委实施意见，按照深化全面从严治党“四责协同”机制、落实“五张责任清单”要求，认真履行“一岗双责”，部署、检查、督促落实分管及协助分管领域全面从严治党工作及责任落实工作，重点抓好对分管及协助分管领域党员干部，特别是人武部、行政执法办和所联系村“一把手”及其成员的严格教育管理监督，抓好协助分管领域等职责范围内党风廉政建设和反腐败工作。', NULL, 13),
	(92, '认真贯彻落实省市县委和区（镇）党委决策部署，协同开展城乡建设提升行动和党建统领提升行动，重点抓好党管武装等工作。', NULL, 13),
	(93, '落实廉洁征兵要求，深化征兵工作廉政风险防控，加强民兵预备役人员的监督和管理，防范出现履职廉政风险。', NULL, 13),
	(94, '切实抓好“三改一拆”等项目资金、质量的监管工作，加强廉政风险防控。', NULL, 13),
	(95, '加强对分管及协助分管部门（口子）党员干部的日常教育管理监督，运用好“四种形态”特别是第一种形态，让“红红脸、出出汗”成为常态。', NULL, 13),
	(96, '推动严格执行中央八项规定及其实施细则精神，持之以恒反“四风”，持续整治享乐主义、奢靡之风，力戒形式主义、官僚主义。', NULL, 13),
	(97, '严格廉洁自律，模范遵守执行全面从严治党各项规定，严格落实中央八项规定及其实施细则精神，坚决抵制其他党员干部及其家属亲友违规干预干部选拔任用、工程建设、执法司法等行为。带头做到廉洁从政、廉洁用权、廉洁修身、廉洁齐家，带头落实构建亲清政商关系要求，管住管好自己的家属亲友和身边工作人员，始终保持清正廉洁政治本色。', NULL, 13),
	(98, '加强党的政治建设，增强“四个意识”，坚定“四个自信”，做到“两个维护”，切实提高政治判断力、政治领悟力、政治执行力，坚决贯彻落实习近平总书记重要讲话和重要指示批示精神，坚决贯彻落实党中央决策部署，坚持全面从严治党战略方针，始终保持自我革命定力，推动更好发挥全面从严治党引领保障作用。认真贯彻执行民主集中制，严格执行党委集体决策制度，加强班子成员之间相互监督，讨论决策问题充分发表意见，有效发挥监督作用。严格遵守政治纪律和政治规矩，主动向上级请示报告工作。', NULL, 14),
	(99, '认真执行《党委（党组）落实全面从严治党主体责任规定》、《中共中央关于加强对“一把手”和领导班子监督的意见》和省委实施意见，按照深化全面从严治党“四责协同”机制、落实“五张责任清单”要求，认真履行“一岗双责”，部署、检查、督促落实分管领域全面从严治党工作及责任落实工作，重点抓好对分管及协助分管领域党员干部，特别是派出所民警、协警等严格教育管理监督，抓好分管领域等职责范围内党风廉政建设和反腐败工作。', NULL, 14),
	(100, '认真贯彻落实省市县委和区（镇）党委决策部署，协助开展社会治理提升行动，协助抓好平安建设。', NULL, 14),
	(101, '深化推进清廉单元（站所）建设，从严落实从严治警要求，加强日常教育管理监督，坚决防范执法司法腐败问题。抓好常态化扫黑除恶工作', NULL, 14),
	(102, '推动严格执行中央八项规定及其实施细则精神，持之以恒反“四风”，持续整治享乐主义、奢靡之风，力戒形式主义、官僚主义。', NULL, 14),
	(103, '严格廉洁自律，模范遵守执行全面从严治党各项规定，严格落实中央八项规定及其实施细则精神，坚决抵制其他党员干部及其家属亲友违规干预干部选拔任用、工程建设、执法司法等行为。带头做到廉洁从政、廉洁用权、廉洁修身、廉洁齐家，带头落实构建亲清政商关系要求，管住管好自己的家属亲友和身边工作人员，始终保持清正廉洁政治本色。', NULL, 14),
	(104, '加强党的政治建设，增强“四个意识”，坚定“四个自信”，做到“两个维护”，切实提高政治判断力、政治领悟力、政治执行力，坚决贯彻落实习近平总书记重要讲话和重要指示批示精神，坚决贯彻落实党中央决策部署，坚持全面从严治党战略方针，始终保持自我革命定力，推动更好发挥全面从严治党引领保障作用。认真贯彻执行民主集中制，严格执行班子集体决策制度，加强班子成员之间相互监督，讨论决策问题充分发表意见，有效发挥监督作用。严格遵守政治纪律和政治规矩，主动向上级请示报告工作。', NULL, 15),
	(105, '认真执行《党委（党组）落实全面从严治党主体责任规定》、《中共中央关于加强对“一把手”和领导班子监督的意见》和省委实施意见，按照深化全面从严治党“四责协同”机制、落实“五张责任清单”要求，认真履行“一岗双责”，协助部署、检查、督促落实镇人大全面从严治党工作及责任落实工作，重点抓好对镇人大党员干部，特别是人大办、慈善分会负责人、百步社区“一把手”及其成员的严格教育管理监督，协助抓好镇人大、分管部门（口子）等职责范围内党风廉政建设和反腐败工作，推动廉洁人大建设。', NULL, 15),
	(106, '认真贯彻落实省市县委和区（镇）党委决策部署，协助强化人大监督履职，有力推动落实“七大提升行动”和“三个年”活动，协助抓好民生保障提升行动。', NULL, 15),
	(107, '协助强化人大监督权力的公开规范高效运行，谋划、实施职责范围内的重点清廉单元建设，提高履职规范化水平。协助抓好慈善资金募集、分配使用监管，防范化解问题风险。', NULL, 15),
	(108, '创新优化人大监督，协助推动人大监督与其他各类监督形成协同格局，不断提升监督效能，保障和推动上级决策部署落地见效。', NULL, 15),
	(109, '协助加强镇人大作风建设，推动严格执行中央八项规定及其实施细则精神，持之以恒反“四风”，持续整治享乐主义、奢靡之风，力戒形式主义、官僚主义。', NULL, 15),
	(110, '协助加强镇人大、分管部门（口子）党员干部的日常教育管理监督，运用好“四种形态”特别是第一种形态，让“红红脸、出出汗”成为常态。', NULL, 15),
	(111, '严格廉洁自律，模范遵守执行全面从严治党各项规定，严格落实中央八项规定及其实施细则精神，坚决抵制其他党员干部及其家属亲友违规干预干部选拔任用、工程建设、执法司法等行为。带头做到廉洁从政、廉洁用权、廉洁修身、廉洁齐家，带头落实构建亲清政商关系要求，管住管好自己的家属亲友和身边工作人员，始终保持清正廉洁政治本色。', NULL, 15),
	(112, '加强党的政治建设，增强“四个意识”，坚定“四个自信”，做到“两个维护”，切实提高政治判断力、政治领悟力、政治执行力，坚决贯彻落实习近平总书记重要讲话和重要指示批示精神，坚决贯彻落实党中央决策部署，坚持全面从严治党战略方针，始终保持自我革命定力，推动更好发挥全面从严治党引领保障作用。认真贯彻执行民主集中制，严格执行班子集体决策制度，加强班子成员之间相互监督，讨论决策问题充分发表意见，有效发挥监督作用。严格遵守政治纪律和政治规矩，主动向上级请示报告工作。', NULL, 16),
	(113, '认真执行《党委（党组）落实全面从严治党主体责任规定》、《中共中央关于加强对“一把手”和领导班子监督的意见》和省委实施意见，按照深化全面从严治党“四责协同”机制、落实“五张责任清单”要求，认真履行“一岗双责”，部署、检查、督促落实分管领域全面从严治党工作及责任落实工作，重点抓好对分管领域党员干部，特别是经济发展办、市场监管分局“一把手”及其成员和招商和项目推进科、生态环境办负责人及其成员的严格教育管理监督，抓好分管领域等职责范围内党风廉政建设和反腐败工作。', NULL, 16),
	(114, '认真贯彻落实省市县委和区（镇）党委决策部署，协同开展产业转型提升行动、招大引强提升行动、城乡建设提升行动、社会治理提升行动和创新赋能提升行动，扎实开展项目攻坚年、改革创新年活动。', NULL, 16),
	(115, '认真抓好分管领域内重大基础设施、产业项目和发展资金、科技资金监管，加强廉政风险防控。严格执行落实有关禁止领导干部违反规定插手工程建设、公共资源交易、资产处置等制度规定。', NULL, 16),
	(116, '严格执行上级和本级有关招商和项目推进工作涉及政策、制度、规定，完善优化相关制度规则，规范权力运行，强化廉政风险防控。', NULL, 16),
	(117, '加强营商环境建设，持续提升民营经济发展服务保障水平，切实指导商会规范化建设运作，推动亲清政商关系迭代升级。', NULL, 16),
	(118, '加强对分管部门（口子）党员干部的日常教育管理监督，运用好“四种形态”特别是第一种形态，让“红红脸、出出汗”成为常态。', NULL, 16),
	(119, '推动严格执行中央八项规定及其实施细则精神，持之以恒反“四风”，持续整治享乐主义、奢靡之风，力戒形式主义、官僚主义。', NULL, 16),
	(120, '严格廉洁自律，模范遵守执行全面从严治党各项规定，严格落实中央八项规定及其实施细则精神，坚决抵制其他党员干部及其家属亲友违规干预干部选拔任用、工程建设、执法司法等行为。带头做到廉洁从政、廉洁用权、廉洁修身、廉洁齐家，带头落实构建亲清政商关系要求，管住管好自己的家属亲友和身边工作人员，始终保持清正廉洁政治本色。', NULL, 16),
	(121, '加强党的政治建设，增强“四个意识”，坚定“四个自信”，做到“两个维护”，切实提高政治判断力、政治领悟力、政治执行力，坚决贯彻落实习近平总书记重要讲话和重要指示批示精神，坚决贯彻落实党中央决策部署，坚持全面从严治党战略方针，始终保持自我革命定力，推动更好发挥全面从严治党引领保障作用。认真贯彻执行民主集中制，严格执行班子集体决策制度，加强班子成员之间相互监督，讨论决策问题充分发表意见，有效发挥监督作用。严格遵守政治纪律和政治规矩，主动向上级请示报告工作。', NULL, 17),
	(122, '认真执行《党委（党组）落实全面从严治党主体责任规定》、《中共中央关于加强对“一把手”和领导班子监督的意见》和省委实施意见，按照深化全面从严治党“四责协同”机制、落实“五张责任清单”要求，认真履行“一岗双责”，部署、检查、督促落实分管领域全面从严治党工作及责任落实工作，重点抓好对分管领域党员干部，特别是社会事务服务管理办、政务服务办和所联系的行政村“一把手”及其成员的严格教育管理监督，抓好分管领域等职责范围内党风廉政建设和反腐败工作。', NULL, 17),
	(123, '认真贯彻落实省市县委和区（镇）党委决策部署，协同开展民生保障提升行动，扎实开展项目攻坚年活动，切实抓好疫情防控工作。', NULL, 17),
	(124, '切实防范群众身边的腐败问题和不正之风，认真抓好民生专项资金、项目和社会救助、养老社保等资金监管、检查，加强廉政风险防控。持续开展漠视侵害群众利益问题专项治理，切实解决群众“急难愁盼”事。', NULL, 17),
	(125, '加强对分管部门（口子）党员干部的日常教育管理监督，运用好“四种形态”特别是第一种形态，让“红红脸、出出汗”成为常态。', NULL, 17),
	(126, '推动严格执行中央八项规定及其实施细则精神，持之以恒反“四风”，持续整治享乐主义、奢靡之风，力戒形式主义、官僚主义。', NULL, 17),
	(127, '严格廉洁自律，模范遵守执行全面从严治党各项规定，严格落实中央八项规定及其实施细则精神，坚决抵制其他党员干部及其家属亲友违规干预干部选拔任用、工程建设、公共资源交易、执法司法等行为。带头做到廉洁从政、廉洁用权、廉洁修身、廉洁齐家，带头落实构建亲清政商关系要求，管住管好自己的家属亲友和身边工作人员，始终保持清正廉洁政治本色。', NULL, 17),
	(128, '加强党的政治建设，增强“四个意识”，坚定“四个自信”，做到“两个维护”，切实提高政治判断力、政治领悟力、政治执行力，坚决贯彻落实习近平总书记重要讲话和重要指示批示精神，坚决贯彻落实党中央决策部署，坚持全面从严治党战略方针，始终保持自我革命定力，推动更好发挥全面从严治党引领保障作用。认真贯彻执行民主集中制，严格执行班子集体决策制度，加强班子成员之间相互监督，讨论决策问题充分发表意见，有效发挥监督作用。严格遵守政治纪律和政治规矩，主动向上级请示报告工作。', NULL, 18),
	(129, '认真执行《党委（党组）落实全面从严治党主体责任规定》、《中共中央关于加强对“一把手”和领导班子监督的意见》和省委实施意见，按照深化全面从严治党“四责协同”机制、落实“五张责任清单”要求，认真履行“一岗双责”，部署、检查、督促落实分管领域全面从严治党工作及责任落实工作，重点抓好对分管领域党员干部，特别是村镇建设管理办、自然资源所和所联系的行政村“一把手”及其成员的严格教育管理监督，抓好分管领域等职责范围内党风廉政建设和反腐败工作。', NULL, 18),
	(130, '认真贯彻落实省市县委和区（镇）党委决策部署，协同开展城乡建设提升行动、产业转型提升行动，扎实开展项目攻坚年活动，抓好耕地“非农化”治理工作和美丽城镇样板镇创建。', NULL, 18),
	(131, '认真抓好重大基础设施工程、政府投资项目等质量、资金等监管，加强廉政风险防控。严格执行落实有关禁止领导干部违反规定插手工程建设、公共资源交易、资产处置等制度规定。', NULL, 18),
	(132, '加强对分管部门（口子）党员干部的日常教育管理监督，运用好“四种形态”特别是第一种形态，让“红红脸、出出汗”成为常态。', NULL, 18),
	(133, '推动严格执行中央八项规定及其实施细则精神，持之以恒反“四风”，持续整治享乐主义、奢靡之风，力戒形式主义、官僚主义。', NULL, 18),
	(134, '严格廉洁自律，模范遵守执行全面从严治党各项规定，严格落实中央八项规定及其实施细则精神，坚决抵制其他党员干部及其家属亲友违规干预干部选拔任用、工程建设、公共资源交易、执法司法等行为。带头做到廉洁从政、廉洁用权、廉洁修身、廉洁齐家，带头落实构建亲清政商关系要求，管住管好自己的家属亲友和身边工作人员，始终保持清正廉洁政治本色。', NULL, 18),
	(135, '加强党的政治建设，增强“四个意识”，坚定“四个自信”，做到“两个维护”，切实提高政治判断力、政治领悟力、政治执行力，坚决贯彻落实习近平总书记重要讲话和重要指示批示精神，坚决贯彻落实党中央决策部署，坚持全面从严治党战略方针，始终保持自我革命定力，推动更好发挥全面从严治党引领保障作用。认真贯彻执行民主集中制，严格执行班子集体决策制度，加强班子成员之间相互监督，讨论决策问题充分发表意见，有效发挥监督作用。严格遵守政治纪律和政治规矩，主动向上级请示报告工作。', NULL, 19),
	(136, '认真执行《党委（党组）落实全面从严治党主体责任规定》、《中共中央关于加强对“一把手”和领导班子监督的意见》和省委实施意见，按照深化全面从严治党“四责协同”机制、落实“五张责任清单”要求，认真履行“一岗双责”，部署、检查、督促落实分管领域全面从严治党工作及责任落实工作，重点抓好对分管领域党员干部，特别是经济发展办、招商和项目推进科负责人及其成员的严格教育管理监督，抓好分管领域等职责范围内党风廉政建设和反腐败工作。', NULL, 19),
	(137, '认真贯彻落实省市县委和区（镇）党委决策部署，协同开展产业转型提升行动、招大引强提升行动和创新赋能提升行动，扎实开展项目攻坚年、改革创新年活动。', NULL, 19),
	(138, '严格执行上级和本级有关招商和项目推进、营商环境建设工作涉及政策、制度、规定，完善优化相关制度规则，规范权力运行，强化廉政风险防控。认真抓好分管领域内三产服务业项目、人才资金监管，加强廉政风险防控。', NULL, 19),
	(139, '加强对分管部门（口子）党员干部的日常教育管理监督，运用好“四种形态”特别是第一种形态，让“红红脸、出出汗”成为常态。', NULL, 19),
	(140, '推动严格执行中央八项规定及其实施细则精神，持之以恒反“四风”，持续整治享乐主义、奢靡之风，力戒形式主义、官僚主义。', NULL, 19),
	(141, '严格廉洁自律，模范遵守执行全面从严治党各项规定，严格落实中央八项规定及其实施细则精神，坚决抵制其他党员干部及其家属亲友违规干预干部选拔任用、工程建设、执法司法等行为。带头做到廉洁从政、廉洁用权、廉洁修身、廉洁齐家，带头落实构建亲清政商关系要求，管住管好自己的家属亲友和身边工作人员，始终保持清正廉洁政治本色。', NULL, 19),
	(142, '加强党的政治建设，增强“四个意识”，坚定“四个自信”，做到“两个维护”，切实提高政治判断力、政治领悟力、政治执行力，坚决贯彻落实习近平总书记重要讲话和重要指示批示精神，坚决贯彻落实党中央决策部署，坚持全面从严治党战略方针，始终保持自我革命定力，推动更好发挥全面从严治党引领保障作用。认真贯彻执行民主集中制，严格执行党委集体决策制度，加强班子成员之间相互监督，讨论决策问题充分发表意见，有效发挥监督作用。严格遵守政治纪律和政治规矩，主动向上级请示报告工作。', NULL, 20),
	(143, '认真执行《党委（党组）落实全面从严治党主体责任规定》、《中共中央关于加强对“一把手”和领导班子监督的意见》和省委实施意见，按照深化全面从严治党“四责协同”机制、落实“五张责任清单”要求，既认真履行村党组织书记第一责任人责任，加强百联村全面从严治党研究部署和督促落实，重点抓好对村班子成员的监督，抓好职责范围内党风廉政建设和反腐败工作，深化清廉村居建设，又认真落实班子成员“一岗双责”，部署、检查、督促落实分管领域全面从严治党工作及责任落实工作，重点抓好村镇建设办（征迁、两新搬迁）负责人及其成员的严格教育管理监督。', NULL, 20),
	(144, '认真贯彻落实省市县委和区（镇）党委决策部署，扎实开展城乡建设提升行动、产业转型提升行动和项目攻坚年。', NULL, 20),
	(145, '认真抓好征迁、两新搬迁项目资金、质量等监管，加强廉政风险防控。严格执行落实有关禁止领导干部违反规定插手工程建设、公共资源交易、资产处置等制度规定。', NULL, 20),
	(146, '加强对百联村班子成员和分管部门（口子）党员干部的日常教育管理监督，运用好“四种形态”特别是第一种形态，让“红红脸、出出汗”成为常态。', NULL, 20),
	(147, '推动严格执行中央八项规定及其实施细则精神，持之以恒反“四风”，持续整治享乐主义、奢靡之风，力戒形式主义、官僚主义。', NULL, 20),
	(148, '严格廉洁自律，模范遵守执行全面从严治党各项规定，严格落实中央八项规定及其实施细则精神，坚决抵制其他党员干部及其家属亲友违规干预干部选拔任用、工程建设、执法司法等行为。带头做到廉洁从政、廉洁用权、廉洁修身、廉洁齐家，带头落实构建亲清政商关系要求，管住管好自己的家属亲友和身边工作人员，始终保持清正廉洁政治本色。', NULL, 20),
	(149, '加强党的政治建设，增强“四个意识”，坚定“四个自信”，做到“两个维护”，切实提高政治判断力、政治领悟力、政治执行力，坚决贯彻落实习近平总书记重要讲话和重要指示批示精神，坚决贯彻落实党中央决策部署，坚持全面从严治党战略方针，始终保持自我革命定力，推动更好发挥全面从严治党引领保障作用。认真贯彻执行民主集中制，严格执行班子集体决策制度，加强班子成员之间相互监督，讨论决策问题充分发表意见，有效发挥监督作用。严格遵守政治纪律和政治规矩，主动向上级请示报告工作。', NULL, 21),
	(150, '认真执行《党委（党组）落实全面从严治党主体责任规定》、《中共中央关于加强对“一把手”和领导班子监督的意见》和省委实施意见，按照深化全面从严治党“四责协同”机制、落实“五张责任清单”要求，认真履行“一岗双责”，部署、检查、督促落实分管领域全面从严治党工作及责任落实工作，重点抓好对分管领域党员干部，特别是招商和项目推进科“一把手”及其成员的严格教育管理监督，抓好分管领域等职责范围内党风廉政建设和反腐败工作。', NULL, 21),
	(151, '认真贯彻落实省市县委和区（镇）党委决策部署，协同开展产业转型提升行动、招大引强提升行动，扎实开展项目攻坚年活动。', NULL, 21),
	(152, '严格执行上级和本级有关招商和项目推进、营商环境建设、山海协作等工作涉及政策、制度、规定，完善优化相关制度规则，规范权力运行，强化廉政风险防控。', NULL, 21),
	(153, '加强对分管部门（口子）党员干部的日常教育管理监督，运用好“四种形态”特别是第一种形态，让“红红脸、出出汗”成为常态。', NULL, 21),
	(154, '推动严格执行中央八项规定及其实施细则精神，持之以恒反“四风”，持续整治享乐主义、奢靡之风，力戒形式主义、官僚主义。', NULL, 21),
	(155, '严格廉洁自律，模范遵守执行全面从严治党各项规定，严格落实中央八项规定及其实施细则精神，坚决抵制其他党员干部及其家属亲友违规干预干部选拔任用、工程建设、执法司法等行为。带头做到廉洁从政、廉洁用权、廉洁修身、廉洁齐家，带头落实构建亲清政商关系要求，管住管好自己的家属亲友和身边工作人员，始终保持清正廉洁政治本色。', NULL, 21),
	(156, '加强党的政治建设，增强“四个意识”，坚定“四个自信”，做到“两个维护”，切实提高政治判断力、政治领悟力、政治执行力，坚决贯彻落实习近平总书记重要讲话和重要指示批示精神，坚决贯彻落实党中央决策部署，坚持全面从严治党战略方针，始终保持自我革命定力，推动更好发挥全面从严治党引领保障作用。认真贯彻执行民主集中制，严格执行班子集体决策制度，加强班子成员之间相互监督，讨论决策问题充分发表意见，有效发挥监督作用。严格遵守政治纪律和政治规矩，主动向上级请示报告工作。', NULL, 22),
	(157, '认真执行《党委（党组）落实全面从严治党主体责任规定》、《中共中央关于加强对“一把手”和领导班子监督的意见》和省委实施意见，按照深化全面从严治党“四责协同”机制、落实“五张责任清单”要求，认真履行“一岗双责”，部署、检查、督促落实分管领域全面从严治党工作及责任落实工作，重点抓好对分管领域党员干部，特别是农业农村办“一把手”及其成员的严格教育管理监督，抓好分管领域等职责范围内党风廉政建设和反腐败工作。', NULL, 22),
	(158, '认真贯彻落实省市县委和区（镇）党委决策部署，协同开展城乡建设提升行动、招大引强提升行动和民生保障提升行动，扎实开展项目攻坚年活动，切实抓好乡村振兴工作，推动农村环境全域美丽工作，落实耕地“非粮化”整治。', NULL, 22),
	(159, '严格执行上级和本级有关农业项目招商和项目推进、营商环境建设工作涉及政策、制度、规定，认真抓好农业项目、资金监管，规范权力运行，强化廉政风险防控。严格执行落实有关禁止领导干部违反规定插手工程建设、公共资源交易、资产处置等制度规定。', NULL, 22),
	(160, '协助抓好国有资产管理运营及处置方面监督。督促进一步抓好对村级“三资”监管。', NULL, 22),
	(161, '加强对分管部门（口子）党员干部的日常教育管理监督，运用好“四种形态”特别是第一种形态，让“红红脸、出出汗”成为常态。', NULL, 22),
	(162, '推动严格执行中央八项规定及其实施细则精神，持之以恒反“四风”，持续整治享乐主义、奢靡之风，力戒形式主义、官僚主义。', NULL, 22),
	(163, '严格廉洁自律，模范遵守执行全面从严治党各项规定，严格落实中央八项规定及其实施细则精神，坚决抵制其他党员干部及其家属亲友违规干预干部选拔任用、工程建设、执法司法等行为。带头做到廉洁从政、廉洁用权、廉洁修身、廉洁齐家，带头落实构建亲清政商关系要求，管住管好自己的家属亲友和身边工作人员，始终保持清正廉洁政治本色。', NULL, 22);
ALTER TABLE `fr_meeting_topic_task` ENABLE KEYS;

ALTER TABLE `fr_ordinal_form` DISABLE KEYS;
INSERT INTO `fr_ordinal_form` (`id`, `content1`, `content2`, `content3`, `content4`, `content5`, `content6`, `content7`, `content8`, `content9`, `create_time`, `form_type`, `long_content1`, `long_content2`, `time1`, `time2`, `time3`, `update_time`, `dest_user_id`, `request_user_id`, `single_user1_id`, `single_user2_id`) VALUES
	(1, '农民建房领域', '村建办、相关行政村', '农村危房解危监督检查', NULL, NULL, NULL, NULL, NULL, NULL, '2022-06-28 15:53:48.085664', 'INSPECT', '4月19日至20日，带领村建办主任金文彬、副主任盛秀锋及2名工作人员，采取实地踏勘、检查台账等方式，对鉴定为C、D级危房的农房及解危情况进行检查。共计检查农房35幢。', '1、部分村存在危房排查、鉴定不全面、村里对危房底子不清的问题（整改措施：由村建办协同各相关村进一步抓好排查等工作，摸清底子，确保9月底前整改处置到位）；\n2、部分村已解危的D级危房场地硬化等设施配套没跟上（整改措施：由村建办协同属地村及时跟进配套硬化建设，确保6月底前整改到位）\n', '2022-04-19 00:00:00.000000', NULL, NULL, '2022-06-28 15:53:48.085664', NULL, 999, 17, NULL);
ALTER TABLE `fr_ordinal_form` ENABLE KEYS;

ALTER TABLE `fr_progress` DISABLE KEYS;
INSERT INTO `fr_progress` (`id`, `content`, `percentage`, `reason`, `status`, `update_time`) VALUES
	(1, NULL, 0, NULL, 'NONE_REVIEW', '2022-06-16 14:01:07.492768'),
	(2, NULL, 0, NULL, 'NONE_REVIEW', '2022-06-16 14:03:04.440124'),
	(3, NULL, 0, NULL, 'NONE_REVIEW', '2022-06-16 14:03:52.819136'),
	(4, NULL, 0, NULL, 'NONE_REVIEW', '2022-06-16 14:04:27.382124'),
	(5, NULL, 0, NULL, 'NONE_REVIEW', '2022-06-16 14:05:02.347901'),
	(6, NULL, 0, NULL, 'NONE_REVIEW', '2022-06-16 14:05:31.826501'),
	(7, NULL, 0, NULL, 'NONE_REVIEW', '2022-06-16 14:06:04.596347'),
	(8, NULL, 0, NULL, 'NONE_REVIEW', '2022-06-16 15:09:03.236420'),
	(9, NULL, 0, NULL, 'NONE_REVIEW', '2022-06-16 15:10:15.390824');
ALTER TABLE `fr_progress` ENABLE KEYS;

ALTER TABLE `station` DISABLE KEYS;
INSERT INTO `station` (`id`, `dept`, `name`, `department_id`) VALUES
	(1, NULL, '党委', 1),
	(2, NULL, '党委书记、管委会主任', 2),
	(3, NULL, '党委副书记、镇长、管委会副主任', 3),
	(4, NULL, '人大主席', 3),
	(5, NULL, '党委副书记 (党群)', 3),
	(6, NULL, '党委副书记 (政法)', 3),
	(7, NULL, '党委委员、纪委书记', 3),
	(8, NULL, '党委委员 (组织)', 3),
	(9, NULL, '党委委员 (宣传)', 3),
	(10, NULL, '党委委员 (统战)', 3),
	(11, NULL, '党委委员 (政法)', 3),
	(12, NULL, '党委委员、人武部部长', 3),
	(13, NULL, '党委委员、派出所所长', 3),
	(14, NULL, '人大副主席', 3),
	(15, NULL, '副镇长 (工业)', 3),
	(16, NULL, '副镇长 (社会事业)', 3),
	(17, NULL, '副镇长 (城建交通)', 3),
	(18, NULL, '副镇长 (人才、招商)', 3),
	(19, NULL, '副镇长 (征迁)', 3),
	(20, NULL, '管委会副主任 (招商)', 3),
	(21, NULL, '管委会副主任 (农业)', 3),
	(22, NULL, '副镇长级干部 (蒋爱君)', 3),
	(23, NULL, '副镇长级干部 (赵生良)', 3),
	(24, NULL, '副镇长级干部 (张明)', 3),
	(25, NULL, '副镇长级干部 (张陆君)', 3),
	(26, NULL, '副镇长级干部 (刘爱群)', 3),
	(27, NULL, '副镇长级干部 (唐惠平)', 3),
	(28, NULL, '纪委', 4),
	(29, NULL, '组织', 5),
	(30, NULL, '党政综合办公室主任、纪委委员（全面统筹）', 6),
	(31, NULL, '党政综合办公室副主任、人大办公室副主任（两办信息、人大工作、政府出纳、信息公开）', 6),
	(32, NULL, '党政综合办公室工作人员（文书）', 6),
	(33, NULL, '人武干事', 6),
	(34, NULL, '党政综合办公室工作人员、百联村书记助理、团委副书记', 6),
	(35, NULL, '党政综合办公室工作人员、镇长秘书，（OA收发、数字化改革（党政智治）、保密工作）', 6),
	(36, NULL, '党政综合办公室工作人员（司机、文书）', 6),
	(37, NULL, '党政综合办公室工作人员（档案）', 6),
	(38, NULL, '信息攥写、防疫物资', 6),
	(39, NULL, '党政综合办公室工作人员（档案、文印）', 6),
	(40, NULL, '党建工作办公室主任、团委书记、妇联副主席（全面统筹。主要负责信息、考核等）', 7),
	(41, NULL, '纪委副书记（正股级）（纪委工作）', 7),
	(42, NULL, '党建工作办公室工作人员（一支队伍管执法）', 7),
	(43, NULL, '党建工作办公室工作人员（协助纪委工作）', 7),
	(44, NULL, '党建工作办公室工作人员（人事、档案）', 7),
	(45, NULL, '工业社区党支部副书记（协助党员发展等组织事务；工业社区事务）', 7),
	(46, NULL, '党建工作办公室工作人员（工会、关工委）', 7),
	(47, NULL, '社会治理办公室副主任（保留正股长级）（主持全面工作（信访维稳、禁毒、反邪教））', 8),
	(48, NULL, '司法所所长（司法行政）', 8),
	(49, NULL, '综治、平安、四个平台、微嘉园', 8),
	(50, NULL, '社会治理办公室工作人员（人民调解）', 8),
	(51, NULL, '社会治理办公室工作人员（中心报账、禁毒、信访）', 8),
	(52, NULL, '社会治理办公室工作人员。综治日常内勤工作（反恐、信访、考核、报表）', 8),
	(53, NULL, '社会治理办公室工作人员（社区矫正、安置帮教）', 8),
	(54, NULL, '社会治理办公室工作人员（禁毒）', 8),
	(55, NULL, '社会治理办公室工作人员（信访、12349、禁毒）', 8),
	(56, NULL, '社会治理办公室工作人员（禁毒、调解）', 8),
	(57, NULL, '信访接待', 8),
	(58, NULL, '反诈宣讲员', 8),
	(59, NULL, '司法行政内勤（人民调解、台账）', 8),
	(60, NULL, '社会治理办公室工作人员（综合指挥室、四个平台、微嘉园、驾证式系统）', 8),
	(61, NULL, '百步集镇片区专职网格员', 8),
	(62, NULL, '横港集镇专职网格员', 8),
	(63, NULL, '横港第三网格专职网格员', 8),
	(64, NULL, '五丰第六网格专职网格员', 8),
	(65, NULL, '农丰第二网格专职网格员', 8),
	(66, NULL, '新升第一网格专职网格员', 8),
	(67, NULL, '矛调中心', 8),
	(68, NULL, '人民调解', 8),
	(69, NULL, '经济发展办公室主任（负责经发办全面工作）', 9),
	(70, NULL, '综合服务中心副主任（科技、三产、经信、商务，企业联审；达产履约）', 9),
	(71, NULL, '综合服务中心副主任（劳动、安全、项目推进、园区管理、发改（能耗）双控，负责对接发改局应急局人社局卫计局条线科室、事故处理、重点时段专项整治、星创湾、入区入园、项目推进等）', 9),
	(72, NULL, '综合服务中心副主任（统计、创建，全面负责统计各条线工作，做好部门对接和统筹安排；做好统计数据分析、调研；各项创建、验收工作、统计普查工作等）', 9),
	(73, NULL, '经济发展办公室工作人员（办公室事务、报账）', 9),
	(74, NULL, '经济发展办公室工作人员（项目备案、外贸、旅游、低散乱污、腾退、收储（对接经信局行政许可科、产业转型升级科；商务局外经外贸科））', 9),
	(75, NULL, '经济发展办公室工作人员（固定资产投资统计工作、劳动工资统计工作、科技统计工作、统计“双强”行动(星级创建工作)、统计服务与政务信息工作、统计法制工作）', 9),
	(76, NULL, '经济发展办公室工作人员（信息宣传、培大育强、营商环境、股改上市（对接经信局企业培育科、企业服务中心；财政局经融办））', 9),
	(77, NULL, '经济发展办公室工作人员（亩均绩效、数字化、两高一低、技改投资（对接经信局产业转型科、数字经济发展科）', 9),
	(78, NULL, '经济发展办公室工作人员（兼工业镇长助理、技能培训、协助发改（能耗）双控、电力化改革、项目推进）', 9),
	(79, NULL, '经济发展办公室工作人员（科技创新、服务业发展、投资（对接科技局；商务局服务业发展中心））', 9),
	(80, NULL, '经济发展办公室工作人员（支部工作、协助重点工作及商会工作）', 9),
	(81, NULL, '劳动纠纷、职业卫生、日常监督、星创湾现场（对接人社局、卫计局）', 9),
	(82, NULL, '安全生产、小微园区监管、日常监督、特种设备、污水零直排（对接应急局、墙改办、市场监管）', 9),
	(83, NULL, '税务协理、科协、电子商务、小微园系统建设（对接国税于城分局；科协；商务局商贸电商科；经信局园区科）', 9),
	(84, NULL, '规上工业统计工作、能源和水消费统计工作、工业经济效益、景气调查统计工作', 9),
	(85, NULL, '就业条线、安全资料、安全培训、工程资料', 9),
	(86, NULL, '农业统计工作、城乡一体化住户调查工作、粮食生产统计监测调查工作、畜禽监测。', 9),
	(87, NULL, '规模以下工业抽样调查统计工作、服务业统计工作（贸易统计）、名录库工作、旅游业统计、其他临时性或一次性调查工作', 9),
	(88, NULL, '信息员，镇相关工作对接处理，上级交办问题处理，日常巡查检查，管家工作管理。', 9),
	(89, NULL, '特色小镇统计（年度考核）工作、开发区统计（年度考核）工作、链长制、小城市试点考核、嘉兴市重大产业平台', 9),
	(90, NULL, '商会、园区党建', 9),
	(91, NULL, '星创湾资料、入园入区资料、疫情防控、发改（能耗）双控报表', 9),
	(92, NULL, '社会事务服务管理办公室主任，全面统筹负责教育工作、食品药品安全工作，统筹民政、残联、退役军人、三社、卫健、疫情防控等各项工作', 10),
	(93, NULL, '社会事务服务管理办公室副主任，牵头负责民政、残联工作', 10),
	(94, NULL, '负责民政工作', 10),
	(95, NULL, '社会治理办公室副主任、行政执法办公室副主任、教导员。牵头负责退役军人、三社工作，协助食品药品安全工作', 10),
	(96, NULL, '社会组织党支部书记、社区党支部委员，负责慈善工作、协助三社工作', 10),
	(97, NULL, '负责退役军人工作', 10),
	(98, NULL, '妇联主席、社会事务服务管理办公室副主任、政务服务办公室副主任，负责便民服务中心', 10),
	(99, NULL, '居民医保', 10),
	(100, NULL, '城乡居民基本养老保险、居民医保', 10),
	(101, NULL, '负责残联工作', 10),
	(102, NULL, '职工医保', 10),
	(103, NULL, '就业，创业，失业窗口，职工医保', 10),
	(104, NULL, '综合服务中心党支部副书记，牵头负责疫情防控、爱国卫生、计生工作。', 10),
	(105, NULL, '负责计生统计、药具、档案、流动人口计生工作', 10),
	(106, NULL, '负责计生协活动、服务、计生政策、党支部联络员', 10),
	(107, NULL, '疫情防控', 10),
	(108, NULL, '负责爱国卫生、红十字会、报账', 10),
	(109, NULL, '负责信息工作、协助食药安全工作', 10),
	(110, NULL, '村镇建设管理办公室主任，统管村建办工作、配合城建镇长做好相关工作、统筹协调安排相关工作', 11),
	(111, NULL, '综合服务中心副主任、负责巡查、创建等。交通大会战、文明创建、美丽城镇、农村公路管理站、安全生产等镇级工作、日常巡查相关事宜、政府投资项目统计事宜、农村生活污水', 11),
	(112, NULL, '招商和项目推进科副科长，负责项目前期。政府投资项目前期办证、后期竣工事宜、国土空间利用（规划）、农民建房规划', 11),
	(113, NULL, '村镇建设管理办公室工作人员', 11),
	(114, NULL, '招投标、农民建房。镇招投标中心工作、农民建房（具体工作）、美丽城镇相关工作（具体工作）', 11),
	(115, NULL, '政府投资项目全过程管理、交通大会战相关工作（具体工作）、农村公路管理站台账', 11),
	(116, NULL, '镇级小型项目现场管理、线性工程（G528等）对下工作', 7),
	(117, NULL, '交通建管', 11),
	(118, NULL, '财务、统计、投资入库、档案', 11),
	(119, NULL, '镇级小型项目现场管理；日常巡查相关工作（上级督察、专项检查等）', 11),
	(120, NULL, '政府投资项目现场管理；日常巡查相关工作（上级督察、专项检查等）', 11),
	(121, NULL, '交通管理', 11),
	(122, NULL, '政府投资项目现场管理；文明创建相关工作（具体工作）', 11),
	(123, NULL, '在建档案管理（三楼档案室），包括行成电子档；配合经办人办理前期、归档工作；政府投资领导小组会议资料整理', 11),
	(124, NULL, '道路、农房、码头、燃气等日常巡查；建筑工地文明施工、防疫工作等巡查；其他镇级工作巡查；', 11),
	(125, NULL, '交通大会战台账整理；农村公路管理台账整理；镇级小型项目现场管理；', 11),
	(126, NULL, '办公室统筹', 11),
	(127, NULL, '征搬迁工作', 11),
	(128, NULL, '档案、内勤', 11),
	(129, NULL, '村镇建设管理办公室党支部书记，征搬迁工作、侧重负责征迁', 11),
	(130, NULL, '财政办公室主任、综合服务中心党支部书记，统筹协调财政办日常工作；财政复核；合同审核；财务审批', 12),
	(131, NULL, '协助财政办主任开展工作；融资；会计（总工会、机关工会）', 12),
	(132, NULL, '综合服务中心副主任、事业会计，会计（站办、保留账户、党群服务中心、政府本级、党政办、党建办）；站办账户（出纳蔡海萍）复核；票据管理；', 12),
	(133, NULL, '站办专项资金出纳；会计（慈善、水利建设、农合联、镇食堂）； 党费户、党群服务中心、农合联、慈善、保留账户（出纳蔡海萍）复核', 12),
	(134, NULL, '出纳（财政办、镇食堂、站办、党费户、党群服务中心、农合联、党政、党建、慈善、保留账户、三泽物业）', 12),
	(135, NULL, '10家公司出纳（开发区投资公司、城建公司、百尚公司、百新公司、基础、富村、尚成公司）', 11),
	(136, NULL, '国有公司财务印鉴章管理；9家国有公司会计（开发区投资、尚成、三泽物业、百尚开发、百新公司）；债务申报、债务表、快报、凭证装订整理、工程款台账', 10),
	(137, NULL, '总会计账、预决算编制、政府采购、报表上报（财政支出、三公经费等月报）；党政办、党建办账户（出纳蔡海萍）复核；工资奖金核算；', 12),
	(138, NULL, '负责国有资产日常管理工作；各国有公司公章管理', 12),
	(139, NULL, '协助管理国有资产的使用和经营工作', 12),
	(140, NULL, '10家公司付款复核工作；会计（城建公司、基础公司、富村公司、党费户）、社保办理、公积金业务；工商变更；固定资产管理平台（每月更新）；资产云系统（资产月报）、国有资产年报', 12),
	(141, NULL, '协助监督、检查国有资产管理、维护和使用情况，建立健全相关台帐，合同签订，国资收租；合同备案管理', 12),
	(142, NULL, '农业农村办公室主任，统筹全面工作', 13),
	(143, NULL, '综合服务中心副主任（分管农经），农合联、农民增收、农业投资、农经管理', 13),
	(144, NULL, '经作（蔬菜、蚕桑）、粮食生产功能（非粮化）、气象、农业招商引资、产业化项目管理', 13),
	(145, NULL, '综合服务中心副主任（分管农业），畜牧、水产与渔政、农村人居环境', 13),
	(146, NULL, 'UNKNOWN', 13),
	(147, NULL, '农机监理', 13),
	(148, NULL, '农机监理、农民培训等农培工作', 13),
	(149, NULL, '栽培、土肥、植保、农业设施用地报批、农业保险', 13),
	(150, NULL, '畜牧、农村人居环境、防疫', 13),
	(151, NULL, '林业、水果、科教（含生态、能源、秸秆禁烧、清洁农场、项目申报等）', 13),
	(152, NULL, '水政监察和水资源管理、工程质监和安全、水利工程、防汛防台抗旱、灾情统计、考核数据及材料整理、档案、党务', 13),
	(153, NULL, '五个村会计、票据管理、农村财务审计、壮大村级集体经济', 13),
	(154, NULL, '十个村出纳、一事一议、扶贫', 13),
	(155, NULL, '水利规划、水文、防汛防台抗旱、水利信息、防汛仓库管理、灾情统计、档案、报账', 13),
	(156, NULL, '水利规划、工程质监和安全、水利工程、防汛防台抗旱', 13),
	(157, NULL, '五个村会计、村级产权交易、农村财务审计', 13),
	(158, NULL, '种子、惠农补贴、信息、农产品质量安全及三品认证', 13),
	(159, NULL, '招商和项目推进科科长，全面负责招商和项目推进科工作，分管招商引资工作，负责招商引资目标责任制考核指标落实。', 14),
	(160, NULL, '综合服务中心主任', 14),
	(161, NULL, '招商和项目推进科副科长，负责驻沪、项目招引、项目推进等工作，协助长三角一体化目标责任制考核指标落实。', 14),
	(162, NULL, '负责文字材料的撰写，相关数据统计、分析、上报，上级各类统计信息的填报，以及目标责任制考核情况汇总、通报等工作，协助外语翻译工作。', 14),
	(163, NULL, '招商和项目推进服务中心副主任，全面负责项目推进、综合服务等工作，联系招商二组项目推进工作。', 14),
	(164, NULL, '负责项目招引、项目推进、人才、统战等工作，协助人才、科创工作目标责任制考核指标落实，协助信息宣传报道。', 14),
	(165, NULL, '负责项目招引、项目推进等工作，协助内资招商目标责任制考核指标落实。', 14),
	(166, NULL, '负责项目招引、项目推进等工作，协助项目推进节点化管理考核指标等工作。', 14),
	(167, NULL, '负责二三产项目推进、协调等全流程服务，以及项目推进节点化管理考核指标等工作，联系招商三组项目推进工作。', 14),
	(168, NULL, '负责项目招引、项目推进、服务业等工作，协助服务业工作目标责任制考核指标落实。', 14),
	(169, NULL, '负责信息宣传报道、档案管理、财务报销、后勤保障、招商周报编辑等工作，协助文字材料撰写、数据统计和统战工作，联系招商一组项目推进工作。', 14),
	(170, NULL, '负责外资项目招引，外语翻译，外国协会、外资中介、外商人员的日常联系沟通、信息收集等工作，协助外资招商目标责任制考核指标落实。', 14),
	(171, NULL, '驾驶员', 14),
	(172, NULL, '综合服务中心副主任、文化副站长（主持工作），主持镇文化分馆、文化站工作，负责日常事务；活动策划组织（含品牌节庆活动开展）；基础设施建设及重点工程推进；文化队伍建设；各类创建；指导、督促各村文化礼堂（新建、提升、创建评定、活动等）。', 15),
	(173, NULL, '综合服务中心副主任，文化化产业；文化市场（含扫黄打非）；学习强国日常管理；中心工作联络；文化场所疫情防控；负责图书分馆、企业分馆、文创馆、横港印象馆、名师工作室等场馆活动开展、运作管理', 15),
	(174, NULL, '沈奕云：指导镇级舞蹈节目编排；平台填报处理（各文化平台）；指导村创编节目、会务、演出服管理；协助活动策划组织及品牌节庆活动开展；文艺繁荣工程；协助文化礼堂工作；文保和非遗。', 15),
	(175, NULL, '账（宣文统旅）；材料撰写及课题研究；站内工作信息统筹、文学理论部工作；协助文明日常工作；意识形态（含网络舆情）。', 15),
	(176, NULL, '文明日常工作；协助课题及材料撰写、站内信系、文学理论部工作；新闻信息宣传（含短视频、爱海盐发布、学习强国供稿）', 15),
	(177, NULL, '文明创建；体育（含老年体协）；摄影及视觉部工作；台账档案；四个平台处理；负责线上线下各阵地管理及外宣工作；后勤。', 15),
	(178, NULL, '横港村宣传文化工作', 15),
	(179, NULL, '逍恬村宣传文化工作，同时负责百步分馆表演艺术指导部相关工作', 15),
	(180, NULL, '农丰村宣传文化工作（含礼堂书屋）', 15),
	(181, NULL, '桃北村宣传文化工作', 15),
	(182, NULL, '五丰村宣传文化工作（含礼堂书屋）', 15),
	(183, NULL, '百联村宣传文化工作，同时负责站内培训方案策划和组织', 15),
	(184, NULL, '胜利村宣传文化工作', 15),
	(185, NULL, '超同村宣传文化工作', 15),
	(186, NULL, '得胜村宣传文化工作', 15),
	(187, NULL, '新升村宣传文化工作', 15),
	(188, NULL, '负责一支队伍管执法及党建、创建、队伍建设等；负责大综合一体化改革等相关工作。', 16),
	(189, NULL, '生态环境执法分队队长，主持全面工作，环保督查、上级交办、转办件的办理，日常案件办理，其它与局、镇等工作对接。', 17),
	(190, NULL, '负责环保督查件、上级交办、转办件的办理，日常案件办理，日常巡查检查，信访处理，信息员。', 17),
	(191, NULL, '驾驶员，信访处理，日常巡查检查。', 17),
	(192, NULL, '档案管理，材料、数据的收集和报送，固废平台管理员，后勤管理。', 17),
	(193, NULL, '市场监管局百步分局局长、党支部书记，全面主持分局各项工作，重点牵头投诉举报、放心消费、行政审批、财物、人事、党建、属地交办等工作，联系消保科、人事科、办公室等。', 18),
	(194, NULL, '市场监管局百步分局副局长，全面参与分局各项工作，重点牵头知识产权保护中心（快维中心）筹建、食品安全、质量标准、农贸市场监管、行政审批信息宣传等工作，联系知识产权科、市场科、食品科、质量标准科、审批科、商家共治联盟。', 18),
	(195, NULL, '市场监管局百步分局副局长，全面参与分局各项工作，重点牵头信用监管、稽查执法、特设安全、药械监管等工作，联系信用科、执法队、特设科、药械科、品牌指导站。', 18),
	(196, NULL, '重点负责市场主体年报、日常巡查、疫情防控、有关催报（填报）等工作，以及交办的其他工作。', 18),
	(197, NULL, '重点负责行政审批、信息宣传、党务、人事等工作，以及交办的其他工作。', 18),
	(198, NULL, '重点负责知识产权保护中心（快维中心）筹建、食品安全、质量标准、农贸市场监管、信息宣传、行政执法、财物等工作，以及交办的其他工作。', 18),
	(199, NULL, '重点负责信用监管、稽查执法、特设安全、药械监管、信息宣传（牵头）、等工作，以及交办的其他工作。', 18),
	(200, NULL, '重点负责市场主体年报、个私协会、日常巡查、疫情防控、小微企业调查、车辆维保、文件收发等工作，以及交办的其他工作。', 18),
	(201, NULL, '综合行政执法中队中队长（主持工作），统筹负责综合行政执法、三改一拆、四位一体（人居环境）、五水共治、垃圾分类、队伍建设等。承接一支队伍管执法相关工作。', 19),
	(202, NULL, '负责执法办案工作，餐厨垃圾以及犬类管理联络员。参与横港片综合巡查组巡查工作。', 19),
	(203, NULL, '内勤，负责综合材料、信息宣传、统计、档案、智慧城管系统、执法办案等工作。', 19),
	(204, NULL, '负责执法办案工作，参与百步片综合巡查组巡查工作。', 19),
	(205, NULL, '局借调人员，负责执法办案工作，参与横港片综合巡查组巡查工作。', 19),
	(206, NULL, '负责行政审批工作。', 19),
	(207, NULL, '协助支部书记做好党建工作，协助教导员做好四位一体和垃圾分类等工作', 19),
	(208, NULL, '百步集镇市容管理组组长，负责百步集镇市容市貌管理（户外广告、店招店牌、餐饮油烟、越店经营、流动摊贩开店审批等）、犬类管理及佳惠物业考核管理。', 19),
	(209, NULL, '百步片四位一体组长，牵头负责百步片四位一体工作，工业垃圾打包站、中转站管理。', 19),
	(210, NULL, '内勤及财务，负责（四位一体、垃圾分类、五水共治、人居环境）内勤，采购、报账及综治系统管理。', 19),
	(211, NULL, '横港片综合巡查组组长，负责横港片全域违建巡查和管控、农村主要道路流动摊贩管理，行政执法领域违法行为巡查等。协助三改一拆、四位一体和垃圾分类等工作。', 19),
	(212, NULL, '综合分队', 19),
	(213, NULL, '横港片综合巡查组组员。', 19),
	(214, NULL, '百步片综合巡查组组长，负责百步片全域违建巡查和管控、农村主要道路流动摊贩管理，行政执法领域违法行为巡查等。协助三改一拆、四位一体和垃圾分类等工作。', 19),
	(215, NULL, '头负责三改一拆工作。', 19),
	(216, NULL, '垃圾分类组长，牵头负责百步镇全域垃圾分类工作。', 19),
	(217, NULL, '横港片四位一体组长，牵头负责横港片四位一体工作，餐厨垃圾点、建筑垃圾场、中转站管理。', 19),
	(218, NULL, '横港集镇市容管理组组长，负责横港集镇市容市貌管理（户外广告、店招店牌、餐饮油烟、越店经营、流动摊贩、开店审批等）。', 19),
	(219, NULL, '横港集镇市容管理组组员', 19),
	(220, NULL, '百步片巡查组组员。', 19),
	(221, NULL, '自然资源规划局百步国土所所长，全面负责', 20),
	(222, NULL, '农房审批、农房发证、档案管理、林业管理，协助其他工作等其他工作。', 20),
	(223, NULL, '信息一张图、用地批后监管、土地执法监察、土地调查变更、宣传、设施用地审批与管理、临时用地审批与管理、土地开发、土地整治、耕地占补平衡、土地整理', 20),
	(224, NULL, '自然资源规划局百步国土所副所长，负责党建工作、用地预审、农转用（征收）报批、供地、收储、土地调查变更、土地执法监察、信访；协助土地开发、土地整治、耕地占补平衡、土地整理、设施用地审批与管理、临时用地审批与管理。', 20),
	(225, NULL, '档案管理、办公室内勤、协助土地执法监察等工作', 20),
	(226, NULL, '社区书记', 21),
	(227, NULL, '社区干部', 21),
	(228, NULL, '村书记', 22),
	(229, NULL, '村干部', 22),
	(230, NULL, '村书记', 23),
	(231, NULL, '村干部', 23),
	(232, NULL, '村书记', 24),
	(233, NULL, '村干部', 24),
	(234, NULL, '村书记', 25),
	(235, NULL, '村干部', 25),
	(236, NULL, '村书记', 26),
	(237, NULL, '村干部', 26),
	(238, NULL, '村书记', 27),
	(239, NULL, '村干部', 27),
	(240, NULL, '村书记', 28),
	(241, NULL, '村干部', 28),
	(242, NULL, '村书记', 29),
	(243, NULL, '村干部', 29),
	(244, NULL, '村书记', 30),
	(245, NULL, '村干部', 30),
	(246, NULL, '村书记', 31),
	(247, NULL, '村干部', 31),
	(999, NULL, '系统管理员', 999);
ALTER TABLE `station` ENABLE KEYS;

ALTER TABLE `ta_assessment` DISABLE KEYS;
ALTER TABLE `ta_assessment` ENABLE KEYS;

ALTER TABLE `ta_assessment_external` DISABLE KEYS;
INSERT INTO `ta_assessment_external` (`id`, `code`, `create_date`, `level_one`, `level_two`, `name`, `point`, `standard`) VALUES
	(1, 'EZ2022-0001', NULL, '', '', '测试扣分指标', -2.00, '测试扣分标准'),
	(2, 'EZ2022-0002', NULL, '', '', '测试加分指标', 3.00, '测试加分标准'),
	(3, 'EZ2022-0003', NULL, '引领力', '党政正职表现情况', '发生失、泄密情况', -1.00, '发生失、泄密情况的，扣0.5分，被上级通报的，加倍扣分； '),
	(4, 'EZ2022-0004', NULL, '引领力', '党政正职表现情况', '未在规定时间内完成县委县政府领导批示、函告单、督办单', -0.10, '未在规定时间内完成县委县政府领导批示、函告单、督办单的，每发现1起扣0.1分；'),
	(5, 'EZ2022-0005', NULL, '引领力', '党政正职表现情况', '未按要求上报请销假、请示报告，值班值守工作落实不到位', -0.50, '未按要求上报请销假、请示报告，值班值守工作落实不到位的，每发现一次扣0.25分，被上级检查发现的，加倍扣分。             '),
	(6, 'EZ2022-0006', NULL, '引领力', '队伍建设', '对年轻干部队伍建设不够重视', -0.50, '对年轻干部队伍建设不够重视，未按要求配备年轻中层干部，视情扣0.1-0.5分。'),
	(7, 'EZ2022-0007', NULL, '引领力', '队伍建设', '公务员平时考核未按照要求开展或者流于形式', -0.25, '公务员平时考核未按照要求开展或者流于形式的，扣0.25分。');
ALTER TABLE `ta_assessment_external` ENABLE KEYS;

ALTER TABLE `ta_assessment_external_usage` DISABLE KEYS;
ALTER TABLE `ta_assessment_external_usage` ENABLE KEYS;

ALTER TABLE `ta_assessment_resp_department` DISABLE KEYS;
ALTER TABLE `ta_assessment_resp_department` ENABLE KEYS;

ALTER TABLE `ta_assessment_resp_user` DISABLE KEYS;
ALTER TABLE `ta_assessment_resp_user` ENABLE KEYS;

ALTER TABLE `ta_plan` DISABLE KEYS;
ALTER TABLE `ta_plan` ENABLE KEYS;

ALTER TABLE `ta_plan_detail` DISABLE KEYS;
ALTER TABLE `ta_plan_detail` ENABLE KEYS;

ALTER TABLE `ta_task` DISABLE KEYS;
ALTER TABLE `ta_task` ENABLE KEYS;

ALTER TABLE `user` DISABLE KEYS;
INSERT INTO `user` (`id`, `gender`, `name`, `phone`, `station_id`) VALUES
	(1, NULL, '党委', NULL, 1),
	(2, NULL, '赵小龙', NULL, 2),
	(3, NULL, '吴胜杰', NULL, 3),
	(4, NULL, '蔡耀明', NULL, 4),
	(5, NULL, '王哲', NULL, 5),
	(6, NULL, '姜利明', NULL, 6),
	(7, NULL, '李勤根', NULL, 7),
	(8, NULL, '沈潇雅', NULL, 8),
	(9, NULL, '范郭真', NULL, 9),
	(10, NULL, '吴肖峰', NULL, 10),
	(11, NULL, '朱世鹏', NULL, 11),
	(12, NULL, '董佳浩', NULL, 12),
	(13, NULL, '张陆军', NULL, 13),
	(14, NULL, '李均敬', NULL, 14),
	(15, NULL, '潘其华', NULL, 15),
	(16, NULL, '王玲敏', NULL, 16),
	(17, NULL, '沈伟华', NULL, 17),
	(18, NULL, '姚晨雪', NULL, 18),
	(19, NULL, '叶吴良', NULL, 19),
	(20, NULL, '叶锋', NULL, 20),
	(21, NULL, '沈鹏', NULL, 21),
	(22, NULL, '蒋爱君', NULL, 22),
	(23, NULL, '赵生良', NULL, 23),
	(24, NULL, '张明', NULL, 24),
	(25, NULL, '张陆君', NULL, 25),
	(26, NULL, '刘爱群', NULL, 26),
	(27, NULL, '唐惠平', NULL, 27),
	(28, NULL, '纪委', NULL, 28),
	(29, NULL, '组织', NULL, 29),
	(30, '男', '任凯波', NULL, 30),
	(31, '女', '江琳', NULL, 31),
	(32, '男', '蔡琦亮', NULL, 32),
	(33, '男', '顾嘉骏', NULL, 33),
	(34, '女', '王怡雯', NULL, 34),
	(35, '女', '朱佳琪', NULL, 35),
	(36, '男', '俞金良', NULL, 36),
	(37, '女', '宋婷', NULL, 37),
	(38, '男', '马徐杰', NULL, 38),
	(39, '女', '王皓', NULL, 39),
	(40, '女', '金梦靖', NULL, 40),
	(41, '男', '秦银平', NULL, 41),
	(42, '男', '沈晓明', NULL, 42),
	(43, '男', '何柏良', NULL, 43),
	(44, '女', '高沁', NULL, 44),
	(45, '男', '庄建康', NULL, 42),
	(46, '男', '刘晓冬', NULL, 45),
	(47, '女', '夏欣宜', NULL, 46),
	(48, '男', '富高君', NULL, 47),
	(49, '男', '徐皓', NULL, 48),
	(50, '女', '潘如锦', NULL, 49),
	(51, '男', '殷其良', NULL, 50),
	(52, '男', '王建文', NULL, 50),
	(53, '男', '沈金良', NULL, 51),
	(54, '女', '盛玲丽', NULL, 52),
	(55, '男', '蒋勇杰', NULL, 53),
	(56, '男', '吴浩加', NULL, 54),
	(57, '女', '张漂洁', NULL, 55),
	(58, '女', '沈怡', NULL, 56),
	(59, '女', '黄亦潇', NULL, 57),
	(60, '女', '钟舒亭', NULL, 58),
	(61, '女', '蒋陈燕', NULL, 59),
	(62, '男', '徐晨阳', NULL, 60),
	(63, '男', '王华烽', NULL, 61),
	(64, '男', '李新', NULL, 61),
	(65, '男', '盛怡豪', NULL, 61),
	(66, '男', '陈飞', NULL, 61),
	(67, '男', '沈钱明', NULL, 62),
	(68, '男', '孙晨辉', NULL, 63),
	(69, '男', '张佳伟', NULL, 64),
	(70, '男', '柯江', NULL, 65),
	(71, '男', '吴拂晓', NULL, 66),
	(72, '男', '陈国卫', NULL, 67),
	(73, '男', '缪法明', NULL, 68),
	(74, '男', '李伟明', NULL, 68),
	(75, '男', '沈晓坚', NULL, 69),
	(76, '女', '干高霞', NULL, 70),
	(77, '男', '吴辰凯', NULL, 71),
	(78, '女', '姚春燕', NULL, 72),
	(79, '女', '储美芬', NULL, 73),
	(80, '女', '沈凯悦', NULL, 74),
	(81, '女', '钱梦婷', NULL, 75),
	(82, '男', '胡晨迪', NULL, 76),
	(83, '男', '陆韵涛', NULL, 77),
	(84, '男', '陆军', NULL, 78),
	(85, '女', '朱勤燕', NULL, 79),
	(86, '男', '张建松', NULL, 80),
	(87, '男', '姚佳飞', NULL, 81),
	(88, '男', '陈涛', NULL, 82),
	(89, '女', '秦倩芸', NULL, 83),
	(90, '女', '王瑜', NULL, 84),
	(91, '女', '王月婷', NULL, 85),
	(92, '女', '蔡芸', NULL, 86),
	(93, '女', '吴珊', NULL, 87),
	(94, '男', '朱军军', NULL, 88),
	(95, '男', '陈龙', NULL, 89),
	(96, '女', '吴霞菁', NULL, 90),
	(97, '女', '吴能娟', NULL, 91),
	(98, '男', '陆加海', NULL, 92),
	(99, '男', '王永明', NULL, 93),
	(100, '男', '王超鑫', NULL, 94),
	(101, '男', '金顺祥', NULL, 95),
	(102, '女', '沈红维', NULL, 96),
	(103, '女', '印佳', NULL, 97),
	(104, '女', '冯瀛', NULL, 98),
	(105, '女', '姜燕', NULL, 99),
	(106, '女', '吴凯丽', NULL, 100),
	(107, '男', '盛卫丰', NULL, 101),
	(108, '女', '陈维', NULL, 102),
	(109, '女', '吴凌霞', NULL, 103),
	(110, '女', '何琦', NULL, 104),
	(111, '女', '吴静怡', NULL, 105),
	(112, '女', '许柳婷', NULL, 106),
	(113, '女', '朱洛慧', NULL, 107),
	(114, '女', '姚玲丹', NULL, 108),
	(115, '女', '李董燕', NULL, 109),
	(116, '男', '金文彬', NULL, 110),
	(117, '男', '盛秀锋', NULL, 111),
	(118, '男', '沈伟佳', NULL, 112),
	(119, '男', '庄雪明', NULL, 113),
	(120, '男', '朱健康', NULL, 114),
	(121, '男', '蒉张斌', NULL, 115),
	(122, '男', '徐姚明', NULL, 116),
	(123, '男', '张春伟', NULL, 113),
	(124, '男', '夏晶', NULL, 117),
	(125, '女', '郑欢', NULL, 118),
	(126, '男', '许李金', NULL, 119),
	(127, '男', '沈超', NULL, 120),
	(128, '男', '庄宇峰', NULL, 121),
	(129, '男', '叶士斌', NULL, 121),
	(130, '男', '丁悦', NULL, 122),
	(131, '女', '袁洁', NULL, 123),
	(132, '男', '钱海青', NULL, 124),
	(133, '女', '李昕', NULL, 125),
	(134, '男', '冯沈燕', NULL, 126),
	(135, '男', '蒋昊', NULL, 127),
	(136, '男', '薛斌', NULL, 127),
	(137, '男', '朱豪杰', NULL, 127),
	(138, '女', '张晓琴', NULL, 128),
	(139, '男', '李德明', NULL, 129),
	(140, '男', '张仕明', NULL, 127),
	(141, '男', '李志远', NULL, 128),
	(142, '男', '钱雪峰', NULL, 127),
	(143, '女', '陈仁群', NULL, 130),
	(144, '男', '吴玉明', NULL, 131),
	(145, '女', '沈燕君', NULL, 132),
	(146, '女', '金徐萍', NULL, 133),
	(147, '女', '蔡海萍', NULL, 134),
	(148, '女', '郑洁', NULL, 135),
	(149, '女', '邓燕君', NULL, 136),
	(150, '女', '顾丽燕', NULL, 137),
	(151, '男', '徐建平', NULL, 138),
	(152, '男', '张建龙', NULL, 139),
	(153, '女', '徐娟', NULL, 140),
	(154, '男', '金敏佳', NULL, 141),
	(155, '男', '陆水良', NULL, 142),
	(156, '男', '包海兴', NULL, 143),
	(157, '女', '徐忠玲', NULL, 144),
	(158, '男', '王建明', NULL, 145),
	(159, '女', '张岚', NULL, 146),
	(160, '男', '吴惠明', NULL, 147),
	(161, '男', '张永明', NULL, 148),
	(162, '男', '应小平', NULL, 149),
	(163, '男', '曹国光', NULL, 150),
	(164, '男', '秦许康', NULL, 151),
	(165, '男', '姚明', NULL, 152),
	(166, '女', '朱淑丽', NULL, 153),
	(167, '女', '王芸', NULL, 154),
	(168, '女', '俞晨怡', NULL, 155),
	(169, '男', '俞雪峰', NULL, 156),
	(170, '女', '彭印洁', NULL, 157),
	(171, '女', '金菊娟', NULL, 158),
	(172, '男', '肖叶忠', NULL, 159),
	(173, '男', '许伟兵', NULL, 160),
	(174, '男', '陈哲浩', NULL, 161),
	(175, '女', '曹忆湄', NULL, 162),
	(176, '男', '张伟忠', NULL, 163),
	(177, '男', '李望龙', NULL, 164),
	(178, '男', '徐元涛', NULL, 165),
	(179, '男', '阮鑫磊', NULL, 166),
	(180, '男', '张晟涛', NULL, 167),
	(181, '男', '马镭耘', NULL, 168),
	(182, '女', '吴丹青', NULL, 169),
	(183, '女', '王瑞', NULL, 170),
	(184, '男', '姚文浩', NULL, 171),
	(185, '男', '袁春峰', NULL, 171),
	(186, '男', '沈峰火', NULL, 172),
	(187, '女', '叶慧娟', NULL, 173),
	(188, '女', '沈奕云', NULL, 174),
	(189, '女', '李艳春', NULL, 175),
	(190, '女', '俞嘉雯', NULL, 176),
	(191, '女', '沈欢渊', NULL, 177),
	(192, '女', '徐林燕', NULL, 178),
	(193, '女', '曹李洁', NULL, 179),
	(194, '女', '徐珊妮', NULL, 180),
	(195, '女', '金银洁', NULL, 181),
	(196, '女', '闻丹媛', NULL, 182),
	(197, '女', '殷露娜', NULL, 183),
	(198, '女', '钱佳丽', NULL, 184),
	(199, '女', '储妮', NULL, 185),
	(200, '女', '康妍', NULL, 186),
	(201, '女', '康怡晨', NULL, 187),
	(202, '男', '李丹捷', NULL, 188),
	(203, '男', '卢毅', NULL, 189),
	(204, '男', '钟海富', NULL, 190),
	(205, '男', '孙学军', NULL, 191),
	(206, '女', '许晓', NULL, 192),
	(207, '男', '徐建国', NULL, 193),
	(208, '男', '张志来', NULL, 194),
	(209, '男', '朱犟', NULL, 195),
	(210, '男', '冯建明', NULL, 196),
	(211, '女', '汪超逸', NULL, 197),
	(212, '男', '庄毅炜', NULL, 198),
	(213, '女', '朱克来', NULL, 199),
	(214, '男', '孙腾飞', NULL, 200),
	(215, '男', '钱雪飞', NULL, 201),
	(216, '男', '蔡诚航', NULL, 202),
	(217, '女', '王琴', NULL, 203),
	(218, '男', '范振伟', NULL, 204),
	(219, '男', '杨慧杰', NULL, 205),
	(220, '男', '舒宁', NULL, 206),
	(221, '男', '徐海平', NULL, 207),
	(222, '男', '沈海飞', NULL, 208),
	(223, '男', '干佳伟', NULL, 209),
	(224, '女', '顾蕾婷', NULL, 210),
	(225, '男', '郭伟', NULL, 211),
	(226, '男', '倪周剑', NULL, 212),
	(227, '男', '杜镱杰', NULL, 213),
	(228, '男', '黄燕飞', NULL, 214),
	(229, '男', '徐晓明', NULL, 215),
	(230, '男', '陆一侃', NULL, 216),
	(231, '男', '张卫佳', NULL, 217),
	(232, '男', '马明复', NULL, 218),
	(233, '男', '张益斌', NULL, 219),
	(234, '男', '查敏皓', NULL, 219),
	(235, '男', '朱超岳', NULL, 220),
	(236, '男', '金海凤', NULL, 221),
	(237, '男', '戴根松', NULL, 222),
	(238, '女', '朗宇', NULL, 223),
	(239, '男', '王益文', NULL, 224),
	(240, '男', '叶华明', NULL, 225),
	(241, '', '徐佳', NULL, 226),
	(242, '', '金雪明', NULL, 227),
	(243, '', '蒋吴顺', NULL, 227),
	(244, '', '高菊芬', NULL, 227),
	(245, '', '夏婷吉', NULL, 227),
	(246, '', '顾嘉晖', NULL, 227),
	(247, '', '陆伦杰', NULL, 227),
	(248, '', '贺晓叶', NULL, 227),
	(249, '', '董云瑶', NULL, 227),
	(250, '', '叶吴良2', NULL, 228),
	(251, '', '张培锋', NULL, 229),
	(252, '', '顾烨超', NULL, 229),
	(253, '', '蒋伊莉', NULL, 229),
	(254, '', '冯力栋', NULL, 229),
	(255, '', '储海锋', NULL, 230),
	(256, '', '韩惠东', NULL, 231),
	(257, '', '范程佳', NULL, 231),
	(258, '', '陈超', NULL, 231),
	(259, '', '陈菊', NULL, 231),
	(260, '', '李晓', NULL, 231),
	(261, '', '张小吐', NULL, 232),
	(262, '', '张永妹', NULL, 233),
	(263, '', '张陆艳', NULL, 233),
	(264, '', '张陈凯', NULL, 233),
	(265, '', '胡剑波', NULL, 233),
	(266, '', '张萍', NULL, 233),
	(267, '', '张浩东', NULL, 234),
	(268, '', '吴丹加', NULL, 235),
	(269, '', '姚燕青', NULL, 235),
	(270, '', '徐群玉', NULL, 235),
	(271, '', '蒋超', NULL, 235),
	(272, '', '沈佳丽', NULL, 235),
	(273, '', '钱益平', NULL, 236),
	(274, '', '徐晓飞', NULL, 237),
	(275, '', '陆林军', NULL, 237),
	(276, '', '施文芳', NULL, 237),
	(277, '', '吴金超', NULL, 237),
	(278, '', '王凯丽', NULL, 237),
	(279, '', '钱伟斌', NULL, 238),
	(280, '', '俞惠飞', NULL, 239),
	(281, '', '王亚晴', NULL, 239),
	(282, '', '庄丽', NULL, 239),
	(283, '', '郑亚平', NULL, 240),
	(284, '', '田洪彬', NULL, 241),
	(285, '', '何明霞', NULL, 241),
	(286, '', '何佳伟', NULL, 241),
	(287, '', '沈浩', NULL, 241),
	(288, '', '陆建国', NULL, 242),
	(289, '', '张森煜', NULL, 243),
	(290, '', '陆伟', NULL, 243),
	(291, '', '陈叶娟', NULL, 243),
	(292, '', '戴东涛', NULL, 243),
	(293, '', '钱柏根', NULL, 244),
	(294, '', '王月屏', NULL, 245),
	(295, '', '吴忠伟', NULL, 245),
	(296, '', '王建波', NULL, 245),
	(297, '', '葛月红', NULL, 245),
	(298, '', '韩斌', NULL, 245),
	(299, '', '郑佳琦', NULL, 245),
	(300, '', '陈建芬', NULL, 246),
	(301, '', '吴丹萍', NULL, 247),
	(302, '', '吴妙辉', NULL, 247),
	(303, '', '吴涛', NULL, 247),
	(304, '', '钱亦芳', NULL, 247),
	(999, NULL, 'admin', NULL, 999);
ALTER TABLE `user` ENABLE KEYS;

SET SQL_MODE=IFNULL(@OLD_SQL_MODE, '');
SET FOREIGN_KEY_CHECKS=IFNULL(@OLD_FOREIGN_KEY_CHECKS, 1);
SET CHARACTER_SET_CLIENT=@OLD_CHARACTER_SET_CLIENT;
SET SQL_NOTES=IFNULL(@OLD_SQL_NOTES, 1);
