SET @OLD_CHARACTER_SET_CLIENT=@@CHARACTER_SET_CLIENT;
SET NAMES utf8;
SET NAMES utf8mb4;
SET @OLD_FOREIGN_KEY_CHECKS=@@FOREIGN_KEY_CHECKS, FOREIGN_KEY_CHECKS=0;
SET @OLD_SQL_MODE=@@SQL_MODE, SQL_MODE='NO_AUTO_VALUE_ON_ZERO';
SET @OLD_SQL_NOTES=@@SQL_NOTES, SQL_NOTES=0;

ALTER TABLE `attach` DISABLE KEYS;
INSERT INTO `attach` (`id`, `file_name`, `fs_file_name`, `update_time`, `upload_user_id`, `source_ordinal_form_id`, `source_meeting_id`, `source_inform_id`) VALUES
	(1, '监督检查.jpg', '1_监督检查.jpg', '2022-06-28 15:53:09.127789', -999, 1, NULL, NULL),
	(2, '（横港村202205）党风廉政建设意见书.doc', '（横港村202205）党风廉政建设意见书_20220711_003136.doc', '2022-07-11 00:31:36.814575', -999, NULL, NULL, 5),
	(3, '（农业农村办202205）党风廉政建设建议书.doc', '（农业农村办202205）党风廉政建设建议书_20220711_004017.doc', '2022-07-11 00:40:17.231204', -999, NULL, NULL, 4),
	(4, '落实第一种形态告知书（202201）.docx', '落实第一种形态告知书（202201）_20220711_004036.docx', '2022-07-11 00:40:36.731937', -999, NULL, NULL, 6),
	(5, '（4.28党委会议，纪委书记李勤根领学，班子成员参加）传达学习省纪委关于10起违反中央八项规定精神问题的通报.doc', '（4.28党委会议，纪委书记李勤根领学，班子成员参加）传达学习省纪委关于10起违反中央八项规定精神问题的通报.doc', '2022-07-11 10:12:44.944404', 7, 4, NULL, NULL),
	(6, '（5.6党委会议，纪委书记李勤根领学，班子成员参加）会议传达学习市纪委关于8起违反中央八项规定精神问题通报.doc', '（5.6党委会议，纪委书记李勤根领学，班子成员参加）会议传达学习市纪委关于8起违反中央八项规定精神问题通报.doc', '2022-07-11 10:16:20.058873', 7, 5, NULL, NULL),
	(7, '（6.5党委会议，党委委员范郭真领学，班子成员参加）学习《求是》杂志总书记《正确认识和把握我国发展重大理论和实践问题》.doc', '（6.5党委会议，党委委员范郭真领学，班子成员参加）学习《求是》杂志总书记《正确认识和把握我国发展重大理论和实践问题》.doc', '2022-07-11 10:17:56.990437', 7, 6, NULL, NULL),
	(8, '提醒谈话（陆水良）.docx', '提醒谈话（陆水良）.docx', '2022-07-11 10:26:15.418963', 21, 7, NULL, NULL),
	(9, '提醒谈话（徐忠玲）.docx', '提醒谈话（徐忠玲）.docx', '2022-07-11 10:28:05.915877', 21, 8, NULL, NULL),
	(10, '提醒谈话（张永明）.docx', '提醒谈话（张永明）.docx', '2022-07-11 10:29:31.339530', 21, 9, NULL, NULL),
	(11, '张春伟 提醒谈话 2021.1.11.docx', '张春伟 提醒谈话 2021.1.11.docx', '2022-07-11 10:31:54.277814', 17, 10, NULL, NULL),
	(12, '领导干部及其家庭成员重大事项即时报告汇总表（5月）.docx', '领导干部及其家庭成员重大事项即时报告汇总表（5月）_20220711_165643.docx', '2022-07-11 16:56:43.733886', 1, 3, NULL, NULL);
ALTER TABLE `attach` ENABLE KEYS;

ALTER TABLE `department` DISABLE KEYS;
INSERT INTO `department` (`id`, `dept_order`, `name`, `parent_id`, `short_name`) VALUES
	(1, 1, '区(镇)党委', NULL, NULL),
	(2, 2, '区(镇)党委书记', NULL, NULL),
	(3, 3, '班子其他成员', NULL, NULL),
	(4, 4, '纪委监察办', NULL, NULL),
	(5, 5, '组织部门', NULL, NULL),
	(6, 6, '党政综合办公室', 1, '党政办'),
	(7, 7, '党建工作办公室', 1, '党建办'),
	(8, 8, '社会治理办公室', 1, '社会治理办'),
	(9, 9, '经济发展办公室', 1, '经发办'),
	(10, 10, '社会事务服务管理办公室', 1, '社会事务办'),
	(11, 11, '村镇建设管理办公室', 1, '村建办'),
	(12, 12, '财政办公室', 1, '财政办'),
	(13, 13, '农业农村办公室', 1, '农业农村办'),
	(14, 14, '招商和项目推进科', 1, NULL),
	(15, 16, '文化站', 1, '文化站'),
	(16, 17, '生态环境办公室', 1, NULL),
	(17, 18, '生态环境执法分队', 1, '生环分队'),
	(18, 19, '市场监督管理局百步分局', 1, '市场监管百步分局'),
	(19, 20, '综合行政执法中队', 1, '综合执法'),
	(20, 21, '自然规划局百步分局', 1, '自然资源所'),
	(21, 22, '百步社区', 1, NULL),
	(22, 23, '百联村', 1, NULL),
	(23, 24, '超同村', 1, NULL),
	(24, 25, '逍恬村', 1, NULL),
	(25, 26, '农丰村', 1, NULL),
	(26, 27, '新升村', 1, NULL),
	(27, 28, '横港村', 1, NULL),
	(28, 29, '桃北村', 1, NULL),
	(29, 30, '胜利村', 1, NULL),
	(30, 31, '五丰村', 1, NULL),
	(31, 32, '得胜村', 1, NULL),
	(32, 15, '征搬迁办公室', 1, NULL),
	(-999, 1, '系统管理员', NULL, NULL);
ALTER TABLE `department` ENABLE KEYS;

ALTER TABLE `fr_inform` DISABLE KEYS;
INSERT INTO `fr_inform` (`id`, `code`, `content`, `create_date`, `type`, `dest_department_id`, `dest_user_id`, `from_department_id`, `from_user_id`) VALUES
	(4, '3-01', '指导、监督横港村做好海盐县百步镇常青家庭农场历年欠缴流转土地租金及水费工作，有效挽回经济损失和不良影响。', NULL, 'ADVICE', NULL, 312, NULL, 1),
	(5, '2-01', '海盐县百步镇常青家庭农场（法定代表人卜年兴）2013年以来在租赁横港村农户委托流转土地的过程中，存在长期、大量欠缴土地租金及水费问题，造成了村集体资产的较大损失和不良社会影响。', NULL, 'OPINION', NULL, 326, NULL, 1),
	(6, '4-01', '针对横港村土地流转工作中存在的突出问题业务指导、监督管理不到位，导致海盐县百步镇常青家庭农场2013年以来在租赁横港村农户委托流转土地的过程中，存在长期、大量欠缴土地租金及水费问题，造成了村集体资产的较大损失和不良社会影响。', NULL, 'ANNOUNCE', NULL, 21, NULL, 1);
ALTER TABLE `fr_inform` ENABLE KEYS;

ALTER TABLE `fr_meeting` DISABLE KEYS;
INSERT INTO `fr_meeting` (`id`, `content`, `placement`, `start_time`, `status`, `type`, `user_id`) VALUES
	(1, '1. 传达学习上级精神\n2. 明确各责任主体职责任务\n3. 排查各自领域问题风险及防范措施', '暂无', '2022-03-08 10:00:00.534000', 'FINISHED', '1专题会议', 1);
ALTER TABLE `fr_meeting` ENABLE KEYS;

ALTER TABLE `fr_meeting_meeting_user` DISABLE KEYS;
INSERT INTO `fr_meeting_meeting_user` (`meeting_id`, `meeting_user_id`) VALUES
	(1, 1),
	(1, 2),
	(1, 3),
	(1, 4),
	(1, 5),
	(1, 6),
	(1, 7),
	(1, 8),
	(1, 9),
	(1, 10),
	(1, 11),
	(1, 12),
	(1, 13),
	(1, 14),
	(1, 15),
	(1, 16),
	(1, 17),
	(1, 18),
	(1, 19),
	(1, 20),
	(1, 21),
	(1, 22),
	(1, 28),
	(1, 29);
ALTER TABLE `fr_meeting_meeting_user` ENABLE KEYS;

ALTER TABLE `fr_meeting_sub_user` DISABLE KEYS;
ALTER TABLE `fr_meeting_sub_user` ENABLE KEYS;

ALTER TABLE `fr_meeting_topic` DISABLE KEYS;
INSERT INTO `fr_meeting_topic` (`id`, `create_time`, `status`, `meeting_id`, `user_id`) VALUES
	(1, '2022-06-22 09:25:25.743287', 'REVIEWED', 1, 2),
	(2, '2022-06-22 09:29:38.341030', 'REVIEWED', 1, 3),
	(3, '2022-06-22 09:32:17.458549', 'REVIEWED', 1, 4),
	(4, '2022-06-22 09:35:20.232671', 'REVIEWED', 1, 5),
	(5, '2022-06-22 09:37:47.976889', 'REVIEWED', 1, 6),
	(8, '2022-06-22 09:48:42.626897', 'REVIEWED', 1, 7),
	(9, '2022-06-22 09:53:56.881553', 'REVIEWED', 1, 8),
	(10, '2022-06-22 09:56:53.371732', 'REVIEWED', 1, 9),
	(11, '2022-06-22 10:00:18.093149', 'REVIEWED', 1, 10),
	(12, '2022-06-22 10:04:00.482007', 'REVIEWED', 1, 11),
	(13, '2022-06-22 10:06:25.733526', 'REVIEWED', 1, 12),
	(14, '2022-06-22 10:10:26.971789', 'REVIEWED', 1, 13),
	(15, '2022-06-22 10:12:57.058596', 'REVIEWED', 1, 14),
	(16, '2022-06-22 10:16:41.779079', 'REVIEWED', 1, 15),
	(17, '2022-06-22 10:18:50.317146', 'REVIEWED', 1, 16),
	(18, '2022-06-22 10:20:53.119294', 'REVIEWED', 1, 17),
	(19, '2022-06-22 10:22:46.547903', 'REVIEWED', 1, 18),
	(20, '2022-06-22 10:24:34.557985', 'REVIEWED', 1, 19),
	(21, '2022-06-22 10:26:28.599405', 'REVIEWED', 1, 20),
	(22, '2022-06-22 10:28:45.971753', 'REVIEWED', 1, 21);
ALTER TABLE `fr_meeting_topic` ENABLE KEYS;

ALTER TABLE `fr_meeting_topic_task` DISABLE KEYS;
INSERT INTO `fr_meeting_topic_task` (`id`, `content`, `is_matter`, `topic_id`) VALUES
	(1, '加强党的政治建设，增强“四个意识”，坚定“四个自信”，做到“两个维护”，切实提高政治判断力、政治领悟力、政治执行力，坚决贯彻落实习近平总书记重要讲话和重要指示批示精神，坚决贯彻落实党中央决策部署，坚持全面从严治党战略方针，始终保持自我革命定力，推动更好发挥全面从严治党引领保障作用。严肃党内政治生活，加强政治生态研判。带头贯彻执行民主集中制，严格执行党委会议议事规则和集体决策制度，严格落实“五不直接分管”、集体议事决策时末位表态等要求。带头遵守政治纪律和政治规矩，主动向上级请示报告工作。', NULL, 1),
	(2, '认真执行《党委（党组）落实全面从严治党主体责任规定》、《中共中央关于加强对“一把手”和领导班子监督的意见》和省委实施意见，按照深化全面从严治党“四责协同”机制要求，牵头推动落实“五张责任清单”，履行第一责任人责任，加强区（镇）全面从严治党研究部署和督促落实，重点抓好对区（镇）班子成员和村（社）、中心办所“一把手”的监督，抓好职责范围内党风廉政建设和反腐败工作。', NULL, 1),
	(3, '认真贯彻落实省市县委和区（镇）党委决策部署，牵头推动落实招大引强、产业转型、创新赋能、城乡建设、民生保障、社会治理、党建统领“七大提升行动”，深入开展项目攻坚年、改革创新年、作风建设年“三个年”活动。', NULL, 1),
	(4, '加强党对反腐败工作的统一领导，坚持综合施治，牵头落实不敢腐、不能腐、不想腐一体推进，重点推动强化权力公开规范高效运行机制建设，提升基层治理体系和治理能力现代化水平。牵头统筹谋划清廉单元建设，持续深化清廉百步建设。', NULL, 1),
	(5, '牵头加固中央八项规定堤坝，持之以恒加强作风建设，锲而不舍纠“四风”树新风。', NULL, 1),
	(6, '牵头加固中央八项规定堤坝，持之以恒加强作风建设，锲而不舍纠“四风”树新风。', NULL, 1),
	(7, '坚持以身作则，在严格自律上当标杆、作表率，带头遵守执行全面从严治党各项规定，带头落实中央八项规定及其实施细则精神，带头坚决抵制其他党员干部及其家属亲友违规干预干部选拔任用、工程建设、执法司法等行为。带头做到廉洁从政、廉洁用权、廉洁修身、廉洁齐家，带头落实构建亲清政商关系要求，管住管好自己的家属亲友和身边工作人员，始终保持清正廉洁政治本色。', NULL, 1),
	(8, '加强党的政治建设，增强“四个意识”，坚定“四个自信”，做到“两个维护”，切实提高政治判断力、政治领悟力、政治执行力，坚决贯彻落实习近平总书记重要讲话和重要指示批示精神，坚决贯彻落实党中央决策部署，坚持全面从严治党战略方针，始终保持自我革命定力，推动更好发挥全面从严治党引领保障作用。认真贯彻执行民主集中制，严格执行党委会议议事规则和集体决策制度，加强班子成员之间相互监督，讨论决策问题充分发表意见，有效发挥监督作用。严格遵守政治纪律和政治规矩，主动向上级请示报告工作。', NULL, 2),
	(9, '认真执行《党委（党组）落实全面从严治党主体责任规定》、《中共中央关于加强对“一把手”和领导班子监督的意见》和省委实施意见，按照深化全面从严治党“四责协同”机制、落实“五张责任清单”要求，认真履行“一岗双责”，部署、检查、督促落实政府系统全面从严治党工作及责任落实工作，重点抓好对政府系统党员干部，特别是财政办和国资、审计线“一把手”及其成员的严格教育管理监督，抓好政府系统、主管部门（口子）等职责范围内党风廉政建设和反腐败工作，推动廉洁政府建设。', NULL, 2),
	(10, '认真贯彻落实省市县委和区（镇）党委决策部署，推动落实“七大提升行动”，深入开展“三个年”活动。', NULL, 2),
	(11, '强化政府权力公开规范高效运行，谋划、实施职责范围内的重点清廉单元建设，提高治理水平。严格执行财政预算决算制度，加强对财政性资金的管理和监督检查，抓好基础设施、公共建设等政府投资项目的监管，提高资金使用绩效，严格控制和缩减一般性支出，厉行勤俭节约，带头过“紧日子”。切实抓好国有资产管理及处置、土地出让、政府采购、招商引资、债务管理、内控机制数字化改革等方面监督。', NULL, 2),
	(12, '加强政府系统作风建设，推动严格执行中央八项规定及其实施细则精神，持之以恒反“四风”，持续整治享乐主义、奢靡之风，力戒形式主义、官僚主义。', NULL, 2),
	(13, '加强政府系统党员干部日常教育管理监督，运用好“四种形态”特别是第一种形态，让“红红脸、出出汗”成为常态。', NULL, 2),
	(14, '严格廉洁自律，模范遵守执行全面从严治党各项规定，严格落实中央八项规定及其实施细则精神，坚决抵制其他党员干部及其家属亲友违规干预干部选拔任用、工程建设、执法司法等行为。带头做到廉洁从政、廉洁用权、廉洁修身、廉洁齐家，带头落实构建亲清政商关系要求，管住管好自己的家属亲友和身边工作人员，始终保持清正廉洁政治本色。', NULL, 2),
	(15, '加强党的政治建设，增强“四个意识”，坚定“四个自信”，做到“两个维护”，切实提高政治判断力、政治领悟力、政治执行力，坚决贯彻落实习近平总书记重要讲话和重要指示批示精神，坚决贯彻落实党中央决策部署，坚持全面从严治党战略方针，始终保持自我革命定力，推动更好发挥全面从严治党引领保障作用。认真贯彻执行民主集中制，严格执行班子集体决策制度，加强班子成员之间相互监督，讨论决策问题充分发表意见，有效发挥监督作用。严格遵守政治纪律和政治规矩，主动向上级请示报告工作。', NULL, 3),
	(16, '认真执行《党委（党组）落实全面从严治党主体责任规定》、《中共中央关于加强对“一把手”和领导班子监督的意见》和省委实施意见，按照深化全面从严治党“四责协同”机制、落实“五张责任清单”要求，认真履行“一岗双责”，部署、检查、督促落实镇人大全面从严治党工作及责任落实工作，重点抓好对镇人大党员干部，特别是人大办、慈善分会“一把手”及其成员的严格教育管理监督，抓好镇人大、分管部门（口子）等职责范围内党风廉政建设和反腐败工作，推动廉洁人大建设。', NULL, 3),
	(17, '认真贯彻落实省市县委和区（镇）党委决策部署，强化人大监督履职，有力推动落实“七大提升行动”和“三个年”活动，协助抓好民生保障提升行动。', NULL, 3),
	(18, '强化人大监督权力的公开规范高效运行，谋划、实施职责范围内的重点清廉单元建设，提高履职规范化水平。抓好慈善资金募集、分配使用监管，防范化解问题风险。', NULL, 3),
	(19, '创新优化人大监督，推动人大监督与其他各类监督形成协同格局，不断提升监督效能，保障和推动上级决策部署落地见效。', NULL, 3),
	(20, '加强镇人大作风建设，推动严格执行中央八项规定及其实施细则精神，持之以恒反“四风”，持续整治享乐主义、奢靡之风，力戒形式主义、官僚主义。', NULL, 3),
	(21, '加强镇人大、分管部门（口子）党员干部的日常教育管理监督，运用好“四种形态”特别是第一种形态，让“红红脸、出出汗”成为常态。', NULL, 3),
	(22, '严格廉洁自律，模范遵守执行全面从严治党各项规定，严格落实中央八项规定及其实施细则精神，坚决抵制其他党员干部及其家属亲友违规干预干部选拔任用、工程建设、执法司法等行为。带头做到廉洁从政、廉洁用权、廉洁修身、廉洁齐家，带头落实构建亲清政商关系要求，管住管好自己的家属亲友和身边工作人员，始终保持清正廉洁政治本色。', NULL, 3),
	(23, '加强党的政治建设，增强“四个意识”，坚定“四个自信”，做到“两个维护”，切实提高政治判断力、政治领悟力、政治执行力，坚决贯彻落实习近平总书记重要讲话和重要指示批示精神，坚决贯彻落实党中央决策部署，坚持全面从严治党战略方针，始终保持自我革命定力，推动更好发挥全面从严治党引领保障作用。认真贯彻执行民主集中制，严格执行党委集体决策制度，加强班子成员之间相互监督，讨论决策问题充分发表意见，有效发挥监督作用。严格遵守政治纪律和政治规矩，主动向上级请示报告工作。', NULL, 4),
	(24, '认真执行《党委（党组）落实全面从严治党主体责任规定》、《中共中央关于加强对“一把手”和领导班子监督的意见》和省委实施意见，按照深化全面从严治党“四责协同”机制、落实“五张责任清单”要求，认真履行“一岗双责”，部署、检查、督促落实主持和分管领域全面从严治党工作及责任落实工作，重点抓好对主管和分管领域党员干部，特别是政协联络室、工会、党政办、党建办、招商和项目推进科、所联系村“一把手”及其成员的严格教育管理监督，抓好主持和分管领域等职责范围内党风廉政建设和反腐败工作。', NULL, 4),
	(25, '认真贯彻落实省市县委和区（镇）党委决策部署，扎实开展招大引强提升行动、产业转型提升行动、党建统领提升行动和项目攻坚年、改革创新年、作风建设年活动。', NULL, 4),
	(26, '创新优化政协民主监督，推动政协监督与其他各类监督形成协同格局，不断提升监督效能，保障和推动上级决策部署落地见效。', NULL, 4),
	(27, '严格执行上级和本级有关招商和项目推进、营商环境建设工作涉及政策、制度、规定，完善优化相关制度规则，规范权力运行，强化廉政风险防控。', NULL, 4),
	(28, '坚持数字化改革为牵引推进清廉机关建设，加快内控制度机制刚性落地，规范机关权力运行，健全优化督查考核一体化机制，推动区（镇）机关党员干部进一步转作风、提效能、优服务。', NULL, 4),
	(29, '切实严格执行公务用车管理、机关食堂管理等制度规定，厉行节约。', NULL, 4),
	(30, '推动严格执行中央八项规定及其实施细则精神，持之以恒反“四风”，持续整治享乐主义、奢靡之风，力戒形式主义、官僚主义，持续抓好基层减负工作。', NULL, 4),
	(31, '加强主持和分管部门（口子）党员干部的日常教育管理监督，运用好“四种形态”特别是第一种形态，让“红红脸、出出汗”成为常态。', NULL, 4),
	(32, '严格廉洁自律，模范遵守执行全面从严治党各项规定，严格落实中央八项规定及其实施细则精神，坚决抵制其他党员干部及其家属亲友违规干预干部选拔任用、工程建设、执法司法等行为。带头做到廉洁从政、廉洁用权、廉洁修身、廉洁齐家，带头落实构建亲清政商关系要求，管住管好自己的家属亲友和身边工作人员，始终保持清正廉洁政治本色。', NULL, 4),
	(33, '加强党的政治建设，增强“四个意识”，坚定“四个自信”，做到“两个维护”，切实提高政治判断力、政治领悟力、政治执行力，坚决贯彻落实习近平总书记重要讲话和重要指示批示精神，坚决贯彻落实党中央决策部署，坚持全面从严治党战略方针，始终保持自我革命定力，推动更好发挥全面从严治党引领保障作用。认真贯彻执行民主集中制，严格执行党委集体决策制度，加强班子成员之间相互监督，讨论决策问题充分发表意见，有效发挥监督作用。严格遵守政治纪律和政治规矩，主动向上级请示报告工作。', NULL, 5),
	(34, '认真执行《党委（党组）落实全面从严治党主体责任规定》、《中共中央关于加强对“一把手”和领导班子监督的意见》和省委实施意见，按照深化全面从严治党“四责协同”机制、落实“五张责任清单”要求，认真履行“一岗双责”，部署、检查、督促落实分管领域全面从严治党工作及责任落实工作，重点抓好对分管领域党员干部，特别是社会治理办、生态环境办、行政执法办和所联系村“一把手”及其成员的严格教育管理监督，抓好分管领域等职责范围内党风廉政建设和反腐败工作。', NULL, 5),
	(35, '认真贯彻落实省市县委和区（镇）党委决策部署，扎实开展城乡建设提升行动、社会治理提升行动，牵头抓好疫情防控工作，切实加强平安建设、法治建设，以及安全生产、消防安全、交通安全等工作。', NULL, 5),
	(36, '严格落实重要信访事项领导包案等制度，持续深化涉法、涉诉等领域损害群众利益突出问题治理，扎实抓好信访积案“清零”专项行动，抓好常态化扫黑除恶工作。', NULL, 5),
	(37, '加强“一支队伍管执法”机制执行落实，创新落实垃圾分类、三改一拆、生态环境治理等工作，全面改进责任落实、督查检查、考核奖惩机制，提升工作质量，提高专项资金使用绩效，规范权力运行，有效强化廉政风险防控。', NULL, 5),
	(38, '推动严格执行中央八项规定及其实施细则精神，持之以恒反“四风”，持续整治享乐主义、奢靡之风，力戒形式主义、官僚主义。', NULL, 5),
	(39, '加强对分管部门（口子）党员干部的日常教育管理监督，运用好“四种形态”特别是第一种形态，让“红红脸、出出汗”成为常态。', NULL, 5),
	(40, '严格廉洁自律，模范遵守执行全面从严治党各项规定，严格落实中央八项规定及其实施细则精神，坚决抵制其他党员干部及其家属亲友违规干预干部选拔任用、工程建设、执法司法等行为。带头做到廉洁从政、廉洁用权、廉洁修身、廉洁齐家，带头落实构建亲清政商关系要求，管住管好自己的家属亲友和身边工作人员，始终保持清正廉洁政治本色。', NULL, 5),
	(43, '加强党的政治建设，增强“四个意识”，坚定“四个自信”，做到“两个维护”，切实提高政治判断力、政治领悟力、政治执行力，坚决贯彻落实习近平总书记重要讲话和重要指示批示精神，坚决贯彻落实党中央决策部署，坚持全面从严治党战略方针，始终保持自我革命定力，推动更好发挥全面从严治党引领保障作用。认真贯彻执行民主集中制，严格执行党委集体决策制度，加强班子成员之间相互监督，讨论决策问题充分发表意见，有效发挥监督作用。严格遵守政治纪律和政治规矩，主动向上级请示报告工作。', NULL, 8),
	(44, '认真执行《党委（党组）落实全面从严治党主体责任规定》、《中共中央关于加强对“一把手”和领导班子监督的意见》和省委实施意见，按照深化全面从严治党“四责协同”机制、落实“五张责任清单”要求，既牵头落实纪委监督责任，加强监督执纪问责，做深做实政治监督，协助区（镇）党委压实管党治党责任、深化清廉百步建设，抓好对区（镇）班子同级监督和村（社）、中心办所班子监督，深化政治生态动态分析和研判工作，又认真落实班子成员“一岗双责”，从严从实抓好纪委监察办内部监督管理和纪检监察干部队伍自身建设，自觉接受最严格的约束和监督，严防“灯下黑”。', NULL, 8),
	(45, '认真贯彻落实省市县委和区（镇）党委决策部署，有力监督保障“七大提升行动”“三个年”活动目标任务圆满完成，确保政令畅通。', NULL, 8),
	(46, '协同推进党建统领提升行动，扎实开展“作风建设年”活动，强化监督执纪，锤炼锻造“五敢型”干部队伍，为新时代共同富裕示范样板建设提供坚强作风保障。', NULL, 8),
	(47, '坚持综合施治，深化“三不”一体推进，始终保持反腐败高压态势，准确运用监督执纪“四种形态”，不断做深做透案后文章。', NULL, 8),
	(48, '坚持聚焦群众关切，健全完善村级监察工作联络站日常监督机制，以基层监督助力基层自治。加强对惠民富民、促进共同富裕政策措施落实情况的监督检查，持续开展漠视侵害群众利益问题专项治理，抓好重复检举控告“清零”专项行动，切实推动解决群众“急难愁盼”。', NULL, 8),
	(49, '加快推进监督数字化改革，围绕区（镇）资产处置、土地收储、基础设施建设、招商引资等重要公权力、重大项目和重点工作推进，建立项目化、节点化、数字化、实效化的运行推进机制及其配套的责任落实机制、评估研判机制和风险监管机制，全面构建监督数字化多跨协同场景，推动架构形成以“公权运行内控、督查考核推进、“五张清单”体系、大数据云监督”为特征“3+1”开发区（乡镇）“智治”平台。', NULL, 8),
	(50, '强化正风肃纪，驰而不息纠治“四风”，推动构建纠治“四风”长效机制，持续加固中央八项规定堤坝。', NULL, 8),
	(51, '推动构建亲清政商关系，会同组织部门开展《关于规范领导干部廉洁从政从业行为，进一步推动构建亲清政商关系的意见》贯彻执行情况的监督检查，有效跟进督促处置工作。', NULL, 8),
	(52, '严格廉洁自律，模范遵守执行全面从严治党各项规定，严格落实中央八项规定及其实施细则精神，坚决抵制其他党员干部及其家属亲友违规干预干部选拔任用、工程建设、执法司法等行为。带头做到廉洁从政、廉洁用权、廉洁修身、廉洁齐家，带头落实构建亲清政商关系要求，管住管好自己的家属亲友和身边工作人员，始终保持清正廉洁政治本色。', NULL, 8),
	(53, '加强党的政治建设，增强“四个意识”，坚定“四个自信”，做到“两个维护”，切实提高政治判断力、政治领悟力、政治执行力，坚决贯彻落实习近平总书记重要讲话和重要指示批示精神，坚决贯彻落实党中央决策部署，坚持全面从严治党战略方针，始终保持自我革命定力，推动更好发挥全面从严治党引领保障作用。认真贯彻执行民主集中制，严格执行党委集体决策制度，加强班子成员之间相互监督，讨论决策问题充分发表意见，有效发挥监督作用。严格遵守政治纪律和政治规矩，主动向上级请示报告工作。', NULL, 9),
	(54, '认真执行《党委（党组）落实全面从严治党主体责任规定》、《中共中央关于加强对“一把手”和领导班子监督的意见》和省委实施意见，按照深化全面从严治党“四责协同”机制、落实“五张责任清单”要求，既牵头落实组织部门职能监督责任，加强对机关、村（社）、中心（站办）党员干部、工作人员的日常监督管理，指导各基层党组织开好组织生活会，强化选人用人组织把关，又认真落实班子成员“一岗双责”，部署、检查、督促落实分管条线站办全面从严治党工作及责任落实工作，从严从实抓好对党建办组织口、党政办档案条线工作人员和所联系村“一把手”及其成员的教育管理监督，抓好分管领域等职责范围内党风廉政建设和反腐败工作。', NULL, 9),
	(55, '认真贯彻落实省市县委和区（镇）党委决策部署，牵头强化组织部门职能监督保障，推动“七大提升行动”“三个年”活动目标任务圆满完成。', NULL, 9),
	(56, '扎实推进党建统领提升行动，扎实开展“作风建设年”活动，围绕强化担当作为，锤炼锻造“五敢型”干部队伍，为新时代共同富裕示范样板建设提供坚强作风保障。', NULL, 9),
	(57, '牵头建立健全区（镇）管思想、管工作、管作风、管纪律的日常监督管理体系，加强村（社）民主集中制执行情况监督检查，推动落实请示报告、任职回避、定期轮岗、干部交流等制度，运用约谈、专项检查、个人有关事项报告、因私出国（境）证照集中管理，以及组织处理等方式，加强对党员干部、工作人员的日常监督，安排区（镇）党委会议听取村（社）书记党建和述职述廉报告。', NULL, 9),
	(58, '严格执行干部选拔任用的相关规定，强化对中层干部、村（社）干部拟任人选的把关，按要求执行分析研判和动议、民主推荐、考察、讨论决定等各环节。落实干部落实好干部标准和“凡提四必”程序，全面考察干部。', NULL, 9),
	(59, '组织实施村（社）、中心办所班子年度考核与平时考核相结合工作，对重点工作进行专项考核，突出工作实绩考核。', NULL, 9),
	(60, '推动构建亲清政商关系，会同纪委监察办开展《关于规范领导干部廉洁从政从业行为，进一步推动构建亲清政商关系的意见》贯彻执行情况的监督检查，有效跟进督促处置工作。', NULL, 9),
	(61, '推动严格执行中央八项规定及其实施细则精神，持之以恒反“四风”，持续整治享乐主义、奢靡之风，力戒形式主义、官僚主义。', NULL, 9),
	(62, '严格廉洁自律，模范遵守执行全面从严治党各项规定，严格落实中央八项规定及其实施细则精神，坚决抵制其他党员干部及其家属亲友违规干预干部选拔任用、工程建设、执法司法等行为。带头做到廉洁从政、廉洁用权、廉洁修身、廉洁齐家，带头落实构建亲清政商关系要求，管住管好自己的家属亲友和身边工作人员，始终保持清正廉洁政治本色。', NULL, 9),
	(63, '加强党的政治建设，增强“四个意识”，坚定“四个自信”，做到“两个维护”，切实提高政治判断力、政治领悟力、政治执行力，坚决贯彻落实习近平总书记重要讲话和重要指示批示精神，坚决贯彻落实党中央决策部署，坚持全面从严治党战略方针，始终保持自我革命定力，推动更好发挥全面从严治党引领保障作用。认真贯彻执行民主集中制，严格执行党委集体决策制度，加强班子成员之间相互监督，讨论决策问题充分发表意见，有效发挥监督作用。严格遵守政治纪律和政治规矩，主动向上级请示报告工作。', NULL, 10),
	(64, '认真执行《党委（党组）落实全面从严治党主体责任规定》、《中共中央关于加强对“一把手”和领导班子监督的意见》和省委实施意见，按照深化全面从严治党“四责协同”机制、落实“五张责任清单”要求，认真履行“一岗双责”，部署、检查、督促落实分管领域全面从严治党工作及责任落实工作，重点抓好对分管领域党员干部，特别是文化站和所联系村“一把手”及其成员的严格教育管理监督，抓好分管领域等职责范围内党风廉政建设和反腐败工作。', NULL, 10),
	(65, '认真贯彻落实省市县委和区（镇）党委决策部署，协同开展产业转型提升行动、城乡建设提升行动、民生保障提升行动和党建统领提升行动。', NULL, 10),
	(66, '扎实开展“作风建设年”活动，围绕强化思想引领，锤炼锻造“五敢型”干部队伍，为新时代共同富裕示范样板建设提供坚强作风保障。', NULL, 10),
	(67, '推动落实意识形态工作责任制，巩固提升思想舆论阵地。规范公职人员网络行为，加强涉纪涉腐网络舆情的监测、研判和处置，确保不发生各类网络舆情事件。', NULL, 10),
	(68, '持续深入抓好学习宣传贯彻习近平新时代中国特色社会主义思想和党的十九届六中全会精神，以及下半年召开的党的二十大精神，全面落实“第一议题”制度，拧紧区（镇）党员干部思想“总开关”。', NULL, 10),
	(69, '加强文化、旅游、体育基础设施建设项目及资金、文明创建和文旅体活动、赛事资金监管工作，加强廉政风险防控。', NULL, 10),
	(70, '加强对分管部门（口子）党员干部的日常教育管理监督，运用好“四种形态”特别是第一种形态，让“红红脸、出出汗”成为常态。', NULL, 10),
	(71, '加强对分管部门（口子）党员干部的日常教育管理监督，运用好“四种形态”特别是第一种形态，让“红红脸、出出汗”成为常态。', NULL, 10),
	(72, '严格廉洁自律，模范遵守执行全面从严治党各项规定，严格落实中央八项规定及其实施细则精神，坚决抵制其他党员干部及其家属亲友违规干预干部选拔任用、工程建设、执法司法等行为。带头做到廉洁从政、廉洁用权、廉洁修身、廉洁齐家，带头落实构建亲清政商关系要求，管住管好自己的家属亲友和身边工作人员，始终保持清正廉洁政治本色。', NULL, 10),
	(73, '加强党的政治建设，增强“四个意识”，坚定“四个自信”，做到“两个维护”，切实提高政治判断力、政治领悟力、政治执行力，坚决贯彻落实习近平总书记重要讲话和重要指示批示精神，坚决贯彻落实党中央决策部署，坚持全面从严治党战略方针，始终保持自我革命定力，推动更好发挥全面从严治党引领保障作用。认真贯彻执行民主集中制，严格执行党委集体决策制度，加强班子成员之间相互监督，讨论决策问题充分发表意见，有效发挥监督作用。严格遵守政治纪律和政治规矩，主动向上级请示报告工作。', NULL, 11),
	(74, '认真执行《党委（党组）落实全面从严治党主体责任规定》、《中共中央关于加强对“一把手”和领导班子监督的意见》和省委实施意见，按照深化全面从严治党“四责协同”机制、落实“五张责任清单”要求，认真履行“一岗双责”，部署、检查、督促落实分管领域全面从严治党工作及责任落实工作，重点抓好对分管领域党员干部，特别是招商和项目推进科负责人及其成员的严格教育管理监督，抓好分管领域等职责范围内党风廉政建设和反腐败工作。', NULL, 11),
	(75, '认真贯彻落实省市县委和区（镇）党委决策部署，协同开展招大引强提升行动、产业转型提升行动和党建统领提升行动。', NULL, 11),
	(76, '加大对民族宗教领域群体性事件、重大网络舆情及非法宗教活动、渗透的风险研判，跟进有效处置。', NULL, 11),
	(77, '严格执行上级和本级有关招商和项目推进、营商环境建设工作涉及政策、制度、规定，完善优化相关制度规则，规范权力运行，强化廉政风险防控。', NULL, 11),
	(78, '协助创新优化政协民主监督，推动政协监督与其他各类监督形成协同格局，不断提升监督效能，保障和推动上级决策部署落地见效。', NULL, 11),
	(79, '加强对分管及协助分管部门（口子）党员干部的日常教育管理监督，运用好“四种形态”特别是第一种形态，让“红红脸、出出汗”成为常态。', NULL, 11),
	(80, '推动严格执行中央八项规定及其实施细则精神，持之以恒反“四风”，持续整治享乐主义、奢靡之风，力戒形式主义、官僚主义。', NULL, 11),
	(81, '严格廉洁自律，模范遵守执行全面从严治党各项规定，严格落实中央八项规定及其实施细则精神，坚决抵制其他党员干部及其家属亲友违规干预干部选拔任用、工程建设、执法司法等行为。带头做到廉洁从政、廉洁用权、廉洁修身、廉洁齐家，带头落实构建亲清政商关系要求，管住管好自己的家属亲友和身边工作人员，始终保持清正廉洁政治本色。', NULL, 11),
	(82, '加强党的政治建设，增强“四个意识”，坚定“四个自信”，做到“两个维护”，切实提高政治判断力、政治领悟力、政治执行力，坚决贯彻落实习近平总书记重要讲话和重要指示批示精神，坚决贯彻落实党中央决策部署，坚持全面从严治党战略方针，始终保持自我革命定力，推动更好发挥全面从严治党引领保障作用。认真贯彻执行民主集中制，严格执行党委集体决策制度，加强班子成员之间相互监督，讨论决策问题充分发表意见，有效发挥监督作用。严格遵守政治纪律和政治规矩，主动向上级请示报告工作。', NULL, 12),
	(83, '认真执行《党委（党组）落实全面从严治党主体责任规定》、《中共中央关于加强对“一把手”和领导班子监督的意见》和省委实施意见，按照深化全面从严治党“四责协同”机制、落实“五张责任清单”要求，认真履行“一岗双责”，部署、检查、督促落实协助分管领域全面从严治党工作及责任落实工作，重点抓好对协助分管领域党员干部，特别是社会治理办、行政执法办和所联系村“一把手”及其成员的严格教育管理监督，抓好协助分管领域等职责范围内党风廉政建设和反腐败工作。', NULL, 12),
	(84, '认真贯彻落实省市县委和区（镇）党委决策部署，协助开展城乡建设提升行动、社会治理提升行动和党建统领提升行动，协助抓好法治建设、平安建设。', NULL, 12),
	(85, '协助落实重要信访事项领导包案等制度，持续深化涉法、涉诉等领域损害群众利益突出问题治理，协助抓好信访积案“清零”专项行动。', NULL, 12),
	(86, '创新落实“四位一体”保洁（垃圾分类）等工作推进运作机制，协助全面改进责任落实、督查检查、考核奖惩机制，提升工作质量，提高专项资金使用绩效，规范权力运行，有效强化廉政风险防控。', NULL, 12),
	(87, '加强对协助分管部门（口子）党员干部的日常教育管理监督，运用好“四种形态”特别是第一种形态，让“红红脸、出出汗”成为常态。', NULL, 12),
	(88, '推动严格执行中央八项规定及其实施细则精神，持之以恒反“四风”，持续整治享乐主义、奢靡之风，力戒形式主义、官僚主义。', NULL, 12),
	(89, '严格廉洁自律，模范遵守执行全面从严治党各项规定，严格落实中央八项规定及其实施细则精神，坚决抵制其他党员干部及其家属亲友违规干预干部选拔任用、工程建设、执法司法等行为。带头做到廉洁从政、廉洁用权、廉洁修身、廉洁齐家，带头落实构建亲清政商关系要求，管住管好自己的家属亲友和身边工作人员，始终保持清正廉洁政治本色。', NULL, 12),
	(90, '加强党的政治建设，增强“四个意识”，坚定“四个自信”，做到“两个维护”，切实提高政治判断力、政治领悟力、政治执行力，坚决贯彻落实习近平总书记重要讲话和重要指示批示精神，坚决贯彻落实党中央决策部署，坚持全面从严治党战略方针，始终保持自我革命定力，推动更好发挥全面从严治党引领保障作用。认真贯彻执行民主集中制，严格执行党委集体决策制度，加强班子成员之间相互监督，讨论决策问题充分发表意见，有效发挥监督作用。严格遵守政治纪律和政治规矩，主动向上级请示报告工作。', NULL, 13),
	(91, '认真执行《党委（党组）落实全面从严治党主体责任规定》、《中共中央关于加强对“一把手”和领导班子监督的意见》和省委实施意见，按照深化全面从严治党“四责协同”机制、落实“五张责任清单”要求，认真履行“一岗双责”，部署、检查、督促落实分管及协助分管领域全面从严治党工作及责任落实工作，重点抓好对分管及协助分管领域党员干部，特别是人武部、行政执法办和所联系村“一把手”及其成员的严格教育管理监督，抓好协助分管领域等职责范围内党风廉政建设和反腐败工作。', NULL, 13),
	(92, '认真贯彻落实省市县委和区（镇）党委决策部署，协同开展城乡建设提升行动和党建统领提升行动，重点抓好党管武装等工作。', NULL, 13),
	(93, '落实廉洁征兵要求，深化征兵工作廉政风险防控，加强民兵预备役人员的监督和管理，防范出现履职廉政风险。', NULL, 13),
	(94, '切实抓好“三改一拆”等项目资金、质量的监管工作，加强廉政风险防控。', NULL, 13),
	(95, '加强对分管及协助分管部门（口子）党员干部的日常教育管理监督，运用好“四种形态”特别是第一种形态，让“红红脸、出出汗”成为常态。', NULL, 13),
	(96, '推动严格执行中央八项规定及其实施细则精神，持之以恒反“四风”，持续整治享乐主义、奢靡之风，力戒形式主义、官僚主义。', NULL, 13),
	(97, '严格廉洁自律，模范遵守执行全面从严治党各项规定，严格落实中央八项规定及其实施细则精神，坚决抵制其他党员干部及其家属亲友违规干预干部选拔任用、工程建设、执法司法等行为。带头做到廉洁从政、廉洁用权、廉洁修身、廉洁齐家，带头落实构建亲清政商关系要求，管住管好自己的家属亲友和身边工作人员，始终保持清正廉洁政治本色。', NULL, 13),
	(98, '加强党的政治建设，增强“四个意识”，坚定“四个自信”，做到“两个维护”，切实提高政治判断力、政治领悟力、政治执行力，坚决贯彻落实习近平总书记重要讲话和重要指示批示精神，坚决贯彻落实党中央决策部署，坚持全面从严治党战略方针，始终保持自我革命定力，推动更好发挥全面从严治党引领保障作用。认真贯彻执行民主集中制，严格执行党委集体决策制度，加强班子成员之间相互监督，讨论决策问题充分发表意见，有效发挥监督作用。严格遵守政治纪律和政治规矩，主动向上级请示报告工作。', NULL, 14),
	(99, '认真执行《党委（党组）落实全面从严治党主体责任规定》、《中共中央关于加强对“一把手”和领导班子监督的意见》和省委实施意见，按照深化全面从严治党“四责协同”机制、落实“五张责任清单”要求，认真履行“一岗双责”，部署、检查、督促落实分管领域全面从严治党工作及责任落实工作，重点抓好对分管及协助分管领域党员干部，特别是派出所民警、协警等严格教育管理监督，抓好分管领域等职责范围内党风廉政建设和反腐败工作。', NULL, 14),
	(100, '认真贯彻落实省市县委和区（镇）党委决策部署，协助开展社会治理提升行动，协助抓好平安建设。', NULL, 14),
	(101, '深化推进清廉单元（站所）建设，从严落实从严治警要求，加强日常教育管理监督，坚决防范执法司法腐败问题。抓好常态化扫黑除恶工作', NULL, 14),
	(102, '推动严格执行中央八项规定及其实施细则精神，持之以恒反“四风”，持续整治享乐主义、奢靡之风，力戒形式主义、官僚主义。', NULL, 14),
	(103, '严格廉洁自律，模范遵守执行全面从严治党各项规定，严格落实中央八项规定及其实施细则精神，坚决抵制其他党员干部及其家属亲友违规干预干部选拔任用、工程建设、执法司法等行为。带头做到廉洁从政、廉洁用权、廉洁修身、廉洁齐家，带头落实构建亲清政商关系要求，管住管好自己的家属亲友和身边工作人员，始终保持清正廉洁政治本色。', NULL, 14),
	(104, '加强党的政治建设，增强“四个意识”，坚定“四个自信”，做到“两个维护”，切实提高政治判断力、政治领悟力、政治执行力，坚决贯彻落实习近平总书记重要讲话和重要指示批示精神，坚决贯彻落实党中央决策部署，坚持全面从严治党战略方针，始终保持自我革命定力，推动更好发挥全面从严治党引领保障作用。认真贯彻执行民主集中制，严格执行班子集体决策制度，加强班子成员之间相互监督，讨论决策问题充分发表意见，有效发挥监督作用。严格遵守政治纪律和政治规矩，主动向上级请示报告工作。', NULL, 15),
	(105, '认真执行《党委（党组）落实全面从严治党主体责任规定》、《中共中央关于加强对“一把手”和领导班子监督的意见》和省委实施意见，按照深化全面从严治党“四责协同”机制、落实“五张责任清单”要求，认真履行“一岗双责”，协助部署、检查、督促落实镇人大全面从严治党工作及责任落实工作，重点抓好对镇人大党员干部，特别是人大办、慈善分会负责人、百步社区“一把手”及其成员的严格教育管理监督，协助抓好镇人大、分管部门（口子）等职责范围内党风廉政建设和反腐败工作，推动廉洁人大建设。', NULL, 15),
	(106, '认真贯彻落实省市县委和区（镇）党委决策部署，协助强化人大监督履职，有力推动落实“七大提升行动”和“三个年”活动，协助抓好民生保障提升行动。', NULL, 15),
	(107, '协助强化人大监督权力的公开规范高效运行，谋划、实施职责范围内的重点清廉单元建设，提高履职规范化水平。协助抓好慈善资金募集、分配使用监管，防范化解问题风险。', NULL, 15),
	(108, '创新优化人大监督，协助推动人大监督与其他各类监督形成协同格局，不断提升监督效能，保障和推动上级决策部署落地见效。', NULL, 15),
	(109, '协助加强镇人大作风建设，推动严格执行中央八项规定及其实施细则精神，持之以恒反“四风”，持续整治享乐主义、奢靡之风，力戒形式主义、官僚主义。', NULL, 15),
	(110, '协助加强镇人大、分管部门（口子）党员干部的日常教育管理监督，运用好“四种形态”特别是第一种形态，让“红红脸、出出汗”成为常态。', NULL, 15),
	(111, '严格廉洁自律，模范遵守执行全面从严治党各项规定，严格落实中央八项规定及其实施细则精神，坚决抵制其他党员干部及其家属亲友违规干预干部选拔任用、工程建设、执法司法等行为。带头做到廉洁从政、廉洁用权、廉洁修身、廉洁齐家，带头落实构建亲清政商关系要求，管住管好自己的家属亲友和身边工作人员，始终保持清正廉洁政治本色。', NULL, 15),
	(112, '加强党的政治建设，增强“四个意识”，坚定“四个自信”，做到“两个维护”，切实提高政治判断力、政治领悟力、政治执行力，坚决贯彻落实习近平总书记重要讲话和重要指示批示精神，坚决贯彻落实党中央决策部署，坚持全面从严治党战略方针，始终保持自我革命定力，推动更好发挥全面从严治党引领保障作用。认真贯彻执行民主集中制，严格执行班子集体决策制度，加强班子成员之间相互监督，讨论决策问题充分发表意见，有效发挥监督作用。严格遵守政治纪律和政治规矩，主动向上级请示报告工作。', NULL, 16),
	(113, '认真执行《党委（党组）落实全面从严治党主体责任规定》、《中共中央关于加强对“一把手”和领导班子监督的意见》和省委实施意见，按照深化全面从严治党“四责协同”机制、落实“五张责任清单”要求，认真履行“一岗双责”，部署、检查、督促落实分管领域全面从严治党工作及责任落实工作，重点抓好对分管领域党员干部，特别是经济发展办、市场监管分局“一把手”及其成员和招商和项目推进科、生态环境办负责人及其成员的严格教育管理监督，抓好分管领域等职责范围内党风廉政建设和反腐败工作。', NULL, 16),
	(114, '认真贯彻落实省市县委和区（镇）党委决策部署，协同开展产业转型提升行动、招大引强提升行动、城乡建设提升行动、社会治理提升行动和创新赋能提升行动，扎实开展项目攻坚年、改革创新年活动。', NULL, 16),
	(115, '认真抓好分管领域内重大基础设施、产业项目和发展资金、科技资金监管，加强廉政风险防控。严格执行落实有关禁止领导干部违反规定插手工程建设、公共资源交易、资产处置等制度规定。', NULL, 16),
	(116, '严格执行上级和本级有关招商和项目推进工作涉及政策、制度、规定，完善优化相关制度规则，规范权力运行，强化廉政风险防控。', NULL, 16),
	(117, '加强营商环境建设，持续提升民营经济发展服务保障水平，切实指导商会规范化建设运作，推动亲清政商关系迭代升级。', NULL, 16),
	(118, '加强对分管部门（口子）党员干部的日常教育管理监督，运用好“四种形态”特别是第一种形态，让“红红脸、出出汗”成为常态。', NULL, 16),
	(119, '推动严格执行中央八项规定及其实施细则精神，持之以恒反“四风”，持续整治享乐主义、奢靡之风，力戒形式主义、官僚主义。', NULL, 16),
	(120, '严格廉洁自律，模范遵守执行全面从严治党各项规定，严格落实中央八项规定及其实施细则精神，坚决抵制其他党员干部及其家属亲友违规干预干部选拔任用、工程建设、执法司法等行为。带头做到廉洁从政、廉洁用权、廉洁修身、廉洁齐家，带头落实构建亲清政商关系要求，管住管好自己的家属亲友和身边工作人员，始终保持清正廉洁政治本色。', NULL, 16),
	(121, '加强党的政治建设，增强“四个意识”，坚定“四个自信”，做到“两个维护”，切实提高政治判断力、政治领悟力、政治执行力，坚决贯彻落实习近平总书记重要讲话和重要指示批示精神，坚决贯彻落实党中央决策部署，坚持全面从严治党战略方针，始终保持自我革命定力，推动更好发挥全面从严治党引领保障作用。认真贯彻执行民主集中制，严格执行班子集体决策制度，加强班子成员之间相互监督，讨论决策问题充分发表意见，有效发挥监督作用。严格遵守政治纪律和政治规矩，主动向上级请示报告工作。', NULL, 17),
	(122, '认真执行《党委（党组）落实全面从严治党主体责任规定》、《中共中央关于加强对“一把手”和领导班子监督的意见》和省委实施意见，按照深化全面从严治党“四责协同”机制、落实“五张责任清单”要求，认真履行“一岗双责”，部署、检查、督促落实分管领域全面从严治党工作及责任落实工作，重点抓好对分管领域党员干部，特别是社会事务服务管理办、政务服务办和所联系的行政村“一把手”及其成员的严格教育管理监督，抓好分管领域等职责范围内党风廉政建设和反腐败工作。', NULL, 17),
	(123, '认真贯彻落实省市县委和区（镇）党委决策部署，协同开展民生保障提升行动，扎实开展项目攻坚年活动，切实抓好疫情防控工作。', NULL, 17),
	(124, '切实防范群众身边的腐败问题和不正之风，认真抓好民生专项资金、项目和社会救助、养老社保等资金监管、检查，加强廉政风险防控。持续开展漠视侵害群众利益问题专项治理，切实解决群众“急难愁盼”事。', NULL, 17),
	(125, '加强对分管部门（口子）党员干部的日常教育管理监督，运用好“四种形态”特别是第一种形态，让“红红脸、出出汗”成为常态。', NULL, 17),
	(126, '推动严格执行中央八项规定及其实施细则精神，持之以恒反“四风”，持续整治享乐主义、奢靡之风，力戒形式主义、官僚主义。', NULL, 17),
	(127, '严格廉洁自律，模范遵守执行全面从严治党各项规定，严格落实中央八项规定及其实施细则精神，坚决抵制其他党员干部及其家属亲友违规干预干部选拔任用、工程建设、公共资源交易、执法司法等行为。带头做到廉洁从政、廉洁用权、廉洁修身、廉洁齐家，带头落实构建亲清政商关系要求，管住管好自己的家属亲友和身边工作人员，始终保持清正廉洁政治本色。', NULL, 17),
	(128, '加强党的政治建设，增强“四个意识”，坚定“四个自信”，做到“两个维护”，切实提高政治判断力、政治领悟力、政治执行力，坚决贯彻落实习近平总书记重要讲话和重要指示批示精神，坚决贯彻落实党中央决策部署，坚持全面从严治党战略方针，始终保持自我革命定力，推动更好发挥全面从严治党引领保障作用。认真贯彻执行民主集中制，严格执行班子集体决策制度，加强班子成员之间相互监督，讨论决策问题充分发表意见，有效发挥监督作用。严格遵守政治纪律和政治规矩，主动向上级请示报告工作。', NULL, 18),
	(129, '认真执行《党委（党组）落实全面从严治党主体责任规定》、《中共中央关于加强对“一把手”和领导班子监督的意见》和省委实施意见，按照深化全面从严治党“四责协同”机制、落实“五张责任清单”要求，认真履行“一岗双责”，部署、检查、督促落实分管领域全面从严治党工作及责任落实工作，重点抓好对分管领域党员干部，特别是村镇建设管理办、自然资源所和所联系的行政村“一把手”及其成员的严格教育管理监督，抓好分管领域等职责范围内党风廉政建设和反腐败工作。', NULL, 18),
	(130, '认真贯彻落实省市县委和区（镇）党委决策部署，协同开展城乡建设提升行动、产业转型提升行动，扎实开展项目攻坚年活动，抓好耕地“非农化”治理工作和美丽城镇样板镇创建。', NULL, 18),
	(131, '认真抓好重大基础设施工程、政府投资项目等质量、资金等监管，加强廉政风险防控。严格执行落实有关禁止领导干部违反规定插手工程建设、公共资源交易、资产处置等制度规定。', NULL, 18),
	(132, '加强对分管部门（口子）党员干部的日常教育管理监督，运用好“四种形态”特别是第一种形态，让“红红脸、出出汗”成为常态。', NULL, 18),
	(133, '推动严格执行中央八项规定及其实施细则精神，持之以恒反“四风”，持续整治享乐主义、奢靡之风，力戒形式主义、官僚主义。', NULL, 18),
	(134, '严格廉洁自律，模范遵守执行全面从严治党各项规定，严格落实中央八项规定及其实施细则精神，坚决抵制其他党员干部及其家属亲友违规干预干部选拔任用、工程建设、公共资源交易、执法司法等行为。带头做到廉洁从政、廉洁用权、廉洁修身、廉洁齐家，带头落实构建亲清政商关系要求，管住管好自己的家属亲友和身边工作人员，始终保持清正廉洁政治本色。', NULL, 18),
	(135, '加强党的政治建设，增强“四个意识”，坚定“四个自信”，做到“两个维护”，切实提高政治判断力、政治领悟力、政治执行力，坚决贯彻落实习近平总书记重要讲话和重要指示批示精神，坚决贯彻落实党中央决策部署，坚持全面从严治党战略方针，始终保持自我革命定力，推动更好发挥全面从严治党引领保障作用。认真贯彻执行民主集中制，严格执行班子集体决策制度，加强班子成员之间相互监督，讨论决策问题充分发表意见，有效发挥监督作用。严格遵守政治纪律和政治规矩，主动向上级请示报告工作。', NULL, 19),
	(136, '认真执行《党委（党组）落实全面从严治党主体责任规定》、《中共中央关于加强对“一把手”和领导班子监督的意见》和省委实施意见，按照深化全面从严治党“四责协同”机制、落实“五张责任清单”要求，认真履行“一岗双责”，部署、检查、督促落实分管领域全面从严治党工作及责任落实工作，重点抓好对分管领域党员干部，特别是经济发展办、招商和项目推进科负责人及其成员的严格教育管理监督，抓好分管领域等职责范围内党风廉政建设和反腐败工作。', NULL, 19),
	(137, '认真贯彻落实省市县委和区（镇）党委决策部署，协同开展产业转型提升行动、招大引强提升行动和创新赋能提升行动，扎实开展项目攻坚年、改革创新年活动。', NULL, 19),
	(138, '严格执行上级和本级有关招商和项目推进、营商环境建设工作涉及政策、制度、规定，完善优化相关制度规则，规范权力运行，强化廉政风险防控。认真抓好分管领域内三产服务业项目、人才资金监管，加强廉政风险防控。', NULL, 19),
	(139, '加强对分管部门（口子）党员干部的日常教育管理监督，运用好“四种形态”特别是第一种形态，让“红红脸、出出汗”成为常态。', NULL, 19),
	(140, '推动严格执行中央八项规定及其实施细则精神，持之以恒反“四风”，持续整治享乐主义、奢靡之风，力戒形式主义、官僚主义。', NULL, 19),
	(141, '严格廉洁自律，模范遵守执行全面从严治党各项规定，严格落实中央八项规定及其实施细则精神，坚决抵制其他党员干部及其家属亲友违规干预干部选拔任用、工程建设、执法司法等行为。带头做到廉洁从政、廉洁用权、廉洁修身、廉洁齐家，带头落实构建亲清政商关系要求，管住管好自己的家属亲友和身边工作人员，始终保持清正廉洁政治本色。', NULL, 19),
	(142, '加强党的政治建设，增强“四个意识”，坚定“四个自信”，做到“两个维护”，切实提高政治判断力、政治领悟力、政治执行力，坚决贯彻落实习近平总书记重要讲话和重要指示批示精神，坚决贯彻落实党中央决策部署，坚持全面从严治党战略方针，始终保持自我革命定力，推动更好发挥全面从严治党引领保障作用。认真贯彻执行民主集中制，严格执行党委集体决策制度，加强班子成员之间相互监督，讨论决策问题充分发表意见，有效发挥监督作用。严格遵守政治纪律和政治规矩，主动向上级请示报告工作。', NULL, 20),
	(143, '认真执行《党委（党组）落实全面从严治党主体责任规定》、《中共中央关于加强对“一把手”和领导班子监督的意见》和省委实施意见，按照深化全面从严治党“四责协同”机制、落实“五张责任清单”要求，既认真履行村党组织书记第一责任人责任，加强百联村全面从严治党研究部署和督促落实，重点抓好对村班子成员的监督，抓好职责范围内党风廉政建设和反腐败工作，深化清廉村居建设，又认真落实班子成员“一岗双责”，部署、检查、督促落实分管领域全面从严治党工作及责任落实工作，重点抓好村镇建设办（征迁、两新搬迁）负责人及其成员的严格教育管理监督。', NULL, 20),
	(144, '认真贯彻落实省市县委和区（镇）党委决策部署，扎实开展城乡建设提升行动、产业转型提升行动和项目攻坚年。', NULL, 20),
	(145, '认真抓好征迁、两新搬迁项目资金、质量等监管，加强廉政风险防控。严格执行落实有关禁止领导干部违反规定插手工程建设、公共资源交易、资产处置等制度规定。', NULL, 20),
	(146, '加强对百联村班子成员和分管部门（口子）党员干部的日常教育管理监督，运用好“四种形态”特别是第一种形态，让“红红脸、出出汗”成为常态。', NULL, 20),
	(147, '推动严格执行中央八项规定及其实施细则精神，持之以恒反“四风”，持续整治享乐主义、奢靡之风，力戒形式主义、官僚主义。', NULL, 20),
	(148, '严格廉洁自律，模范遵守执行全面从严治党各项规定，严格落实中央八项规定及其实施细则精神，坚决抵制其他党员干部及其家属亲友违规干预干部选拔任用、工程建设、执法司法等行为。带头做到廉洁从政、廉洁用权、廉洁修身、廉洁齐家，带头落实构建亲清政商关系要求，管住管好自己的家属亲友和身边工作人员，始终保持清正廉洁政治本色。', NULL, 20),
	(149, '加强党的政治建设，增强“四个意识”，坚定“四个自信”，做到“两个维护”，切实提高政治判断力、政治领悟力、政治执行力，坚决贯彻落实习近平总书记重要讲话和重要指示批示精神，坚决贯彻落实党中央决策部署，坚持全面从严治党战略方针，始终保持自我革命定力，推动更好发挥全面从严治党引领保障作用。认真贯彻执行民主集中制，严格执行班子集体决策制度，加强班子成员之间相互监督，讨论决策问题充分发表意见，有效发挥监督作用。严格遵守政治纪律和政治规矩，主动向上级请示报告工作。', NULL, 21),
	(150, '认真执行《党委（党组）落实全面从严治党主体责任规定》、《中共中央关于加强对“一把手”和领导班子监督的意见》和省委实施意见，按照深化全面从严治党“四责协同”机制、落实“五张责任清单”要求，认真履行“一岗双责”，部署、检查、督促落实分管领域全面从严治党工作及责任落实工作，重点抓好对分管领域党员干部，特别是招商和项目推进科“一把手”及其成员的严格教育管理监督，抓好分管领域等职责范围内党风廉政建设和反腐败工作。', NULL, 21),
	(151, '认真贯彻落实省市县委和区（镇）党委决策部署，协同开展产业转型提升行动、招大引强提升行动，扎实开展项目攻坚年活动。', NULL, 21),
	(152, '严格执行上级和本级有关招商和项目推进、营商环境建设、山海协作等工作涉及政策、制度、规定，完善优化相关制度规则，规范权力运行，强化廉政风险防控。', NULL, 21),
	(153, '加强对分管部门（口子）党员干部的日常教育管理监督，运用好“四种形态”特别是第一种形态，让“红红脸、出出汗”成为常态。', NULL, 21),
	(154, '推动严格执行中央八项规定及其实施细则精神，持之以恒反“四风”，持续整治享乐主义、奢靡之风，力戒形式主义、官僚主义。', NULL, 21),
	(155, '严格廉洁自律，模范遵守执行全面从严治党各项规定，严格落实中央八项规定及其实施细则精神，坚决抵制其他党员干部及其家属亲友违规干预干部选拔任用、工程建设、执法司法等行为。带头做到廉洁从政、廉洁用权、廉洁修身、廉洁齐家，带头落实构建亲清政商关系要求，管住管好自己的家属亲友和身边工作人员，始终保持清正廉洁政治本色。', NULL, 21),
	(156, '加强党的政治建设，增强“四个意识”，坚定“四个自信”，做到“两个维护”，切实提高政治判断力、政治领悟力、政治执行力，坚决贯彻落实习近平总书记重要讲话和重要指示批示精神，坚决贯彻落实党中央决策部署，坚持全面从严治党战略方针，始终保持自我革命定力，推动更好发挥全面从严治党引领保障作用。认真贯彻执行民主集中制，严格执行班子集体决策制度，加强班子成员之间相互监督，讨论决策问题充分发表意见，有效发挥监督作用。严格遵守政治纪律和政治规矩，主动向上级请示报告工作。', NULL, 22),
	(157, '认真执行《党委（党组）落实全面从严治党主体责任规定》、《中共中央关于加强对“一把手”和领导班子监督的意见》和省委实施意见，按照深化全面从严治党“四责协同”机制、落实“五张责任清单”要求，认真履行“一岗双责”，部署、检查、督促落实分管领域全面从严治党工作及责任落实工作，重点抓好对分管领域党员干部，特别是农业农村办“一把手”及其成员的严格教育管理监督，抓好分管领域等职责范围内党风廉政建设和反腐败工作。', NULL, 22),
	(158, '认真贯彻落实省市县委和区（镇）党委决策部署，协同开展城乡建设提升行动、招大引强提升行动和民生保障提升行动，扎实开展项目攻坚年活动，切实抓好乡村振兴工作，推动农村环境全域美丽工作，落实耕地“非粮化”整治。', NULL, 22),
	(159, '严格执行上级和本级有关农业项目招商和项目推进、营商环境建设工作涉及政策、制度、规定，认真抓好农业项目、资金监管，规范权力运行，强化廉政风险防控。严格执行落实有关禁止领导干部违反规定插手工程建设、公共资源交易、资产处置等制度规定。', NULL, 22),
	(160, '协助抓好国有资产管理运营及处置方面监督。督促进一步抓好对村级“三资”监管。', NULL, 22),
	(161, '加强对分管部门（口子）党员干部的日常教育管理监督，运用好“四种形态”特别是第一种形态，让“红红脸、出出汗”成为常态。', NULL, 22),
	(162, '推动严格执行中央八项规定及其实施细则精神，持之以恒反“四风”，持续整治享乐主义、奢靡之风，力戒形式主义、官僚主义。', NULL, 22),
	(163, '严格廉洁自律，模范遵守执行全面从严治党各项规定，严格落实中央八项规定及其实施细则精神，坚决抵制其他党员干部及其家属亲友违规干预干部选拔任用、工程建设、执法司法等行为。带头做到廉洁从政、廉洁用权、廉洁修身、廉洁齐家，带头落实构建亲清政商关系要求，管住管好自己的家属亲友和身边工作人员，始终保持清正廉洁政治本色。', NULL, 22);
ALTER TABLE `fr_meeting_topic_task` ENABLE KEYS;

ALTER TABLE `fr_ordinal_form` DISABLE KEYS;
INSERT INTO `fr_ordinal_form` (`id`, `code`, `content1`, `content2`, `content3`, `content4`, `content5`, `content6`, `content7`, `content8`, `content9`, `create_time`, `form_type`, `integer1`, `long_content1`, `long_content2`, `time1`, `time2`, `time3`, `update_time`, `dest_user_id`, `single_user1_id`, `single_user2_id`) VALUES
	(1, NULL, '农民建房领域', '村建办、相关行政村', '农村危房解危监督检查', NULL, NULL, NULL, NULL, NULL, NULL, '2022-06-28 15:53:48.085664', 'INSPECT', NULL, '4月19日至20日，带领村建办主任金文彬、副主任盛秀锋及2名工作人员，采取实地踏勘、检查台账等方式，对鉴定为C、D级危房的农房及解危情况进行检查。共计检查农房35幢。', '1、部分村存在危房排查、鉴定不全面、村里对危房底子不清的问题（整改措施：由村建办协同各相关村进一步抓好排查等工作，摸清底子，确保9月底前整改处置到位）；\n2、部分村已解危的D级危房场地硬化等设施配套没跟上（整改措施：由村建办协同属地村及时跟进配套硬化建设，确保6月底前整改到位）\n', '2022-04-19 00:00:00.000000', NULL, NULL, '2022-06-28 15:53:48.085664', 17, 1, NULL),
	(2, NULL, '《百步镇渔民公寓房安置实施意见》（上会稿）', '镇长办公会议商议提交', NULL, '口头表决', '同意按讨论确定的修改方案、意见等执行', '与会班子成员均充分发表了意见，“一把手”严格落实了末位表态规定，讨论意见总体较为一致，相关合理的修改建议纳入该意见正式文本。', NULL, NULL, NULL, '2022-06-29 13:20:52.067978', 'THREE', 2, '拟提交确定百步镇渔民公寓房安置涉及的对象、房屋补偿、公寓房安置标准及价格、货币安置、渔船处置、奖励标准、工作流程等内容（具体见《实施意见》上会稿）', '沈鹏介绍了《百步镇渔民公寓房安置实施意见》（上会稿）形成的前期调研情况、条线研讨情况、镇长办公会议的商议修改情况，具体介绍涉及上会稿中对渔民公寓房安置的补偿对象、房屋补偿、公寓房安置标准及价格、货币安置、渔船处置、奖励标准、工作流程等内容。班子成员逐一发表意见，总体同意该安置意见。同时，也分别提出了修改完善意见。其中：蒋爱君认为1人户安置面积定为50平偏高，与面上原有政策有突破；蔡耀明、董佳浩、沈伟华建议货币补偿可参照征搬迁政策，应在现有基础上有提高至6300元一平；朱世鹏建议对“渔船处置”中的“有证”作出进一步明确；沈潇雅建议该政策要与目前的征搬迁政策保持一致；叶吴良认为货币安置6300一平价格过高，也容易导致后续隐患问题，建议调将至3500元一平为宜。其他班子成员表示总体同意该意见。赵小龙最后表态，认为该政策出台已几易其稿，原则同意以人口计算基准面积，单人户建议仍维持在40平，货币安置价格3500一平为宜，不能过高。政策定下来后加快跟进处置，彻底解决好这一民生问题。19名与会班子成员均发表了意见。', '2022-06-05 00:00:00.000000', NULL, NULL, '2022-06-29 13:20:52.067978', 21, NULL, NULL),
	(3, NULL, '领导干部', '涉及本人重大事项/家庭大额投资、消费支出等情况，包括购置房产、替他人担保以及在国（境）外存款投资等情况', '不公开', NULL, NULL, NULL, NULL, NULL, NULL, '2022-06-29 13:22:46.368255', 'PERSONAL', NULL, '2022年4月16日，本人/配偶（许慧霞）购买纯电动小型轿车1辆（小鹏7，车价282800元），资金来源为家庭积蓄，用途：家用。2022年4月20日，该车登记上牌，机动车所有人：许慧霞，车牌号浙FDH0386', NULL, '2022-04-24 13:22:30.569000', NULL, NULL, '2022-06-29 13:22:46.368255', 3, NULL, NULL),
	(4, NULL, '2022-04', '暂无', '学习市纪委关于8起违反中央八项规定精神问题通报', '领学', NULL, NULL, NULL, NULL, NULL, '2022-07-11 10:12:46.556740', 'LEARNING', NULL, '学习省纪委关于10起违反中央八项规定精神问题的通报', NULL, NULL, NULL, NULL, '2022-07-11 10:12:46.556740', 7, NULL, NULL),
	(5, NULL, '2022-05', '暂无', '学习市纪委关于8起违反中央八项规定精神问题通报', '领学', NULL, NULL, NULL, NULL, NULL, '2022-07-11 10:16:21.413356', 'LEARNING', NULL, '学习市纪委关于8起违反中央八项规定精神问题通报', NULL, NULL, NULL, NULL, '2022-07-11 10:16:21.413356', 7, NULL, NULL),
	(6, NULL, '2022-06', '暂无', '《求是》杂志发表习近平总书记重要文章《正确认识和把握我国发展重大理论和实践问题》', '领学', NULL, NULL, NULL, NULL, NULL, '2022-07-11 10:17:58.098000', 'LEARNING', NULL, '《求是》杂志发表习近平总书记重要文章《正确认识和把握我国发展重大理论和实践问题》', NULL, NULL, NULL, NULL, '2022-07-11 10:17:58.098000', 9, NULL, NULL),
	(7, NULL, '提醒谈话', '纪委办公室', NULL, NULL, NULL, NULL, NULL, NULL, NULL, '2022-07-11 10:26:17.912568', 'DISPOSAL', NULL, '1、针对常青家庭农场长期欠缴横港村土地流转租金、导致村集体流失风险等问题，对该同志作为农村农村办主任、原农经办主任履行业务指导、监督管理责任不到位的地方，进行批评教育。\n2、要求该同志牵头履行好主管部门责任，指导、监督横港村做好该农场历年欠缴流转土地租金及水费工作，有效挽回经济损失和不良影响，指导、督促横港村做好农场2022年度实际承租流转土地面积的核定工作，指导横港村做好重新订立或变更流转土地合同、合同登记、风险保证金缴纳及规范“再流转”等工作。\n3、要求牵头抓好举一反三，对包括横港村在内的各行政村流转土地实际租赁现状、合同履约、历年租金和水费缴纳、合同订立变更、保证金缴纳等情况开展一次全面的起底梳理、核查，指导、督促面上纠正土地领域的各类突出问题，防范此类问题再次发生。\n', NULL, '2022-05-25 00:00:00.000000', '2022-05-25 00:00:00.000000', NULL, '2022-07-11 10:26:17.912568', 21, 21, 155),
	(8, NULL, '提醒谈话', '纪委办公室', NULL, NULL, NULL, NULL, NULL, NULL, NULL, '2022-07-11 10:28:08.664788', 'DISPOSAL', NULL, '1、针对常青家庭农场长期欠缴横港村土地流转租金、导致村集体流失风险等问题，对该同志作为原农业农村办分管土地流转等工作的副主任履行业务指导、监督管理责任不到位的地方，进行批评教育。\n2、要求该同志协助现农业农村办负责人，指导、监督横港村做好该农场历年欠缴流转土地租金及水费工作，有效挽回经济损失和不良影响，指导、督促横港村做好农场2022年度实际承租流转土地面积的核定工作，指导横港村做好重新订立或变更流转土地合同、合同登记、风险保证金缴纳及规范“再流转”等工作。\n3、要求协助农业农村办负责人抓好举一反三，对包括横港村在内的各行政村流转土地实际租赁现状、合同履约、历年租金和水费缴纳、合同订立变更、保证金缴纳等情况开展一次全面的起底梳理、核查，指导、督促面上纠正土地领域的各类突出问题，防范此类问题再次发生。\n', NULL, '2022-05-25 00:00:00.000000', '2022-05-25 00:00:00.000000', NULL, '2022-07-11 10:28:08.664788', 21, 21, 157),
	(9, NULL, '提醒谈话', '纪委办公室', NULL, NULL, NULL, NULL, NULL, NULL, NULL, '2022-07-11 10:29:32.452779', 'DISPOSAL', NULL, '1、针对常青家庭农场长期欠缴横港村土地流转租金、导致村集体流失风险等问题，对该同志作为原农经办主任履行业务指导、监督管理责任不到位的地方，进行批评教育。\n2、要求该同志协助现农业农村办负责人，指导、监督横港村做好该农场历年欠缴流转土地租金及水费工作，有效挽回经济损失和不良影响，指导、督促横港村做好农场2022年度实际承租流转土地面积的核定工作，指导横港村做好重新订立或变更流转土地合同、合同登记、风险保证金缴纳及规范“再流转”等工作。\n', NULL, '2022-05-25 00:00:00.000000', '2022-05-25 00:00:00.000000', NULL, '2022-07-11 10:29:32.452779', 21, 21, 161),
	(10, NULL, '提醒谈话', '镇纪委办公室', NULL, NULL, NULL, NULL, NULL, NULL, NULL, '2022-07-11 10:31:55.287646', 'DISPOSAL', NULL, '1、牢记教训，要时刻注重自我管理，确保自己在“八小时外”守规矩，遵法律。\n2、自觉抵制诱惑，严格要求自己。不接受服务管理对象请吃，不接受礼品礼金。\n3、积极净化朋友圈，要加强自身修养，强化自律意识，注重自我管理。\n', NULL, '2022-01-11 00:00:00.000000', '2022-01-11 00:00:00.000000', NULL, '2022-07-11 10:31:55.287646', 17, 17, 123);
ALTER TABLE `fr_ordinal_form` ENABLE KEYS;

ALTER TABLE `fr_ordinal_form_multi_department1` DISABLE KEYS;
ALTER TABLE `fr_ordinal_form_multi_department1` ENABLE KEYS;

ALTER TABLE `fr_ordinal_form_multi_user1` DISABLE KEYS;
INSERT INTO `fr_ordinal_form_multi_user1` (`ordinal_form_id`, `multi_user1_id`) VALUES
	(4, 3),
	(4, 4),
	(4, 5),
	(4, 6),
	(4, 7),
	(4, 8),
	(4, 9),
	(4, 10),
	(4, 11),
	(4, 12),
	(4, 13),
	(4, 14),
	(4, 15),
	(4, 16),
	(4, 17),
	(4, 18),
	(4, 19),
	(4, 20),
	(4, 21),
	(4, 22),
	(4, 23),
	(4, 24),
	(4, 25),
	(4, 26),
	(4, 27),
	(5, 3),
	(5, 4),
	(5, 5),
	(5, 6),
	(5, 7),
	(5, 8),
	(5, 9),
	(5, 10),
	(5, 11),
	(5, 12),
	(5, 13),
	(5, 14),
	(5, 15),
	(5, 16),
	(5, 17),
	(5, 18),
	(5, 19),
	(5, 20),
	(5, 21),
	(5, 22),
	(5, 23),
	(5, 24),
	(5, 25),
	(5, 26),
	(5, 27),
	(6, 3),
	(6, 4),
	(6, 5),
	(6, 6),
	(6, 7),
	(6, 8),
	(6, 9),
	(6, 10),
	(6, 11),
	(6, 12),
	(6, 13),
	(6, 14),
	(6, 15),
	(6, 16),
	(6, 17),
	(6, 18),
	(6, 19),
	(6, 20),
	(6, 21),
	(6, 22);
ALTER TABLE `fr_ordinal_form_multi_user1` ENABLE KEYS;

ALTER TABLE `fr_progress` DISABLE KEYS;
INSERT INTO `fr_progress` (`id`, `content`, `percentage`, `reason`, `status`, `update_time`) VALUES
	(1, NULL, 0, NULL, 'NONE_REVIEW', '2022-06-16 14:01:07.492768'),
	(2, NULL, 0, NULL, 'NONE_REVIEW', '2022-06-16 14:03:04.440124'),
	(3, NULL, 0, NULL, 'NONE_REVIEW', '2022-06-16 14:03:52.819136'),
	(4, NULL, 0, NULL, 'NONE_REVIEW', '2022-06-16 14:04:27.382124'),
	(5, NULL, 0, NULL, 'NONE_REVIEW', '2022-06-16 14:05:02.347901'),
	(6, NULL, 0, NULL, 'NONE_REVIEW', '2022-06-16 14:05:31.826501'),
	(7, NULL, 0, NULL, 'NONE_REVIEW', '2022-06-16 14:06:04.596347'),
	(8, NULL, 0, NULL, 'NONE_REVIEW', '2022-06-16 15:09:03.236420'),
	(9, NULL, 0, NULL, 'NONE_REVIEW', '2022-06-16 15:10:15.390824'),
	(10, NULL, 0, NULL, 'NONE_REVIEW', '2022-07-05 16:52:18.111250'),
	(11, NULL, 0, NULL, 'NONE_REVIEW', '2022-07-05 16:52:18.113956'),
	(12, NULL, 0, NULL, 'NONE_REVIEW', '2022-07-05 16:52:18.114843'),
	(13, NULL, 0, NULL, 'NONE_REVIEW', '2022-07-05 16:52:18.115846'),
	(14, NULL, 0, NULL, 'NONE_REVIEW', '2022-07-05 16:54:38.120840'),
	(15, NULL, 0, NULL, 'NONE_REVIEW', '2022-07-05 16:54:38.121840'),
	(16, NULL, 0, NULL, 'NONE_REVIEW', '2022-07-05 16:54:38.122840');
ALTER TABLE `fr_progress` ENABLE KEYS;

ALTER TABLE `user` DISABLE KEYS;
INSERT INTO `user` (`id`, `name`, `privilege`, `station`, `user_order`, `department_id`, `parent_id`) VALUES
	(1, '党委', 'DEPT', '党委', NULL, 1, NULL),
	(2, '赵小龙', 'FIRST', '党委书记、管委会主任', NULL, 2, NULL),
	(3, '吴胜杰', 'DOUBLE', '党委副书记、镇长、管委会副主任', NULL, 3, NULL),
	(4, '蔡耀明', 'DOUBLE', '人大主席', NULL, 3, NULL),
	(5, '王哲', 'DOUBLE', '党委副书记 (党群)', NULL, 3, NULL),
	(6, '姜利明', 'DOUBLE', '党委副书记 (政法)', NULL, 3, NULL),
	(7, '李勤根', 'DOUBLE', '党委委员、纪委书记', NULL, 3, NULL),
	(8, '沈潇雅', 'DOUBLE', '党委委员 (组织)', NULL, 3, NULL),
	(9, '范郭真', 'DOUBLE', '党委委员 (宣传)', NULL, 3, NULL),
	(10, '吴肖峰', 'DOUBLE', '党委委员 (统战)', NULL, 3, NULL),
	(11, '朱世鹏', 'DOUBLE', '党委委员 (政法)', NULL, 3, NULL),
	(12, '董佳浩', 'DOUBLE', '党委委员、人武部部长', NULL, 3, NULL),
	(13, '张陆军', 'DOUBLE', '党委委员、派出所所长', NULL, 3, NULL),
	(14, '李均敬', 'DOUBLE', '人大副主席', NULL, 3, NULL),
	(15, '潘其华', 'DOUBLE', '副镇长 (工业)', NULL, 3, NULL),
	(16, '王玲敏', 'DOUBLE', '副镇长 (社会事业)', NULL, 3, NULL),
	(17, '沈伟华', 'DOUBLE', '副镇长 (城建交通)', NULL, 3, NULL),
	(18, '姚晨雪', 'DOUBLE', '副镇长 (人才、招商)', NULL, 3, NULL),
	(19, '叶吴良', 'DOUBLE', '副镇长 (征迁)', NULL, 3, NULL),
	(20, '叶锋', 'DOUBLE', '管委会副主任 (招商)', NULL, 3, NULL),
	(21, '沈鹏', 'DOUBLE', '管委会副主任 (农业)', NULL, 3, NULL),
	(22, '蒋爱君', 'DOUBLE', '副镇长级干部 (蒋爱君)', NULL, 3, NULL),
	(23, '赵生良', 'DOUBLE', '副镇长级干部 (赵生良)', NULL, 3, NULL),
	(24, '张明', 'DOUBLE', '副镇长级干部 (张明)', NULL, 3, NULL),
	(25, '张陆君', 'DOUBLE', '副镇长级干部 (张陆君)', NULL, 3, NULL),
	(26, '刘爱群', 'DOUBLE', '副镇长级干部 (刘爱群)', NULL, 3, NULL),
	(27, '唐惠平', 'DOUBLE', '副镇长级干部 (唐惠平)', NULL, 3, NULL),
	(28, '纪委监察办', 'DEPT_J', '纪委', NULL, 4, NULL),
	(29, '组织部门', 'DEPT_Z', '组织', NULL, 5, NULL),
	(30, '任凯波', 'FIRST', '党政综合办公室主任、纪委委员（全面统筹）', NULL, 6, NULL),
	(31, '江琳', 'DOUBLE', '党政综合办公室副主任、人大办公室副主任（两办信息、人大工作、政府出纳、信息公开）', NULL, 6, NULL),
	(32, '蔡琦亮', NULL, '党政综合办公室工作人员（文书）', NULL, 6, NULL),
	(33, '顾嘉骏', NULL, '人武干事', NULL, 6, NULL),
	(34, '王怡雯', NULL, '党政综合办公室工作人员、百联村书记助理、团委副书记', NULL, 6, NULL),
	(35, '朱佳琪', NULL, '党政综合办公室工作人员、镇长秘书，（OA收发、数字化改革（党政智治）、保密工作）', NULL, 6, NULL),
	(36, '俞金良', NULL, '党政综合办公室工作人员（司机、文书）', NULL, 6, NULL),
	(37, '宋婷', NULL, '党政综合办公室工作人员（档案）', NULL, 6, NULL),
	(38, '马徐杰', NULL, '信息攥写、防疫物资', NULL, 6, NULL),
	(39, '王皓', NULL, '党政综合办公室工作人员（档案、文印）', NULL, 6, NULL),
	(40, '金梦靖', 'FIRST', '党建工作办公室主任、团委书记、妇联副主席（全面统筹。主要负责信息、考核等）', NULL, 7, NULL),
	(41, '秦银平', NULL, '纪委副书记（正股级）（纪委工作）', NULL, 7, NULL),
	(42, '沈晓明', NULL, '党建工作办公室工作人员（一支队伍管执法）', NULL, 7, NULL),
	(44, '高沁', NULL, '党建工作办公室工作人员（人事、档案）', NULL, 7, NULL),
	(45, '庄建康', NULL, '党建工作办公室工作人员（一支队伍管执法）', NULL, 7, NULL),
	(46, '刘晓冬', NULL, '工业社区党支部副书记（协助党员发展等组织事务；工业社区事务）', NULL, 7, NULL),
	(48, '富高君', 'FIRST', '社会治理办公室副主任（保留正股长级）（主持全面工作（信访维稳、禁毒、反邪教））', NULL, 8, NULL),
	(49, '徐皓', 'DOUBLE', '司法所所长（司法行政）', NULL, 8, NULL),
	(50, '潘如锦', 'DOUBLE', '综治、平安、四个平台、微嘉园', NULL, 8, NULL),
	(51, '殷其良', NULL, '社会治理办公室工作人员（人民调解）', NULL, 8, NULL),
	(52, '王建文', NULL, '社会治理办公室工作人员（人民调解）', NULL, 8, NULL),
	(53, '沈金良', NULL, '社会治理办公室工作人员（中心报账、禁毒、信访）', NULL, 8, NULL),
	(54, '盛玲丽', NULL, '社会治理办公室工作人员。综治日常内勤工作（反恐、信访、考核、报表）', NULL, 8, NULL),
	(55, '蒋勇杰', NULL, '社会治理办公室工作人员（社区矫正、安置帮教）', NULL, 8, NULL),
	(56, '吴浩加', NULL, '社会治理办公室工作人员（禁毒）', NULL, 8, NULL),
	(57, '张漂洁', NULL, '社会治理办公室工作人员（信访、12349、禁毒）', NULL, 8, NULL),
	(58, '沈怡', NULL, '社会治理办公室工作人员（禁毒、调解）', NULL, 8, NULL),
	(59, '黄亦潇', NULL, '信访接待', NULL, 8, NULL),
	(60, '钟舒亭', NULL, '反诈宣讲员', NULL, 8, NULL),
	(61, '蒋陈燕', NULL, '司法行政内勤（人民调解、台账）', NULL, 8, NULL),
	(62, '徐晨阳', NULL, '社会治理办公室工作人员（综合指挥室、四个平台、微嘉园、驾证式系统）', NULL, 8, NULL),
	(63, '王华烽', NULL, '百步集镇片区专职网格员', NULL, 8, NULL),
	(64, '李新', NULL, '百步集镇片区专职网格员', NULL, 8, NULL),
	(65, '盛怡豪', NULL, '百步集镇片区专职网格员', NULL, 8, NULL),
	(66, '陈飞', NULL, '百步集镇片区专职网格员', NULL, 8, NULL),
	(67, '沈钱明', NULL, '横港集镇专职网格员', NULL, 8, NULL),
	(68, '孙晨辉', NULL, '横港第三网格专职网格员', NULL, 8, NULL),
	(69, '张佳伟', NULL, '五丰第六网格专职网格员', NULL, 8, NULL),
	(70, '柯江', NULL, '农丰第二网格专职网格员', NULL, 8, NULL),
	(71, '吴拂晓', NULL, '新升第一网格专职网格员', NULL, 8, NULL),
	(72, '陈国卫', NULL, '矛调中心', NULL, 8, NULL),
	(73, '缪法明', NULL, '人民调解', NULL, 8, NULL),
	(74, '李伟明', NULL, '人民调解', NULL, 8, NULL),
	(75, '沈晓坚', 'FIRST', '经济发展办公室主任（负责经发办全面工作）', NULL, 9, NULL),
	(76, '干高霞', 'DOUBLE', '综合服务中心副主任（科技、三产、经信、商务，企业联审；达产履约）', NULL, 9, NULL),
	(77, '吴辰凯', 'DOUBLE', '综合服务中心副主任（劳动、安全、项目推进、园区管理、发改（能耗）双控，负责对接发改局应急局人社局卫计局条线科室、事故处理、重点时段专项整治、星创湾、入区入园、项目推进等）', NULL, 9, NULL),
	(78, '姚春燕', 'DOUBLE', '综合服务中心副主任（统计、创建，全面负责统计各条线工作，做好部门对接和统筹安排；做好统计数据分析、调研；各项创建、验收工作、统计普查工作等）', NULL, 9, NULL),
	(79, '储美芬', NULL, '经济发展办公室工作人员（办公室事务、报账）', NULL, 9, NULL),
	(80, '沈凯悦', NULL, '经济发展办公室工作人员（项目备案、外贸、旅游、低散乱污、腾退、收储（对接经信局行政许可科、产业转型升级科；商务局外经外贸科））', NULL, 9, NULL),
	(81, '钱梦婷', NULL, '经济发展办公室工作人员（固定资产投资统计工作、劳动工资统计工作、科技统计工作、统计“双强”行动(星级创建工作)、统计服务与政务信息工作、统计法制工作）', NULL, 9, NULL),
	(82, '胡晨迪', NULL, '经济发展办公室工作人员（信息宣传、培大育强、营商环境、股改上市（对接经信局企业培育科、企业服务中心；财政局经融办））', NULL, 9, NULL),
	(83, '陆韵涛', NULL, '经济发展办公室工作人员（亩均绩效、数字化、两高一低、技改投资（对接经信局产业转型科、数字经济发展科）', NULL, 9, NULL),
	(84, '陆军', NULL, '经济发展办公室工作人员（兼工业镇长助理、技能培训、协助发改（能耗）双控、电力化改革、项目推进）', NULL, 9, NULL),
	(85, '朱勤燕', NULL, '经济发展办公室工作人员（科技创新、服务业发展、投资（对接科技局；商务局服务业发展中心））', NULL, 9, NULL),
	(86, '张建松', NULL, '经济发展办公室工作人员（支部工作、协助重点工作及商会工作）', NULL, 9, NULL),
	(87, '姚佳飞', NULL, '劳动纠纷、职业卫生、日常监督、星创湾现场（对接人社局、卫计局）', NULL, 9, NULL),
	(88, '陈涛', NULL, '安全生产、小微园区监管、日常监督、特种设备、污水零直排（对接应急局、墙改办、市场监管）', NULL, 9, NULL),
	(89, '秦倩芸', NULL, '税务协理、科协、电子商务、小微园系统建设（对接国税于城分局；科协；商务局商贸电商科；经信局园区科）', NULL, 9, NULL),
	(90, '王瑜', NULL, '规上工业统计工作、能源和水消费统计工作、工业经济效益、景气调查统计工作', NULL, 9, NULL),
	(91, '王月婷', NULL, '就业条线、安全资料、安全培训、工程资料', NULL, 9, NULL),
	(92, '蔡芸', NULL, '农业统计工作、城乡一体化住户调查工作、粮食生产统计监测调查工作、畜禽监测。', NULL, 9, NULL),
	(93, '吴珊', NULL, '规模以下工业抽样调查统计工作、服务业统计工作（贸易统计）、名录库工作、旅游业统计、其他临时性或一次性调查工作', NULL, 9, NULL),
	(94, '朱军军', NULL, '信息员，镇相关工作对接处理，上级交办问题处理，日常巡查检查，管家工作管理。', NULL, 9, NULL),
	(95, '陈龙', NULL, '特色小镇统计（年度考核）工作、开发区统计（年度考核）工作、链长制、小城市试点考核、嘉兴市重大产业平台', NULL, 9, NULL),
	(96, '吴霞菁', NULL, '商会、园区党建', NULL, 9, NULL),
	(97, '吴能娟', NULL, '星创湾资料、入园入区资料、疫情防控、发改（能耗）双控报表', NULL, 9, NULL),
	(98, '陆加海', 'FIRST', '社会事务服务管理办公室主任，全面统筹负责教育工作、食品药品安全工作，统筹民政、残联、退役军人、三社、卫健、疫情防控等各项工作', NULL, 10, NULL),
	(99, '王永明', 'DOUBLE', '社会事务服务管理办公室副主任，牵头负责民政、残联工作', NULL, 10, NULL),
	(100, '王超鑫', NULL, '负责民政工作', NULL, 10, NULL),
	(101, '金顺祥', 'DOUBLE', '社会治理办公室副主任、行政执法办公室副主任、教导员。牵头负责退役军人、三社工作，协助食品药品安全工作', NULL, 10, NULL),
	(102, '沈红维', NULL, '社会组织党支部书记、社区党支部委员，负责慈善工作、协助三社工作', NULL, 10, NULL),
	(103, '印佳', NULL, '负责退役军人工作', NULL, 10, NULL),
	(104, '冯瀛', 'DOUBLE', '妇联主席、社会事务服务管理办公室副主任、政务服务办公室副主任，负责便民服务中心', NULL, 10, NULL),
	(105, '姜燕', NULL, '居民医保', NULL, 10, NULL),
	(106, '吴凯丽', NULL, '城乡居民基本养老保险、居民医保', NULL, 10, NULL),
	(107, '盛卫丰', NULL, '负责残联工作', NULL, 10, NULL),
	(108, '陈维', NULL, '职工医保', NULL, 10, NULL),
	(109, '吴凌霞', NULL, '就业，创业，失业窗口，职工医保', NULL, 10, NULL),
	(110, '何琦', 'DOUBLE', '综合服务中心党支部副书记，牵头负责疫情防控、爱国卫生、计生工作。', NULL, 10, NULL),
	(111, '吴静怡', NULL, '负责计生统计、药具、档案、流动人口计生工作', NULL, 10, NULL),
	(112, '许柳婷', NULL, '负责计生协活动、服务、计生政策、党支部联络员', NULL, 10, NULL),
	(113, '朱洛慧', NULL, '疫情防控', NULL, 10, NULL),
	(114, '姚玲丹', NULL, '负责爱国卫生、红十字会、报账', NULL, 10, NULL),
	(115, '李董燕', NULL, '负责信息工作、协助食药安全工作', NULL, 10, NULL),
	(116, '金文彬', 'FIRST', '村镇建设管理办公室主任，统管村建办工作、配合城建镇长做好相关工作、统筹协调安排相关工作', NULL, 11, NULL),
	(117, '盛秀锋', 'DOUBLE', '综合服务中心副主任、负责巡查、创建等。交通大会战、文明创建、美丽城镇、农村公路管理站、安全生产等镇级工作、日常巡查相关事宜、政府投资项目统计事宜、农村生活污水', NULL, 11, NULL),
	(118, '沈伟佳', 'DOUBLE', '招商和项目推进科副科长，负责项目前期。政府投资项目前期办证、后期竣工事宜、国土空间利用（规划）、农民建房规划', NULL, 11, NULL),
	(119, '庄雪明', NULL, '村镇建设管理办公室工作人员', NULL, 11, NULL),
	(120, '朱健康', NULL, '招投标、农民建房。镇招投标中心工作、农民建房（具体工作）、美丽城镇相关工作（具体工作）', NULL, 11, NULL),
	(121, '蒉张斌', NULL, '政府投资项目全过程管理、交通大会战相关工作（具体工作）、农村公路管理站台账', NULL, 11, NULL),
	(122, '徐姚明', NULL, '镇级小型项目现场管理、线性工程（G528等）对下工作', NULL, 7, NULL),
	(123, '张春伟', NULL, '村镇建设管理办公室工作人员', NULL, 11, NULL),
	(124, '夏晶', NULL, '交通建管', NULL, 11, NULL),
	(125, '郑欢', NULL, '财务、统计、投资入库、档案', NULL, 11, NULL),
	(126, '许李金', NULL, '镇级小型项目现场管理；日常巡查相关工作（上级督察、专项检查等）', NULL, 11, NULL),
	(127, '沈超', NULL, '政府投资项目现场管理；日常巡查相关工作（上级督察、专项检查等）', NULL, 11, NULL),
	(128, '庄宇峰', NULL, '交通管理', NULL, 11, NULL),
	(129, '叶士斌', NULL, '交通管理', NULL, 11, NULL),
	(130, '丁悦', NULL, '政府投资项目现场管理；文明创建相关工作（具体工作）', NULL, 11, NULL),
	(131, '袁洁', NULL, '在建档案管理（三楼档案室），包括行成电子档；配合经办人办理前期、归档工作；政府投资领导小组会议资料整理', NULL, 11, NULL),
	(132, '钱海青', NULL, '道路、农房、码头、燃气等日常巡查；建筑工地文明施工、防疫工作等巡查；其他镇级工作巡查；', NULL, 11, NULL),
	(133, '李昕', NULL, '交通大会战台账整理；农村公路管理台账整理；镇级小型项目现场管理；', NULL, 11, NULL),
	(134, '冯沈燕', 'FIRST', '办公室统筹', NULL, 11, NULL),
	(135, '蒋昊', NULL, '征搬迁工作', NULL, 11, NULL),
	(136, '薛斌', NULL, '征搬迁工作', NULL, 11, NULL),
	(137, '朱豪杰', NULL, '征搬迁工作', NULL, 11, NULL),
	(138, '张晓琴', NULL, '档案、内勤', NULL, 11, NULL),
	(139, '李德明', 'DOUBLE', '村镇建设管理办公室党支部书记，征搬迁工作、侧重负责征迁', NULL, 11, NULL),
	(140, '张仕明', NULL, '征搬迁工作', NULL, 11, NULL),
	(141, '李志远', NULL, '档案、内勤', NULL, 11, NULL),
	(142, '钱雪峰', NULL, '征搬迁工作', NULL, 11, NULL),
	(143, '陈仁群', 'FIRST', '财政办公室主任、综合服务中心党支部书记，统筹协调财政办日常工作；财政复核；合同审核；财务审批', NULL, 12, NULL),
	(144, '吴玉明', NULL, '协助财政办主任开展工作；融资；会计（总工会、机关工会）', NULL, 12, NULL),
	(145, '沈燕君', 'DOUBLE', '综合服务中心副主任、事业会计，会计（站办、保留账户、党群服务中心、政府本级、党政办、党建办）；站办账户（出纳蔡海萍）复核；票据管理；', NULL, 12, NULL),
	(146, '金徐萍', NULL, '站办专项资金出纳；会计（慈善、水利建设、农合联、镇食堂）； 党费户、党群服务中心、农合联、慈善、保留账户（出纳蔡海萍）复核', NULL, 12, NULL),
	(147, '蔡海萍', NULL, '出纳（财政办、镇食堂、站办、党费户、党群服务中心、农合联、党政、党建、慈善、保留账户、三泽物业）', NULL, 12, NULL),
	(148, '郑洁', NULL, '10家公司出纳（开发区投资公司、城建公司、百尚公司、百新公司、基础、富村、尚成公司）', NULL, 11, NULL),
	(149, '邓燕君', NULL, '国有公司财务印鉴章管理；9家国有公司会计（开发区投资、尚成、三泽物业、百尚开发、百新公司）；债务申报、债务表、快报、凭证装订整理、工程款台账', NULL, 10, NULL),
	(150, '顾丽燕', NULL, '总会计账、预决算编制、政府采购、报表上报（财政支出、三公经费等月报）；党政办、党建办账户（出纳蔡海萍）复核；工资奖金核算；', NULL, 12, NULL),
	(151, '徐建平', 'DOUBLE', '负责国有资产日常管理工作；各国有公司公章管理', NULL, 12, NULL),
	(152, '张建龙', NULL, '协助管理国有资产的使用和经营工作', NULL, 12, NULL),
	(153, '徐娟', NULL, '10家公司付款复核工作；会计（城建公司、基础公司、富村公司、党费户）、社保办理、公积金业务；工商变更；固定资产管理平台（每月更新）；资产云系统（资产月报）、国有资产年报', NULL, 12, NULL),
	(155, '陆水良', 'FIRST', '农业农村办公室主任，统筹全面工作', NULL, 13, NULL),
	(156, '包海兴', 'DOUBLE', '综合服务中心副主任（分管农经），农合联、农民增收、农业投资、农经管理', NULL, 13, NULL),
	(157, '徐忠玲', NULL, '经作（蔬菜、蚕桑）、粮食生产功能（非粮化）、气象、农业招商引资、产业化项目管理', NULL, 13, NULL),
	(158, '王建明', 'DOUBLE', '综合服务中心副主任（分管农业），畜牧、水产与渔政、农村人居环境', NULL, 13, NULL),
	(160, '吴惠明', NULL, '农机监理', NULL, 13, NULL),
	(161, '张永明', NULL, '农机监理、农民培训等农培工作', NULL, 13, NULL),
	(162, '应小平', NULL, '栽培、土肥、植保、农业设施用地报批、农业保险', NULL, 13, NULL),
	(163, '曹国光', NULL, '畜牧、农村人居环境、防疫', NULL, 13, NULL),
	(164, '秦许康', NULL, '林业、水果、科教（含生态、能源、秸秆禁烧、清洁农场、项目申报等）', NULL, 13, NULL),
	(165, '姚明', 'DOUBLE', '水政监察和水资源管理、工程质监和安全、水利工程、防汛防台抗旱、灾情统计、考核数据及材料整理、档案、党务', NULL, 13, NULL),
	(166, '朱淑丽', NULL, '五个村会计、票据管理、农村财务审计、壮大村级集体经济', NULL, 13, NULL),
	(167, '王芸', NULL, '十个村出纳、一事一议、扶贫', NULL, 13, NULL),
	(168, '俞晨怡', NULL, '水利规划、水文、防汛防台抗旱、水利信息、防汛仓库管理、灾情统计、档案、报账', NULL, 13, NULL),
	(169, '俞雪峰', NULL, '水利规划、工程质监和安全、水利工程、防汛防台抗旱', NULL, 13, NULL),
	(170, '彭印洁', NULL, '五个村会计、村级产权交易、农村财务审计', NULL, 13, NULL),
	(171, '金菊娟', NULL, '种子、惠农补贴、信息、农产品质量安全及三品认证', NULL, 13, NULL),
	(172, '肖叶忠', 'FIRST', '招商和项目推进科科长，全面负责招商和项目推进科工作，分管招商引资工作，负责招商引资目标责任制考核指标落实。', NULL, 14, NULL),
	(173, '许伟兵', 'DOUBLE', '综合服务中心主任', NULL, 14, NULL),
	(174, '陈哲浩', 'DOUBLE', '招商和项目推进科副科长，负责驻沪、项目招引、项目推进等工作，协助长三角一体化目标责任制考核指标落实。', NULL, 14, NULL),
	(175, '曹忆湄', NULL, '负责文字材料的撰写，相关数据统计、分析、上报，上级各类统计信息的填报，以及目标责任制考核情况汇总、通报等工作，协助外语翻译工作。', NULL, 14, NULL),
	(176, '张伟忠', 'DOUBLE', '招商和项目推进服务中心副主任，全面负责项目推进、综合服务等工作，联系招商二组项目推进工作。', NULL, 14, NULL),
	(177, '李望龙', NULL, '负责项目招引、项目推进、人才、统战等工作，协助人才、科创工作目标责任制考核指标落实，协助信息宣传报道。', NULL, 14, NULL),
	(178, '徐元涛', NULL, '负责项目招引、项目推进等工作，协助内资招商目标责任制考核指标落实。', NULL, 14, NULL),
	(179, '阮鑫磊', NULL, '负责项目招引、项目推进等工作，协助项目推进节点化管理考核指标等工作。', NULL, 14, NULL),
	(180, '张晟涛', NULL, '负责二三产项目推进、协调等全流程服务，以及项目推进节点化管理考核指标等工作，联系招商三组项目推进工作。', NULL, 14, NULL),
	(181, '马镭耘', NULL, '负责项目招引、项目推进、服务业等工作，协助服务业工作目标责任制考核指标落实。', NULL, 14, NULL),
	(182, '吴丹青', NULL, '负责信息宣传报道、档案管理、财务报销、后勤保障、招商周报编辑等工作，协助文字材料撰写、数据统计和统战工作，联系招商一组项目推进工作。', NULL, 14, NULL),
	(183, '王瑞', NULL, '负责外资项目招引，外语翻译，外国协会、外资中介、外商人员的日常联系沟通、信息收集等工作，协助外资招商目标责任制考核指标落实。', NULL, 14, NULL),
	(184, '姚文浩', NULL, '驾驶员', NULL, 14, NULL),
	(185, '袁春峰', NULL, '驾驶员', NULL, 14, NULL),
	(186, '沈峰火', 'FIRST', '综合服务中心副主任、文化副站长（主持工作），主持镇文化分馆、文化站工作，负责日常事务；活动策划组织（含品牌节庆活动开展）；基础设施建设及重点工程推进；文化队伍建设；各类创建；指导、督促各村文化礼堂（新建、提升、创建评定、活动等）。', NULL, 15, NULL),
	(187, '叶慧娟', 'DOUBLE', '综合服务中心副主任，文化化产业；文化市场（含扫黄打非）；学习强国日常管理；中心工作联络；文化场所疫情防控；负责图书分馆、企业分馆、文创馆、横港印象馆、名师工作室等场馆活动开展、运作管理', NULL, 15, NULL),
	(188, '沈奕云', NULL, '沈奕云：指导镇级舞蹈节目编排；平台填报处理（各文化平台）；指导村创编节目、会务、演出服管理；协助活动策划组织及品牌节庆活动开展；文艺繁荣工程；协助文化礼堂工作；文保和非遗。', NULL, 15, NULL),
	(189, '李艳春', NULL, '账（宣文统旅）；材料撰写及课题研究；站内工作信息统筹、文学理论部工作；协助文明日常工作；意识形态（含网络舆情）。', NULL, 15, NULL),
	(190, '俞嘉雯', NULL, '文明日常工作；协助课题及材料撰写、站内信系、文学理论部工作；新闻信息宣传（含短视频、爱海盐发布、学习强国供稿）', NULL, 15, NULL),
	(191, '沈欢渊', NULL, '文明创建；体育（含老年体协）；摄影及视觉部工作；台账档案；四个平台处理；负责线上线下各阵地管理及外宣工作；后勤。', NULL, 15, NULL),
	(192, '徐林燕', NULL, '横港村宣传文化工作', NULL, 15, NULL),
	(193, '曹李洁', NULL, '逍恬村宣传文化工作，同时负责百步分馆表演艺术指导部相关工作', NULL, 15, NULL),
	(194, '徐珊妮', NULL, '农丰村宣传文化工作（含礼堂书屋）', NULL, 15, NULL),
	(195, '金银洁', NULL, '桃北村宣传文化工作', NULL, 15, NULL),
	(196, '闻丹媛', NULL, '五丰村宣传文化工作（含礼堂书屋）', NULL, 15, NULL),
	(197, '殷露娜', NULL, '百联村宣传文化工作，同时负责站内培训方案策划和组织', NULL, 15, NULL),
	(198, '钱佳丽', NULL, '胜利村宣传文化工作', NULL, 15, NULL),
	(199, '储妮', NULL, '超同村宣传文化工作', NULL, 15, NULL),
	(200, '康妍', NULL, '得胜村宣传文化工作', NULL, 15, NULL),
	(201, '康怡晨', NULL, '新升村宣传文化工作', NULL, 15, NULL),
	(202, '李丹捷', 'FIRST', '负责一支队伍管执法及党建、创建、队伍建设等；负责大综合一体化改革等相关工作。', NULL, 16, NULL),
	(203, '卢毅', 'FIRST', '生态环境执法分队队长，主持全面工作，环保督查、上级交办、转办件的办理，日常案件办理，其它与局、镇等工作对接。', NULL, 17, NULL),
	(204, '钟海富', NULL, '负责环保督查件、上级交办、转办件的办理，日常案件办理，日常巡查检查，信访处理，信息员。', NULL, 17, NULL),
	(205, '孙学军', NULL, '驾驶员，信访处理，日常巡查检查。', NULL, 17, NULL),
	(206, '许晓', NULL, '档案管理，材料、数据的收集和报送，固废平台管理员，后勤管理。', NULL, 17, NULL),
	(207, '徐建国', 'FIRST', '市场监管局百步分局局长、党支部书记，全面主持分局各项工作，重点牵头投诉举报、放心消费、行政审批、财物、人事、党建、属地交办等工作，联系消保科、人事科、办公室等。', NULL, 18, NULL),
	(208, '张志来', 'DOUBLE', '市场监管局百步分局副局长，全面参与分局各项工作，重点牵头知识产权保护中心（快维中心）筹建、食品安全、质量标准、农贸市场监管、行政审批信息宣传等工作，联系知识产权科、市场科、食品科、质量标准科、审批科、商家共治联盟。', NULL, 18, NULL),
	(209, '朱犟', 'DOUBLE', '市场监管局百步分局副局长，全面参与分局各项工作，重点牵头信用监管、稽查执法、特设安全、药械监管等工作，联系信用科、执法队、特设科、药械科、品牌指导站。', NULL, 18, NULL),
	(210, '冯建明', NULL, '重点负责市场主体年报、日常巡查、疫情防控、有关催报（填报）等工作，以及交办的其他工作。', NULL, 18, NULL),
	(211, '汪超逸', NULL, '重点负责行政审批、信息宣传、党务、人事等工作，以及交办的其他工作。', NULL, 18, NULL),
	(212, '庄毅炜', NULL, '重点负责知识产权保护中心（快维中心）筹建、食品安全、质量标准、农贸市场监管、信息宣传、行政执法、财物等工作，以及交办的其他工作。', NULL, 18, NULL),
	(213, '朱克来', NULL, '重点负责信用监管、稽查执法、特设安全、药械监管、信息宣传（牵头）、等工作，以及交办的其他工作。', NULL, 18, NULL),
	(214, '孙腾飞', NULL, '重点负责市场主体年报、个私协会、日常巡查、疫情防控、小微企业调查、车辆维保、文件收发等工作，以及交办的其他工作。', NULL, 18, NULL),
	(215, '钱雪飞', 'FIRST', '综合行政执法中队中队长（主持工作），统筹负责综合行政执法、三改一拆、四位一体（人居环境）、五水共治、垃圾分类、队伍建设等。承接一支队伍管执法相关工作。', NULL, 19, NULL),
	(216, '蔡诚航', NULL, '负责执法办案工作，餐厨垃圾以及犬类管理联络员。参与横港片综合巡查组巡查工作。', NULL, 19, NULL),
	(217, '王琴', NULL, '内勤，负责综合材料、信息宣传、统计、档案、智慧城管系统、执法办案等工作。', NULL, 19, NULL),
	(218, '范振伟', NULL, '负责执法办案工作，参与百步片综合巡查组巡查工作。', NULL, 19, NULL),
	(219, '杨慧杰', NULL, '局借调人员，负责执法办案工作，参与横港片综合巡查组巡查工作。', NULL, 19, NULL),
	(220, '舒宁', NULL, '负责行政审批工作。', NULL, 19, NULL),
	(221, '徐海平', NULL, '协助支部书记做好党建工作，协助教导员做好四位一体和垃圾分类等工作', NULL, 19, NULL),
	(222, '沈海飞', NULL, '百步集镇市容管理组组长，负责百步集镇市容市貌管理（户外广告、店招店牌、餐饮油烟、越店经营、流动摊贩开店审批等）、犬类管理及佳惠物业考核管理。', NULL, 19, NULL),
	(223, '干佳伟', NULL, '百步片四位一体组长，牵头负责百步片四位一体工作，工业垃圾打包站、中转站管理。', NULL, 19, NULL),
	(224, '顾蕾婷', NULL, '内勤及财务，负责（四位一体、垃圾分类、五水共治、人居环境）内勤，采购、报账及综治系统管理。', NULL, 19, NULL),
	(225, '郭伟', NULL, '横港片综合巡查组组长，负责横港片全域违建巡查和管控、农村主要道路流动摊贩管理，行政执法领域违法行为巡查等。协助三改一拆、四位一体和垃圾分类等工作。', NULL, 19, NULL),
	(226, '倪周剑', 'DOUBLE', '综合分队', NULL, 27, NULL),
	(227, '杜镱杰', NULL, '横港片综合巡查组组员。', NULL, 19, NULL),
	(228, '黄燕飞', NULL, '百步片综合巡查组组长，负责百步片全域违建巡查和管控、农村主要道路流动摊贩管理，行政执法领域违法行为巡查等。协助三改一拆、四位一体和垃圾分类等工作。', NULL, 19, NULL),
	(229, '徐晓明', NULL, '头负责三改一拆工作。', NULL, 19, NULL),
	(230, '陆一侃', NULL, '垃圾分类组长，牵头负责百步镇全域垃圾分类工作。', NULL, 19, NULL),
	(231, '张卫佳', NULL, '横港片四位一体组长，牵头负责横港片四位一体工作，餐厨垃圾点、建筑垃圾场、中转站管理。', NULL, 19, NULL),
	(232, '马明复', NULL, '横港集镇市容管理组组长，负责横港集镇市容市貌管理（户外广告、店招店牌、餐饮油烟、越店经营、流动摊贩、开店审批等）。', NULL, 19, NULL),
	(233, '张益斌', NULL, '横港集镇市容管理组组员', NULL, 19, NULL),
	(234, '查敏皓', NULL, '横港集镇市容管理组组员', NULL, 19, NULL),
	(235, '朱超岳', NULL, '百步片巡查组组员。', NULL, 19, NULL),
	(236, '金海凤', 'FIRST', '自然资源规划局百步国土所所长，全面负责', NULL, 20, NULL),
	(237, '戴根松', NULL, '农房审批、农房发证、档案管理、林业管理，协助其他工作等其他工作。', NULL, 20, NULL),
	(238, '朗宇', NULL, '信息一张图、用地批后监管、土地执法监察、土地调查变更、宣传、设施用地审批与管理、临时用地审批与管理、土地开发、土地整治、耕地占补平衡、土地整理', NULL, 20, NULL),
	(239, '王益文', 'DOUBLE', '自然资源规划局百步国土所副所长，负责党建工作、用地预审、农转用（征收）报批、供地、收储、土地调查变更、土地执法监察、信访；协助土地开发、土地整治、耕地占补平衡、土地整理、设施用地审批与管理、临时用地审批与管理。', NULL, 20, NULL),
	(240, '叶华明', NULL, '档案管理、办公室内勤、协助土地执法监察等工作', NULL, 20, NULL),
	(241, '徐佳', 'FIRST', '社区书记', NULL, 21, NULL),
	(242, '金雪明', 'DOUBLE', '社区干部', NULL, 21, NULL),
	(243, '蒋吴顺', 'DOUBLE', '社区干部', NULL, 21, NULL),
	(244, '高菊芬', 'DOUBLE', '社区干部', NULL, 21, NULL),
	(245, '夏婷吉', 'DOUBLE', '社区干部', NULL, 21, NULL),
	(246, '顾嘉晖', 'DOUBLE', '社区干部', NULL, 21, NULL),
	(247, '陆伦杰', 'DOUBLE', '社区干部', NULL, 21, NULL),
	(248, '贺晓叶', 'DOUBLE', '社区干部', NULL, 21, NULL),
	(249, '董云瑶', 'DOUBLE', '社区干部', NULL, 21, NULL),
	(250, '叶吴良(百联村)', 'FIRST', '村书记', NULL, 22, NULL),
	(251, '张培锋', 'DOUBLE', '村干部', NULL, 22, NULL),
	(252, '顾烨超', 'DOUBLE', '村干部', NULL, 22, NULL),
	(253, '蒋伊莉', 'DOUBLE', '村干部', NULL, 22, NULL),
	(254, '冯力栋', 'DOUBLE', '村干部', NULL, 22, NULL),
	(255, '储海锋', 'FIRST', '村书记', NULL, 23, NULL),
	(256, '韩惠东', 'DOUBLE', '村干部', NULL, 23, NULL),
	(257, '范程佳', 'DOUBLE', '村干部', NULL, 23, NULL),
	(258, '陈超', 'DOUBLE', '村干部', NULL, 23, NULL),
	(259, '陈菊', 'DOUBLE', '村干部', NULL, 23, NULL),
	(260, '李晓', 'DOUBLE', '村干部', NULL, 23, NULL),
	(261, '张小吐', 'FIRST', '村书记', NULL, 24, NULL),
	(262, '张永妹', 'DOUBLE', '村干部', NULL, 24, NULL),
	(263, '张陆艳', 'DOUBLE', '村干部', NULL, 24, NULL),
	(264, '张陈凯', 'DOUBLE', '村干部', NULL, 24, NULL),
	(265, '胡剑波', 'DOUBLE', '村干部', NULL, 24, NULL),
	(266, '张萍', 'DOUBLE', '村干部', NULL, 24, NULL),
	(267, '张浩东', 'FIRST', '村书记', NULL, 25, NULL),
	(268, '吴丹加', 'DOUBLE', '村干部', NULL, 25, NULL),
	(269, '姚燕青', 'DOUBLE', '村干部', NULL, 25, NULL),
	(270, '徐群玉', 'DOUBLE', '村干部', NULL, 25, NULL),
	(271, '蒋超', 'DOUBLE', '村干部', NULL, 25, NULL),
	(272, '沈佳丽', 'DOUBLE', '村干部', NULL, 25, NULL),
	(273, '钱益平', 'FIRST', '村书记', NULL, 26, NULL),
	(274, '徐晓飞', 'DOUBLE', '村干部', NULL, 26, NULL),
	(275, '陆林军', 'DOUBLE', '村干部', NULL, 26, NULL),
	(276, '施文芳', 'DOUBLE', '村干部', NULL, 26, NULL),
	(277, '吴金超', 'DOUBLE', '村干部', NULL, 26, NULL),
	(278, '王凯丽', 'DOUBLE', '村干部', NULL, 26, NULL),
	(279, '钱伟斌', 'FIRST', '村书记', NULL, 27, NULL),
	(280, '俞惠飞', 'DOUBLE', '村干部', NULL, 27, NULL),
	(281, '王亚晴', 'DOUBLE', '村干部', NULL, 27, NULL),
	(282, '庄丽', 'DOUBLE', '村干部', NULL, 27, NULL),
	(283, '郑亚平', 'FIRST', '村书记', NULL, 28, NULL),
	(284, '田洪彬', 'DOUBLE', '村干部', NULL, 28, NULL),
	(285, '何明霞', 'DOUBLE', '村干部', NULL, 28, NULL),
	(286, '何佳伟', 'DOUBLE', '村干部', NULL, 28, NULL),
	(287, '沈浩', 'DOUBLE', '村干部', NULL, 28, NULL),
	(288, '陆建国', 'FIRST', '村书记', NULL, 29, NULL),
	(289, '张森煜', 'DOUBLE', '村干部', NULL, 29, NULL),
	(290, '陆伟', 'DOUBLE', '村干部', NULL, 29, NULL),
	(291, '陈叶娟', 'DOUBLE', '村干部', NULL, 29, NULL),
	(292, '戴东涛', 'DOUBLE', '村干部', NULL, 29, NULL),
	(293, '钱柏根', 'FIRST', '村书记', NULL, 30, NULL),
	(294, '王月屏', 'DOUBLE', '村干部', NULL, 30, NULL),
	(295, '吴忠伟', 'DOUBLE', '村干部', NULL, 30, NULL),
	(296, '王建波', 'DOUBLE', '村干部', NULL, 30, NULL),
	(297, '葛月红', 'DOUBLE', '村干部', NULL, 30, NULL),
	(298, '韩斌', 'DOUBLE', '村干部', NULL, 30, NULL),
	(299, '郑佳琦', 'DOUBLE', '村干部', NULL, 30, NULL),
	(300, '陈建芬', 'FIRST', '村书记', NULL, 31, NULL),
	(301, '吴丹萍', 'DOUBLE', '村干部', NULL, 31, NULL),
	(302, '吴妙辉', 'DOUBLE', '村干部', NULL, 31, NULL),
	(303, '吴涛', 'DOUBLE', '村干部', NULL, 31, NULL),
	(304, '钱亦芳', 'DOUBLE', '村干部', NULL, 31, NULL),
	(305, '党政综合办公室', 'DEPT', '党政综合办公室', 10, 6, 5),
	(306, '党建工作办公室', 'DEPT', '党建工作办公室', 10, 7, 5),
	(307, '社会治理办公室', 'DEPT', '社会治理办公室', 10, 8, 6),
	(308, '经济发展办公室', 'DEPT', '经济发展办公室', 10, 9, 15),
	(309, '社会事务服务管理办公室', 'DEPT', '社会事务服务管理办公室', 10, 10, 16),
	(310, '村镇建设管理办公室', 'DEPT', '村镇建设管理办公室', 10, 11, 17),
	(311, '财政办公室', 'DEPT', '财政办公室', 10, 12, 3),
	(312, '农业农村办公室', 'DEPT', '农业农村办公室', 10, 13, 21),
	(313, '招商和项目推进科', 'DEPT', '招商和项目推进科', 10, 14, 5),
	(315, '生态环境办公室', 'DEPT', '生态环境办公室', 10, 16, 6),
	(316, '生态环境执法分队', 'DEPT', '生态环境执法分队', 10, 17, 6),
	(317, '市场监督管理局百步分局', 'DEPT', '市场监督管理局百步分局', 10, 18, 15),
	(318, '综合行政执法中队', 'DEPT', '综合行政执法中队', 10, 19, 6),
	(319, '自然规划局百步分局', 'DEPT', '自然规划局百步分局', 10, 20, 17),
	(320, '百步社区', 'DEPT', '百步社区', 10, 21, 1),
	(321, '百联村', 'DEPT', '百联村', 10, 22, 1),
	(322, '超同村', 'DEPT', '超同村', 10, 23, 1),
	(323, '逍恬村', 'DEPT', '逍恬村', 10, 24, 1),
	(324, '农丰村', 'DEPT', '农丰村', 10, 25, 1),
	(325, '新升村', 'DEPT', '新升村', 10, 26, 1),
	(326, '横港村', 'DEPT', '横港村', 10, 27, 1),
	(327, '桃北村', 'DEPT', '桃北村', 10, 28, 1),
	(328, '胜利村', 'DEPT', '胜利村', 10, 29, 1),
	(329, '五丰村', 'DEPT', '五丰村', 10, 30, 1),
	(330, '得胜村', 'DEPT', '得胜村', 10, 31, 1),
	(331, '百步社区联络站', 'DEPT_J', '百步社区联络站', 9, 21, NULL),
	(332, '百联村纪委、联络站', 'DEPT_J', '百联村纪委、联络站', 9, 22, NULL),
	(333, '超同村纪委、联络站', 'DEPT_J', '超同村纪委、联络站', 9, 23, NULL),
	(334, '逍恬村联络站', 'DEPT_J', '逍恬村联络站', 9, 24, NULL),
	(335, '农丰村联络站', 'DEPT_J', '农丰村联络站', 9, 25, NULL),
	(336, '新升村联络站', 'DEPT_J', '新升村联络站', 9, 26, NULL),
	(337, '横港村纪委、联络站', 'DEPT_J', '横港村纪委、联络站', 9, 27, NULL),
	(338, '桃北村联络站', 'DEPT_J', '桃北村联络站', 9, 28, NULL),
	(339, '胜利村联络站', 'DEPT_J', '胜利村联络站', 9, 29, NULL),
	(340, '五丰村纪委、联络站', 'DEPT_J', '五丰村纪委、联络站', 9, 30, NULL),
	(341, '得胜村联络站', 'DEPT_J', '得胜村联络站', 9, 31, NULL),
	(342, '征搬迁办公室', 'DEPT', '征搬迁办公室', 10, 32, 19),
	(343, '文化站', 'DEPT', '文化站', 10, 15, 9),
	(344, '崔岩', 'DOUBLE', '综合分队', NULL, 27, NULL),
	(345, '任辉', 'DOUBLE', '综合分队', NULL, 27, NULL),
	(-999, 'admin', 'ADMIN', '系统管理员', NULL, -999, NULL);
ALTER TABLE `user` ENABLE KEYS;

SET SQL_MODE=IFNULL(@OLD_SQL_MODE, '');
SET FOREIGN_KEY_CHECKS=IFNULL(@OLD_FOREIGN_KEY_CHECKS, 1);
SET CHARACTER_SET_CLIENT=@OLD_CHARACTER_SET_CLIENT;
SET SQL_NOTES=IFNULL(@OLD_SQL_NOTES, 1);
