SET @old_foreign_key_checks = @@foreign_key_checks, FOREIGN_KEY_CHECKS = 0;
update user set id = -999, department_id = -999 where id = 999;
update department set id = -999 where id = 999;
SET @old_foreign_key_checks = @@foreign_key_checks, FOREIGN_KEY_CHECKS = 1;

CREATE TABLE fr_matter_form
(
  id          BIGINT AUTO_INCREMENT PRIMARY KEY,
  status      VARCHAR(255) NULL,
  update_time DATETIME(6)  NULL,
  year        INT          NULL,
  user_id     BIGINT       NULL,
  FOREIGN KEY (user_id) REFERENCES user (id)
);

INSERT INTO fr_matter_form (id, status, update_time, year, user_id)
VALUES
  (1, NULL, NULL, 2022, 1),
  (2, NULL, '2022-08-31 09:23:09.515607', 2022, 2),
  (3, NULL, '2022-08-22 08:13:37.592326', 2022, 3),
  (4, NULL, '2022-08-12 14:52:30.810998', 2022, 4),
  (5, NULL, '2022-08-02 10:51:42.813860', 2022, 5),
  (6, NULL, '2022-08-06 14:04:09.985326', 2022, 6),
  (7, NULL, '2022-07-25 11:19:13.615817', 2022, 7),
  (8, NULL, '2022-08-08 07:42:17.357952', 2022, 8),
  (9, NULL, '2022-08-23 14:20:17.503012', 2022, 9),
  (10, NULL, '2022-08-12 10:54:36.444117', 2022, 10),
  (11, NULL, '2022-08-11 08:10:41.332593', 2022, 11),
  (12, NULL, '2022-08-03 08:53:32.477518', 2022, 12),
  (13, NULL, '2022-08-05 16:06:57.304177', 2022, 13),
  (14, NULL, '2022-08-12 10:53:57.081327', 2022, 14),
  (15, NULL, '2022-08-10 16:07:52.465067', 2022, 15),
  (16, NULL, '2022-08-09 14:38:25.509182', 2022, 16),
  (17, NULL, '2022-06-16 15:10:15.407846', 2022, 17),
  (18, NULL, '2022-08-10 16:06:53.993195', 2022, 18),
  (19, NULL, '2022-08-26 17:33:51.284465', 2022, 19),
  (20, NULL, '2022-08-16 12:13:19.031406', 2022, 20),
  (21, NULL, '2022-06-16 14:01:07.510173', 2022, 21),
  (28, NULL, '2022-07-25 12:33:55.104040', 2022, 28),
  (29, NULL, '2022-09-02 11:27:01.606435', 2022, 29),
  (30, NULL, '2022-09-13 15:09:58.475437', 2022, 30),
  (31, NULL, '2022-09-13 15:09:58.475437', 2022, 31),
  (40, NULL, '2022-09-13 15:12:51.503805', 2022, 40),
  (48, NULL, '2022-08-31 10:27:41.570834', 2022, 48),
  (49, NULL, '2022-08-31 10:27:41.586458', 2022, 49),
  (50, NULL, '2022-08-31 10:27:41.586458', 2022, 50),
  (75, NULL, '2022-08-22 22:13:14.775274', 2022, 75),
  (76, NULL, '2022-08-22 22:13:14.759652', 2022, 76),
  (77, NULL, '2022-08-22 22:13:14.790876', 2022, 77),
  (78, NULL, '2022-08-22 22:13:14.775274', 2022, 78),
  (98, NULL, '2022-08-24 09:42:25.472745', 2022, 98),
  (99, NULL, '2022-08-24 09:42:25.472745', 2022, 99),
  (101, NULL, '2022-08-24 09:42:25.472745', 2022, 101),
  (104, NULL, '2022-09-13 15:09:58.475437', 2022, 104),
  (110, NULL, '2022-08-24 09:42:25.472745', 2022, 110),
  (116, NULL, '2022-09-06 15:16:16.998387', 2022, 116),
  (117, NULL, '2022-09-06 15:16:16.998387', 2022, 117),
  (118, NULL, '2022-09-06 15:16:16.998387', 2022, 118),
  (134, NULL, '2022-08-29 09:37:02.773120', 2022, 134),
  (139, NULL, '2022-08-29 09:37:02.773120', 2022, 139),
  (143, NULL, '2022-08-24 15:38:03.387725', 2022, 143),
  (145, NULL, '2022-08-24 15:38:03.387725', 2022, 145),
  (155, NULL, '2022-08-23 16:03:41.904808', 2022, 155),
  (156, NULL, '2022-08-23 16:03:41.904808', 2022, 156),
  (158, NULL, '2022-08-23 16:03:41.904808', 2022, 158),
  (165, NULL, '2022-08-23 16:03:41.904808', 2022, 165),
  (172, NULL, '2022-08-31 15:39:59.084561', 2022, 172),
  (173, NULL, '2022-08-31 15:40:09.914790', 2022, 173),
  (174, NULL, '2022-08-31 15:40:09.914790', 2022, 174),
  (176, NULL, '2022-08-31 15:40:09.930419', 2022, 176),
  (186, NULL, '2022-08-31 09:15:55.951520', 2022, 186),
  (187, NULL, '2022-08-31 09:15:55.967146', 2022, 187),
  (202, NULL, '2022-08-31 14:18:55.481640', 2022, 202),
  (207, NULL, '2022-08-11 12:06:30.851758', 2022, 207),
  (208, NULL, '2022-08-02 10:08:24.040400', 2022, 208),
  (209, NULL, '2022-08-11 12:06:30.836160', 2022, 209),
  (215, NULL, '2022-08-06 18:48:30.975687', 2022, 215),
  (226, NULL, '2022-08-30 10:54:53.300602', 2022, 226),
  (236, NULL, '2022-08-29 11:59:47.814949', 2022, 236),
  (239, NULL, '2022-08-29 11:59:47.814949', 2022, 239),
  (241, NULL, '2022-11-08 16:34:45.654096', 2022, 241),
  (242, NULL, '2022-08-25 15:36:48.920004', 2022, 242),
  (243, NULL, '2022-08-25 15:36:48.920004', 2022, 243),
  (244, NULL, '2022-08-25 15:36:48.920004', 2022, 244),
  (245, NULL, '2022-08-25 15:36:48.920004', 2022, 245),
  (246, NULL, '2022-08-25 15:36:48.920004', 2022, 246),
  (247, NULL, '2022-08-25 15:36:48.935630', 2022, 247),
  (248, NULL, '2022-08-25 15:36:48.935630', 2022, 248),
  (249, NULL, '2022-08-25 15:36:48.935630', 2022, 249),
  (250, NULL, '2022-08-24 08:16:46.919688', 2022, 250),
  (251, NULL, '2022-08-24 08:16:46.919688', 2022, 251),
  (252, NULL, '2022-08-24 08:04:14.829016', 2022, 252),
  (253, NULL, '2022-08-24 08:15:13.809615', 2022, 253),
  (254, NULL, '2022-08-24 08:04:14.844641', 2022, 254),
  (255, NULL, '2022-08-22 21:49:53.862299', 2022, 255),
  (256, NULL, '2022-08-22 21:49:53.877925', 2022, 256),
  (257, NULL, '2022-08-22 21:49:53.877925', 2022, 257),
  (258, NULL, '2022-08-22 21:49:53.877925', 2022, 258),
  (259, NULL, '2022-08-22 21:49:53.893527', 2022, 259),
  (260, NULL, '2022-08-22 21:49:53.893527', 2022, 260),
  (261, NULL, '2022-09-04 16:45:06.517245', 2022, 261),
  (262, NULL, '2022-09-04 16:45:06.532869', 2022, 262),
  (263, NULL, '2022-09-04 16:45:06.532869', 2022, 263),
  (264, NULL, '2022-09-04 16:45:06.532869', 2022, 264),
  (265, NULL, '2022-09-04 16:45:06.532869', 2022, 265),
  (266, NULL, '2022-09-04 16:45:06.532869', 2022, 266),
  (267, NULL, '2022-08-29 10:00:01.572240', 2022, 267),
  (268, NULL, '2022-08-29 10:00:01.587867', 2022, 268),
  (269, NULL, '2022-08-29 10:00:01.587867', 2022, 269),
  (270, NULL, '2022-08-29 10:00:01.587867', 2022, 270),
  (271, NULL, '2022-08-29 10:00:01.603492', 2022, 271),
  (272, NULL, '2022-08-29 10:00:01.603492', 2022, 272),
  (273, NULL, '2022-08-25 14:20:54.150126', 2022, 273),
  (274, NULL, '2022-08-25 14:20:54.150126', 2022, 274),
  (275, NULL, '2022-08-25 14:20:54.165752', 2022, 275),
  (276, NULL, '2022-08-25 14:20:54.165752', 2022, 276),
  (277, NULL, '2022-08-25 14:20:54.165752', 2022, 277),
  (278, NULL, '2022-08-25 14:20:54.165752', 2022, 278),
  (279, NULL, '2022-08-30 10:54:53.316229', 2022, 279),
  (281, NULL, '2022-08-30 10:54:53.316229', 2022, 281),
  (282, NULL, '2022-08-30 10:54:53.316229', 2022, 282),
  (283, NULL, '2022-08-30 08:03:03.468769', 2022, 283),
  (284, NULL, '2022-08-30 08:03:03.468769', 2022, 284),
  (285, NULL, '2022-08-30 08:03:03.468769', 2022, 285),
  (286, NULL, '2022-08-30 08:03:03.468769', 2022, 286),
  (287, NULL, '2022-08-30 08:03:03.484390', 2022, 287),
  (288, NULL, '2022-09-03 08:12:40.556714', 2022, 288),
  (289, NULL, '2022-09-03 08:12:40.556714', 2022, 289),
  (290, NULL, '2022-09-03 08:12:40.556714', 2022, 290),
  (291, NULL, '2022-09-03 08:12:40.556714', 2022, 291),
  (292, NULL, '2022-09-03 08:12:40.572342', 2022, 292),
  (293, NULL, '2022-08-31 09:26:03.438846', 2022, 293),
  (294, NULL, '2022-08-31 09:26:03.438846', 2022, 294),
  (295, NULL, '2022-08-31 09:26:03.438846', 2022, 295),
  (296, NULL, '2022-08-31 09:26:03.438846', 2022, 296),
  (297, NULL, '2022-08-31 09:26:03.438846', 2022, 297),
  (298, NULL, '2022-08-31 09:26:03.454472', 2022, 298),
  (299, NULL, '2022-08-31 09:26:03.454472', 2022, 299),
  (301, NULL, '2022-09-02 16:49:53.694194', 2022, 301),
  (302, NULL, '2022-09-02 16:49:53.694194', 2022, 302),
  (303, NULL, '2022-09-02 16:49:53.694194', 2022, 303),
  (304, NULL, '2022-09-02 16:49:53.694194', 2022, 304),
  (305, NULL, '2022-09-13 15:09:58.475437', 2022, 305),
  (306, NULL, '2022-09-13 15:12:51.503805', 2022, 306),
  (307, NULL, '2022-08-31 10:27:41.586458', 2022, 307),
  (308, NULL, '2022-08-22 22:13:37.293125', 2022, 308),
  (309, NULL, '2022-08-24 09:42:25.488374', 2022, 309),
  (310, NULL, '2022-09-14 16:27:56.654852', 2022, 310),
  (311, NULL, '2022-08-24 15:38:03.403350', 2022, 311),
  (312, NULL, '2022-07-05 16:52:18.104401', 2022, 312),
  (313, NULL, '2022-08-31 15:39:59.100187', 2022, 313),
  (315, NULL, '2022-08-31 14:18:55.512898', 2022, 315),
  (317, NULL, '2022-08-11 12:06:30.836160', 2022, 317),
  (318, NULL, '2022-08-30 08:48:01.851903', 2022, 318),
  (319, NULL, '2022-08-29 12:00:10.789079', 2022, 319),
  (320, NULL, '2022-08-25 15:36:48.935630', 2022, 320),
  (321, NULL, '2022-08-22 16:09:18.694264', 2022, 321),
  (322, NULL, '2022-08-22 21:49:53.893527', 2022, 322),
  (323, NULL, '2022-09-04 16:44:34.630254', 2022, 323),
  (324, NULL, '2022-08-29 10:00:01.603492', 2022, 324),
  (325, NULL, '2022-08-25 14:20:54.165752', 2022, 325),
  (326, NULL, '2022-07-05 16:54:38.120840', 2022, 326),
  (327, NULL, '2022-08-30 08:03:03.484390', 2022, 327),
  (328, NULL, '2022-09-03 08:12:40.572342', 2022, 328),
  (329, NULL, '2022-08-31 09:26:03.454472', 2022, 329),
  (330, NULL, '2022-09-02 16:47:34.514313', 2022, 330),
  (331, NULL, '2022-08-25 15:36:48.935630', 2022, 331),
  (332, NULL, '2022-08-24 08:16:46.919688', 2022, 332),
  (333, NULL, '2022-08-22 21:49:53.909152', 2022, 333),
  (334, NULL, '2022-09-04 16:45:06.532869', 2022, 334),
  (335, NULL, '2022-08-29 10:00:01.619115', 2022, 335),
  (336, NULL, '2022-08-25 14:20:54.165752', 2022, 336),
  (337, NULL, '2022-08-30 10:54:53.331852', 2022, 337),
  (338, NULL, '2022-08-30 08:03:03.484390', 2022, 338),
  (339, NULL, '2022-09-03 08:12:40.572342', 2022, 339),
  (340, NULL, '2022-08-31 09:26:03.454472', 2022, 340),
  (341, NULL, '2022-09-02 16:49:53.709819', 2022, 341),
  (342, NULL, '2022-08-29 09:37:02.773120', 2022, 342),
  (343, NULL, '2022-08-31 09:15:55.967146', 2022, 343),
  (344, NULL, '2022-08-30 10:54:53.331852', 2022, 344),
  (345, NULL, '2022-08-30 10:54:53.331852', 2022, 345),
  (346, NULL, '2022-08-30 09:07:33.179657', 2022, 346);

ALTER TABLE fr_matter
  ADD COLUMN matter_form_id BIGINT,
  ADD FOREIGN KEY (matter_form_id) REFERENCES fr_matter_form (id);

UPDATE fr_matter SET matter_form_id = user_id WHERE user_id IS NOT NULL;

ALTER TABLE fr_matter
  DROP COLUMN status,
  DROP COLUMN step_two_status,
  DROP FOREIGN KEY fk6lyqmspus5e1iaus3h2lhg2kl,
  DROP COLUMN approval_id,
  DROP FOREIGN KEY fkb2ony0kcujofipt1hc3scycx3,
  DROP COLUMN user_id;

SET @old_foreign_key_checks = @@foreign_key_checks, FOREIGN_KEY_CHECKS = 0;
DELETE am.*, s.*, a.*
FROM
  approval_matter am
    LEFT JOIN approval a ON a.id = am.approval_id
    LEFT JOIN approval_step s ON s.approval_id = a.id;
DELETE a.*, s.*
FROM
  approval a
    LEFT JOIN approval_step s ON s.approval_id = a.id
WHERE
    a.meeting_id IS NULL
AND a.meeting_topic_id IS NULL
AND a.plan_id IS NULL
AND a.progress_id IS NULL;
SET @old_foreign_key_checks = @@foreign_key_checks, FOREIGN_KEY_CHECKS = 1;

DROP TABLE IF EXISTS approval_matter;

ALTER TABLE approval
  ADD COLUMN approval_type  VARCHAR(255),
  ADD COLUMN matter_form_id BIGINT,
  ADD FOREIGN KEY (matter_form_id) REFERENCES fr_matter_form (id);

INSERT INTO
  approval (id, approval_type, create_time, update_time, approve_user_id, copy_user_id, matter_form_id, meeting_id, meeting_topic_id, plan_id, progress_id, request_user_id)
VALUES
  (601, 'matterForm', '2022-11-15 15:38:08.066928', '2022-11-15 15:38:08.066928', 1, NULL, 2, NULL, NULL, NULL, NULL, 2),
  (602, 'matterForm', '2022-11-15 15:38:08.097023', '2022-11-15 15:38:08.097023', 1, NULL, 3, NULL, NULL, NULL, NULL, 3),
  (603, 'matterForm', '2022-11-15 15:38:08.101684', '2022-11-15 15:38:08.101684', 1, NULL, 4, NULL, NULL, NULL, NULL, 4),
  (604, 'matterForm', '2022-11-15 15:38:08.106684', '2022-11-15 15:38:08.106684', 1, NULL, 5, NULL, NULL, NULL, NULL, 5),
  (605, 'matterForm', '2022-11-15 15:38:08.111683', '2022-11-15 15:38:08.111683', 1, NULL, 6, NULL, NULL, NULL, NULL, 6),
  (606, 'matterForm', '2022-11-15 15:38:08.116683', '2022-11-15 15:38:08.116683', 1, NULL, 7, NULL, NULL, NULL, NULL, 7),
  (607, 'matterForm', '2022-11-15 15:38:08.122067', '2022-11-15 15:38:08.122067', 1, NULL, 8, NULL, NULL, NULL, NULL, 8),
  (608, 'matterForm', '2022-11-15 15:38:08.126527', '2022-11-15 15:38:08.126527', 1, NULL, 9, NULL, NULL, NULL, NULL, 9),
  (609, 'matterForm', '2022-11-15 15:38:08.131581', '2022-11-15 15:38:08.131581', 1, NULL, 10, NULL, NULL, NULL, NULL, 10),
  (610, 'matterForm', '2022-11-15 15:38:08.136581', '2022-11-15 15:38:08.136581', 1, NULL, 11, NULL, NULL, NULL, NULL, 11),
  (611, 'matterForm', '2022-11-15 15:38:08.141579', '2022-11-15 15:38:08.141579', 1, NULL, 12, NULL, NULL, NULL, NULL, 12),
  (612, 'matterForm', '2022-11-15 15:38:08.146268', '2022-11-15 15:38:08.146268', 1, NULL, 13, NULL, NULL, NULL, NULL, 13),
  (613, 'matterForm', '2022-11-15 15:38:08.150282', '2022-11-15 15:38:08.150282', 1, NULL, 14, NULL, NULL, NULL, NULL, 14),
  (614, 'matterForm', '2022-11-15 15:38:08.154824', '2022-11-15 15:38:08.154824', 1, NULL, 15, NULL, NULL, NULL, NULL, 15),
  (615, 'matterForm', '2022-11-15 15:38:08.160159', '2022-11-15 15:38:08.160159', 1, NULL, 16, NULL, NULL, NULL, NULL, 16),
  (616, 'matterForm', '2022-11-15 15:38:08.166038', '2022-11-15 15:38:08.166038', 1, NULL, 17, NULL, NULL, NULL, NULL, 17),
  (617, 'matterForm', '2022-11-15 15:38:08.170578', '2022-11-15 15:38:08.170578', 1, NULL, 18, NULL, NULL, NULL, NULL, 18),
  (618, 'matterForm', '2022-11-15 15:38:08.174578', '2022-11-15 15:38:08.174578', 1, NULL, 19, NULL, NULL, NULL, NULL, 19),
  (619, 'matterForm', '2022-11-15 15:38:08.179428', '2022-11-15 15:38:08.179428', 1, NULL, 20, NULL, NULL, NULL, NULL, 20),
  (620, 'matterForm', '2022-11-15 15:38:08.182723', '2022-11-15 15:38:08.182723', 1, NULL, 21, NULL, NULL, NULL, NULL, 21),
  (621, 'matterForm', '2022-11-15 15:38:08.194469', '2022-11-15 15:38:08.194469', 1, NULL, 28, NULL, NULL, NULL, NULL, 28),
  (622, 'matterForm', '2022-11-15 15:38:08.197909', '2022-11-15 15:38:08.197909', 1, NULL, 29, NULL, NULL, NULL, NULL, 29),
  (623, 'matterForm', '2022-11-15 15:38:08.202042', '2022-11-15 15:38:08.202042', 305, NULL, 30, NULL, NULL, NULL, NULL, 30),
  (624, 'matterForm', '2022-11-15 15:38:08.205472', '2022-11-15 15:38:08.205472', 305, NULL, 31, NULL, NULL, NULL, NULL, 31),
  (625, 'matterForm', '2022-11-15 15:38:08.208959', '2022-11-15 15:38:08.208959', 306, NULL, 40, NULL, NULL, NULL, NULL, 40),
  (626, 'matterForm', '2022-11-15 15:38:08.212757', '2022-11-15 15:38:08.212757', 307, NULL, 48, NULL, NULL, NULL, NULL, 48),
  (627, 'matterForm', '2022-11-15 15:38:08.216129', '2022-11-15 15:38:08.216129', 307, NULL, 49, NULL, NULL, NULL, NULL, 49),
  (628, 'matterForm', '2022-11-15 15:38:08.220156', '2022-11-15 15:38:08.220156', 307, NULL, 50, NULL, NULL, NULL, NULL, 50),
  (629, 'matterForm', '2022-11-15 15:38:08.224163', '2022-11-15 15:38:08.224163', 308, NULL, 75, NULL, NULL, NULL, NULL, 75),
  (630, 'matterForm', '2022-11-15 15:38:08.228168', '2022-11-15 15:38:08.228168', 308, NULL, 76, NULL, NULL, NULL, NULL, 76),
  (631, 'matterForm', '2022-11-15 15:38:08.231703', '2022-11-15 15:38:08.231703', 308, NULL, 77, NULL, NULL, NULL, NULL, 77),
  (632, 'matterForm', '2022-11-15 15:38:08.235506', '2022-11-15 15:38:08.235506', 308, NULL, 78, NULL, NULL, NULL, NULL, 78),
  (633, 'matterForm', '2022-11-15 15:38:08.239506', '2022-11-15 15:38:08.239506', 309, NULL, 98, NULL, NULL, NULL, NULL, 98),
  (634, 'matterForm', '2022-11-15 15:38:08.243507', '2022-11-15 15:38:08.243507', 309, NULL, 99, NULL, NULL, NULL, NULL, 99),
  (635, 'matterForm', '2022-11-15 15:38:08.248334', '2022-11-15 15:38:08.248334', 309, NULL, 101, NULL, NULL, NULL, NULL, 101),
  (636, 'matterForm', '2022-11-15 15:38:08.251367', '2022-11-15 15:38:08.251367', 309, NULL, 104, NULL, NULL, NULL, NULL, 104),
  (637, 'matterForm', '2022-11-15 15:38:08.255046', '2022-11-15 15:38:08.255046', 309, NULL, 110, NULL, NULL, NULL, NULL, 110),
  (638, 'matterForm', '2022-11-15 15:38:08.258056', '2022-11-15 15:38:08.258056', 310, NULL, 116, NULL, NULL, NULL, NULL, 116),
  (639, 'matterForm', '2022-11-15 15:38:08.262840', '2022-11-15 15:38:08.262840', 310, NULL, 117, NULL, NULL, NULL, NULL, 117),
  (640, 'matterForm', '2022-11-15 15:38:08.266573', '2022-11-15 15:38:08.266573', 310, NULL, 118, NULL, NULL, NULL, NULL, 118),
  (641, 'matterForm', '2022-11-15 15:38:08.270573', '2022-11-15 15:38:08.270573', 310, NULL, 134, NULL, NULL, NULL, NULL, 134),
  (642, 'matterForm', '2022-11-15 15:38:08.273588', '2022-11-15 15:38:08.273588', 310, NULL, 139, NULL, NULL, NULL, NULL, 139),
  (643, 'matterForm', '2022-11-15 15:38:08.276916', '2022-11-15 15:38:08.276916', 311, NULL, 143, NULL, NULL, NULL, NULL, 143),
  (644, 'matterForm', '2022-11-15 15:38:08.280917', '2022-11-15 15:38:08.280917', 311, NULL, 145, NULL, NULL, NULL, NULL, 145),
  (645, 'matterForm', '2022-11-15 15:38:08.284651', '2022-11-15 15:38:08.284651', 312, NULL, 155, NULL, NULL, NULL, NULL, 155),
  (646, 'matterForm', '2022-11-15 15:38:08.288651', '2022-11-15 15:38:08.288651', 312, NULL, 156, NULL, NULL, NULL, NULL, 156),
  (647, 'matterForm', '2022-11-15 15:38:08.292192', '2022-11-15 15:38:08.292192', 312, NULL, 158, NULL, NULL, NULL, NULL, 158),
  (648, 'matterForm', '2022-11-15 15:38:08.295682', '2022-11-15 15:38:08.295682', 312, NULL, 165, NULL, NULL, NULL, NULL, 165),
  (649, 'matterForm', '2022-11-15 15:38:08.299242', '2022-11-15 15:38:08.299242', 313, NULL, 172, NULL, NULL, NULL, NULL, 172),
  (650, 'matterForm', '2022-11-15 15:38:08.302276', '2022-11-15 15:38:08.302276', 313, NULL, 173, NULL, NULL, NULL, NULL, 173),
  (651, 'matterForm', '2022-11-15 15:38:08.306258', '2022-11-15 15:38:08.306258', 313, NULL, 174, NULL, NULL, NULL, NULL, 174),
  (652, 'matterForm', '2022-11-15 15:38:08.309334', '2022-11-15 15:38:08.309334', 313, NULL, 176, NULL, NULL, NULL, NULL, 176),
  (653, 'matterForm', '2022-11-15 15:38:08.313242', '2022-11-15 15:38:08.313242', 343, NULL, 186, NULL, NULL, NULL, NULL, 186),
  (654, 'matterForm', '2022-11-15 15:38:08.317691', '2022-11-15 15:38:08.317691', 343, NULL, 187, NULL, NULL, NULL, NULL, 187),
  (655, 'matterForm', '2022-11-15 15:38:08.320886', '2022-11-15 15:38:08.320886', 315, NULL, 202, NULL, NULL, NULL, NULL, 202),
  (656, 'matterForm', '2022-11-15 15:38:08.324805', '2022-11-15 15:38:08.324805', 317, NULL, 207, NULL, NULL, NULL, NULL, 207),
  (657, 'matterForm', '2022-11-15 15:38:08.328805', '2022-11-15 15:38:08.328805', 317, NULL, 208, NULL, NULL, NULL, NULL, 208),
  (658, 'matterForm', '2022-11-15 15:38:08.332296', '2022-11-15 15:38:08.332296', 317, NULL, 209, NULL, NULL, NULL, NULL, 209),
  (659, 'matterForm', '2022-11-15 15:38:08.336296', '2022-11-15 15:38:08.336296', 318, NULL, 215, NULL, NULL, NULL, NULL, 215),
  (660, 'matterForm', '2022-11-15 15:38:08.340296', '2022-11-15 15:38:08.340296', 326, NULL, 226, NULL, NULL, NULL, NULL, 226),
  (661, 'matterForm', '2022-11-15 15:38:08.344295', '2022-11-15 15:38:08.344295', 319, NULL, 236, NULL, NULL, NULL, NULL, 236),
  (662, 'matterForm', '2022-11-15 15:38:08.348295', '2022-11-15 15:38:08.348295', 319, NULL, 239, NULL, NULL, NULL, NULL, 239),
  (663, 'matterForm', '2022-11-15 15:38:08.352296', '2022-11-15 15:38:08.352296', 320, NULL, 241, NULL, NULL, NULL, NULL, 241),
  (664, 'matterForm', '2022-11-15 15:38:08.356296', '2022-11-15 15:38:08.356296', 320, NULL, 242, NULL, NULL, NULL, NULL, 242),
  (665, 'matterForm', '2022-11-15 15:38:08.371666', '2022-11-15 15:38:08.371666', 320, NULL, 243, NULL, NULL, NULL, NULL, 243),
  (666, 'matterForm', '2022-11-15 15:38:08.374666', '2022-11-15 15:38:08.374666', 320, NULL, 244, NULL, NULL, NULL, NULL, 244),
  (667, 'matterForm', '2022-11-15 15:38:08.378535', '2022-11-15 15:38:08.378535', 320, NULL, 245, NULL, NULL, NULL, NULL, 245),
  (668, 'matterForm', '2022-11-15 15:38:08.383535', '2022-11-15 15:38:08.383535', 320, NULL, 246, NULL, NULL, NULL, NULL, 246),
  (669, 'matterForm', '2022-11-15 15:38:08.387002', '2022-11-15 15:38:08.387002', 320, NULL, 247, NULL, NULL, NULL, NULL, 247),
  (670, 'matterForm', '2022-11-15 15:38:08.390572', '2022-11-15 15:38:08.390572', 320, NULL, 248, NULL, NULL, NULL, NULL, 248),
  (671, 'matterForm', '2022-11-15 15:38:08.393711', '2022-11-15 15:38:08.393711', 320, NULL, 249, NULL, NULL, NULL, NULL, 249),
  (672, 'matterForm', '2022-11-15 15:38:08.396517', '2022-11-15 15:38:08.396517', 321, NULL, 250, NULL, NULL, NULL, NULL, 250),
  (673, 'matterForm', '2022-11-15 15:38:08.399899', '2022-11-15 15:38:08.399899', 321, NULL, 251, NULL, NULL, NULL, NULL, 251),
  (674, 'matterForm', '2022-11-15 15:38:08.402526', '2022-11-15 15:38:08.402526', 321, NULL, 252, NULL, NULL, NULL, NULL, 252),
  (675, 'matterForm', '2022-11-15 15:38:08.406184', '2022-11-15 15:38:08.406184', 321, NULL, 253, NULL, NULL, NULL, NULL, 253),
  (676, 'matterForm', '2022-11-15 15:38:08.409800', '2022-11-15 15:38:08.409800', 321, NULL, 254, NULL, NULL, NULL, NULL, 254),
  (677, 'matterForm', '2022-11-15 15:38:08.412954', '2022-11-15 15:38:08.412954', 322, NULL, 255, NULL, NULL, NULL, NULL, 255),
  (678, 'matterForm', '2022-11-15 15:38:08.416859', '2022-11-15 15:38:08.416859', 322, NULL, 256, NULL, NULL, NULL, NULL, 256),
  (679, 'matterForm', '2022-11-15 15:38:08.420949', '2022-11-15 15:38:08.420949', 322, NULL, 257, NULL, NULL, NULL, NULL, 257),
  (680, 'matterForm', '2022-11-15 15:38:08.424417', '2022-11-15 15:38:08.424417', 322, NULL, 258, NULL, NULL, NULL, NULL, 258),
  (681, 'matterForm', '2022-11-15 15:38:08.426909', '2022-11-15 15:38:08.426909', 322, NULL, 259, NULL, NULL, NULL, NULL, 259),
  (682, 'matterForm', '2022-11-15 15:38:08.429977', '2022-11-15 15:38:08.429977', 322, NULL, 260, NULL, NULL, NULL, NULL, 260),
  (683, 'matterForm', '2022-11-15 15:38:08.433463', '2022-11-15 15:38:08.433463', 323, NULL, 261, NULL, NULL, NULL, NULL, 261),
  (684, 'matterForm', '2022-11-15 15:38:08.436025', '2022-11-15 15:38:08.436025', 323, NULL, 262, NULL, NULL, NULL, NULL, 262),
  (685, 'matterForm', '2022-11-15 15:38:08.438686', '2022-11-15 15:38:08.438686', 323, NULL, 263, NULL, NULL, NULL, NULL, 263),
  (686, 'matterForm', '2022-11-15 15:38:08.441981', '2022-11-15 15:38:08.441981', 323, NULL, 264, NULL, NULL, NULL, NULL, 264),
  (687, 'matterForm', '2022-11-15 15:38:08.445491', '2022-11-15 15:38:08.445491', 323, NULL, 265, NULL, NULL, NULL, NULL, 265),
  (688, 'matterForm', '2022-11-15 15:38:08.448490', '2022-11-15 15:38:08.448490', 323, NULL, 266, NULL, NULL, NULL, NULL, 266),
  (689, 'matterForm', '2022-11-15 15:38:08.451360', '2022-11-15 15:38:08.451360', 324, NULL, 267, NULL, NULL, NULL, NULL, 267),
  (690, 'matterForm', '2022-11-15 15:38:08.454271', '2022-11-15 15:38:08.454271', 324, NULL, 268, NULL, NULL, NULL, NULL, 268),
  (691, 'matterForm', '2022-11-15 15:38:08.457687', '2022-11-15 15:38:08.457687', 324, NULL, 269, NULL, NULL, NULL, NULL, 269),
  (692, 'matterForm', '2022-11-15 15:38:08.462148', '2022-11-15 15:38:08.462148', 324, NULL, 270, NULL, NULL, NULL, NULL, 270),
  (693, 'matterForm', '2022-11-15 15:38:08.465480', '2022-11-15 15:38:08.465480', 324, NULL, 271, NULL, NULL, NULL, NULL, 271),
  (694, 'matterForm', '2022-11-15 15:38:08.467197', '2022-11-15 15:38:08.467197', 324, NULL, 272, NULL, NULL, NULL, NULL, 272),
  (695, 'matterForm', '2022-11-15 15:38:08.470937', '2022-11-15 15:38:08.470937', 325, NULL, 273, NULL, NULL, NULL, NULL, 273),
  (696, 'matterForm', '2022-11-15 15:38:08.472737', '2022-11-15 15:38:08.472737', 325, NULL, 274, NULL, NULL, NULL, NULL, 274),
  (697, 'matterForm', '2022-11-15 15:38:08.475758', '2022-11-15 15:38:08.475758', 325, NULL, 275, NULL, NULL, NULL, NULL, 275),
  (698, 'matterForm', '2022-11-15 15:38:08.479576', '2022-11-15 15:38:08.479576', 325, NULL, 276, NULL, NULL, NULL, NULL, 276),
  (699, 'matterForm', '2022-11-15 15:38:08.483366', '2022-11-15 15:38:08.483366', 325, NULL, 277, NULL, NULL, NULL, NULL, 277),
  (700, 'matterForm', '2022-11-15 15:38:08.486185', '2022-11-15 15:38:08.486185', 325, NULL, 278, NULL, NULL, NULL, NULL, 278),
  (701, 'matterForm', '2022-11-15 15:38:08.489168', '2022-11-15 15:38:08.489168', 326, NULL, 279, NULL, NULL, NULL, NULL, 279),
  (702, 'matterForm', '2022-11-15 15:38:08.492026', '2022-11-15 15:38:08.492026', 326, NULL, 281, NULL, NULL, NULL, NULL, 281),
  (703, 'matterForm', '2022-11-15 15:38:08.494997', '2022-11-15 15:38:08.494997', 326, NULL, 282, NULL, NULL, NULL, NULL, 282),
  (704, 'matterForm', '2022-11-15 15:38:08.496953', '2022-11-15 15:38:08.496953', 327, NULL, 283, NULL, NULL, NULL, NULL, 283),
  (705, 'matterForm', '2022-11-15 15:38:08.500334', '2022-11-15 15:38:08.500334', 327, NULL, 284, NULL, NULL, NULL, NULL, 284),
  (706, 'matterForm', '2022-11-15 15:38:08.502982', '2022-11-15 15:38:08.502982', 327, NULL, 285, NULL, NULL, NULL, NULL, 285),
  (707, 'matterForm', '2022-11-15 15:38:08.504835', '2022-11-15 15:38:08.504835', 327, NULL, 286, NULL, NULL, NULL, NULL, 286),
  (708, 'matterForm', '2022-11-15 15:38:08.509846', '2022-11-15 15:38:08.509846', 327, NULL, 287, NULL, NULL, NULL, NULL, 287),
  (709, 'matterForm', '2022-11-15 15:38:08.512771', '2022-11-15 15:38:08.512771', 328, NULL, 288, NULL, NULL, NULL, NULL, 288),
  (710, 'matterForm', '2022-11-15 15:38:08.515695', '2022-11-15 15:38:08.515695', 328, NULL, 289, NULL, NULL, NULL, NULL, 289),
  (711, 'matterForm', '2022-11-15 15:38:08.518746', '2022-11-15 15:38:08.518746', 328, NULL, 290, NULL, NULL, NULL, NULL, 290),
  (712, 'matterForm', '2022-11-15 15:38:08.520696', '2022-11-15 15:38:08.520696', 328, NULL, 291, NULL, NULL, NULL, NULL, 291),
  (713, 'matterForm', '2022-11-15 15:38:08.524458', '2022-11-15 15:38:08.524458', 328, NULL, 292, NULL, NULL, NULL, NULL, 292),
  (714, 'matterForm', '2022-11-15 15:38:08.527674', '2022-11-15 15:38:08.527674', 329, NULL, 293, NULL, NULL, NULL, NULL, 293),
  (715, 'matterForm', '2022-11-15 15:38:08.530905', '2022-11-15 15:38:08.530905', 329, NULL, 294, NULL, NULL, NULL, NULL, 294),
  (716, 'matterForm', '2022-11-15 15:38:08.534027', '2022-11-15 15:38:08.534027', 329, NULL, 295, NULL, NULL, NULL, NULL, 295),
  (717, 'matterForm', '2022-11-15 15:38:08.537150', '2022-11-15 15:38:08.537150', 329, NULL, 296, NULL, NULL, NULL, NULL, 296),
  (718, 'matterForm', '2022-11-15 15:38:08.540864', '2022-11-15 15:38:08.540864', 329, NULL, 297, NULL, NULL, NULL, NULL, 297),
  (719, 'matterForm', '2022-11-15 15:38:08.543155', '2022-11-15 15:38:08.543155', 329, NULL, 298, NULL, NULL, NULL, NULL, 298),
  (720, 'matterForm', '2022-11-15 15:38:08.546903', '2022-11-15 15:38:08.546903', 329, NULL, 299, NULL, NULL, NULL, NULL, 299),
  (721, 'matterForm', '2022-11-15 15:38:08.549699', '2022-11-15 15:38:08.549699', 330, NULL, 301, NULL, NULL, NULL, NULL, 301),
  (722, 'matterForm', '2022-11-15 15:38:08.553698', '2022-11-15 15:38:08.553698', 330, NULL, 302, NULL, NULL, NULL, NULL, 302),
  (723, 'matterForm', '2022-11-15 15:38:08.557031', '2022-11-15 15:38:08.557031', 330, NULL, 303, NULL, NULL, NULL, NULL, 303),
  (724, 'matterForm', '2022-11-15 15:38:08.558782', '2022-11-15 15:38:08.558782', 330, NULL, 304, NULL, NULL, NULL, NULL, 304),
  (725, 'matterForm', '2022-11-15 15:38:08.561407', '2022-11-15 15:38:08.561407', 5, NULL, 305, NULL, NULL, NULL, NULL, 305),
  (726, 'matterForm', '2022-11-15 15:38:08.563260', '2022-11-15 15:38:08.563260', 5, NULL, 306, NULL, NULL, NULL, NULL, 306),
  (727, 'matterForm', '2022-11-15 15:38:08.564918', '2022-11-15 15:38:08.564918', 6, NULL, 307, NULL, NULL, NULL, NULL, 307),
  (728, 'matterForm', '2022-11-15 15:38:08.566392', '2022-11-15 15:38:08.566392', 15, NULL, 308, NULL, NULL, NULL, NULL, 308),
  (729, 'matterForm', '2022-11-15 15:38:08.568862', '2022-11-15 15:38:08.568862', 16, NULL, 309, NULL, NULL, NULL, NULL, 309),
  (730, 'matterForm', '2022-11-15 15:38:08.571861', '2022-11-15 15:38:08.571861', 17, NULL, 310, NULL, NULL, NULL, NULL, 310),
  (731, 'matterForm', '2022-11-15 15:38:08.573584', '2022-11-15 15:38:08.573584', 3, NULL, 311, NULL, NULL, NULL, NULL, 311),
  (732, 'matterForm', '2022-11-15 15:38:08.575255', '2022-11-15 15:38:08.575255', 21, NULL, 312, NULL, NULL, NULL, NULL, 312),
  (733, 'matterForm', '2022-11-15 15:38:08.576948', '2022-11-15 15:38:08.576948', 5, NULL, 313, NULL, NULL, NULL, NULL, 313),
  (734, 'matterForm', '2022-11-15 15:38:08.578415', '2022-11-15 15:38:08.578415', 6, NULL, 315, NULL, NULL, NULL, NULL, 315),
  (735, 'matterForm', '2022-11-15 15:38:08.580738', '2022-11-15 15:38:08.580738', 15, NULL, 317, NULL, NULL, NULL, NULL, 317),
  (736, 'matterForm', '2022-11-15 15:38:08.582749', '2022-11-15 15:38:08.582749', 6, NULL, 318, NULL, NULL, NULL, NULL, 318),
  (737, 'matterForm', '2022-11-15 15:38:08.583749', '2022-11-15 15:38:08.583749', 17, NULL, 319, NULL, NULL, NULL, NULL, 319),
  (738, 'matterForm', '2022-11-15 15:38:08.586749', '2022-11-15 15:38:08.586749', 1, NULL, 320, NULL, NULL, NULL, NULL, 320),
  (739, 'matterForm', '2022-11-15 15:38:08.588871', '2022-11-15 15:38:08.588871', 1, NULL, 321, NULL, NULL, NULL, NULL, 321),
  (740, 'matterForm', '2022-11-15 15:38:08.590482', '2022-11-15 15:38:08.590482', 1, NULL, 322, NULL, NULL, NULL, NULL, 322),
  (741, 'matterForm', '2022-11-15 15:38:08.592103', '2022-11-15 15:38:08.592103', 1, NULL, 323, NULL, NULL, NULL, NULL, 323),
  (742, 'matterForm', '2022-11-15 15:38:08.593870', '2022-11-15 15:38:08.593870', 1, NULL, 324, NULL, NULL, NULL, NULL, 324),
  (743, 'matterForm', '2022-11-15 15:38:08.595438', '2022-11-15 15:38:08.595438', 1, NULL, 325, NULL, NULL, NULL, NULL, 325),
  (744, 'matterForm', '2022-11-15 15:38:08.597196', '2022-11-15 15:38:08.597196', 1, NULL, 326, NULL, NULL, NULL, NULL, 326),
  (745, 'matterForm', '2022-11-15 15:38:08.598945', '2022-11-15 15:38:08.598945', 1, NULL, 327, NULL, NULL, NULL, NULL, 327),
  (746, 'matterForm', '2022-11-15 15:38:08.600716', '2022-11-15 15:38:08.600716', 1, NULL, 328, NULL, NULL, NULL, NULL, 328),
  (747, 'matterForm', '2022-11-15 15:38:08.602442', '2022-11-15 15:38:08.602442', 1, NULL, 329, NULL, NULL, NULL, NULL, 329),
  (748, 'matterForm', '2022-11-15 15:38:08.604061', '2022-11-15 15:38:08.604061', 1, NULL, 330, NULL, NULL, NULL, NULL, 330),
  (749, 'matterForm', '2022-11-15 15:38:08.606915', '2022-11-15 15:38:08.606915', 320, NULL, 331, NULL, NULL, NULL, NULL, 331),
  (750, 'matterForm', '2022-11-15 15:38:08.608926', '2022-11-15 15:38:08.608926', 321, NULL, 332, NULL, NULL, NULL, NULL, 332),
  (751, 'matterForm', '2022-11-15 15:38:08.612745', '2022-11-15 15:38:08.612745', 322, NULL, 333, NULL, NULL, NULL, NULL, 333),
  (752, 'matterForm', '2022-11-15 15:38:08.617742', '2022-11-15 15:38:08.617742', 323, NULL, 334, NULL, NULL, NULL, NULL, 334),
  (753, 'matterForm', '2022-11-15 15:38:08.620607', '2022-11-15 15:38:08.620607', 324, NULL, 335, NULL, NULL, NULL, NULL, 335),
  (754, 'matterForm', '2022-11-15 15:38:08.623804', '2022-11-15 15:38:08.623804', 325, NULL, 336, NULL, NULL, NULL, NULL, 336),
  (755, 'matterForm', '2022-11-15 15:38:08.625423', '2022-11-15 15:38:08.625423', 326, NULL, 337, NULL, NULL, NULL, NULL, 337),
  (756, 'matterForm', '2022-11-15 15:38:08.629078', '2022-11-15 15:38:08.629078', 327, NULL, 338, NULL, NULL, NULL, NULL, 338),
  (757, 'matterForm', '2022-11-15 15:38:08.632078', '2022-11-15 15:38:08.632078', 328, NULL, 339, NULL, NULL, NULL, NULL, 339),
  (758, 'matterForm', '2022-11-15 15:38:08.635078', '2022-11-15 15:38:08.635078', 329, NULL, 340, NULL, NULL, NULL, NULL, 340),
  (759, 'matterForm', '2022-11-15 15:38:08.638077', '2022-11-15 15:38:08.638077', 330, NULL, 341, NULL, NULL, NULL, NULL, 341),
  (760, 'matterForm', '2022-11-15 15:38:08.640078', '2022-11-15 15:38:08.640078', 19, NULL, 342, NULL, NULL, NULL, NULL, 342),
  (761, 'matterForm', '2022-11-15 15:38:08.641078', '2022-11-15 15:38:08.641078', 9, NULL, 343, NULL, NULL, NULL, NULL, 343),
  (762, 'matterForm', '2022-11-15 15:38:08.644077', '2022-11-15 15:38:08.644077', 326, NULL, 344, NULL, NULL, NULL, NULL, 344),
  (763, 'matterForm', '2022-11-15 15:38:08.648078', '2022-11-15 15:38:08.648078', 326, NULL, 345, NULL, NULL, NULL, NULL, 345),
  (764, 'matterForm', '2022-11-15 15:38:08.650100', '2022-11-15 15:38:08.650100', 326, NULL, 346, NULL, NULL, NULL, NULL, 346);

INSERT INTO
  approval_step (id, content, status, update_time, approval_id, approve_user_id)
VALUES
  (601, NULL, 'REVIEWED', '2022-11-15 15:38:08.088566', 601, 1),
  (602, NULL, 'REVIEWED', '2022-11-15 15:38:08.099023', 602, 1),
  (603, NULL, 'REVIEWED', '2022-11-15 15:38:08.103682', 603, 1),
  (604, NULL, 'REVIEWED', '2022-11-15 15:38:08.108683', 604, 1),
  (605, NULL, 'REVIEWED', '2022-11-15 15:38:08.113684', 605, 1),
  (606, NULL, 'REVIEWED', '2022-11-15 15:38:08.118683', 606, 1),
  (607, NULL, 'REVIEWED', '2022-11-15 15:38:08.123347', 607, 1),
  (608, NULL, 'REVIEWED', '2022-11-15 15:38:08.127569', 608, 1),
  (609, NULL, 'REVIEWED', '2022-11-15 15:38:08.133591', 609, 1),
  (610, NULL, 'REVIEWED', '2022-11-15 15:38:08.138582', 610, 1),
  (611, NULL, 'REVIEWED', '2022-11-15 15:38:08.143255', 611, 1),
  (612, NULL, 'REVIEWED', '2022-11-15 15:38:08.148112', 612, 1),
  (613, NULL, 'REVIEWED', '2022-11-15 15:38:08.152275', 613, 1),
  (614, NULL, 'REVIEWED', '2022-11-15 15:38:08.156827', 614, 1),
  (615, NULL, 'REVIEWED', '2022-11-15 15:38:08.162161', 615, 1),
  (616, NULL, 'REVIEWED', '2022-11-15 15:38:08.168170', 616, 1),
  (617, NULL, 'REVIEWED', '2022-11-15 15:38:08.172561', 617, 1),
  (618, NULL, 'REVIEWED', '2022-11-15 15:38:08.176418', 618, 1),
  (619, NULL, 'REVIEWED', '2022-11-15 15:38:08.180500', 619, 1),
  (620, NULL, 'REVIEWED', '2022-11-15 15:38:08.184790', 620, 1),
  (621, NULL, 'REVIEWED', '2022-11-15 15:38:08.195599', 621, 1),
  (622, NULL, 'REVIEWED', '2022-11-15 15:38:08.199908', 622, 1),
  (623, NULL, 'REVIEWED', '2022-11-15 15:38:08.203421', 623, 305),
  (624, NULL, 'REVIEWED', '2022-11-15 15:38:08.206472', 624, 305),
  (625, NULL, 'REVIEWED', '2022-11-15 15:38:08.210678', 625, 306),
  (626, NULL, 'REVIEWED', '2022-11-15 15:38:08.214127', 626, 307),
  (627, NULL, 'REVIEWED', '2022-11-15 15:38:08.218129', 627, 307),
  (628, NULL, 'REVIEWED', '2022-11-15 15:38:08.222154', 628, 307),
  (629, NULL, 'REVIEWED', '2022-11-15 15:38:08.226050', 629, 308),
  (630, NULL, 'REVIEWED', '2022-11-15 15:38:08.229693', 630, 308),
  (631, NULL, 'REVIEWED', '2022-11-15 15:38:08.232703', 631, 308),
  (632, NULL, 'REVIEWED', '2022-11-15 15:38:08.236506', 632, 308),
  (633, NULL, 'REVIEWED', '2022-11-15 15:38:08.241506', 633, 309),
  (634, NULL, 'REVIEWED', '2022-11-15 15:38:08.245506', 634, 309),
  (635, NULL, 'REVIEWED', '2022-11-15 15:38:08.249354', 635, 309),
  (636, NULL, 'REVIEWED', '2022-11-15 15:38:08.252367', 636, 309),
  (637, NULL, 'REVIEWED', '2022-11-15 15:38:08.256046', 637, 309),
  (638, NULL, 'REVIEWED', '2022-11-15 15:38:08.259830', 638, 310),
  (639, NULL, 'REVIEWED', '2022-11-15 15:38:08.263840', 639, 310),
  (640, NULL, 'REVIEWED', '2022-11-15 15:38:08.267573', 640, 310),
  (641, NULL, 'REVIEWED', '2022-11-15 15:38:08.271586', 641, 310),
  (642, NULL, 'REVIEWED', '2022-11-15 15:38:08.274803', 642, 310),
  (643, NULL, 'REVIEWED', '2022-11-15 15:38:08.278917', 643, 311),
  (644, NULL, 'REVIEWED', '2022-11-15 15:38:08.282642', 644, 311),
  (645, NULL, 'REVIEWED', '2022-11-15 15:38:08.285651', 645, 312),
  (646, NULL, 'REVIEWED', '2022-11-15 15:38:08.289652', 646, 312),
  (647, NULL, 'REVIEWED', '2022-11-15 15:38:08.293192', 647, 312),
  (648, NULL, 'REVIEWED', '2022-11-15 15:38:08.297133', 648, 312),
  (649, NULL, 'REVIEWED', '2022-11-15 15:38:08.300242', 649, 313),
  (650, NULL, 'REVIEWED', '2022-11-15 15:38:08.304277', 650, 313),
  (651, NULL, 'REVIEWED', '2022-11-15 15:38:08.307644', 651, 313),
  (652, NULL, 'REVIEWED', '2022-11-15 15:38:08.311333', 652, 313),
  (653, NULL, 'REVIEWED', '2022-11-15 15:38:08.314681', 653, 343),
  (654, NULL, 'REVIEWED', '2022-11-15 15:38:08.318702', 654, 343),
  (655, NULL, 'REVIEWED', '2022-11-15 15:38:08.322886', 655, 315),
  (656, NULL, 'REVIEWED', '2022-11-15 15:38:08.326804', 656, 317),
  (657, NULL, 'REVIEWED', '2022-11-15 15:38:08.330286', 657, 317),
  (658, NULL, 'REVIEWED', '2022-11-15 15:38:08.334295', 658, 317),
  (659, NULL, 'REVIEWED', '2022-11-15 15:38:08.337295', 659, 318),
  (660, NULL, 'REVIEWED', '2022-11-15 15:38:08.341296', 660, 326),
  (661, NULL, 'REVIEWED', '2022-11-15 15:38:08.345296', 661, 319),
  (662, NULL, 'REVIEWED', '2022-11-15 15:38:08.349295', 662, 319),
  (663, NULL, 'REVIEWED', '2022-11-15 15:38:08.353308', 663, 320),
  (664, NULL, 'REVIEWED', '2022-11-15 15:38:08.357657', 664, 320),
  (665, NULL, 'REVIEWED', '2022-11-15 15:38:08.373666', 665, 320),
  (666, NULL, 'REVIEWED', '2022-11-15 15:38:08.376666', 666, 320),
  (667, NULL, 'REVIEWED', '2022-11-15 15:38:08.379536', 667, 320),
  (668, NULL, 'REVIEWED', '2022-11-15 15:38:08.384965', 668, 320),
  (669, NULL, 'REVIEWED', '2022-11-15 15:38:08.388365', 669, 320),
  (670, NULL, 'REVIEWED', '2022-11-15 15:38:08.391625', 670, 320),
  (671, NULL, 'REVIEWED', '2022-11-15 15:38:08.394502', 671, 320),
  (672, NULL, 'REVIEWED', '2022-11-15 15:38:08.397901', 672, 321),
  (673, NULL, 'REVIEWED', '2022-11-15 15:38:08.400825', 673, 321),
  (674, NULL, 'REVIEWED', '2022-11-15 15:38:08.403994', 674, 321),
  (675, NULL, 'REVIEWED', '2022-11-15 15:38:08.407186', 675, 321),
  (676, NULL, 'REVIEWED', '2022-11-15 15:38:08.410800', 676, 321),
  (677, NULL, 'REVIEWED', '2022-11-15 15:38:08.414691', 677, 322),
  (678, NULL, 'REVIEWED', '2022-11-15 15:38:08.418858', 678, 322),
  (679, NULL, 'REVIEWED', '2022-11-15 15:38:08.422333', 679, 322),
  (680, NULL, 'REVIEWED', '2022-11-15 15:38:08.425416', 680, 322),
  (681, NULL, 'REVIEWED', '2022-11-15 15:38:08.427909', 681, 322),
  (682, NULL, 'REVIEWED', '2022-11-15 15:38:08.431453', 682, 322),
  (683, NULL, 'REVIEWED', '2022-11-15 15:38:08.434240', 683, 323),
  (684, NULL, 'REVIEWED', '2022-11-15 15:38:08.436591', 684, 323),
  (685, NULL, 'REVIEWED', '2022-11-15 15:38:08.439968', 685, 323),
  (686, NULL, 'REVIEWED', '2022-11-15 15:38:08.442981', 686, 323),
  (687, NULL, 'REVIEWED', '2022-11-15 15:38:08.446502', 687, 323),
  (688, NULL, 'REVIEWED', '2022-11-15 15:38:08.449437', 688, 323),
  (689, NULL, 'REVIEWED', '2022-11-15 15:38:08.452363', 689, 324),
  (690, NULL, 'REVIEWED', '2022-11-15 15:38:08.455270', 690, 324),
  (691, NULL, 'REVIEWED', '2022-11-15 15:38:08.460138', 691, 324),
  (692, NULL, 'REVIEWED', '2022-11-15 15:38:08.463148', 692, 324),
  (693, NULL, 'REVIEWED', '2022-11-15 15:38:08.466295', 693, 324),
  (694, NULL, 'REVIEWED', '2022-11-15 15:38:08.469208', 694, 324),
  (695, NULL, 'REVIEWED', '2022-11-15 15:38:08.471822', 695, 325),
  (696, NULL, 'REVIEWED', '2022-11-15 15:38:08.473747', 696, 325),
  (697, NULL, 'REVIEWED', '2022-11-15 15:38:08.477746', 697, 325),
  (698, NULL, 'REVIEWED', '2022-11-15 15:38:08.481223', 698, 325),
  (699, NULL, 'REVIEWED', '2022-11-15 15:38:08.484176', 699, 325),
  (700, NULL, 'REVIEWED', '2022-11-15 15:38:08.487143', 700, 325),
  (701, NULL, 'REVIEWED', '2022-11-15 15:38:08.490018', 701, 326),
  (702, NULL, 'REVIEWED', '2022-11-15 15:38:08.492707', 702, 326),
  (703, NULL, 'REVIEWED', '2022-11-15 15:38:08.495945', 703, 326),
  (704, NULL, 'REVIEWED', '2022-11-15 15:38:08.498331', 704, 327),
  (705, NULL, 'REVIEWED', '2022-11-15 15:38:08.501439', 705, 327),
  (706, NULL, 'REVIEWED', '2022-11-15 15:38:08.503991', 706, 327),
  (707, NULL, 'REVIEWED', '2022-11-15 15:38:08.505846', 707, 327),
  (708, NULL, 'REVIEWED', '2022-11-15 15:38:08.510788', 708, 327),
  (709, NULL, 'REVIEWED', '2022-11-15 15:38:08.513683', 709, 328),
  (710, NULL, 'REVIEWED', '2022-11-15 15:38:08.516620', 710, 328),
  (711, NULL, 'REVIEWED', '2022-11-15 15:38:08.519685', 711, 328),
  (712, NULL, 'REVIEWED', '2022-11-15 15:38:08.522697', 712, 328),
  (713, NULL, 'REVIEWED', '2022-11-15 15:38:08.525662', 713, 328),
  (714, NULL, 'REVIEWED', '2022-11-15 15:38:08.528763', 714, 329),
  (715, NULL, 'REVIEWED', '2022-11-15 15:38:08.531957', 715, 329),
  (716, NULL, 'REVIEWED', '2022-11-15 15:38:08.535140', 716, 329),
  (717, NULL, 'REVIEWED', '2022-11-15 15:38:08.538149', 717, 329),
  (718, NULL, 'REVIEWED', '2022-11-15 15:38:08.542147', 718, 329),
  (719, NULL, 'REVIEWED', '2022-11-15 15:38:08.544834', 719, 329),
  (720, NULL, 'REVIEWED', '2022-11-15 15:38:08.547688', 720, 329),
  (721, NULL, 'REVIEWED', '2022-11-15 15:38:08.551698', 721, 330),
  (722, NULL, 'REVIEWED', '2022-11-15 15:38:08.554699', 722, 330),
  (723, NULL, 'REVIEWED', '2022-11-15 15:38:08.557876', 723, 330),
  (724, NULL, 'REVIEWED', '2022-11-15 15:38:08.559792', 724, 330),
  (725, NULL, 'REVIEWED', '2022-11-15 15:38:08.562445', 725, 5),
  (726, NULL, 'REVIEWED', '2022-11-15 15:38:08.564141', 726, 5),
  (727, NULL, 'REVIEWED', '2022-11-15 15:38:08.565844', 727, 6),
  (728, NULL, 'REVIEWED', '2022-11-15 15:38:08.567859', 728, 15),
  (729, NULL, 'REVIEWED', '2022-11-15 15:38:08.570862', 729, 16),
  (730, NULL, 'REVIEWED', '2022-11-15 15:38:08.572677', 730, 17),
  (731, NULL, 'REVIEWED', '2022-11-15 15:38:08.574491', 731, 3),
  (732, NULL, 'REVIEWED', '2022-11-15 15:38:08.576055', 732, 21),
  (733, NULL, 'REVIEWED', '2022-11-15 15:38:08.577786', 733, 5),
  (734, NULL, 'REVIEWED', '2022-11-15 15:38:08.579428', 734, 6),
  (735, NULL, 'REVIEWED', '2022-11-15 15:38:08.581761', 735, 15),
  (736, NULL, 'REVIEWED', '2022-11-15 15:38:08.582749', 736, 6),
  (737, NULL, 'REVIEWED', '2022-11-15 15:38:08.585749', 737, 17),
  (738, NULL, 'REVIEWED', '2022-11-15 15:38:08.587749', 738, 1),
  (739, NULL, 'REVIEWED', '2022-11-15 15:38:08.589666', 739, 1),
  (740, NULL, 'REVIEWED', '2022-11-15 15:38:08.591291', 740, 1),
  (741, NULL, 'REVIEWED', '2022-11-15 15:38:08.592963', 741, 1),
  (742, NULL, 'REVIEWED', '2022-11-15 15:38:08.594639', 742, 1),
  (743, NULL, 'REVIEWED', '2022-11-15 15:38:08.596359', 743, 1),
  (744, NULL, 'REVIEWED', '2022-11-15 15:38:08.598030', 744, 1),
  (745, NULL, 'REVIEWED', '2022-11-15 15:38:08.598945', 745, 1),
  (746, NULL, 'REVIEWED', '2022-11-15 15:38:08.601670', 746, 1),
  (747, NULL, 'REVIEWED', '2022-11-15 15:38:08.603244', 747, 1),
  (748, NULL, 'REVIEWED', '2022-11-15 15:38:08.604895', 748, 1),
  (749, NULL, 'REVIEWED', '2022-11-15 15:38:08.607914', 749, 320),
  (750, NULL, 'REVIEWED', '2022-11-15 15:38:08.610238', 750, 321),
  (751, NULL, 'REVIEWED', '2022-11-15 15:38:08.613755', 751, 322),
  (752, NULL, 'REVIEWED', '2022-11-15 15:38:08.618607', 752, 323),
  (753, NULL, 'REVIEWED', '2022-11-15 15:38:08.621904', 753, 324),
  (754, NULL, 'REVIEWED', '2022-11-15 15:38:08.624536', 754, 325),
  (755, NULL, 'REVIEWED', '2022-11-15 15:38:08.626432', 755, 326),
  (756, NULL, 'REVIEWED', '2022-11-15 15:38:08.630079', 756, 327),
  (757, NULL, 'REVIEWED', '2022-11-15 15:38:08.633078', 757, 328),
  (758, NULL, 'REVIEWED', '2022-11-15 15:38:08.636078', 758, 329),
  (759, NULL, 'REVIEWED', '2022-11-15 15:38:08.639078', 759, 330),
  (760, NULL, 'REVIEWED', '2022-11-15 15:38:08.641078', 760, 19),
  (761, NULL, 'REVIEWED', '2022-11-15 15:38:08.642078', 761, 9),
  (762, NULL, 'REVIEWED', '2022-11-15 15:38:08.645078', 762, 326),
  (763, NULL, 'REVIEWED', '2022-11-15 15:38:08.649092', 763, 326),
  (764, NULL, 'REVIEWED', '2022-11-15 15:38:08.651787', 764, 326);