SET @OLD_CHARACTER_SET_CLIENT=@@CHARACTER_SET_CLIENT;
SET NAMES utf8;
SET NAMES utf8mb4;
SET @OLD_FOREIGN_KEY_CHECKS=@@FOREIGN_KEY_CHECKS, FOREIGN_KEY_CHECKS=0;
SET @OLD_SQL_MODE=@@SQL_MODE, SQL_MODE='NO_AUTO_VALUE_ON_ZERO';
SET @OLD_SQL_NOTES=@@SQL_NOTES, SQL_NOTES=0;

ALTER TABLE `approval` DISABLE KEYS;
INSERT INTO `approval` (`id`, `create_time`, `update_time`, `approve_user_id`, `copy_user_id`, `meeting_id`, `meeting_topic_id`, `plan_id`, `progress_id`) VALUES
	(11, '2022-06-22 09:25:25.764751', '2022-06-22 09:25:25.764751', 1, NULL, NULL, 1, NULL, NULL),
	(12, '2022-06-22 09:29:38.344481', '2022-06-22 09:29:38.344481', 1, NULL, NULL, 2, NULL, NULL),
	(13, '2022-06-22 09:32:17.461596', '2022-06-22 09:32:17.461596', 1, NULL, NULL, 3, NULL, NULL),
	(14, '2022-06-22 09:35:20.236672', '2022-06-22 09:35:20.236672', 1, NULL, NULL, 4, NULL, NULL),
	(15, '2022-06-22 09:37:47.979886', '2022-06-22 09:37:47.979886', 1, NULL, NULL, 5, NULL, NULL),
	(16, '2022-06-22 09:48:42.644277', '2022-06-22 09:48:42.644277', 1, NULL, NULL, 8, NULL, NULL),
	(17, '2022-06-22 09:53:56.901966', '2022-06-22 09:53:56.901966', 1, NULL, NULL, 9, NULL, NULL),
	(18, '2022-06-22 09:56:53.375730', '2022-06-22 09:56:53.375730', 1, NULL, NULL, 10, NULL, NULL),
	(19, '2022-06-22 10:00:18.101276', '2022-06-22 10:00:18.101276', 1, NULL, NULL, 11, NULL, NULL),
	(20, '2022-06-22 10:04:00.490744', '2022-06-22 10:04:00.490744', 1, NULL, NULL, 12, NULL, NULL),
	(21, '2022-06-22 10:06:25.741811', '2022-06-22 10:06:25.741811', 1, NULL, NULL, 13, NULL, NULL),
	(22, '2022-06-22 10:10:26.996799', '2022-06-22 10:10:26.996799', 1, NULL, NULL, 14, NULL, NULL),
	(23, '2022-06-22 10:12:57.058596', '2022-06-22 10:12:57.058596', 1, NULL, NULL, 15, NULL, NULL),
	(24, '2022-06-22 10:16:41.787490', '2022-06-22 10:16:41.787490', 1, NULL, NULL, 16, NULL, NULL),
	(25, '2022-06-22 10:18:50.325287', '2022-06-22 10:18:50.325287', 1, NULL, NULL, 17, NULL, NULL),
	(26, '2022-06-22 10:20:53.119294', '2022-06-22 10:20:53.119294', 1, NULL, NULL, 18, NULL, NULL),
	(27, '2022-06-22 10:22:46.556498', '2022-06-22 10:22:46.556498', 1, NULL, NULL, 19, NULL, NULL),
	(28, '2022-06-22 10:24:34.590958', '2022-06-22 10:24:34.590958', 1, NULL, NULL, 20, NULL, NULL),
	(29, '2022-06-22 10:26:28.607896', '2022-06-22 10:26:28.607896', 1, NULL, NULL, 21, NULL, NULL),
	(30, '2022-06-22 10:28:45.979118', '2022-06-22 10:28:45.979118', 1, NULL, NULL, 22, NULL, NULL);
ALTER TABLE `approval` ENABLE KEYS;

ALTER TABLE `approval_step` DISABLE KEYS;
INSERT INTO `approval_step` (`id`, `content`, `status`, `update_time`, `approval_id`, `approve_user_id`) VALUES
	(11, NULL, 'REVIEWED', '2022-06-22 15:04:48.259757', 11, 1),
	(12, NULL, 'REVIEWED', '2022-06-22 15:04:37.312012', 12, 1),
	(13, NULL, 'REVIEWED', '2022-06-22 15:04:21.308740', 13, 1),
	(14, NULL, 'REVIEWED', '2022-06-22 15:04:13.338456', 14, 1),
	(15, NULL, 'REVIEWED', '2022-06-22 15:04:05.496040', 15, 1),
	(16, NULL, 'REVIEWED', '2022-06-22 15:03:58.310137', 16, 1),
	(17, NULL, 'REVIEWED', '2022-06-22 15:03:49.963567', 17, 1),
	(18, NULL, 'REVIEWED', '2022-06-22 15:03:41.983764', 18, 1),
	(19, NULL, 'REVIEWED', '2022-06-22 15:03:32.826277', 19, 1),
	(20, NULL, 'REVIEWED', '2022-06-22 15:03:23.448840', 20, 1),
	(21, NULL, 'REVIEWED', '2022-06-22 15:03:15.319213', 21, 1),
	(22, NULL, 'REVIEWED', '2022-06-22 15:02:56.439444', 22, 1),
	(23, NULL, 'REVIEWED', '2022-06-22 15:02:48.540445', 23, 1),
	(24, NULL, 'REVIEWED', '2022-06-22 15:02:40.866013', 24, 1),
	(25, NULL, 'REVIEWED', '2022-06-22 15:02:32.011107', 25, 1),
	(26, NULL, 'REVIEWED', '2022-06-22 15:02:23.265959', 26, 1),
	(27, NULL, 'REVIEWED', '2022-06-22 15:02:14.757220', 27, 1),
	(28, NULL, 'REVIEWED', '2022-06-22 14:59:36.341597', 28, 1),
	(29, NULL, 'REVIEWED', '2022-06-22 14:59:23.128084', 29, 1),
	(30, NULL, 'REVIEWED', '2022-06-22 14:59:10.819077', 30, 1);
ALTER TABLE `approval_step` ENABLE KEYS;

ALTER TABLE `attach` DISABLE KEYS;
INSERT INTO `attach` (`id`, `file_name`, `fs_file_name`, `update_time`, `upload_user_id`, `source_ordinal_form_id`, `source_meeting_id`, `source_inform_id`) VALUES
	(1, '监督检查.jpg', '1_监督检查.jpg', '2022-06-28 15:53:09.127789', 999, 1, NULL, NULL),
	(2, '（横港村202205）党风廉政建设意见书.doc', '（横港村202205）党风廉政建设意见书_20220711_003136.doc', '2022-07-11 00:31:36.814575', 999, NULL, NULL, 5),
	(3, '（农业农村办202205）党风廉政建设建议书.doc', '（农业农村办202205）党风廉政建设建议书_20220711_004017.doc', '2022-07-11 00:40:17.231204', 999, NULL, NULL, 4),
	(4, '落实第一种形态告知书（202201）.docx', '落实第一种形态告知书（202201）_20220711_004036.docx', '2022-07-11 00:40:36.731937', 999, NULL, NULL, 6),
	(5, '（4.28党委会议，纪委书记李勤根领学，班子成员参加）传达学习省纪委关于10起违反中央八项规定精神问题的通报.doc', '（4.28党委会议，纪委书记李勤根领学，班子成员参加）传达学习省纪委关于10起违反中央八项规定精神问题的通报.doc', '2022-07-11 10:12:44.944404', 7, 4, NULL, NULL),
	(6, '（5.6党委会议，纪委书记李勤根领学，班子成员参加）会议传达学习市纪委关于8起违反中央八项规定精神问题通报.doc', '（5.6党委会议，纪委书记李勤根领学，班子成员参加）会议传达学习市纪委关于8起违反中央八项规定精神问题通报.doc', '2022-07-11 10:16:20.058873', 7, 5, NULL, NULL),
	(7, '（6.5党委会议，党委委员范郭真领学，班子成员参加）学习《求是》杂志总书记《正确认识和把握我国发展重大理论和实践问题》.doc', '（6.5党委会议，党委委员范郭真领学，班子成员参加）学习《求是》杂志总书记《正确认识和把握我国发展重大理论和实践问题》.doc', '2022-07-11 10:17:56.990437', 7, 6, NULL, NULL),
	(8, '提醒谈话（陆水良）.docx', '提醒谈话（陆水良）.docx', '2022-07-11 10:26:15.418963', 21, 7, NULL, NULL),
	(9, '提醒谈话（徐忠玲）.docx', '提醒谈话（徐忠玲）.docx', '2022-07-11 10:28:05.915877', 21, 8, NULL, NULL),
	(10, '提醒谈话（张永明）.docx', '提醒谈话（张永明）.docx', '2022-07-11 10:29:31.339530', 21, 9, NULL, NULL),
	(11, '张春伟 提醒谈话 2021.1.11.docx', '张春伟 提醒谈话 2021.1.11.docx', '2022-07-11 10:31:54.277814', 17, 10, NULL, NULL),
	(12, '领导干部及其家庭成员重大事项即时报告汇总表（5月）.docx', '领导干部及其家庭成员重大事项即时报告汇总表（5月）_20220711_165643.docx', '2022-07-11 16:56:43.733886', 1, 3, NULL, NULL);
ALTER TABLE `attach` ENABLE KEYS;

ALTER TABLE `department` DISABLE KEYS;
INSERT INTO `department` (`id`, `dept_order`, `name`, `parent_id`, `short_name`) VALUES
	(1, 1, '区(镇)党委', NULL, NULL),
	(2, 2, '区(镇)党委书记', NULL, NULL),
	(3, 3, '班子其他成员', NULL, NULL),
	(4, 4, '纪委监察办', NULL, NULL),
	(5, 5, '组织部门', NULL, NULL),
	(6, 6, '党政综合办公室', 1, '党政办'),
	(7, 7, '党建工作办公室', 1, '党建办'),
	(8, 8, '社会治理办公室', 1, '社会治理办'),
	(9, 9, '经济发展办公室', 1, '经发办'),
	(10, 10, '社会事务服务管理办公室', 1, '社会事务办'),
	(11, 11, '村镇建设管理办公室', 1, '村建办'),
	(12, 12, '财政办公室', 1, '财政办'),
	(13, 13, '农业农村办公室', 1, '农业农村办'),
	(14, 14, '招商和项目推进科', 1, NULL),
	(15, 16, '文化站', 1, '文化站'),
	(16, 17, '生态环境办公室', 1, NULL),
	(17, 18, '生态环境执法分队', 1, '生环分队'),
	(18, 19, '市场监督管理局百步分局', 1, '市场监管百步分局'),
	(19, 20, '综合行政执法中队', 1, '综合执法'),
	(20, 21, '自然规划局百步分局', 1, '自然资源所'),
	(21, 22, '百步社区', 1, NULL),
	(22, 23, '百联村', 1, NULL),
	(23, 24, '超同村', 1, NULL),
	(24, 25, '逍恬村', 1, NULL),
	(25, 26, '农丰村', 1, NULL),
	(26, 27, '新升村', 1, NULL),
	(27, 28, '横港村', 1, NULL),
	(28, 29, '桃北村', 1, NULL),
	(29, 30, '胜利村', 1, NULL),
	(30, 31, '五丰村', 1, NULL),
	(31, 32, '得胜村', 1, NULL),
	(32, 15, '征搬迁办公室', 1, NULL),
	(999, 1, '系统管理员', NULL, NULL);
ALTER TABLE `department` ENABLE KEYS;

ALTER TABLE `fr_evaluation` DISABLE KEYS;
INSERT INTO `fr_evaluation` (`id`, `content`, `focus`, `name`, `page`, `type`, `value`) VALUES
	(1, '依据班子成员“一岗双责”及其下位责任实际，按要求参加及召开“1+X”会议，分析分管、联系及负责领域、分管基层站所等全面从严治党形势任务、问题风险，以及“七张问题清单”状况，明晰各方职责任务，研究解决履责突出问题，推进各方职责任务调整、完善及有效落实。', NULL, '“1+X”专题会议', 1, '明责评价', NULL),
	(2, '班子成员“一岗双责”及其下位责任主体，坚持问题、风险导向，特别是依据全面从严治党、“七张问题清单”导向，查找、建立分管、联系及负责领域、分管基层站所各主体等“问题清单”并全程跟进调整完善，同时有针对性地建立“措施清单”及依据上级移交、反馈、交办的“问题清单”有效、动态建立“措施清单”，确保明确履责方向、突出履责重点、强化履责协同、有效落实责任清单。', NULL, '建立责任清单', 1, '明责评价', NULL),
	(3, '班子成员按要求参加区（镇）党委“第一议题”（含学规学纪）学习，指导督促分管、联系及负责领域、分管基层站所认真制定年度安排计划，坚持每月不少于1次组织开展学习、宣传、教育、警示等活动，推动班子成员及分管主体做到“两个维护”，提高政治站位，强化纪律规矩意识，守牢法纪底线红线。', NULL, '“第一议题”制度', 1, '明责评价', NULL),
	(4, '班子成员“一岗双责”及其下位责任主体，依据自我查找、建立的，以及上级移交、反馈、交办的分管、联系及负责领域、分管基层站所各主体等“问题清单”及相应建立的“措施清单”等，全程动态推进整改进展直至整改完成销号，形成落实“整改清单”，实现各责任主体能动、协同履责工作到位，提升管党治党责任落实成效。', NULL, '落实责任清单', 1, '履责评价', NULL),
	(5, '根据“5+1”谈话机制要求，班子成员认真落实对分管、联系及负责领域、分管基层站所“一把手”开展日常谈话、受委托开展任职谈话及监督谈话，讲明职责任务，对苗头性、倾向性谈话及时进行提醒。认真落实区（镇）“一把手”对班子成员日常谈话和监督谈话要求，抓实“一岗双责”，注重自身问题、风险防范处置。', NULL, '“5+1”谈话机制', 1, '履责评价', NULL),
	(6, '班子成员“一岗双责”及其下位责任主体，围绕上级重大决策部署及分管、联系及负责领域、分管基层站所党风廉政建设重点领域，“七张问题清单”所涉内容等，相关主体每季度不少于1次组织（联合）开展监督检查，加强问题、风险排查发现及有效处置、整改。', NULL, '监督检查工作', 1, '履责评价', NULL),
	(7, '班子成员及其下位责任主体，严格按照区(镇）“三重一大”事项目录清单和议事规则规定要求，履行分管、联系领域及负责领域、分管基层站所涉“三重一大”事项决策必要前置程序，执行落实议事决策全流程纪实，分管领域自觉接受集体领导和有效监督，抓好相关问题整改。主动参与区（镇）“三重一大”事项决策监督，充分发表意见，特别是加强对“一把手”违反民主集中制问题的监督。', NULL, '“三重一大”决策', 1, '履责评价', NULL),
	(8, '班子成员“一岗双责”及其下位责任主体主动抓好监督执纪“四种形态”，主动适用第一种形态处置问题，主动发现、报告所分管、负责、联系领域、基层站所干部和公职人员的违纪违规违法问题。', NULL, '第一种形态运用', 1, '履责评价', NULL),
	(9, '班子成员发现同级班子其他成员，特别是“一把手”存在的苗头性、倾向性问题及时进行相互监提醒，对发现存在的重要问题，及时向区（镇）“一把手”或上级如实报告。同时，主动接受其他班子成员对本人的监督提醒，切实抓好问题整改。', NULL, '相互监督提醒', 1, '履责评价', NULL),
	(10, '班子成员对照“一岗双责”责任清单、协同履责绩效考评项目等，客观、如实、及时向上级报告履责情况，特别是主动做好向区（镇）“一把手”民主生活会前个别汇报、党委专题会议汇报及特殊情况随时汇报等，根据监督评议意见、“一把手”约谈意见及纪委情况通报等，抓好突出问题及风险整改。同时，认真抓好下位责任主体履责报告等职责范围内的监督评议工作，督促跟进评议反馈问题，特别是纪委情况通报问题的整改落实。', NULL, '履责情况报告', 1, '履责评价', NULL),
	(11, '班子成员在每年年底区（镇）党委（扩大）会议上述责述廉，把包括执行政治纪律和政治规矩、贯彻落实中央决策部署、履行管党治党责任、担当作为、工作实绩、履职用权、廉洁自律等方面，并接受评议。', NULL, '述责述廉评议', 1, '履责评价', NULL),
	(12, '班子成员认真落实个人有关事项报告规定，如实、及时做好即时报告、年度报告工作，每年民主生活进行书面公开，新任职“一把手”按规定做好到任后第一次党委会上进行口头公开。', NULL, '个人有关事项报告及公开', 1, '履责评价', NULL),
	(13, '班子成员“一岗双责”及其下位责任主体认真开展党员干部和公职人员廉政问题风险排查，有针对性地制定防范措施，抓好措施执行落实，防范廉政风险问题发生。', NULL, '廉政风险排查防控开展、落实', 1, '履责评价', NULL),
	(14, '班子成员按照区（镇）领导班子民主生活会要求，聚焦主题，认真开展理论学习、征求意见建议、相互谈心谈话、高质量撰写发言提纲、严肃开展批评和自我批评、主动做好相关问题情况说明、抓好问题整改落实。按照组织生活会督导要求，指导参加联系村（社）组织生活会，带领督导组抓好会前检查、会中指导、会后评估及跟进查摆问题整改工作。', NULL, '民主（组织）生活会（督导）', 1, '履责评价', NULL),
	(15, '班子成员要全面如实记录相关干部本人或授意他人插手干预干部选拔任用、土地使用权出让、工程建设、房地产开发与经营、执纪执法活动等重大事项情况并第一时间做好向区（镇）党委报告工作。', NULL, '领导干部插手干预重大事项记录报告', 1, '履责评价', NULL),
	(16, '班子成员按照落实“一岗双责”要求，认真抓好分管清廉机关（基层站所）建设，严格执行落实议事规则、集体决策机制及工程项目招投标制度规定等，严格执行行业、业务工作法律法规、政策制度规定，健全单位内部治理、内控、监督机制，全面规范权力运行，加强机关、站所）清廉文化建设，积极打造清廉单元建设示范标杆。', NULL, '清廉单元建设', 1, '履责评价', NULL),
	(17, '班子成员按照落实“一岗双责”要求，认真抓好“一单三书”制度的执行落实，对所涉的各类问题、风险，各主体强化责任落实，协同落实整改，层层落实管党治党责任。认真配合上级巡察、基层作风巡查、专项监督、专项治理等反馈问题的整改落实。', NULL, '“一单三书”', 1, '督责评价', NULL),
	(18, '班子成员按照落实“一岗双责”要求，认真抓好“纪委动议”制度的执行落实，对所涉的各类问题、风险及其他工作职责任务，各主体协同落实抓好整改及部署落实，防控风险、解决问题。认真抓好上级纪委专项监督、纪委专项治理及纪检监察建议书、正风肃纪移送函等按要求办理落实。', NULL, '纪委动议', 1, '督责评价', NULL),
	(19, '班子成员针对各责任主体日常监督等发现的问题，抓好“六必谈”等情形的履责约谈，同步抓好被上级履责约谈的整改落实，不断增强相关责任主体的履责意识、履责动力，推动各类问题、风险有效整改。', NULL, '履责约谈', 1, '督责评价', NULL),
	(20, '对班子成员“一岗双责”及其下位主体履责不到位、公权力大数据监督应用发现涉班子成员及下位主体的问题风险等，落实班子成员追踪督促、跟进有效闭环整改。', NULL, '履责追踪', 1, '督责评价', NULL),
	(21, '对班子成员“一岗双责”及其下位主体履责整改不力、公权力大数据监督应用发现涉班子成员及下位主体的问题风险处置整改不力或拒不整改、整改搞形式主义、官僚主义造成不良影响或严重后果的，实施预警并追究责任、作出处置。', NULL, '预警处置', 1, '追责评价', NULL),
	(22, '"发生违纪违规违法情况,或在推进上级党委、政府中心工作、重点工作中发生不作为慢作为乱作为假作为等问题的，班子成员及其下位主体干部职工被区（镇）及以上机关查处的一般给予相应扣分。在区（镇）党委、纪委监察办发现查处之前，及时跟进主动处置（指适用第一种形态的情形）的，不予扣分或相应予以加分；主动报告相关问题（指第二种形态及以上的情形）的，减半扣分或不予扣分；涉及瞒报的，加倍扣分。违纪违规案件发生后，针对分管、联系及分管基层站所等违纪党员干部、公职人员，通过组织生活会、警示教育会落实警示教育制度，强化以案促改，健全内部制度规范，强化内部监督，有具体举措并见到实效的，适当予以加分。"', NULL, '违纪违规', 1, '追责评价', NULL),
	(23, '按要求召开“1+X”会议，分析本村（社）全面从严治党形势任务、问题风险，以及“七张问题清单”状况，明晰各方职责任务，研究解决履责突出问题，推进各方职责任务调整、完善及有效落实。', NULL, '“1+X”专题会议', 2, '明责评价', NULL),
	(24, '坚持问题、风险导向，特别是依据全面从严治党、“七张问题清单”导向，查找、建立本村（社）各主体“问题清单”并全程跟进调整完善，同时有针对性地建立“措施清单”及依据上级移交、反馈、交办的“问题清单”有效、动态建立“措施清单”，确保明确履责方向、突出履责重点、强化履责协同、有效落实责任清单。', NULL, '建立责任清单', 2, '明责评价', NULL),
	(25, '认真制定“第一议题”（含学规学纪）年度安排计划，各村（社）坚持每月不少于1次组织开展学习、宣传、教育、警示等活动，推动村（社）各主体做到“两个维护”，提高政治站位，强化纪律规矩意识，守牢法纪底线红线。', NULL, '“第一议题”制度', 2, '明责评价', NULL),
	(26, '坚持问题、风险导向，依据本村（社）各主体自我查找、建立的，以及上级移交、反馈、交办的“问题清单”及相应建立的“措施清单”等，全程动态推进整改进展直至整改完成销号，形成落实“整改清单”，实现各责任主体能动、协同履责工作到位，提升管党治党责任落实成效。', NULL, '落实责任清单', 2, '履责评价', NULL),
	(27, '根据“5+1”谈话机制要求，村（社）“一把手”认真落实对班子成员日常谈话、监督谈话，讲明职责任务，对苗头性、倾向性谈话及时进行提醒。认真落实区（镇）“一把手”、纪委、组织部门负责人对村（社）“一把手”日常谈话、任职谈话、监督谈话、集体谈话、勉励谈话要求，抓实主体责任和“第一责任人”责任，注重自身问题、风险防范处置。', NULL, '“5+1”谈话机制', 2, '履责评价', NULL),
	(28, '围绕上级重大决策部署及村（社）党风廉政建设重点领域，“七张问题清单”所涉内容等，村（社）主体每季度不少于1次组织（联合）开展监督检查，加强问题、风险排查发现及有效处置、整改。', NULL, '监督检查工作', 2, '履责评价', NULL),
	(29, '严格执行村级重大事务“五议两公开”相关制度规定，对村（社）纳入区(镇）“三重一大”事项目录清单的项目按区（镇）相关规定严格执行落实，村（社）“一把手”严格执行末位表态等制度规定，班子成员主动参与决策监督、提出意见建议，加强对“一把手”违反民主集中制问题的监督。村（社）“一把手”和班子成员其主管、分管领域自觉接受集体领导和监督。', NULL, '重大事务决策', 2, '履责评价', NULL),
	(30, '主动抓好监督执纪“四种形态”，村（社）相关主体，特别是“一把手”主动适用第一种形态处置问题，主动发现、报告所负责或分管条线领域、下属网格党支部党员的违纪违法问题。', NULL, '第一种形态运用', 2, '履责评价', NULL),
	(31, '村（社）班子成员发现班子其他成员，特别是“一把手”存在的苗头性、倾向性问题及时进行相互监提醒，对发现存在的重要问题，及时向村（社）“一把手”或区（镇）党委、纪委和组织部门如实报告。同时，村（社）班子成员要主动接受其他班子成员对本人的监督提醒，切实抓好问题整改。', NULL, '相互监督提醒', 2, '履责评价', NULL),
	(32, '村（社）各主体对照责任清单、协同履责绩效考评项目等，客观、如实、及时向上级报告履责情况，抓好监督评议工作，督促跟进评议反馈问题整改落实，特别是做好村（社）“一把手”听取班子成员组织生活会前个别汇报、党组织专题会议汇报及特殊情况随时汇报，发现问题约谈督促整改，并纳入村（社）党组织向区（镇）党委书面报告，做好村（社）“一把手”向区（镇）“一把手”报告工作。', NULL, '履责情况报告', 2, '履责评价', NULL),
	(33, '村（社）班子成员在每年年底村（社）党组织等会议上述责述廉，把包括执行政治纪律和政治规矩、贯彻落实中央决策部署、履行管党治党责任、担当作为、工作实绩、履职用权、廉洁自律等方面，并接受评议，落实评议意见整改。同时，村（社）“一把手”做好向区（镇）党委述责述廉制度。', NULL, '述责述廉评议', 2, '履责评价', NULL),
	(34, '村（社）“一把手”认真落实个人有关事项报告规定，如实、及时做好个人有关事项集中报告、个人其他重要事项报告，每年组织生活进行书面公开，新任职村（社）“一把手”按规定做好到任后第一次党组织会议上进行口头公开。', NULL, '个人有关事项报告及公开', 2, '履责评价', NULL),
	(35, '村（社）班子及其成员按照村（社）班子组织生活会要求，聚焦主题，认真开展理论学习、征求意见建议、相互谈心谈话、高质量撰写发言提纲、严肃开展批评和自我批评、主动做好相关问题情况说明、抓好查摆问题、组织生活会评估反馈意见的整改落实。', NULL, '召开组织生活会', 2, '履责评价', NULL),
	(36, '村（社）班子成员，特别是“一把手”要全面如实记录相关干部本人或授意他人插手工程建设、资产处置等重大事项情况并第一时间做好向村（社）党组织报告工作。', NULL, '干部插手干预重大事项记录报告', 2, '履责评价', NULL),
	(37, '认真开展村（社）干部廉政问题风险排查，有针对性地制定防范措施，抓好措施执行落实，防范廉政风险问题发生。', NULL, '廉政风险排查防控', 2, '履责评价', NULL),
	(38, '认真开展清廉村居建设，严格执行落实班子议事规则、“五议两公开”村级重大事务议事决策机制及工程项目招投标制度规定等，推行实施村级“三资”监管信息系统和村级小微权力监管平台，健全内部治理机制，全面规范、制约村级小微权力运行，加强村居清廉文化建设，积极打造清廉村居建设示范点。以县对村（社）清廉村居指数考评结果认定。', NULL, '清廉村居建设', 2, '履责评价', NULL),
	(39, '依照村（社）纪委监察工作联络站履职清单，重点突出监督村（社）落实上级决策部署、村社监察对象依法履职、廉洁用权，以及作风操守情况，以及协助推进清廉村居建设、“四责协同”机制建设和加强自身建设等方面认真履职尽责。积极参与基层监督深化年活动，主动争创示范村社。以区（镇）纪委监察办对村（社）监察工作联络站年度考评结果认定。', NULL, '纪委监察工作联络站监督履职', 2, '履责评价', NULL),
	(40, '认真抓好“一单三书”制度的执行落实，对所涉的各类问题、风险，各主体强化责任落实，协同落实整改。同时，村党委主动探索延伸实施“一单三书”制度，层层落实管党治党责任。认真配合上级村居巡察（回头看）、基层作风巡查、专项监督、专项治理等反馈问题的整改落实。', NULL, '“一单三书”', 2, '督责评价', NULL),
	(41, '认真抓好“纪委动议”制度的执行落实，对所涉的各类问题、风险及其他工作职责任务，各主体协同落实抓好整改及部署落实，防控风险、解决问题。认真抓好上级纪委专项监督、纪委专项治理及纪检监察建议书、正风肃纪移送函等按要求办理落实。', NULL, '纪委动议', 2, '督责评价', NULL),
	(42, '围绕村（社）党组织、纪检监察组织日常监督增强发现的问题，抓好“六必谈”等情形的履责约谈，同步抓好村（社）相关主体被上级履责约谈的整改落实，不断增强相关责任主体的履责意识、履责动力，推动各类问题、风险有效整改。', NULL, '履责约谈', 2, '督责评价', NULL),
	(43, '对村（社）相关主体履责不到位、公权力大数据监督应用发现涉村（社）相关主体的问题风险等，落实追踪督促、跟进有效闭环整改。', NULL, '履责追踪', 2, '督责评价', NULL),
	(44, '对村（社）相关主体履责整改不力、公权力大数据监督应用发现涉村（社）相关主体的问题风险处置整改不力或拒不整改、整改搞形式主义、官僚主义造成不良影响或严重后果的，实施预警并追究责任、作出处置。', NULL, '预警处置', 2, '督责评价', NULL),
	(45, '"发生违纪违规违法情况,或在推进上级党委、政府中心工作、重点工作中发生不作为慢作为乱作为假作为等问题的，村（社）班子成员被区（镇）及以上机关查处的一般给予相应扣分。在区（镇）党委、纪委监察办发现查处之前，村（社）及时跟进主动处置（指适用第一种形态的情形）的，不予扣分或相应予以加分；主动报告相关问题（指第二种形态及以上的情形）的，减半扣分或不予扣分；涉及瞒报的，加倍扣分。违纪违规案件发生后，针对违纪党员干部、公职人员等，通过组织生活会、警示教育会落实警示教育制度，强化以案促改，健全内部制度规范，强化内部监督，有具体举措并见到实效的，适当予以加分。"', NULL, '违纪违规', 2, '督责评价', NULL),
	(46, '按要求召开“1+X”会议，分析本基层站所全面从严治党形势任务、问题风险，以及“七张问题清单”状况，明晰各方职责任务，研究解决履责突出问题，推进各方职责任务调整、完善及有效落实。', NULL, '“1+X”专题会议', 3, '明责评价', NULL),
	(47, '坚持问题、风险导向，特别是依据全面从严治党、“七张问题清单”导向，查找、建立本基层站所各主体“问题清单”并全程跟进调整完善，同时有针对性地建立“措施清单”及依据上级移交、反馈、交办的“问题清单”有效、动态建立“措施清单”，确保明确履责方向、突出履责重点、强化履责协同、有效落实责任清单。', NULL, '建立责任清单', 3, '明责评价', NULL),
	(48, '认真制定“第一议题”(含学规学纪)年度安排计划，各基层站所坚持每月不少于1次组织开展学习、宣传、教育、警示等活动，推动基层站所各主体做到“两个维护”，提高政治站位，强化纪律规矩意识，守牢法纪底线红线。', NULL, '“第一议题”制度', 3, '明责评价', NULL),
	(49, '坚持问题、风险导向，依据本基层站所自我查找、建立的，以及上级移交、反馈、交办的“问题清单”及相应建立的“措施清单”等，全程动态推进整改进展直至整改完成销号，形成落实“整改清单”，实现各责任主体能动、协同履责工作到位，提升管党治党责任落实成效。', NULL, '落实责任清单', 3, '履责评价', NULL),
	(50, '根据“5+1”谈话机制要求，认真落实区（镇）“一把手”、纪委负责人、组织部门负责人或分管领导对基层站所“一把手”开展的日常谈话、任职谈话、监督谈话、集体谈话、勉励谈话，明确职责任务，落实问题风险防范整改和及时处置。', NULL, '“5+1”谈话机制', 3, '履责评价', NULL),
	(51, '围绕上级重大决策部署及基层站所党风廉政建设重点领域，“七张问题清单”所涉内容等，相关主体每季度不少于1次组织（联合）开展监督检查，加强问题、风险排查发现及有效处置、整改。', NULL, '监督检查工作', 3, '履责评价', NULL),
	(52, '严格按照区(镇）“三重一大”事项目录清单和议事规则规定要求，协助落实本基层站所涉区（镇）“三重一大”事项决策必要前置程序，自觉接受上级领导和有效监督，协助抓好相关问题整改。协助主动参与区（镇）“三重一大”事项决策监督。', NULL, '“三重一大”决策', 3, '履责评价', NULL),
	(53, '主动抓好监督执纪“四种形态”，基层站所相关主体主动适用第一种形态处置问题，主动发现、报告违纪违法问题。', NULL, '第一种形态运用', 3, '履责评价', NULL),
	(54, '基层站所相关负责人发现其他相关负责人，特别是“一把手”存在的苗头性、倾向性问题及时进行相互监提醒，对发现存在的重要问题，及时向分管领导或上级如实报告。同时，主动接受基层站所其他负责人对本人的监督提醒，切实抓好问题整改。', NULL, '相互监督提醒', 3, '履责评价', NULL),
	(55, '基层站所各主体对照责任清单、协同履责绩效考评项目等，客观、如实、及时向区（镇）分管领导报告履责情况，特别是主动做好专题会议汇报及特殊情况随时汇报等，根据监督评议意见、“一把手”约谈意见及纪委情况通报等，抓好突出问题及风险整改落实。', NULL, '履责情况报告', 3, '履责评价', NULL),
	(56, '视情安排在基层站所“一把手”每年年底区（镇）党委（扩大）会议上口头方式或书面方式述责述廉，把包括执行政治纪律和政治规矩、贯彻落实中央决策部署、履行管党治党责任、担当作为、工作实绩、履职用权、廉洁自律等方面，并接受评议。', NULL, '述责述廉评议', 3, '履责评价', NULL),
	(57, '基层站所相关负责人，特别是“一把手”认真落实个人有关事项报告规定，如实、及时做好即时报告、年度报告工作。', NULL, '个人有关事项报告', 3, '履责评价', NULL),
	(58, '基层站所相关负责人，特别是“一把手”要全面如实记录相关干部本人或授意他人插手干预干部选拔任用、土地使用权出让、工程建设、房地产开发与经营、执纪执法活动等重大事项情况并第一时间做好向区（镇）党委报告工作。', NULL, '领导干部插手干预重大事项记录报告', 3, '履责评价', NULL),
	(59, '基层站所负责人和工作人员，特别是“一把手”认真开展基层站所干部廉政问题风险排查，有针对性地制定防范措施，抓好措施执行落实，防范廉政风险问题发生。', NULL, '廉政风险排查防控', 3, '履责评价', NULL),
	(60, '基层站所相关负责人，特别是“一把手”认真抓好清廉站所建设，严格执行落实议事规则、集体决策机制及工程项目招投标制度规定等，严格执行行业、业务工作法律法规、政策制度规定，健全单位内部治理、内控、监督机制，全面规范权力运行，加强站所清廉文化建设，积极打造清廉单元建设示范标杆。', NULL, '清廉站所建设', 3, '履责评价', NULL),
	(61, '基层站所相关负责人，特别是“一把手”认真抓好“一单三书”制度的执行落实，对所涉的各类问题、风险，各主体强化责任落实，协同落实整改。认真配合上级巡察、基层作风巡查、专项监督、专项治理等反馈问题的整改落实。', NULL, '“一单三书”', 3, '督责评价', NULL),
	(62, '基层站所相关负责人，特别是“一把手”认真抓好涉分管领导的“纪委动议”制度的执行落实，对所涉的各类问题、风险及其他工作职责任务，各主体协同落实抓好整改及部署落实，防控风险、解决问题。认真抓好上级纪委专项监督、纪委专项治理及纪检监察建议书、正风肃纪移送函等按要求办理落实。', NULL, '纪委动议', 3, '督责评价', NULL),
	(63, '围绕日常监督增强发现的问题，基层站所相关负责人，特别是“一把手”抓好被分管领导等履责约谈的整改落实，不断增强相关责任主体的履责意识、履责动力，推动各类问题、风险有效整改。', NULL, '履责约谈', 3, '督责评价', NULL),
	(64, '对基层站所、相关负责人，特别是“一把手”主体履责不到位、公权力大数据监督应用发现涉基层站所的问题风险等，落实基层站所追踪督促、跟进有效闭环整改。', NULL, '履责追踪', 3, '督责评价', NULL),
	(65, '对基层站所、相关负责人，特别是“一把手”履责整改不力、公权力大数据监督应用发现涉基层站所的问题风险处置整改不力或拒不整改、整改搞形式主义、官僚主义造成不良影响或严重后果的，实施预警并追究责任、作出处置。', NULL, '预警处置', 3, '追责评价', NULL),
	(66, '"发生违纪违规违法情况,或在推进上级党委、政府中心工作、重点工作中发生不作为慢作为乱作为假作为等问题的，本基层站所干部职工被区（镇）及以上机关查处的一般给予相应扣分。在区（镇）党委、纪委监察办发现查处之前，及时跟进主动处置（指适用第一种形态的情形）的，不予扣分或相应予以加分；主动报告相关问题（指第二种形态及以上的情形）的，减半扣分或不予扣分；涉及瞒报的，加倍扣分。违纪违规案件发生后，针对违纪党员干部、公职人员，通过组织生活会、警示教育会落实警示教育制度，强化以案促改，健全内部制度规范，强化内部监督，有具体举措并见到实效的，适当予以加分。"', NULL, '违纪违规', 3, '追责评价', NULL);
ALTER TABLE `fr_evaluation` ENABLE KEYS;

ALTER TABLE `fr_inform` DISABLE KEYS;
INSERT INTO `fr_inform` (`id`, `code`, `content`, `create_date`, `type`, `dest_department_id`, `dest_user_id`, `from_department_id`, `from_user_id`) VALUES
	(4, '3-01', '指导、监督横港村做好海盐县百步镇常青家庭农场历年欠缴流转土地租金及水费工作，有效挽回经济损失和不良影响。', NULL, 'ADVICE', NULL, 312, NULL, 1),
	(5, '2-01', '海盐县百步镇常青家庭农场（法定代表人卜年兴）2013年以来在租赁横港村农户委托流转土地的过程中，存在长期、大量欠缴土地租金及水费问题，造成了村集体资产的较大损失和不良社会影响。', NULL, 'OPINION', NULL, 326, NULL, 1),
	(6, '4-01', '针对横港村土地流转工作中存在的突出问题业务指导、监督管理不到位，导致海盐县百步镇常青家庭农场2013年以来在租赁横港村农户委托流转土地的过程中，存在长期、大量欠缴土地租金及水费问题，造成了村集体资产的较大损失和不良社会影响。', NULL, 'ANNOUNCE', NULL, 21, NULL, 1);
ALTER TABLE `fr_inform` ENABLE KEYS;

ALTER TABLE `fr_matter` DISABLE KEYS;
INSERT INTO `fr_matter` (`id`, `code`, `content`, `end_date`, `status`, `origin`, `update_time`, `user_id`, `source_ordinal_form_id`, `source_inform_id`) VALUES
	(1, '1', '“非粮化”整治推进不力', '2022-12-31', 'REVIEWED', '镇本级/责任主体排查发现/执行上级重大决策部署方面问题或风险', '2022-06-16 14:01:07.510173', 21, NULL, NULL),
	(2, '2', '农村人居环境整治推进不力', '2022-12-31', 'REVIEWED', '镇本级/责任主体排查发现/履职方面的风险或问题', '2022-06-16 14:03:04.445081', 21, NULL, NULL),
	(3, '3', '相关农田水利工程等方面利用职权谋取私利风险', '2022-07-31', 'REVIEWED', '镇本级/责任主体排查发现/廉洁用权履职方面的问题或风险', '2022-06-16 14:03:52.824138', 21, NULL, NULL),
	(4, '4', '与相关农业市场化主体交往过程中权力寻租的风险', '2022-07-31', 'REVIEWED', '镇本级/责任主体排查发现/廉洁用权履职方面的问题或风险', '2022-06-16 14:04:27.406135', 21, NULL, NULL),
	(5, '5', '存在违规接受管理服务对象吃请等“四风”问题风险', '2022-07-31', 'REVIEWED', '镇本级/责任主体排查发现/执行落实中央八项规定精神等方面的问题风险', '2022-06-16 14:05:02.359230', 21, NULL, NULL),
	(6, '6', '作风不够实，自律不够严的问题', '2022-07-31', 'REVIEWED', '镇本级/责任主体排查发现/作风建设方面的问题或风险', '2022-06-16 14:05:31.845099', 21, NULL, NULL),
	(7, '7', '存在违法违纪风险', '2022-12-31', 'REVIEWED', '镇本级/责任主体排查发现/严守国家法律法规和党的纪律方面的问题或风险', '2022-06-16 14:06:04.601392', 21, NULL, NULL),
	(8, '8', '（重大督查问题）桃北村蔡张丽反映台风期间人员未安置问题', '2021-12-31', 'REVIEWED', '镇本级/上级反馈、移交、交办/纳入上级“七张问题清单”的移交、交办问题', '2022-06-16 15:09:03.242952', 21, NULL, NULL),
	(9, '9', '反映百步三和印刷公司违法建造五千多平方米的房子、百步镇横港村程小唤无审批手续建造村旁单门独户。', '2022-07-15', 'REVIEWED', '镇本级/区(镇)反馈、交办/本级纪检监察部门监督检查、信访调查、审查调查、问题线索处置等发现、暴露的各类问题', '2022-06-16 15:10:15.407846', 17, NULL, NULL),
	(18, NULL, '指导、监督横港村做好海盐县百步镇常青家庭农场历年欠缴流转土地租金及水费工作，有效挽回经济损失和不良影响。', '2022-06-24', 'REVIEWED', '镇本级/区（镇）反馈、交办/一单三书', '2022-07-05 16:52:18.104401', 312, NULL, 4),
	(19, NULL, '海盐县百步镇常青家庭农场（法定代表人卜年兴）2013年以来在租赁横港村农户委托流转土地的过程中，存在长期、大量欠缴土地租金及水费问题，造成了村集体资产的较大损失和不良社会影响。', '2022-06-24', 'REVIEWED', '镇本级/区（镇）反馈、交办/一单三书', '2022-07-05 16:54:38.120840', 326, NULL, 5);
ALTER TABLE `fr_matter` ENABLE KEYS;

ALTER TABLE `fr_measure` DISABLE KEYS;
INSERT INTO `fr_measure` (`id`, `code`, `content`, `end_date`, `start_date`, `matter_id`, `progress_id`, `user_id`) VALUES
	(1, '1', '1、进一步完善“非粮化”整治推进计划；\n2、建立完成目标任务倒排机制，突出节点化推进，责任逐层传导压实到村；\n3、加强日常监督检查跟进，抓好督查通报和考核结果运用。', '2022-12-31', NULL, 1, 1, 21),
	(2, '1', '1、进一步建立健全面向各村的定期督查、考核通报机制；\n2、建立完善面向人居环境治理第三方主体的监督检查及考核奖惩机制，运用市场力量倒逼落实人居环境治理工作责任；\n3、加强宣传引导，推动建立农户主体参与房前屋后人居环境治理、规范垃圾分类的有效激励奖惩机制；\n4、进一步加强人居环境和垃圾分类执法力度，严厉打击、通报各类违规违法行为，形成震慑效果。', '2022-12-31', NULL, 2, 2, 21),
	(3, '1', '1、严格监管工程管理人员，对工程施工单位变更、追加项目等行为严格按程序审核，确保工程质量；2、加强日工程管理人员的日常教育管理，督促与工程单位人员“八小时”之外不接触、保持距离；3、严格自律，带头严格落实工程发包、合同签约、建设施工、验收、审价、资金支付、履约保证金缴纳等各环节监管，规避不良交往。', '2022-07-31', NULL, 3, 3, 21),
	(4, '1', '1、严格兑现落实上级对各类农业主体的奖补规定，按程序规范操作，确保公平公正；2.对属于“三重一大”事项提交区（镇）党委会议决策后执行；3、主动规避与相关农业市场主体人员工作之外的交往。', '2022-07-31', NULL, 4, 4, 21),
	(5, '1', '1、加强农业农村办干部和公职人员队伍的教育监督，发现苗头性、倾向性问题主动落实第一种形态处置；2、定期结合站所会议，进行案例通报和警示；3、带头垂范，不接受农场主、工程单位的宴请、送礼等吃请，要求分管的干部职工对我本人进行监督。', '2022-07-31', NULL, 5, 5, 21),
	(6, '1', '1、切实加强党性、廉政学习，提升自我修养；2、注意言行，重抓落实，不搞形式主义官僚主义这套。3、在各方面与上级要求保持一致。', '2022-07-31', NULL, 6, 6, 21),
	(7, '1', '1、注重自我警示，严格遵守不酒驾醉驾、不参与各类赌博活动；2、不去各类不良场所，净化朋友圈、社交圈；3.加强对分管条线的提醒和教育，注重以案为鉴，严防此类问题发生。', '2022-12-31', NULL, 7, 7, 21),
	(8, '1', '"1、针对留言人蔡张丽所反映的情况，及时做好沟通，消除误解，取得蔡张丽对镇村防汛防台工作的支持与理解。\n2、区（镇）将根据此次事件反映出的问题进行完善提升，对防汛防台工作进行复盘，补齐救灾安置工作短板，进一步强化为民服务意识水平"', '2021-12-31', '2021-11-30', 8, 8, 21),
	(9, '1', '1、分别由分管拆违的副镇长叶吴良、分管农民建房的副镇长沈伟华对负责进行调查核实是否存在违建情况；\n2、根据调查结果，跟进处置。', '2022-07-15', '2022-06-02', 9, 9, 17),
	(10, NULL, '指导、监督横港村做好海盐县百步镇常青家庭农场历年欠缴流转土地租金及水费工作，有效挽回经济损失和不良影响。', NULL, NULL, 18, 10, NULL),
	(11, NULL, '指导、督促横港村做好海盐县百步镇常青家庭农场2022年度实际承租流转土地面积的核定工作，指导横港村做好重新订立或变更流转土地合同、合同登记、风险保证金缴纳及规范“再流转”等工作。', NULL, NULL, 18, 11, NULL),
	(12, NULL, '抓好举一反三，对包括横港村在内的各行政村流转土地实际租赁现状、合同履约、历年租金和水费缴纳、合同订立变更、保证金缴纳等情况开展一次全面的起底梳理、核查，指导、督促面上纠正土地领域的各类突出问题。', NULL, NULL, 18, 12, NULL),
	(13, NULL, '深刻吸取教训，围绕土地流转领域易发多发问题，探索从进一步完善细化相关制度办法、确保制度办法刚性执行的层面推动实现土地流转工作常态长效管理，促进土地流转工作规范化，维护好村集体和广大农户利益。', NULL, NULL, 18, 13, NULL),
	(14, NULL, '抓紧做好海盐县百步镇常青家庭农场历年欠缴流转土地租金及水费工作，有效挽回经济损失和不良影响。', NULL, NULL, 19, 14, NULL),
	(15, NULL, '抓紧做好海盐县百步镇常青家庭农场2022年度实际承租流转土地面积的核定工作，及时做好合同重新订立或变更流转土地合同、合同登记、风险保证金缴纳及规范“再流转”等工作。', NULL, NULL, 19, 15, NULL),
	(16, NULL, '抓好举一反三，对本村其他流转土地实际租赁现状、合同履约、历年租金和水费缴纳、合同订立变更、保证金缴纳等情况开展一次起底梳理、核查，全面纠正土地领域的各类突出问题，推动实现土地流转工作规范化和常态长效管理，切实维护好村集体和广大农户利益。', NULL, NULL, 19, 16, NULL);
ALTER TABLE `fr_measure` ENABLE KEYS;

ALTER TABLE `fr_meeting` DISABLE KEYS;
INSERT INTO `fr_meeting` (`id`, `code`, `content`, `placement`, `start_time`, `status`, `type`, `user_id`) VALUES
	(1, 'HY001', '1. 传达学习上级精神\n2. 明确各责任主体职责任务\n3. 排查各自领域问题风险及防范措施', '暂无', '2022-03-08 10:00:00.534000', 'FINISHED', '1专题会议', 1);
ALTER TABLE `fr_meeting` ENABLE KEYS;

ALTER TABLE `fr_meeting_meeting_user` DISABLE KEYS;
INSERT INTO `fr_meeting_meeting_user` (`meeting_id`, `meeting_user_id`) VALUES
	(1, 1),
	(1, 2),
	(1, 3),
	(1, 4),
	(1, 5),
	(1, 6),
	(1, 7),
	(1, 8),
	(1, 9),
	(1, 10),
	(1, 11),
	(1, 12),
	(1, 13),
	(1, 14),
	(1, 15),
	(1, 16),
	(1, 17),
	(1, 18),
	(1, 19),
	(1, 20),
	(1, 21),
	(1, 22),
	(1, 28),
	(1, 29);
ALTER TABLE `fr_meeting_meeting_user` ENABLE KEYS;

ALTER TABLE `fr_meeting_sub_user` DISABLE KEYS;
ALTER TABLE `fr_meeting_sub_user` ENABLE KEYS;

ALTER TABLE `fr_meeting_topic` DISABLE KEYS;
INSERT INTO `fr_meeting_topic` (`id`, `create_time`, `status`, `meeting_id`, `user_id`) VALUES
	(1, '2022-06-22 09:25:25.743287', 'REVIEWED', 1, 2),
	(2, '2022-06-22 09:29:38.341030', 'REVIEWED', 1, 3),
	(3, '2022-06-22 09:32:17.458549', 'REVIEWED', 1, 4),
	(4, '2022-06-22 09:35:20.232671', 'REVIEWED', 1, 5),
	(5, '2022-06-22 09:37:47.976889', 'REVIEWED', 1, 6),
	(8, '2022-06-22 09:48:42.626897', 'REVIEWED', 1, 7),
	(9, '2022-06-22 09:53:56.881553', 'REVIEWED', 1, 8),
	(10, '2022-06-22 09:56:53.371732', 'REVIEWED', 1, 9),
	(11, '2022-06-22 10:00:18.093149', 'REVIEWED', 1, 10),
	(12, '2022-06-22 10:04:00.482007', 'REVIEWED', 1, 11),
	(13, '2022-06-22 10:06:25.733526', 'REVIEWED', 1, 12),
	(14, '2022-06-22 10:10:26.971789', 'REVIEWED', 1, 13),
	(15, '2022-06-22 10:12:57.058596', 'REVIEWED', 1, 14),
	(16, '2022-06-22 10:16:41.779079', 'REVIEWED', 1, 15),
	(17, '2022-06-22 10:18:50.317146', 'REVIEWED', 1, 16),
	(18, '2022-06-22 10:20:53.119294', 'REVIEWED', 1, 17),
	(19, '2022-06-22 10:22:46.547903', 'REVIEWED', 1, 18),
	(20, '2022-06-22 10:24:34.557985', 'REVIEWED', 1, 19),
	(21, '2022-06-22 10:26:28.599405', 'REVIEWED', 1, 20),
	(22, '2022-06-22 10:28:45.971753', 'REVIEWED', 1, 21);
ALTER TABLE `fr_meeting_topic` ENABLE KEYS;

ALTER TABLE `fr_meeting_topic_task` DISABLE KEYS;
INSERT INTO `fr_meeting_topic_task` (`id`, `content`, `is_matter`, `topic_id`) VALUES
	(1, '加强党的政治建设，增强“四个意识”，坚定“四个自信”，做到“两个维护”，切实提高政治判断力、政治领悟力、政治执行力，坚决贯彻落实习近平总书记重要讲话和重要指示批示精神，坚决贯彻落实党中央决策部署，坚持全面从严治党战略方针，始终保持自我革命定力，推动更好发挥全面从严治党引领保障作用。严肃党内政治生活，加强政治生态研判。带头贯彻执行民主集中制，严格执行党委会议议事规则和集体决策制度，严格落实“五不直接分管”、集体议事决策时末位表态等要求。带头遵守政治纪律和政治规矩，主动向上级请示报告工作。', NULL, 1),
	(2, '认真执行《党委（党组）落实全面从严治党主体责任规定》、《中共中央关于加强对“一把手”和领导班子监督的意见》和省委实施意见，按照深化全面从严治党“四责协同”机制要求，牵头推动落实“五张责任清单”，履行第一责任人责任，加强区（镇）全面从严治党研究部署和督促落实，重点抓好对区（镇）班子成员和村（社）、中心办所“一把手”的监督，抓好职责范围内党风廉政建设和反腐败工作。', NULL, 1),
	(3, '认真贯彻落实省市县委和区（镇）党委决策部署，牵头推动落实招大引强、产业转型、创新赋能、城乡建设、民生保障、社会治理、党建统领“七大提升行动”，深入开展项目攻坚年、改革创新年、作风建设年“三个年”活动。', NULL, 1),
	(4, '加强党对反腐败工作的统一领导，坚持综合施治，牵头落实不敢腐、不能腐、不想腐一体推进，重点推动强化权力公开规范高效运行机制建设，提升基层治理体系和治理能力现代化水平。牵头统筹谋划清廉单元建设，持续深化清廉百步建设。', NULL, 1),
	(5, '牵头加固中央八项规定堤坝，持之以恒加强作风建设，锲而不舍纠“四风”树新风。', NULL, 1),
	(6, '牵头加固中央八项规定堤坝，持之以恒加强作风建设，锲而不舍纠“四风”树新风。', NULL, 1),
	(7, '坚持以身作则，在严格自律上当标杆、作表率，带头遵守执行全面从严治党各项规定，带头落实中央八项规定及其实施细则精神，带头坚决抵制其他党员干部及其家属亲友违规干预干部选拔任用、工程建设、执法司法等行为。带头做到廉洁从政、廉洁用权、廉洁修身、廉洁齐家，带头落实构建亲清政商关系要求，管住管好自己的家属亲友和身边工作人员，始终保持清正廉洁政治本色。', NULL, 1),
	(8, '加强党的政治建设，增强“四个意识”，坚定“四个自信”，做到“两个维护”，切实提高政治判断力、政治领悟力、政治执行力，坚决贯彻落实习近平总书记重要讲话和重要指示批示精神，坚决贯彻落实党中央决策部署，坚持全面从严治党战略方针，始终保持自我革命定力，推动更好发挥全面从严治党引领保障作用。认真贯彻执行民主集中制，严格执行党委会议议事规则和集体决策制度，加强班子成员之间相互监督，讨论决策问题充分发表意见，有效发挥监督作用。严格遵守政治纪律和政治规矩，主动向上级请示报告工作。', NULL, 2),
	(9, '认真执行《党委（党组）落实全面从严治党主体责任规定》、《中共中央关于加强对“一把手”和领导班子监督的意见》和省委实施意见，按照深化全面从严治党“四责协同”机制、落实“五张责任清单”要求，认真履行“一岗双责”，部署、检查、督促落实政府系统全面从严治党工作及责任落实工作，重点抓好对政府系统党员干部，特别是财政办和国资、审计线“一把手”及其成员的严格教育管理监督，抓好政府系统、主管部门（口子）等职责范围内党风廉政建设和反腐败工作，推动廉洁政府建设。', NULL, 2),
	(10, '认真贯彻落实省市县委和区（镇）党委决策部署，推动落实“七大提升行动”，深入开展“三个年”活动。', NULL, 2),
	(11, '强化政府权力公开规范高效运行，谋划、实施职责范围内的重点清廉单元建设，提高治理水平。严格执行财政预算决算制度，加强对财政性资金的管理和监督检查，抓好基础设施、公共建设等政府投资项目的监管，提高资金使用绩效，严格控制和缩减一般性支出，厉行勤俭节约，带头过“紧日子”。切实抓好国有资产管理及处置、土地出让、政府采购、招商引资、债务管理、内控机制数字化改革等方面监督。', NULL, 2),
	(12, '加强政府系统作风建设，推动严格执行中央八项规定及其实施细则精神，持之以恒反“四风”，持续整治享乐主义、奢靡之风，力戒形式主义、官僚主义。', NULL, 2),
	(13, '加强政府系统党员干部日常教育管理监督，运用好“四种形态”特别是第一种形态，让“红红脸、出出汗”成为常态。', NULL, 2),
	(14, '严格廉洁自律，模范遵守执行全面从严治党各项规定，严格落实中央八项规定及其实施细则精神，坚决抵制其他党员干部及其家属亲友违规干预干部选拔任用、工程建设、执法司法等行为。带头做到廉洁从政、廉洁用权、廉洁修身、廉洁齐家，带头落实构建亲清政商关系要求，管住管好自己的家属亲友和身边工作人员，始终保持清正廉洁政治本色。', NULL, 2),
	(15, '加强党的政治建设，增强“四个意识”，坚定“四个自信”，做到“两个维护”，切实提高政治判断力、政治领悟力、政治执行力，坚决贯彻落实习近平总书记重要讲话和重要指示批示精神，坚决贯彻落实党中央决策部署，坚持全面从严治党战略方针，始终保持自我革命定力，推动更好发挥全面从严治党引领保障作用。认真贯彻执行民主集中制，严格执行班子集体决策制度，加强班子成员之间相互监督，讨论决策问题充分发表意见，有效发挥监督作用。严格遵守政治纪律和政治规矩，主动向上级请示报告工作。', NULL, 3),
	(16, '认真执行《党委（党组）落实全面从严治党主体责任规定》、《中共中央关于加强对“一把手”和领导班子监督的意见》和省委实施意见，按照深化全面从严治党“四责协同”机制、落实“五张责任清单”要求，认真履行“一岗双责”，部署、检查、督促落实镇人大全面从严治党工作及责任落实工作，重点抓好对镇人大党员干部，特别是人大办、慈善分会“一把手”及其成员的严格教育管理监督，抓好镇人大、分管部门（口子）等职责范围内党风廉政建设和反腐败工作，推动廉洁人大建设。', NULL, 3),
	(17, '认真贯彻落实省市县委和区（镇）党委决策部署，强化人大监督履职，有力推动落实“七大提升行动”和“三个年”活动，协助抓好民生保障提升行动。', NULL, 3),
	(18, '强化人大监督权力的公开规范高效运行，谋划、实施职责范围内的重点清廉单元建设，提高履职规范化水平。抓好慈善资金募集、分配使用监管，防范化解问题风险。', NULL, 3),
	(19, '创新优化人大监督，推动人大监督与其他各类监督形成协同格局，不断提升监督效能，保障和推动上级决策部署落地见效。', NULL, 3),
	(20, '加强镇人大作风建设，推动严格执行中央八项规定及其实施细则精神，持之以恒反“四风”，持续整治享乐主义、奢靡之风，力戒形式主义、官僚主义。', NULL, 3),
	(21, '加强镇人大、分管部门（口子）党员干部的日常教育管理监督，运用好“四种形态”特别是第一种形态，让“红红脸、出出汗”成为常态。', NULL, 3),
	(22, '严格廉洁自律，模范遵守执行全面从严治党各项规定，严格落实中央八项规定及其实施细则精神，坚决抵制其他党员干部及其家属亲友违规干预干部选拔任用、工程建设、执法司法等行为。带头做到廉洁从政、廉洁用权、廉洁修身、廉洁齐家，带头落实构建亲清政商关系要求，管住管好自己的家属亲友和身边工作人员，始终保持清正廉洁政治本色。', NULL, 3),
	(23, '加强党的政治建设，增强“四个意识”，坚定“四个自信”，做到“两个维护”，切实提高政治判断力、政治领悟力、政治执行力，坚决贯彻落实习近平总书记重要讲话和重要指示批示精神，坚决贯彻落实党中央决策部署，坚持全面从严治党战略方针，始终保持自我革命定力，推动更好发挥全面从严治党引领保障作用。认真贯彻执行民主集中制，严格执行党委集体决策制度，加强班子成员之间相互监督，讨论决策问题充分发表意见，有效发挥监督作用。严格遵守政治纪律和政治规矩，主动向上级请示报告工作。', NULL, 4),
	(24, '认真执行《党委（党组）落实全面从严治党主体责任规定》、《中共中央关于加强对“一把手”和领导班子监督的意见》和省委实施意见，按照深化全面从严治党“四责协同”机制、落实“五张责任清单”要求，认真履行“一岗双责”，部署、检查、督促落实主持和分管领域全面从严治党工作及责任落实工作，重点抓好对主管和分管领域党员干部，特别是政协联络室、工会、党政办、党建办、招商和项目推进科、所联系村“一把手”及其成员的严格教育管理监督，抓好主持和分管领域等职责范围内党风廉政建设和反腐败工作。', NULL, 4),
	(25, '认真贯彻落实省市县委和区（镇）党委决策部署，扎实开展招大引强提升行动、产业转型提升行动、党建统领提升行动和项目攻坚年、改革创新年、作风建设年活动。', NULL, 4),
	(26, '创新优化政协民主监督，推动政协监督与其他各类监督形成协同格局，不断提升监督效能，保障和推动上级决策部署落地见效。', NULL, 4),
	(27, '严格执行上级和本级有关招商和项目推进、营商环境建设工作涉及政策、制度、规定，完善优化相关制度规则，规范权力运行，强化廉政风险防控。', NULL, 4),
	(28, '坚持数字化改革为牵引推进清廉机关建设，加快内控制度机制刚性落地，规范机关权力运行，健全优化督查考核一体化机制，推动区（镇）机关党员干部进一步转作风、提效能、优服务。', NULL, 4),
	(29, '切实严格执行公务用车管理、机关食堂管理等制度规定，厉行节约。', NULL, 4),
	(30, '推动严格执行中央八项规定及其实施细则精神，持之以恒反“四风”，持续整治享乐主义、奢靡之风，力戒形式主义、官僚主义，持续抓好基层减负工作。', NULL, 4),
	(31, '加强主持和分管部门（口子）党员干部的日常教育管理监督，运用好“四种形态”特别是第一种形态，让“红红脸、出出汗”成为常态。', NULL, 4),
	(32, '严格廉洁自律，模范遵守执行全面从严治党各项规定，严格落实中央八项规定及其实施细则精神，坚决抵制其他党员干部及其家属亲友违规干预干部选拔任用、工程建设、执法司法等行为。带头做到廉洁从政、廉洁用权、廉洁修身、廉洁齐家，带头落实构建亲清政商关系要求，管住管好自己的家属亲友和身边工作人员，始终保持清正廉洁政治本色。', NULL, 4),
	(33, '加强党的政治建设，增强“四个意识”，坚定“四个自信”，做到“两个维护”，切实提高政治判断力、政治领悟力、政治执行力，坚决贯彻落实习近平总书记重要讲话和重要指示批示精神，坚决贯彻落实党中央决策部署，坚持全面从严治党战略方针，始终保持自我革命定力，推动更好发挥全面从严治党引领保障作用。认真贯彻执行民主集中制，严格执行党委集体决策制度，加强班子成员之间相互监督，讨论决策问题充分发表意见，有效发挥监督作用。严格遵守政治纪律和政治规矩，主动向上级请示报告工作。', NULL, 5),
	(34, '认真执行《党委（党组）落实全面从严治党主体责任规定》、《中共中央关于加强对“一把手”和领导班子监督的意见》和省委实施意见，按照深化全面从严治党“四责协同”机制、落实“五张责任清单”要求，认真履行“一岗双责”，部署、检查、督促落实分管领域全面从严治党工作及责任落实工作，重点抓好对分管领域党员干部，特别是社会治理办、生态环境办、行政执法办和所联系村“一把手”及其成员的严格教育管理监督，抓好分管领域等职责范围内党风廉政建设和反腐败工作。', NULL, 5),
	(35, '认真贯彻落实省市县委和区（镇）党委决策部署，扎实开展城乡建设提升行动、社会治理提升行动，牵头抓好疫情防控工作，切实加强平安建设、法治建设，以及安全生产、消防安全、交通安全等工作。', NULL, 5),
	(36, '严格落实重要信访事项领导包案等制度，持续深化涉法、涉诉等领域损害群众利益突出问题治理，扎实抓好信访积案“清零”专项行动，抓好常态化扫黑除恶工作。', NULL, 5),
	(37, '加强“一支队伍管执法”机制执行落实，创新落实垃圾分类、三改一拆、生态环境治理等工作，全面改进责任落实、督查检查、考核奖惩机制，提升工作质量，提高专项资金使用绩效，规范权力运行，有效强化廉政风险防控。', NULL, 5),
	(38, '推动严格执行中央八项规定及其实施细则精神，持之以恒反“四风”，持续整治享乐主义、奢靡之风，力戒形式主义、官僚主义。', NULL, 5),
	(39, '加强对分管部门（口子）党员干部的日常教育管理监督，运用好“四种形态”特别是第一种形态，让“红红脸、出出汗”成为常态。', NULL, 5),
	(40, '严格廉洁自律，模范遵守执行全面从严治党各项规定，严格落实中央八项规定及其实施细则精神，坚决抵制其他党员干部及其家属亲友违规干预干部选拔任用、工程建设、执法司法等行为。带头做到廉洁从政、廉洁用权、廉洁修身、廉洁齐家，带头落实构建亲清政商关系要求，管住管好自己的家属亲友和身边工作人员，始终保持清正廉洁政治本色。', NULL, 5),
	(43, '加强党的政治建设，增强“四个意识”，坚定“四个自信”，做到“两个维护”，切实提高政治判断力、政治领悟力、政治执行力，坚决贯彻落实习近平总书记重要讲话和重要指示批示精神，坚决贯彻落实党中央决策部署，坚持全面从严治党战略方针，始终保持自我革命定力，推动更好发挥全面从严治党引领保障作用。认真贯彻执行民主集中制，严格执行党委集体决策制度，加强班子成员之间相互监督，讨论决策问题充分发表意见，有效发挥监督作用。严格遵守政治纪律和政治规矩，主动向上级请示报告工作。', NULL, 8),
	(44, '认真执行《党委（党组）落实全面从严治党主体责任规定》、《中共中央关于加强对“一把手”和领导班子监督的意见》和省委实施意见，按照深化全面从严治党“四责协同”机制、落实“五张责任清单”要求，既牵头落实纪委监督责任，加强监督执纪问责，做深做实政治监督，协助区（镇）党委压实管党治党责任、深化清廉百步建设，抓好对区（镇）班子同级监督和村（社）、中心办所班子监督，深化政治生态动态分析和研判工作，又认真落实班子成员“一岗双责”，从严从实抓好纪委监察办内部监督管理和纪检监察干部队伍自身建设，自觉接受最严格的约束和监督，严防“灯下黑”。', NULL, 8),
	(45, '认真贯彻落实省市县委和区（镇）党委决策部署，有力监督保障“七大提升行动”“三个年”活动目标任务圆满完成，确保政令畅通。', NULL, 8),
	(46, '协同推进党建统领提升行动，扎实开展“作风建设年”活动，强化监督执纪，锤炼锻造“五敢型”干部队伍，为新时代共同富裕示范样板建设提供坚强作风保障。', NULL, 8),
	(47, '坚持综合施治，深化“三不”一体推进，始终保持反腐败高压态势，准确运用监督执纪“四种形态”，不断做深做透案后文章。', NULL, 8),
	(48, '坚持聚焦群众关切，健全完善村级监察工作联络站日常监督机制，以基层监督助力基层自治。加强对惠民富民、促进共同富裕政策措施落实情况的监督检查，持续开展漠视侵害群众利益问题专项治理，抓好重复检举控告“清零”专项行动，切实推动解决群众“急难愁盼”。', NULL, 8),
	(49, '加快推进监督数字化改革，围绕区（镇）资产处置、土地收储、基础设施建设、招商引资等重要公权力、重大项目和重点工作推进，建立项目化、节点化、数字化、实效化的运行推进机制及其配套的责任落实机制、评估研判机制和风险监管机制，全面构建监督数字化多跨协同场景，推动架构形成以“公权运行内控、督查考核推进、“五张清单”体系、大数据云监督”为特征“3+1”开发区（乡镇）“智治”平台。', NULL, 8),
	(50, '强化正风肃纪，驰而不息纠治“四风”，推动构建纠治“四风”长效机制，持续加固中央八项规定堤坝。', NULL, 8),
	(51, '推动构建亲清政商关系，会同组织部门开展《关于规范领导干部廉洁从政从业行为，进一步推动构建亲清政商关系的意见》贯彻执行情况的监督检查，有效跟进督促处置工作。', NULL, 8),
	(52, '严格廉洁自律，模范遵守执行全面从严治党各项规定，严格落实中央八项规定及其实施细则精神，坚决抵制其他党员干部及其家属亲友违规干预干部选拔任用、工程建设、执法司法等行为。带头做到廉洁从政、廉洁用权、廉洁修身、廉洁齐家，带头落实构建亲清政商关系要求，管住管好自己的家属亲友和身边工作人员，始终保持清正廉洁政治本色。', NULL, 8),
	(53, '加强党的政治建设，增强“四个意识”，坚定“四个自信”，做到“两个维护”，切实提高政治判断力、政治领悟力、政治执行力，坚决贯彻落实习近平总书记重要讲话和重要指示批示精神，坚决贯彻落实党中央决策部署，坚持全面从严治党战略方针，始终保持自我革命定力，推动更好发挥全面从严治党引领保障作用。认真贯彻执行民主集中制，严格执行党委集体决策制度，加强班子成员之间相互监督，讨论决策问题充分发表意见，有效发挥监督作用。严格遵守政治纪律和政治规矩，主动向上级请示报告工作。', NULL, 9),
	(54, '认真执行《党委（党组）落实全面从严治党主体责任规定》、《中共中央关于加强对“一把手”和领导班子监督的意见》和省委实施意见，按照深化全面从严治党“四责协同”机制、落实“五张责任清单”要求，既牵头落实组织部门职能监督责任，加强对机关、村（社）、中心（站办）党员干部、工作人员的日常监督管理，指导各基层党组织开好组织生活会，强化选人用人组织把关，又认真落实班子成员“一岗双责”，部署、检查、督促落实分管条线站办全面从严治党工作及责任落实工作，从严从实抓好对党建办组织口、党政办档案条线工作人员和所联系村“一把手”及其成员的教育管理监督，抓好分管领域等职责范围内党风廉政建设和反腐败工作。', NULL, 9),
	(55, '认真贯彻落实省市县委和区（镇）党委决策部署，牵头强化组织部门职能监督保障，推动“七大提升行动”“三个年”活动目标任务圆满完成。', NULL, 9),
	(56, '扎实推进党建统领提升行动，扎实开展“作风建设年”活动，围绕强化担当作为，锤炼锻造“五敢型”干部队伍，为新时代共同富裕示范样板建设提供坚强作风保障。', NULL, 9),
	(57, '牵头建立健全区（镇）管思想、管工作、管作风、管纪律的日常监督管理体系，加强村（社）民主集中制执行情况监督检查，推动落实请示报告、任职回避、定期轮岗、干部交流等制度，运用约谈、专项检查、个人有关事项报告、因私出国（境）证照集中管理，以及组织处理等方式，加强对党员干部、工作人员的日常监督，安排区（镇）党委会议听取村（社）书记党建和述职述廉报告。', NULL, 9),
	(58, '严格执行干部选拔任用的相关规定，强化对中层干部、村（社）干部拟任人选的把关，按要求执行分析研判和动议、民主推荐、考察、讨论决定等各环节。落实干部落实好干部标准和“凡提四必”程序，全面考察干部。', NULL, 9),
	(59, '组织实施村（社）、中心办所班子年度考核与平时考核相结合工作，对重点工作进行专项考核，突出工作实绩考核。', NULL, 9),
	(60, '推动构建亲清政商关系，会同纪委监察办开展《关于规范领导干部廉洁从政从业行为，进一步推动构建亲清政商关系的意见》贯彻执行情况的监督检查，有效跟进督促处置工作。', NULL, 9),
	(61, '推动严格执行中央八项规定及其实施细则精神，持之以恒反“四风”，持续整治享乐主义、奢靡之风，力戒形式主义、官僚主义。', NULL, 9),
	(62, '严格廉洁自律，模范遵守执行全面从严治党各项规定，严格落实中央八项规定及其实施细则精神，坚决抵制其他党员干部及其家属亲友违规干预干部选拔任用、工程建设、执法司法等行为。带头做到廉洁从政、廉洁用权、廉洁修身、廉洁齐家，带头落实构建亲清政商关系要求，管住管好自己的家属亲友和身边工作人员，始终保持清正廉洁政治本色。', NULL, 9),
	(63, '加强党的政治建设，增强“四个意识”，坚定“四个自信”，做到“两个维护”，切实提高政治判断力、政治领悟力、政治执行力，坚决贯彻落实习近平总书记重要讲话和重要指示批示精神，坚决贯彻落实党中央决策部署，坚持全面从严治党战略方针，始终保持自我革命定力，推动更好发挥全面从严治党引领保障作用。认真贯彻执行民主集中制，严格执行党委集体决策制度，加强班子成员之间相互监督，讨论决策问题充分发表意见，有效发挥监督作用。严格遵守政治纪律和政治规矩，主动向上级请示报告工作。', NULL, 10),
	(64, '认真执行《党委（党组）落实全面从严治党主体责任规定》、《中共中央关于加强对“一把手”和领导班子监督的意见》和省委实施意见，按照深化全面从严治党“四责协同”机制、落实“五张责任清单”要求，认真履行“一岗双责”，部署、检查、督促落实分管领域全面从严治党工作及责任落实工作，重点抓好对分管领域党员干部，特别是文化站和所联系村“一把手”及其成员的严格教育管理监督，抓好分管领域等职责范围内党风廉政建设和反腐败工作。', NULL, 10),
	(65, '认真贯彻落实省市县委和区（镇）党委决策部署，协同开展产业转型提升行动、城乡建设提升行动、民生保障提升行动和党建统领提升行动。', NULL, 10),
	(66, '扎实开展“作风建设年”活动，围绕强化思想引领，锤炼锻造“五敢型”干部队伍，为新时代共同富裕示范样板建设提供坚强作风保障。', NULL, 10),
	(67, '推动落实意识形态工作责任制，巩固提升思想舆论阵地。规范公职人员网络行为，加强涉纪涉腐网络舆情的监测、研判和处置，确保不发生各类网络舆情事件。', NULL, 10),
	(68, '持续深入抓好学习宣传贯彻习近平新时代中国特色社会主义思想和党的十九届六中全会精神，以及下半年召开的党的二十大精神，全面落实“第一议题”制度，拧紧区（镇）党员干部思想“总开关”。', NULL, 10),
	(69, '加强文化、旅游、体育基础设施建设项目及资金、文明创建和文旅体活动、赛事资金监管工作，加强廉政风险防控。', NULL, 10),
	(70, '加强对分管部门（口子）党员干部的日常教育管理监督，运用好“四种形态”特别是第一种形态，让“红红脸、出出汗”成为常态。', NULL, 10),
	(71, '加强对分管部门（口子）党员干部的日常教育管理监督，运用好“四种形态”特别是第一种形态，让“红红脸、出出汗”成为常态。', NULL, 10),
	(72, '严格廉洁自律，模范遵守执行全面从严治党各项规定，严格落实中央八项规定及其实施细则精神，坚决抵制其他党员干部及其家属亲友违规干预干部选拔任用、工程建设、执法司法等行为。带头做到廉洁从政、廉洁用权、廉洁修身、廉洁齐家，带头落实构建亲清政商关系要求，管住管好自己的家属亲友和身边工作人员，始终保持清正廉洁政治本色。', NULL, 10),
	(73, '加强党的政治建设，增强“四个意识”，坚定“四个自信”，做到“两个维护”，切实提高政治判断力、政治领悟力、政治执行力，坚决贯彻落实习近平总书记重要讲话和重要指示批示精神，坚决贯彻落实党中央决策部署，坚持全面从严治党战略方针，始终保持自我革命定力，推动更好发挥全面从严治党引领保障作用。认真贯彻执行民主集中制，严格执行党委集体决策制度，加强班子成员之间相互监督，讨论决策问题充分发表意见，有效发挥监督作用。严格遵守政治纪律和政治规矩，主动向上级请示报告工作。', NULL, 11),
	(74, '认真执行《党委（党组）落实全面从严治党主体责任规定》、《中共中央关于加强对“一把手”和领导班子监督的意见》和省委实施意见，按照深化全面从严治党“四责协同”机制、落实“五张责任清单”要求，认真履行“一岗双责”，部署、检查、督促落实分管领域全面从严治党工作及责任落实工作，重点抓好对分管领域党员干部，特别是招商和项目推进科负责人及其成员的严格教育管理监督，抓好分管领域等职责范围内党风廉政建设和反腐败工作。', NULL, 11),
	(75, '认真贯彻落实省市县委和区（镇）党委决策部署，协同开展招大引强提升行动、产业转型提升行动和党建统领提升行动。', NULL, 11),
	(76, '加大对民族宗教领域群体性事件、重大网络舆情及非法宗教活动、渗透的风险研判，跟进有效处置。', NULL, 11),
	(77, '严格执行上级和本级有关招商和项目推进、营商环境建设工作涉及政策、制度、规定，完善优化相关制度规则，规范权力运行，强化廉政风险防控。', NULL, 11),
	(78, '协助创新优化政协民主监督，推动政协监督与其他各类监督形成协同格局，不断提升监督效能，保障和推动上级决策部署落地见效。', NULL, 11),
	(79, '加强对分管及协助分管部门（口子）党员干部的日常教育管理监督，运用好“四种形态”特别是第一种形态，让“红红脸、出出汗”成为常态。', NULL, 11),
	(80, '推动严格执行中央八项规定及其实施细则精神，持之以恒反“四风”，持续整治享乐主义、奢靡之风，力戒形式主义、官僚主义。', NULL, 11),
	(81, '严格廉洁自律，模范遵守执行全面从严治党各项规定，严格落实中央八项规定及其实施细则精神，坚决抵制其他党员干部及其家属亲友违规干预干部选拔任用、工程建设、执法司法等行为。带头做到廉洁从政、廉洁用权、廉洁修身、廉洁齐家，带头落实构建亲清政商关系要求，管住管好自己的家属亲友和身边工作人员，始终保持清正廉洁政治本色。', NULL, 11),
	(82, '加强党的政治建设，增强“四个意识”，坚定“四个自信”，做到“两个维护”，切实提高政治判断力、政治领悟力、政治执行力，坚决贯彻落实习近平总书记重要讲话和重要指示批示精神，坚决贯彻落实党中央决策部署，坚持全面从严治党战略方针，始终保持自我革命定力，推动更好发挥全面从严治党引领保障作用。认真贯彻执行民主集中制，严格执行党委集体决策制度，加强班子成员之间相互监督，讨论决策问题充分发表意见，有效发挥监督作用。严格遵守政治纪律和政治规矩，主动向上级请示报告工作。', NULL, 12),
	(83, '认真执行《党委（党组）落实全面从严治党主体责任规定》、《中共中央关于加强对“一把手”和领导班子监督的意见》和省委实施意见，按照深化全面从严治党“四责协同”机制、落实“五张责任清单”要求，认真履行“一岗双责”，部署、检查、督促落实协助分管领域全面从严治党工作及责任落实工作，重点抓好对协助分管领域党员干部，特别是社会治理办、行政执法办和所联系村“一把手”及其成员的严格教育管理监督，抓好协助分管领域等职责范围内党风廉政建设和反腐败工作。', NULL, 12),
	(84, '认真贯彻落实省市县委和区（镇）党委决策部署，协助开展城乡建设提升行动、社会治理提升行动和党建统领提升行动，协助抓好法治建设、平安建设。', NULL, 12),
	(85, '协助落实重要信访事项领导包案等制度，持续深化涉法、涉诉等领域损害群众利益突出问题治理，协助抓好信访积案“清零”专项行动。', NULL, 12),
	(86, '创新落实“四位一体”保洁（垃圾分类）等工作推进运作机制，协助全面改进责任落实、督查检查、考核奖惩机制，提升工作质量，提高专项资金使用绩效，规范权力运行，有效强化廉政风险防控。', NULL, 12),
	(87, '加强对协助分管部门（口子）党员干部的日常教育管理监督，运用好“四种形态”特别是第一种形态，让“红红脸、出出汗”成为常态。', NULL, 12),
	(88, '推动严格执行中央八项规定及其实施细则精神，持之以恒反“四风”，持续整治享乐主义、奢靡之风，力戒形式主义、官僚主义。', NULL, 12),
	(89, '严格廉洁自律，模范遵守执行全面从严治党各项规定，严格落实中央八项规定及其实施细则精神，坚决抵制其他党员干部及其家属亲友违规干预干部选拔任用、工程建设、执法司法等行为。带头做到廉洁从政、廉洁用权、廉洁修身、廉洁齐家，带头落实构建亲清政商关系要求，管住管好自己的家属亲友和身边工作人员，始终保持清正廉洁政治本色。', NULL, 12),
	(90, '加强党的政治建设，增强“四个意识”，坚定“四个自信”，做到“两个维护”，切实提高政治判断力、政治领悟力、政治执行力，坚决贯彻落实习近平总书记重要讲话和重要指示批示精神，坚决贯彻落实党中央决策部署，坚持全面从严治党战略方针，始终保持自我革命定力，推动更好发挥全面从严治党引领保障作用。认真贯彻执行民主集中制，严格执行党委集体决策制度，加强班子成员之间相互监督，讨论决策问题充分发表意见，有效发挥监督作用。严格遵守政治纪律和政治规矩，主动向上级请示报告工作。', NULL, 13),
	(91, '认真执行《党委（党组）落实全面从严治党主体责任规定》、《中共中央关于加强对“一把手”和领导班子监督的意见》和省委实施意见，按照深化全面从严治党“四责协同”机制、落实“五张责任清单”要求，认真履行“一岗双责”，部署、检查、督促落实分管及协助分管领域全面从严治党工作及责任落实工作，重点抓好对分管及协助分管领域党员干部，特别是人武部、行政执法办和所联系村“一把手”及其成员的严格教育管理监督，抓好协助分管领域等职责范围内党风廉政建设和反腐败工作。', NULL, 13),
	(92, '认真贯彻落实省市县委和区（镇）党委决策部署，协同开展城乡建设提升行动和党建统领提升行动，重点抓好党管武装等工作。', NULL, 13),
	(93, '落实廉洁征兵要求，深化征兵工作廉政风险防控，加强民兵预备役人员的监督和管理，防范出现履职廉政风险。', NULL, 13),
	(94, '切实抓好“三改一拆”等项目资金、质量的监管工作，加强廉政风险防控。', NULL, 13),
	(95, '加强对分管及协助分管部门（口子）党员干部的日常教育管理监督，运用好“四种形态”特别是第一种形态，让“红红脸、出出汗”成为常态。', NULL, 13),
	(96, '推动严格执行中央八项规定及其实施细则精神，持之以恒反“四风”，持续整治享乐主义、奢靡之风，力戒形式主义、官僚主义。', NULL, 13),
	(97, '严格廉洁自律，模范遵守执行全面从严治党各项规定，严格落实中央八项规定及其实施细则精神，坚决抵制其他党员干部及其家属亲友违规干预干部选拔任用、工程建设、执法司法等行为。带头做到廉洁从政、廉洁用权、廉洁修身、廉洁齐家，带头落实构建亲清政商关系要求，管住管好自己的家属亲友和身边工作人员，始终保持清正廉洁政治本色。', NULL, 13),
	(98, '加强党的政治建设，增强“四个意识”，坚定“四个自信”，做到“两个维护”，切实提高政治判断力、政治领悟力、政治执行力，坚决贯彻落实习近平总书记重要讲话和重要指示批示精神，坚决贯彻落实党中央决策部署，坚持全面从严治党战略方针，始终保持自我革命定力，推动更好发挥全面从严治党引领保障作用。认真贯彻执行民主集中制，严格执行党委集体决策制度，加强班子成员之间相互监督，讨论决策问题充分发表意见，有效发挥监督作用。严格遵守政治纪律和政治规矩，主动向上级请示报告工作。', NULL, 14),
	(99, '认真执行《党委（党组）落实全面从严治党主体责任规定》、《中共中央关于加强对“一把手”和领导班子监督的意见》和省委实施意见，按照深化全面从严治党“四责协同”机制、落实“五张责任清单”要求，认真履行“一岗双责”，部署、检查、督促落实分管领域全面从严治党工作及责任落实工作，重点抓好对分管及协助分管领域党员干部，特别是派出所民警、协警等严格教育管理监督，抓好分管领域等职责范围内党风廉政建设和反腐败工作。', NULL, 14),
	(100, '认真贯彻落实省市县委和区（镇）党委决策部署，协助开展社会治理提升行动，协助抓好平安建设。', NULL, 14),
	(101, '深化推进清廉单元（站所）建设，从严落实从严治警要求，加强日常教育管理监督，坚决防范执法司法腐败问题。抓好常态化扫黑除恶工作', NULL, 14),
	(102, '推动严格执行中央八项规定及其实施细则精神，持之以恒反“四风”，持续整治享乐主义、奢靡之风，力戒形式主义、官僚主义。', NULL, 14),
	(103, '严格廉洁自律，模范遵守执行全面从严治党各项规定，严格落实中央八项规定及其实施细则精神，坚决抵制其他党员干部及其家属亲友违规干预干部选拔任用、工程建设、执法司法等行为。带头做到廉洁从政、廉洁用权、廉洁修身、廉洁齐家，带头落实构建亲清政商关系要求，管住管好自己的家属亲友和身边工作人员，始终保持清正廉洁政治本色。', NULL, 14),
	(104, '加强党的政治建设，增强“四个意识”，坚定“四个自信”，做到“两个维护”，切实提高政治判断力、政治领悟力、政治执行力，坚决贯彻落实习近平总书记重要讲话和重要指示批示精神，坚决贯彻落实党中央决策部署，坚持全面从严治党战略方针，始终保持自我革命定力，推动更好发挥全面从严治党引领保障作用。认真贯彻执行民主集中制，严格执行班子集体决策制度，加强班子成员之间相互监督，讨论决策问题充分发表意见，有效发挥监督作用。严格遵守政治纪律和政治规矩，主动向上级请示报告工作。', NULL, 15),
	(105, '认真执行《党委（党组）落实全面从严治党主体责任规定》、《中共中央关于加强对“一把手”和领导班子监督的意见》和省委实施意见，按照深化全面从严治党“四责协同”机制、落实“五张责任清单”要求，认真履行“一岗双责”，协助部署、检查、督促落实镇人大全面从严治党工作及责任落实工作，重点抓好对镇人大党员干部，特别是人大办、慈善分会负责人、百步社区“一把手”及其成员的严格教育管理监督，协助抓好镇人大、分管部门（口子）等职责范围内党风廉政建设和反腐败工作，推动廉洁人大建设。', NULL, 15),
	(106, '认真贯彻落实省市县委和区（镇）党委决策部署，协助强化人大监督履职，有力推动落实“七大提升行动”和“三个年”活动，协助抓好民生保障提升行动。', NULL, 15),
	(107, '协助强化人大监督权力的公开规范高效运行，谋划、实施职责范围内的重点清廉单元建设，提高履职规范化水平。协助抓好慈善资金募集、分配使用监管，防范化解问题风险。', NULL, 15),
	(108, '创新优化人大监督，协助推动人大监督与其他各类监督形成协同格局，不断提升监督效能，保障和推动上级决策部署落地见效。', NULL, 15),
	(109, '协助加强镇人大作风建设，推动严格执行中央八项规定及其实施细则精神，持之以恒反“四风”，持续整治享乐主义、奢靡之风，力戒形式主义、官僚主义。', NULL, 15),
	(110, '协助加强镇人大、分管部门（口子）党员干部的日常教育管理监督，运用好“四种形态”特别是第一种形态，让“红红脸、出出汗”成为常态。', NULL, 15),
	(111, '严格廉洁自律，模范遵守执行全面从严治党各项规定，严格落实中央八项规定及其实施细则精神，坚决抵制其他党员干部及其家属亲友违规干预干部选拔任用、工程建设、执法司法等行为。带头做到廉洁从政、廉洁用权、廉洁修身、廉洁齐家，带头落实构建亲清政商关系要求，管住管好自己的家属亲友和身边工作人员，始终保持清正廉洁政治本色。', NULL, 15),
	(112, '加强党的政治建设，增强“四个意识”，坚定“四个自信”，做到“两个维护”，切实提高政治判断力、政治领悟力、政治执行力，坚决贯彻落实习近平总书记重要讲话和重要指示批示精神，坚决贯彻落实党中央决策部署，坚持全面从严治党战略方针，始终保持自我革命定力，推动更好发挥全面从严治党引领保障作用。认真贯彻执行民主集中制，严格执行班子集体决策制度，加强班子成员之间相互监督，讨论决策问题充分发表意见，有效发挥监督作用。严格遵守政治纪律和政治规矩，主动向上级请示报告工作。', NULL, 16),
	(113, '认真执行《党委（党组）落实全面从严治党主体责任规定》、《中共中央关于加强对“一把手”和领导班子监督的意见》和省委实施意见，按照深化全面从严治党“四责协同”机制、落实“五张责任清单”要求，认真履行“一岗双责”，部署、检查、督促落实分管领域全面从严治党工作及责任落实工作，重点抓好对分管领域党员干部，特别是经济发展办、市场监管分局“一把手”及其成员和招商和项目推进科、生态环境办负责人及其成员的严格教育管理监督，抓好分管领域等职责范围内党风廉政建设和反腐败工作。', NULL, 16),
	(114, '认真贯彻落实省市县委和区（镇）党委决策部署，协同开展产业转型提升行动、招大引强提升行动、城乡建设提升行动、社会治理提升行动和创新赋能提升行动，扎实开展项目攻坚年、改革创新年活动。', NULL, 16),
	(115, '认真抓好分管领域内重大基础设施、产业项目和发展资金、科技资金监管，加强廉政风险防控。严格执行落实有关禁止领导干部违反规定插手工程建设、公共资源交易、资产处置等制度规定。', NULL, 16),
	(116, '严格执行上级和本级有关招商和项目推进工作涉及政策、制度、规定，完善优化相关制度规则，规范权力运行，强化廉政风险防控。', NULL, 16),
	(117, '加强营商环境建设，持续提升民营经济发展服务保障水平，切实指导商会规范化建设运作，推动亲清政商关系迭代升级。', NULL, 16),
	(118, '加强对分管部门（口子）党员干部的日常教育管理监督，运用好“四种形态”特别是第一种形态，让“红红脸、出出汗”成为常态。', NULL, 16),
	(119, '推动严格执行中央八项规定及其实施细则精神，持之以恒反“四风”，持续整治享乐主义、奢靡之风，力戒形式主义、官僚主义。', NULL, 16),
	(120, '严格廉洁自律，模范遵守执行全面从严治党各项规定，严格落实中央八项规定及其实施细则精神，坚决抵制其他党员干部及其家属亲友违规干预干部选拔任用、工程建设、执法司法等行为。带头做到廉洁从政、廉洁用权、廉洁修身、廉洁齐家，带头落实构建亲清政商关系要求，管住管好自己的家属亲友和身边工作人员，始终保持清正廉洁政治本色。', NULL, 16),
	(121, '加强党的政治建设，增强“四个意识”，坚定“四个自信”，做到“两个维护”，切实提高政治判断力、政治领悟力、政治执行力，坚决贯彻落实习近平总书记重要讲话和重要指示批示精神，坚决贯彻落实党中央决策部署，坚持全面从严治党战略方针，始终保持自我革命定力，推动更好发挥全面从严治党引领保障作用。认真贯彻执行民主集中制，严格执行班子集体决策制度，加强班子成员之间相互监督，讨论决策问题充分发表意见，有效发挥监督作用。严格遵守政治纪律和政治规矩，主动向上级请示报告工作。', NULL, 17),
	(122, '认真执行《党委（党组）落实全面从严治党主体责任规定》、《中共中央关于加强对“一把手”和领导班子监督的意见》和省委实施意见，按照深化全面从严治党“四责协同”机制、落实“五张责任清单”要求，认真履行“一岗双责”，部署、检查、督促落实分管领域全面从严治党工作及责任落实工作，重点抓好对分管领域党员干部，特别是社会事务服务管理办、政务服务办和所联系的行政村“一把手”及其成员的严格教育管理监督，抓好分管领域等职责范围内党风廉政建设和反腐败工作。', NULL, 17),
	(123, '认真贯彻落实省市县委和区（镇）党委决策部署，协同开展民生保障提升行动，扎实开展项目攻坚年活动，切实抓好疫情防控工作。', NULL, 17),
	(124, '切实防范群众身边的腐败问题和不正之风，认真抓好民生专项资金、项目和社会救助、养老社保等资金监管、检查，加强廉政风险防控。持续开展漠视侵害群众利益问题专项治理，切实解决群众“急难愁盼”事。', NULL, 17),
	(125, '加强对分管部门（口子）党员干部的日常教育管理监督，运用好“四种形态”特别是第一种形态，让“红红脸、出出汗”成为常态。', NULL, 17),
	(126, '推动严格执行中央八项规定及其实施细则精神，持之以恒反“四风”，持续整治享乐主义、奢靡之风，力戒形式主义、官僚主义。', NULL, 17),
	(127, '严格廉洁自律，模范遵守执行全面从严治党各项规定，严格落实中央八项规定及其实施细则精神，坚决抵制其他党员干部及其家属亲友违规干预干部选拔任用、工程建设、公共资源交易、执法司法等行为。带头做到廉洁从政、廉洁用权、廉洁修身、廉洁齐家，带头落实构建亲清政商关系要求，管住管好自己的家属亲友和身边工作人员，始终保持清正廉洁政治本色。', NULL, 17),
	(128, '加强党的政治建设，增强“四个意识”，坚定“四个自信”，做到“两个维护”，切实提高政治判断力、政治领悟力、政治执行力，坚决贯彻落实习近平总书记重要讲话和重要指示批示精神，坚决贯彻落实党中央决策部署，坚持全面从严治党战略方针，始终保持自我革命定力，推动更好发挥全面从严治党引领保障作用。认真贯彻执行民主集中制，严格执行班子集体决策制度，加强班子成员之间相互监督，讨论决策问题充分发表意见，有效发挥监督作用。严格遵守政治纪律和政治规矩，主动向上级请示报告工作。', NULL, 18),
	(129, '认真执行《党委（党组）落实全面从严治党主体责任规定》、《中共中央关于加强对“一把手”和领导班子监督的意见》和省委实施意见，按照深化全面从严治党“四责协同”机制、落实“五张责任清单”要求，认真履行“一岗双责”，部署、检查、督促落实分管领域全面从严治党工作及责任落实工作，重点抓好对分管领域党员干部，特别是村镇建设管理办、自然资源所和所联系的行政村“一把手”及其成员的严格教育管理监督，抓好分管领域等职责范围内党风廉政建设和反腐败工作。', NULL, 18),
	(130, '认真贯彻落实省市县委和区（镇）党委决策部署，协同开展城乡建设提升行动、产业转型提升行动，扎实开展项目攻坚年活动，抓好耕地“非农化”治理工作和美丽城镇样板镇创建。', NULL, 18),
	(131, '认真抓好重大基础设施工程、政府投资项目等质量、资金等监管，加强廉政风险防控。严格执行落实有关禁止领导干部违反规定插手工程建设、公共资源交易、资产处置等制度规定。', NULL, 18),
	(132, '加强对分管部门（口子）党员干部的日常教育管理监督，运用好“四种形态”特别是第一种形态，让“红红脸、出出汗”成为常态。', NULL, 18),
	(133, '推动严格执行中央八项规定及其实施细则精神，持之以恒反“四风”，持续整治享乐主义、奢靡之风，力戒形式主义、官僚主义。', NULL, 18),
	(134, '严格廉洁自律，模范遵守执行全面从严治党各项规定，严格落实中央八项规定及其实施细则精神，坚决抵制其他党员干部及其家属亲友违规干预干部选拔任用、工程建设、公共资源交易、执法司法等行为。带头做到廉洁从政、廉洁用权、廉洁修身、廉洁齐家，带头落实构建亲清政商关系要求，管住管好自己的家属亲友和身边工作人员，始终保持清正廉洁政治本色。', NULL, 18),
	(135, '加强党的政治建设，增强“四个意识”，坚定“四个自信”，做到“两个维护”，切实提高政治判断力、政治领悟力、政治执行力，坚决贯彻落实习近平总书记重要讲话和重要指示批示精神，坚决贯彻落实党中央决策部署，坚持全面从严治党战略方针，始终保持自我革命定力，推动更好发挥全面从严治党引领保障作用。认真贯彻执行民主集中制，严格执行班子集体决策制度，加强班子成员之间相互监督，讨论决策问题充分发表意见，有效发挥监督作用。严格遵守政治纪律和政治规矩，主动向上级请示报告工作。', NULL, 19),
	(136, '认真执行《党委（党组）落实全面从严治党主体责任规定》、《中共中央关于加强对“一把手”和领导班子监督的意见》和省委实施意见，按照深化全面从严治党“四责协同”机制、落实“五张责任清单”要求，认真履行“一岗双责”，部署、检查、督促落实分管领域全面从严治党工作及责任落实工作，重点抓好对分管领域党员干部，特别是经济发展办、招商和项目推进科负责人及其成员的严格教育管理监督，抓好分管领域等职责范围内党风廉政建设和反腐败工作。', NULL, 19),
	(137, '认真贯彻落实省市县委和区（镇）党委决策部署，协同开展产业转型提升行动、招大引强提升行动和创新赋能提升行动，扎实开展项目攻坚年、改革创新年活动。', NULL, 19),
	(138, '严格执行上级和本级有关招商和项目推进、营商环境建设工作涉及政策、制度、规定，完善优化相关制度规则，规范权力运行，强化廉政风险防控。认真抓好分管领域内三产服务业项目、人才资金监管，加强廉政风险防控。', NULL, 19),
	(139, '加强对分管部门（口子）党员干部的日常教育管理监督，运用好“四种形态”特别是第一种形态，让“红红脸、出出汗”成为常态。', NULL, 19),
	(140, '推动严格执行中央八项规定及其实施细则精神，持之以恒反“四风”，持续整治享乐主义、奢靡之风，力戒形式主义、官僚主义。', NULL, 19),
	(141, '严格廉洁自律，模范遵守执行全面从严治党各项规定，严格落实中央八项规定及其实施细则精神，坚决抵制其他党员干部及其家属亲友违规干预干部选拔任用、工程建设、执法司法等行为。带头做到廉洁从政、廉洁用权、廉洁修身、廉洁齐家，带头落实构建亲清政商关系要求，管住管好自己的家属亲友和身边工作人员，始终保持清正廉洁政治本色。', NULL, 19),
	(142, '加强党的政治建设，增强“四个意识”，坚定“四个自信”，做到“两个维护”，切实提高政治判断力、政治领悟力、政治执行力，坚决贯彻落实习近平总书记重要讲话和重要指示批示精神，坚决贯彻落实党中央决策部署，坚持全面从严治党战略方针，始终保持自我革命定力，推动更好发挥全面从严治党引领保障作用。认真贯彻执行民主集中制，严格执行党委集体决策制度，加强班子成员之间相互监督，讨论决策问题充分发表意见，有效发挥监督作用。严格遵守政治纪律和政治规矩，主动向上级请示报告工作。', NULL, 20),
	(143, '认真执行《党委（党组）落实全面从严治党主体责任规定》、《中共中央关于加强对“一把手”和领导班子监督的意见》和省委实施意见，按照深化全面从严治党“四责协同”机制、落实“五张责任清单”要求，既认真履行村党组织书记第一责任人责任，加强百联村全面从严治党研究部署和督促落实，重点抓好对村班子成员的监督，抓好职责范围内党风廉政建设和反腐败工作，深化清廉村居建设，又认真落实班子成员“一岗双责”，部署、检查、督促落实分管领域全面从严治党工作及责任落实工作，重点抓好村镇建设办（征迁、两新搬迁）负责人及其成员的严格教育管理监督。', NULL, 20),
	(144, '认真贯彻落实省市县委和区（镇）党委决策部署，扎实开展城乡建设提升行动、产业转型提升行动和项目攻坚年。', NULL, 20),
	(145, '认真抓好征迁、两新搬迁项目资金、质量等监管，加强廉政风险防控。严格执行落实有关禁止领导干部违反规定插手工程建设、公共资源交易、资产处置等制度规定。', NULL, 20),
	(146, '加强对百联村班子成员和分管部门（口子）党员干部的日常教育管理监督，运用好“四种形态”特别是第一种形态，让“红红脸、出出汗”成为常态。', NULL, 20),
	(147, '推动严格执行中央八项规定及其实施细则精神，持之以恒反“四风”，持续整治享乐主义、奢靡之风，力戒形式主义、官僚主义。', NULL, 20),
	(148, '严格廉洁自律，模范遵守执行全面从严治党各项规定，严格落实中央八项规定及其实施细则精神，坚决抵制其他党员干部及其家属亲友违规干预干部选拔任用、工程建设、执法司法等行为。带头做到廉洁从政、廉洁用权、廉洁修身、廉洁齐家，带头落实构建亲清政商关系要求，管住管好自己的家属亲友和身边工作人员，始终保持清正廉洁政治本色。', NULL, 20),
	(149, '加强党的政治建设，增强“四个意识”，坚定“四个自信”，做到“两个维护”，切实提高政治判断力、政治领悟力、政治执行力，坚决贯彻落实习近平总书记重要讲话和重要指示批示精神，坚决贯彻落实党中央决策部署，坚持全面从严治党战略方针，始终保持自我革命定力，推动更好发挥全面从严治党引领保障作用。认真贯彻执行民主集中制，严格执行班子集体决策制度，加强班子成员之间相互监督，讨论决策问题充分发表意见，有效发挥监督作用。严格遵守政治纪律和政治规矩，主动向上级请示报告工作。', NULL, 21),
	(150, '认真执行《党委（党组）落实全面从严治党主体责任规定》、《中共中央关于加强对“一把手”和领导班子监督的意见》和省委实施意见，按照深化全面从严治党“四责协同”机制、落实“五张责任清单”要求，认真履行“一岗双责”，部署、检查、督促落实分管领域全面从严治党工作及责任落实工作，重点抓好对分管领域党员干部，特别是招商和项目推进科“一把手”及其成员的严格教育管理监督，抓好分管领域等职责范围内党风廉政建设和反腐败工作。', NULL, 21),
	(151, '认真贯彻落实省市县委和区（镇）党委决策部署，协同开展产业转型提升行动、招大引强提升行动，扎实开展项目攻坚年活动。', NULL, 21),
	(152, '严格执行上级和本级有关招商和项目推进、营商环境建设、山海协作等工作涉及政策、制度、规定，完善优化相关制度规则，规范权力运行，强化廉政风险防控。', NULL, 21),
	(153, '加强对分管部门（口子）党员干部的日常教育管理监督，运用好“四种形态”特别是第一种形态，让“红红脸、出出汗”成为常态。', NULL, 21),
	(154, '推动严格执行中央八项规定及其实施细则精神，持之以恒反“四风”，持续整治享乐主义、奢靡之风，力戒形式主义、官僚主义。', NULL, 21),
	(155, '严格廉洁自律，模范遵守执行全面从严治党各项规定，严格落实中央八项规定及其实施细则精神，坚决抵制其他党员干部及其家属亲友违规干预干部选拔任用、工程建设、执法司法等行为。带头做到廉洁从政、廉洁用权、廉洁修身、廉洁齐家，带头落实构建亲清政商关系要求，管住管好自己的家属亲友和身边工作人员，始终保持清正廉洁政治本色。', NULL, 21),
	(156, '加强党的政治建设，增强“四个意识”，坚定“四个自信”，做到“两个维护”，切实提高政治判断力、政治领悟力、政治执行力，坚决贯彻落实习近平总书记重要讲话和重要指示批示精神，坚决贯彻落实党中央决策部署，坚持全面从严治党战略方针，始终保持自我革命定力，推动更好发挥全面从严治党引领保障作用。认真贯彻执行民主集中制，严格执行班子集体决策制度，加强班子成员之间相互监督，讨论决策问题充分发表意见，有效发挥监督作用。严格遵守政治纪律和政治规矩，主动向上级请示报告工作。', NULL, 22),
	(157, '认真执行《党委（党组）落实全面从严治党主体责任规定》、《中共中央关于加强对“一把手”和领导班子监督的意见》和省委实施意见，按照深化全面从严治党“四责协同”机制、落实“五张责任清单”要求，认真履行“一岗双责”，部署、检查、督促落实分管领域全面从严治党工作及责任落实工作，重点抓好对分管领域党员干部，特别是农业农村办“一把手”及其成员的严格教育管理监督，抓好分管领域等职责范围内党风廉政建设和反腐败工作。', NULL, 22),
	(158, '认真贯彻落实省市县委和区（镇）党委决策部署，协同开展城乡建设提升行动、招大引强提升行动和民生保障提升行动，扎实开展项目攻坚年活动，切实抓好乡村振兴工作，推动农村环境全域美丽工作，落实耕地“非粮化”整治。', NULL, 22),
	(159, '严格执行上级和本级有关农业项目招商和项目推进、营商环境建设工作涉及政策、制度、规定，认真抓好农业项目、资金监管，规范权力运行，强化廉政风险防控。严格执行落实有关禁止领导干部违反规定插手工程建设、公共资源交易、资产处置等制度规定。', NULL, 22),
	(160, '协助抓好国有资产管理运营及处置方面监督。督促进一步抓好对村级“三资”监管。', NULL, 22),
	(161, '加强对分管部门（口子）党员干部的日常教育管理监督，运用好“四种形态”特别是第一种形态，让“红红脸、出出汗”成为常态。', NULL, 22),
	(162, '推动严格执行中央八项规定及其实施细则精神，持之以恒反“四风”，持续整治享乐主义、奢靡之风，力戒形式主义、官僚主义。', NULL, 22),
	(163, '严格廉洁自律，模范遵守执行全面从严治党各项规定，严格落实中央八项规定及其实施细则精神，坚决抵制其他党员干部及其家属亲友违规干预干部选拔任用、工程建设、执法司法等行为。带头做到廉洁从政、廉洁用权、廉洁修身、廉洁齐家，带头落实构建亲清政商关系要求，管住管好自己的家属亲友和身边工作人员，始终保持清正廉洁政治本色。', NULL, 22);
ALTER TABLE `fr_meeting_topic_task` ENABLE KEYS;

ALTER TABLE `fr_ordinal_form` DISABLE KEYS;
INSERT INTO `fr_ordinal_form` (`id`, `code`, `content1`, `content2`, `content3`, `content4`, `content5`, `content6`, `content7`, `content8`, `content9`, `create_time`, `form_type`, `integer1`, `long_content1`, `long_content2`, `time1`, `time2`, `time3`, `update_time`, `dest_user_id`, `single_user1_id`, `single_user2_id`) VALUES
	(1, NULL, '农民建房领域', '村建办、相关行政村', '农村危房解危监督检查', NULL, NULL, NULL, NULL, NULL, NULL, '2022-06-28 15:53:48.085664', 'INSPECT', NULL, '4月19日至20日，带领村建办主任金文彬、副主任盛秀锋及2名工作人员，采取实地踏勘、检查台账等方式，对鉴定为C、D级危房的农房及解危情况进行检查。共计检查农房35幢。', '1、部分村存在危房排查、鉴定不全面、村里对危房底子不清的问题（整改措施：由村建办协同各相关村进一步抓好排查等工作，摸清底子，确保9月底前整改处置到位）；\n2、部分村已解危的D级危房场地硬化等设施配套没跟上（整改措施：由村建办协同属地村及时跟进配套硬化建设，确保6月底前整改到位）\n', '2022-04-19 00:00:00.000000', NULL, NULL, '2022-06-28 15:53:48.085664', 17, 1, NULL),
	(2, NULL, '《百步镇渔民公寓房安置实施意见》（上会稿）', '镇长办公会议商议提交', NULL, '口头表决', '同意按讨论确定的修改方案、意见等执行', '与会班子成员均充分发表了意见，“一把手”严格落实了末位表态规定，讨论意见总体较为一致，相关合理的修改建议纳入该意见正式文本。', NULL, NULL, NULL, '2022-06-29 13:20:52.067978', 'THREE', 2, '拟提交确定百步镇渔民公寓房安置涉及的对象、房屋补偿、公寓房安置标准及价格、货币安置、渔船处置、奖励标准、工作流程等内容（具体见《实施意见》上会稿）', '沈鹏介绍了《百步镇渔民公寓房安置实施意见》（上会稿）形成的前期调研情况、条线研讨情况、镇长办公会议的商议修改情况，具体介绍涉及上会稿中对渔民公寓房安置的补偿对象、房屋补偿、公寓房安置标准及价格、货币安置、渔船处置、奖励标准、工作流程等内容。班子成员逐一发表意见，总体同意该安置意见。同时，也分别提出了修改完善意见。其中：蒋爱君认为1人户安置面积定为50平偏高，与面上原有政策有突破；蔡耀明、董佳浩、沈伟华建议货币补偿可参照征搬迁政策，应在现有基础上有提高至6300元一平；朱世鹏建议对“渔船处置”中的“有证”作出进一步明确；沈潇雅建议该政策要与目前的征搬迁政策保持一致；叶吴良认为货币安置6300一平价格过高，也容易导致后续隐患问题，建议调将至3500元一平为宜。其他班子成员表示总体同意该意见。赵小龙最后表态，认为该政策出台已几易其稿，原则同意以人口计算基准面积，单人户建议仍维持在40平，货币安置价格3500一平为宜，不能过高。政策定下来后加快跟进处置，彻底解决好这一民生问题。19名与会班子成员均发表了意见。', '2022-06-05 00:00:00.000000', NULL, NULL, '2022-06-29 13:20:52.067978', 21, NULL, NULL),
	(3, NULL, '领导干部', '涉及本人重大事项/家庭大额投资、消费支出等情况，包括购置房产、替他人担保以及在国（境）外存款投资等情况', '不公开', NULL, NULL, NULL, NULL, NULL, NULL, '2022-06-29 13:22:46.368255', 'PERSONAL', NULL, '2022年4月16日，本人/配偶（许慧霞）购买纯电动小型轿车1辆（小鹏7，车价282800元），资金来源为家庭积蓄，用途：家用。2022年4月20日，该车登记上牌，机动车所有人：许慧霞，车牌号浙FDH0386', NULL, '2022-04-24 13:22:30.569000', NULL, NULL, '2022-06-29 13:22:46.368255', 3, NULL, NULL),
	(4, NULL, '2022-04', '暂无', '学习市纪委关于8起违反中央八项规定精神问题通报', '领学', NULL, NULL, NULL, NULL, NULL, '2022-07-11 10:12:46.556740', 'LEARNING', NULL, '学习省纪委关于10起违反中央八项规定精神问题的通报', NULL, NULL, NULL, NULL, '2022-07-11 10:12:46.556740', 7, NULL, NULL),
	(5, NULL, '2022-05', '暂无', '学习市纪委关于8起违反中央八项规定精神问题通报', '领学', NULL, NULL, NULL, NULL, NULL, '2022-07-11 10:16:21.413356', 'LEARNING', NULL, '学习市纪委关于8起违反中央八项规定精神问题通报', NULL, NULL, NULL, NULL, '2022-07-11 10:16:21.413356', 7, NULL, NULL),
	(6, NULL, '2022-06', '暂无', '《求是》杂志发表习近平总书记重要文章《正确认识和把握我国发展重大理论和实践问题》', '领学', NULL, NULL, NULL, NULL, NULL, '2022-07-11 10:17:58.098000', 'LEARNING', NULL, '《求是》杂志发表习近平总书记重要文章《正确认识和把握我国发展重大理论和实践问题》', NULL, NULL, NULL, NULL, '2022-07-11 10:17:58.098000', 9, NULL, NULL),
	(7, NULL, '提醒谈话', '纪委办公室', NULL, NULL, NULL, NULL, NULL, NULL, NULL, '2022-07-11 10:26:17.912568', 'DISPOSAL', NULL, '1、针对常青家庭农场长期欠缴横港村土地流转租金、导致村集体流失风险等问题，对该同志作为农村农村办主任、原农经办主任履行业务指导、监督管理责任不到位的地方，进行批评教育。\n2、要求该同志牵头履行好主管部门责任，指导、监督横港村做好该农场历年欠缴流转土地租金及水费工作，有效挽回经济损失和不良影响，指导、督促横港村做好农场2022年度实际承租流转土地面积的核定工作，指导横港村做好重新订立或变更流转土地合同、合同登记、风险保证金缴纳及规范“再流转”等工作。\n3、要求牵头抓好举一反三，对包括横港村在内的各行政村流转土地实际租赁现状、合同履约、历年租金和水费缴纳、合同订立变更、保证金缴纳等情况开展一次全面的起底梳理、核查，指导、督促面上纠正土地领域的各类突出问题，防范此类问题再次发生。\n', NULL, '2022-05-25 00:00:00.000000', '2022-05-25 00:00:00.000000', NULL, '2022-07-11 10:26:17.912568', 21, 21, 155),
	(8, NULL, '提醒谈话', '纪委办公室', NULL, NULL, NULL, NULL, NULL, NULL, NULL, '2022-07-11 10:28:08.664788', 'DISPOSAL', NULL, '1、针对常青家庭农场长期欠缴横港村土地流转租金、导致村集体流失风险等问题，对该同志作为原农业农村办分管土地流转等工作的副主任履行业务指导、监督管理责任不到位的地方，进行批评教育。\n2、要求该同志协助现农业农村办负责人，指导、监督横港村做好该农场历年欠缴流转土地租金及水费工作，有效挽回经济损失和不良影响，指导、督促横港村做好农场2022年度实际承租流转土地面积的核定工作，指导横港村做好重新订立或变更流转土地合同、合同登记、风险保证金缴纳及规范“再流转”等工作。\n3、要求协助农业农村办负责人抓好举一反三，对包括横港村在内的各行政村流转土地实际租赁现状、合同履约、历年租金和水费缴纳、合同订立变更、保证金缴纳等情况开展一次全面的起底梳理、核查，指导、督促面上纠正土地领域的各类突出问题，防范此类问题再次发生。\n', NULL, '2022-05-25 00:00:00.000000', '2022-05-25 00:00:00.000000', NULL, '2022-07-11 10:28:08.664788', 21, 21, 157),
	(9, NULL, '提醒谈话', '纪委办公室', NULL, NULL, NULL, NULL, NULL, NULL, NULL, '2022-07-11 10:29:32.452779', 'DISPOSAL', NULL, '1、针对常青家庭农场长期欠缴横港村土地流转租金、导致村集体流失风险等问题，对该同志作为原农经办主任履行业务指导、监督管理责任不到位的地方，进行批评教育。\n2、要求该同志协助现农业农村办负责人，指导、监督横港村做好该农场历年欠缴流转土地租金及水费工作，有效挽回经济损失和不良影响，指导、督促横港村做好农场2022年度实际承租流转土地面积的核定工作，指导横港村做好重新订立或变更流转土地合同、合同登记、风险保证金缴纳及规范“再流转”等工作。\n', NULL, '2022-05-25 00:00:00.000000', '2022-05-25 00:00:00.000000', NULL, '2022-07-11 10:29:32.452779', 21, 21, 161),
	(10, NULL, '提醒谈话', '镇纪委办公室', NULL, NULL, NULL, NULL, NULL, NULL, NULL, '2022-07-11 10:31:55.287646', 'DISPOSAL', NULL, '1、牢记教训，要时刻注重自我管理，确保自己在“八小时外”守规矩，遵法律。\n2、自觉抵制诱惑，严格要求自己。不接受服务管理对象请吃，不接受礼品礼金。\n3、积极净化朋友圈，要加强自身修养，强化自律意识，注重自我管理。\n', NULL, '2022-01-11 00:00:00.000000', '2022-01-11 00:00:00.000000', NULL, '2022-07-11 10:31:55.287646', 17, 17, 123);
ALTER TABLE `fr_ordinal_form` ENABLE KEYS;

ALTER TABLE `fr_ordinal_form_multi_department1` DISABLE KEYS;
ALTER TABLE `fr_ordinal_form_multi_department1` ENABLE KEYS;

ALTER TABLE `fr_ordinal_form_multi_user1` DISABLE KEYS;
INSERT INTO `fr_ordinal_form_multi_user1` (`ordinal_form_id`, `multi_user1_id`) VALUES
	(4, 3),
	(4, 4),
	(4, 5),
	(4, 6),
	(4, 7),
	(4, 8),
	(4, 9),
	(4, 10),
	(4, 11),
	(4, 12),
	(4, 13),
	(4, 14),
	(4, 15),
	(4, 16),
	(4, 17),
	(4, 18),
	(4, 19),
	(4, 20),
	(4, 21),
	(4, 22),
	(4, 23),
	(4, 24),
	(4, 25),
	(4, 26),
	(4, 27),
	(5, 3),
	(5, 4),
	(5, 5),
	(5, 6),
	(5, 7),
	(5, 8),
	(5, 9),
	(5, 10),
	(5, 11),
	(5, 12),
	(5, 13),
	(5, 14),
	(5, 15),
	(5, 16),
	(5, 17),
	(5, 18),
	(5, 19),
	(5, 20),
	(5, 21),
	(5, 22),
	(5, 23),
	(5, 24),
	(5, 25),
	(5, 26),
	(5, 27),
	(6, 3),
	(6, 4),
	(6, 5),
	(6, 6),
	(6, 7),
	(6, 8),
	(6, 9),
	(6, 10),
	(6, 11),
	(6, 12),
	(6, 13),
	(6, 14),
	(6, 15),
	(6, 16),
	(6, 17),
	(6, 18),
	(6, 19),
	(6, 20),
	(6, 21),
	(6, 22);
ALTER TABLE `fr_ordinal_form_multi_user1` ENABLE KEYS;

ALTER TABLE `fr_progress` DISABLE KEYS;
INSERT INTO `fr_progress` (`id`, `content`, `percentage`, `reason`, `status`, `update_time`) VALUES
	(1, NULL, 0, NULL, 'NONE_REVIEW', '2022-06-16 14:01:07.492768'),
	(2, NULL, 0, NULL, 'NONE_REVIEW', '2022-06-16 14:03:04.440124'),
	(3, NULL, 0, NULL, 'NONE_REVIEW', '2022-06-16 14:03:52.819136'),
	(4, NULL, 0, NULL, 'NONE_REVIEW', '2022-06-16 14:04:27.382124'),
	(5, NULL, 0, NULL, 'NONE_REVIEW', '2022-06-16 14:05:02.347901'),
	(6, NULL, 0, NULL, 'NONE_REVIEW', '2022-06-16 14:05:31.826501'),
	(7, NULL, 0, NULL, 'NONE_REVIEW', '2022-06-16 14:06:04.596347'),
	(8, NULL, 0, NULL, 'NONE_REVIEW', '2022-06-16 15:09:03.236420'),
	(9, NULL, 0, NULL, 'NONE_REVIEW', '2022-06-16 15:10:15.390824'),
	(10, NULL, 0, NULL, 'NONE_REVIEW', '2022-07-05 16:52:18.111250'),
	(11, NULL, 0, NULL, 'NONE_REVIEW', '2022-07-05 16:52:18.113956'),
	(12, NULL, 0, NULL, 'NONE_REVIEW', '2022-07-05 16:52:18.114843'),
	(13, NULL, 0, NULL, 'NONE_REVIEW', '2022-07-05 16:52:18.115846'),
	(14, NULL, 0, NULL, 'NONE_REVIEW', '2022-07-05 16:54:38.120840'),
	(15, NULL, 0, NULL, 'NONE_REVIEW', '2022-07-05 16:54:38.121840'),
	(16, NULL, 0, NULL, 'NONE_REVIEW', '2022-07-05 16:54:38.122840');
ALTER TABLE `fr_progress` ENABLE KEYS;

ALTER TABLE `ta_advice` DISABLE KEYS;
ALTER TABLE `ta_advice` ENABLE KEYS;

ALTER TABLE `ta_assessment` DISABLE KEYS;
INSERT INTO `ta_assessment` (`id`, `code`, `create_date`, `level_one`, `level_two`, `name`, `point`, `standard`, `value`, `value_type`) VALUES
	(1, 'CZ2022-0001', '2022-06-29', '实际利用外资', '合同利用外资', '合同利用外资', 0.50, '完成率达100%及以上的得该项赋分，未完成任务的按完成率计算得分；', '1.05亿美元', NULL),
	(2, 'CZ2022-0002', '2022-06-29', '实际利用外资', '实际利用外资', '实际利用外资', 2.00, '（完成率1.4分，规模贡献0.6分）。完成率达100%及以上的得该项赋分，完成率达80%（含）以上的按完成率计算得分，完成率不足80%的，不得分；规模贡献按（本值/最大值）*赋分计算得分。', '3400万美元', NULL),
	(3, 'CZ2022-0003', '2022-06-29', '实际利用外资', '高技术产业实际利用外资占比', '高技术产业实际利用外资占比', 0.50, '完成率达100%及以上的得该项赋分，未完成任务的按完成率计算得分。', '40%', NULL),
	(4, 'CZ2022-0004', '2022-06-29', '内资招引', '内资新增工业用地备案投资额', '内资新增工业用地备案投资额', 1.00, '（完成率0.7分，规模贡献0.3分）。完成率达100%及以上的得该项赋分，未完成任务的按完成率计算得分，规模贡献按（本值/最大值）*赋分计算得分。', '30亿元', NULL),
	(5, 'CZ2022-0005', '2022-06-29', '内资招引', '亿元以上备案内资工业项目', '亿元以上备案内资工业项目', 1.00, '完成率达100%及以上的得该项赋分，未完成任务的按完成率计算得分。', '7个', NULL),
	(6, 'CZ2022-0006', '2022-06-29', '服务业项目招引', '引进备案总投资2000万元以上服务业项目，或当年注册2000万以上，年营收超500万元或当年实到资金20%以上的零增地生产性服务业项目，其中当年引进当年月度上规纳统（其中批发超2亿元），考核可折算为两个项目。', '引进备案总投资2000万元以上服务业项目，或当年注册2000万以上，年营收超500万元或当年实到资金20%以上的零增地生产性服务业项目，其中当年引进当年月度上规纳统（其中批发超2亿元），考核可折算为两个项目。', 1.00, '完成率达100%及以上的得该项赋分，未完成任务的按完成率计算得分。', '3个', NULL),
	(7, 'CZ2022-0007', '2022-06-29', '服务业项目招引', '引进备案总投资5000万元（现代物流项目1亿元）以上服务业项目，或当年注册5000万以上，年营收超1000万元或当年实到资金20%以上的零增地生产性服务业项目；其中当年注册5000万元以上，实现月度纳统（批发项目超2亿元）或当年实到资金2000万元以上的零增地生产性服务业项目，可折算为2个项目。', '引进备案总投资5000万元（现代物流项目1亿元）以上服务业项目，或当年注册5000万以上，年营收超1000万元或当年实到资金20%以上的零增地生产性服务业项目；其中当年注册5000万元以上，实现月度纳统（批发项目超2亿元）或当年实到资金2000万元以上的零增地生产性服务业项目，可折算为2个项目。', 0.80, '完成率达100%及以上的得该项赋分，未完成任务的按完成率计算得分。', '2个', NULL),
	(8, 'CZ2022-0008', '2022-06-29', '服务业项目招引', '新备案亿元以上服务业项目', '新备案亿元以上服务业项目', 0.20, '完成任务得该项赋分，未完成任务的按完成率计算得分；其他镇（街道）参照得分。', '0', NULL),
	(9, 'CZ2022-0009', '2022-06-29', '招大引强', '招大引强项目招引', '10亿（含）—50亿备案内资项目', 0.00, '加分规则：以上任务数未完成的统一扣1分，按完成个数计算加分，上不封顶（没有任务的参照执行）；以上加分项按就高原则不重复加分', '3个', NULL),
	(10, 'CZ2022-0010', '2022-06-29', '招大引强', '招大引强项目招引', '50亿（含）以上备案内资项目或总投资3亿美元（含）以上项目', 0.00, '加分规则：以上任务数未完成的统一扣1分，按完成个数计算加分，上不封顶（没有任务的参照执行）；以上加分项按就高原则不重复加分', '1个', NULL),
	(11, 'CZ2022-0011', '2022-06-29', '招大引强', '招大引强项目招引', '世界500强或国际行业领先企业项目', 0.00, '加分规则：以上任务数未完成的统一扣1分，按完成个数计算加分，上不封顶（没有任务的参照执行）；以上加分项按就高原则不重复加分', '1个', NULL),
	(12, 'CZ2022-0012', '2022-06-29', '招大引强', '招大引强项目招引', '总投资超亿美元项目', 0.00, '加分规则：以上任务数未完成的统一扣1分，按完成个数计算加分，上不封顶（没有任务的参照执行）；以上加分项按就高原则不重复加分', '0个', NULL),
	(13, 'CZ2022-0013', '2022-06-29', '招大引强', '招大引强项目招引', '总部型、功能型机构和本土跨国公司', 0.00, '加分规则：以上任务数未完成的统一扣1分，按完成个数计算加分，上不封顶（没有任务的参照执行）；以上加分项按就高原则不重复加分', '1个', NULL),
	(14, 'CZ2022-0014', '2022-06-29', '招大引强', '超额完成实际利用外资', '超额完成实际利用外资', 0.00, '加分规则：全年超额完成实际利用外资任务的，每超100万美元加0.2分，上限5分；一季度超额完成实际利用外资任务（任务数以一季度“红旗奖”立功竞赛行动方案任务为准），且全年完成实际利用外资任务的，一季度超额部分每超100万美元加0.1分，上限1分。（没有任务的参照执行）', NULL, NULL),
	(15, 'CZ2022-0015', '2022-06-29', '招大引强', '重大服务业项目招引', '招引世界品牌排名500强项目，每个加1.5分', 0.00, '加分规则：按完成个数和就高原则加分，不重复加分。', NULL, NULL),
	(16, 'CZ2022-0016', '2022-06-29', '招大引强', '重大服务业项目招引', '引进备案总投资1亿元（现代物流项目2亿元）以上服务业项目，每个加1分；', 0.00, '加分规则：按完成个数和就高原则加分，不重复加分。', NULL, NULL),
	(17, 'CZ2022-0017', '2022-06-29', '招大引强', '重大服务业项目招引', '引进备案总投资5000万元（现代物流项目1亿元）以上服务业项目，每个加0.5分。', 0.00, '加分规则：按完成个数和就高原则加分，不重复加分。', NULL, NULL),
	(18, 'CZ2022-0018', '2022-06-29', 'GDP增速%', 'GDP增速%', 'GDP增速%', 3.50, '计分方法：1.目标任务完成率（2分）：按完成率赋分；2.贡献度（1.5分）：按照功效系数法赋分，[0.7+0.3*（本值-最低值）/（最高值-最低值）] *1.5。', '增长10%', NULL),
	(19, 'CZ2022-0019', '2022-06-29', '固定资产', '总量投资', '总量投资', 0.20, '完成任务得满分，完成率≥80%按比率得分，完成率<80%不得分。', '24.9亿元', NULL),
	(20, 'CZ2022-0020', '2022-06-29', '固定资产', '一产投资', '一产投资', 0.10, '完成任务得满分，完成率≥80%按比率得分，完成率<80%不得分。', '0.205亿元', NULL),
	(21, 'CZ2022-0021', '2022-06-29', '固定资产', '制造业投资', '制造业投资', 0.80, '完成任务得满分，完成率≥80%按比率得分，完成率<80%不得分。', '14.2亿元', NULL),
	(22, 'CZ2022-0022', '2022-06-29', '固定资产', '工业技改投资', '工业技改投资', 0.40, '完成任务得满分，完成率≥80%按比率得分，完成率<80%不得分。', '6.5亿元', NULL),
	(23, 'CZ2022-0023', '2022-06-29', '固定资产', '三产项目投资', '三产项目投资', 1.00, '完成任务得满分，完成率≥80%按比率得分，完成率<80%不得分。', '5亿元', NULL),
	(24, 'CZ2022-0024', '2022-06-29', '固定资产', '民间投资', '民间投资', 0.30, '完成任务得满分，完成率≥80%按比率得分，完成率<80%不得分。', '16.99亿元', NULL),
	(25, 'CZ2022-0025', '2022-06-29', '固定资产', '交通投资', '交通投资', 0.30, '完成任务得满分，完成率≥80%按比率得分，完成率<80%不得分。', '1亿元', NULL),
	(26, 'CZ2022-0026', '2022-06-29', '固定资产', '生态环保、城市更新和水利设施', '生态环保、城市更新和水利设施', 0.30, '完成任务得满分，完成率≥80%按比率得分，完成率<80%不得分。', '0.9亿元', NULL),
	(27, 'CZ2022-0027', '2022-06-29', '固定资产', '社会事业投资', '社会事业投资', 0.30, '完成任务得满分，完成率≥80%按比率得分，完成率<80%不得分。', '0.45亿元', NULL),
	(28, 'CZ2022-0028', '2022-06-29', '固定资产', '高耗能行业投资占比下降', '高耗能行业投资占比下降', 0.30, '占比低于8%的得0.3分；8%-12%的得0.2分，高于12%的不得分', NULL, NULL),
	(29, 'CZ2022-0029', '2022-06-29', '能耗、碳达峰、碳中和', '淘汰落后用能量', '淘汰落后用能量', 0.50, '1.目标完成率得分（70%）：完成目标任务得满分，未完成按比例折算法计分；2.贡献度得分（30%）：按功效系数法计分，贡献度最高者得满分；', '3600吨标煤', NULL),
	(30, 'CZ2022-0030', '2022-06-29', '能耗、碳达峰、碳中和', '2022年规上工业能耗量', '2022年规上工业能耗量', 1.00, '1.任务分：完成目标任务得满分；2.用能量超额5%以内，扣总分的10%；用能量超额5%-10%，扣总分的30%；用能量超额10%以上不得分；暂定目标，待明确市里2022年规上工业能耗降低率目标任务再调整；', '102533吨标煤', NULL),
	(31, 'CZ2022-0031', '2022-06-29', '能耗、碳达峰、碳中和', '新增光伏装机量', '新增光伏装机量', 0.50, '完成任务得满分，完成量达到90%的按比例记分，完成量90%以下的不得分。', '3.5兆瓦', NULL),
	(32, 'CZ2022-0032', '2022-06-29', '重大项目', '3.0平台立项项目开工率', '3.0平台立项项目开工率', 0.30, '完成率达到全市平均水平的得该项赋分，未完成任务的不得分。', '超过全市平均', NULL),
	(33, 'CZ2022-0033', '2022-06-29', '重大项目', '一季度新入库项目个数和总投资', '一季度新入库项目个数和总投资', 0.30, '完成率达100%及以上的得该项赋分，未完成任务的按完成率计算得分。', '新入库5个，总投资2.8亿元', NULL),
	(34, 'CZ2022-0034', '2022-06-29', '重大项目', '亿元以上产业项目开工数', '亿元以上产业项目开工数', 0.30, '完成率达100%及以上的得该项赋分，未完成任务的按完成率计算得分。', '9个', NULL),
	(35, 'CZ2022-0035', '2022-06-29', '重大项目', '重大攻坚项目', '重大攻坚项目', 0.30, '节点完成率达100%的得该项赋分，未完成的按比例折算得分。', NULL, NULL),
	(36, 'CZ2022-0036', '2022-06-29', '推动全面融入长三角一体化（东西部协作与山海协作）', '长三角一体化发展暨虹桥国际开放枢纽南向拓展带建设工作任务清单节点完成情况', '长三角一体化发展暨虹桥国际开放枢纽南向拓展带建设工作任务清单节点完成情况', 1.00, '完成节点任务得满分，不完成不得分（如涉及数据的，按完成比例计分）；', '浙江冠宇年产10GWH锂离子动力电池项目建设', NULL),
	(37, 'CZ2022-0037', '2022-06-29', '推动全面融入长三角一体化（东西部协作与山海协作）', '双招双引项目信息数', '双招双引项目信息数', 0.50, '得分=0.5*[(本值-最低值）/（最高值-最低值）*40+60]/100', '每月报送1次', NULL),
	(38, 'CZ2022-0038', '2022-06-29', '推动全面融入长三角一体化（东西部协作与山海协作）', '东西部协作社会帮扶资金完成数量', '东西部协作社会帮扶资金完成数量', 0.50, '完成任务得满分，未完成任务的不得分。', '暂定60万元(具体数额以省市下达的2022年度任务数为基数）。', NULL),
	(39, 'CZ2022-0039', '2022-06-29', '工业发展', '县内规上工业增加值', '县内规上工业增加值', 4.00, '（一）规上工业增加值目标任务完成率（2.4分）：按完成率赋分，上不封顶（二）规上工业增加值贡献（0.8分）：1.增加值绝对值（0.4分）：按照功效系数法赋分，计分方法：[0.5+0.5*（本值-最低值）/（最高值-最低值）] *0.4；2.增加值贡献率提升幅度（0.4分）：按照功效系数法赋分，计分方法：[0.7+0.3*（本值-最低值）/（最高值-最低值）] *0.4；（三）规上工业增加值率（0.8分）：1.增加值率（0.4分）：按照排名计算得分，其次扣减0.02分，依次类推，2.增加值率提升幅度（0.4分）：按照功效系数法赋分；计分方法：[0.7+0.3*（本值-最低值）/（最高值-最低值）] *0.4；', '按县对各镇（街道）年度目标任务为准。', NULL),
	(40, 'CZ2022-0040', '2022-06-29', '工业发展', '县内规上工业战略性新兴产业增加值增速', '县内规上工业战略性新兴产业增加值增速', 0.80, '完成任务得满分，完成率≥80%按比率得分，完成率<80%不得分；', '15%', NULL),
	(41, 'CZ2022-0041', '2022-06-29', '工业发展', '数字经济核心制造业增加值', '数字经济核心制造业增加值', 1.00, '（一）目标任务完成率（0.6分）：按完成率赋分，上不封顶；（二）贡献度得分（0.4分）：1.增加值绝对值（0.2分）：按功效系数法计分，计分方法：[0.5+0.5*（本值-最低值）/（最高值-最低值）] *0.2；2.增加值贡献率提升幅度（0.2分）：按功效系数法计分，计分方法：[0.7+0.3*（本值-最低值）/（最高值-最低值）] *0.2；', '按县对各镇（街道）年度目标任务为准', NULL),
	(42, 'CZ2022-0042', '2022-06-29', '工业发展', '规上制造业亩均税收增速', '规上制造业亩均税收增速', 0.50, '完成任务得满分，完成率≥80%按比率得分，完成率<80%不得分；', '9%', NULL),
	(43, 'CZ2022-0043', '2022-06-29', '工业发展', '规上制造业亩均增加值增速', '规上制造业亩均增加值增速', 0.50, '完成任务得满分，完成率≥80%按比率得分，完成率<80%不得分；', '11%', NULL),
	(44, 'CZ2022-0044', '2022-06-29', '工业发展', '规上制造业全员劳动生产率增速', '规上制造业全员劳动生产率增速', 0.20, '完成任务得满分，完成率≥80%按比率得分，完成率<80%不得分；', '9%', NULL),
	(45, 'CZ2022-0045', '2022-06-29', '工业发展', '规模以上工业企业新产品销售收入占比', '规模以上工业企业新产品销售收入占比', 0.50, '占比（0.2分）：按排名得分，第一名得0.2分，第二名得0.18分，依次递减，第九名得0.04分。规模以占比提高幅度（0.3分）：按排名得分，第一名得0.3分，第二名得0.27分，依次递减，第九名得0.06分。', NULL, NULL),
	(46, 'CZ2022-0046', '2022-06-29', '企业梯度培育', '净增规上企业数', '净增规上企业数', 0.30, '完成任务得满分，完成率≥80%按比率得分，完成率<80%不得分。无新增5亿元、30亿元目标任务的镇（街道）有新增企业的，新增1家得0.05分，总计分不超过对应目标任务的赋分。', '4家', NULL),
	(47, 'CZ2022-0047', '2022-06-29', '企业梯度培育', '净增亿元企业数', '净增亿元企业数', 0.50, '完成任务得满分，完成率≥80%按比率得分，完成率<80%不得分。无新增5亿元、30亿元目标任务的镇（街道）有新增企业的，新增1家得0.05分，总计分不超过对应目标任务的赋分。', '3家', NULL),
	(48, 'CZ2022-0048', '2022-06-29', '企业梯度培育', '新增5亿元企业数', '新增5亿元企业数', 0.10, '完成任务得满分，完成率≥80%按比率得分，完成率<80%不得分。无新增5亿元、30亿元目标任务的镇（街道）有新增企业的，新增1家得0.05分，总计分不超过对应目标任务的赋分。', '1家', NULL),
	(49, 'CZ2022-0049', '2022-06-29', '企业梯度培育', '新增“绿色工厂”企业数', '新增“绿色工厂”企业数', 0.30, '完成任务得满分，完成率≥80%按比率得分，完成率<80%不得分；', '1家', NULL),
	(50, 'CZ2022-0050', '2022-06-29', '企业梯度培育', 'JMRH工作开展', '新增JG资质数量', 0.30, '完成任务的满分，未完成按完成比例计分。', '1个', NULL),
	(51, 'CZ2022-0051', '2022-06-29', '企业梯度培育', 'JMRH工作开展', '贡献度考', 0.20, '参照市考核办法赋分排名得分，第一名得0.2分，每下降一名按0.01分依次递减。', NULL, NULL),
	(52, 'CZ2022-0052', '2022-06-29', '“两高一低”整治提升', '高耗能企业数', '高耗能企业数', 0.20, '完成任务得满分，完成率≥80%按比率得分，完成率<80%不得分；', '2家', NULL),
	(53, 'CZ2022-0053', '2022-06-29', '“两高一低”整治提升', '高排放企业数', '高排放企业数', 0.30, '完成任务得满分，完成率≥80%按比率得分，完成率<80%不得分；', '3家', NULL),
	(54, 'CZ2022-0054', '2022-06-29', '“两高一低”整治提升', '低效企业数', '低效企业数', 0.30, '完成任务得满分，完成率≥80%按比率得分，完成率<80%不得分；', '8家', NULL),
	(55, 'CZ2022-0055', '2022-06-29', '“两高一低”整治提升', '“低散乱”企业数', '“低散乱”企业数', 0.50, '完成任务得满分，完成率≥80%按比率得分，完成率<80%不得分；', '13家', NULL),
	(56, 'CZ2022-0056', '2022-06-29', '“两高一低”整治提升', '腾退土地', '腾退土地', 0.70, '完成任务得满分，完成率≥80%按比率得分，完成率<80%不得分；', '320亩', NULL),
	(57, 'CZ2022-0057', '2022-06-29', '“两高一低”整治提升', '腾退土地其中单块20亩土地以上占比', '腾退土地其中单块20亩土地以上占比', 0.30, '最高得满分，其他按比例折算得分，小于55%的不得分；', '55%', NULL),
	(58, 'CZ2022-0058', '2022-06-29', '“两高一低”整治提升', '收购收储工业用地', '收购收储工业用地', 0.50, '完成任务得满分，完成率≥80%按比率得分，完成率<80%不得分；', '250亩', NULL),
	(59, 'CZ2022-0059', '2022-06-29', '“两高一低”整治提升', '入园入区企业数', '入园入区企业数', 0.20, '完成任务得满分，完成率≥80%按比率得分，完成率<80%不得分。', '35家', NULL),
	(60, 'CZ2022-0060', '2022-06-29', '深化“达产履约”精准帮扶', '加大“达产履约”投资挖潜', '加大“达产履约”投资挖潜', 0.80, '完成任务得满分，完成率≥80%按比率得分，完成率<80%不得分。', '4亿元', NULL),
	(61, 'CZ2022-0061', '2022-06-29', '服务业高质量发展', '服务业增加值增速', '服务业增加值增速', 1.00, '完成目标得满分；未完成目标的，县平均水平以下的不得分，达到县平均水平的按比例折算法计分；', '9.5%', NULL),
	(62, 'CZ2022-0062', '2022-06-29', '服务业高质量发展', '服务业增加值占GDP比重提升幅度', '服务业增加值占GDP比重提升幅度', 0.50, '完成目标得满分；未完成目标的，县平均水平以下的不得分，达到县平均水平的按比例折算法计分；', '1.2个百分点', NULL),
	(63, 'CZ2022-0063', '2022-06-29', '服务业高质量发展', '净增规（限）上企业数（其中：知识密集型服务业）', '净增规（限）上企业数（其中：知识密集型服务业）（净增规（限）上企业数0.3分、知识密集型服务业0.2分）', 0.50, '完成任务得满分，完成率≥80%按比率得分，完成率<80%不得分；', '（3）家', NULL),
	(64, 'CZ2022-0064', '2022-06-29', '服务业高质量发展', '服务业综合发展', '服务业综合发展', 1.00, '根据年度服务业综合发展考评办法实施', '根据年度服务业综合发展考评办法实施', NULL),
	(65, 'CZ2022-0065', '2022-06-29', '社会消费品零售总额增速', '限上零售额增速', '限上零售额增速', 0.50, '完成任务得满分；未完成目标的，县平均水平以下的不得分，达到县平均水平的按比例折算法计分；', '25%', NULL),
	(66, 'CZ2022-0066', '2022-06-29', '社会消费品零售总额增速', '新增限上零售业企业家数及企业贡献率（新增限上零售业企业家数及企业贡献率分别赋0.2分、0.1分）', '新增限上零售业企业家数及企业贡献率（新增限上零售业企业家数及企业贡献率分别赋0.2分、0.1分）', 0.30, '（新增限上零售业企业家数及企业贡献率分别赋0.2分、0.1分）新增限上零售业企业家数完成目标得满分，未完成目标按比例折算法计分；企业贡献率最高得0.1分，其余按比例折算法计分；', '2家', NULL),
	(67, 'CZ2022-0067', '2022-06-29', '社会消费品零售总额增速', '居民人均消费支出增速', '居民人均消费支出增速', 0.20, '达到全省平均以上的得满分，未完成目标按比例折算法计分。', '高于全省平均水平', NULL),
	(68, 'CZ2022-0068', '2022-06-29', '外贸高质量发展', '货物贸易进出口增速', '货物贸易进出口增速', 0.30, '完成任务得满分，完成率不到90%的不得分，完成率达到90%及以上的按完成比例计分；', '8%', NULL),
	(69, 'CZ2022-0069', '2022-06-29', '外贸高质量发展', '货物贸易出口增速', '货物贸易出口增速', 0.80, '完成任务得满分，完成率不到90%的不得分，完成率达到90%及以上的按完成比例计分；', '8%', NULL),
	(70, 'CZ2022-0070', '2022-06-29', '外贸高质量发展', '在岸服务外包执行额', '在岸服务外包执行额', 0.10, '完成任务得满分，完成率不到90%的不得分，完成率达到90%及以上的按完成比例计分；', '130万美元', NULL),
	(71, 'CZ2022-0071', '2022-06-29', '外贸高质量发展', '服务贸易进出口额增速', '服务贸易进出口额增速', 0.20, '完成任务得满分，完成率不到90%的不得分，完成率达到90%及以上的按完成比例计分；', '增长5%', NULL),
	(72, 'CZ2022-0072', '2022-06-29', '外贸高质量发展', '离岸服务外包执行额增速', '离岸服务外包执行额增速', 0.10, '完成任务得满分，完成率不到90%的不得分，完成率达到90%及以上的按完成比例计分；', '10%', NULL),
	(73, 'CZ2022-0073', '2022-06-29', '外贸高质量发展', '跨境电商出口额', '跨境电商出口额', 0.30, '完成任务得满分，完成率不到90%的不得分，完成率达到90%及以上的按完成比例计分；', '2100万元', NULL),
	(74, 'CZ2022-0074', '2022-06-29', '外贸高质量发展', '跨境电商新增应用家数', '跨境电商新增应用家数', 0.10, '完成任务得满分，完成率≥80%按比率得分，完成率<80%不得分；', '4家', NULL),
	(75, 'CZ2022-0075', '2022-06-29', '外贸高质量发展', '数字服务贸易增速', '数字服务贸易增速', 0.10, '完成任务得满分，完成率不到90%的不得分，完成率达到90%及以上的按完成比例计分。', '增长20%', NULL),
	(76, 'CZ2022-0076', '2022-06-29', '上市“50”专项行动', '新增招引上市后备企业', '新增招引上市后备企业', 0.20, '任务分0.08分，完成任务的（含超额完成）得0.08分，未完成任务的按任务完成率计算得分，各镇（街道）得分=0.08分*任务完成率；排名分0.12分，各镇（街道）得分=0.12分*排名得分系数（排名第一名的得分系数为1.0，最后一名得分系数为0.2，期间得分系数按排名数量平均梯度确定，存在并列排名的，按排名次序对系数进行平均）；', '2家', NULL),
	(77, 'CZ2022-0077', '2022-06-29', '上市“50”专项行动', '新增对接资本市场股改企业', '新增对接资本市场股改企业', 0.20, '任务分0.08分，完成任务的（含超额完成）得0.08分，未完成任务的按任务完成率计算得分，各镇（街道）得分=0.08分*任务完成率；排名分0.12分，各镇（街道）得分=0.12分*排名得分系数（排名第一名的得分系数为1.0，最后一名得分系数为0.2，期间得分系数按排名数量平均梯度确定，存在并列排名的，按排名次序对系数进行平均）；', '1家', NULL),
	(78, 'CZ2022-0078', '2022-06-29', '品牌企业和实施“浙江制造”标准企业', '主导制定“浙江制造”标准数', '主导制定“浙江制造”标准数', 0.30, '完成基准任务得0.2分,未完成任务的按任务完成率计算得分(0.2分*任务完成率)；每增加1家培育企业加0.1分，总分不超过0.3分。', '2家', NULL),
	(79, 'CZ2022-0079', '2022-06-29', '品牌企业和实施“浙江制造”标准企业', '新增“品质标”企业数', '新增“品质标”企业数', 0.30, '完成基准任务得0.2分,未完成任务的按任务完成率计算得分(0.2分*任务完成率)；每增加1家培育企业加0.1分，总分不超过0.3分。', '2家', NULL),
	(80, 'CZ2022-0080', '2022-06-29', '品牌企业和实施“浙江制造”标准企业', '申报政府质量奖企业数', '申报政府质量奖企业数', 0.20, '完成任务得满分，未完成按完成比例计分；', '2家', NULL),
	(81, 'CZ2022-0081', '2022-06-29', '品牌企业和实施“浙江制造”标准企业', '年末高价值发明专利数', '年末高价值发明专利数', 0.20, '完成任务得满分，完成率≥80%按比率得分，完成率<80%不得分。', '37件', NULL),
	(82, 'CZ2022-0082', '2022-06-29', '文化旅游', '乡村旅游收入增长', '乡村旅游收入增长', 0.10, '以2021年＂浙江省乡村旅游统计系统＂填报并通过审核的数据为准，増长率高于或等于10%的得满分，完成率≥80%按比率得分，完成率<80%不得分。', '百步开发区10%', NULL),
	(83, 'CZ2022-0083', '2022-06-29', '文化旅游', '全年举办镇级及以上文化旅游体育活动', '全年举办镇级及以上文化旅游体育活动', 0.60, '全年举办活动需经县文化广电旅游体育局审核备案，在规定数额及以上，得满分；完成率≥80%按比率得分，完成率<80%不得分；', '15场', NULL),
	(84, 'CZ2022-0084', '2022-06-29', '农业高质量发展', '农业增加值增速', '农业增加值增速', 0.20, '完成率≥80%按比率得分，完成率<80%不得分', '增长2.5%以上', NULL),
	(85, 'CZ2022-0085', '2022-06-29', '农业高质量发展', '农业“双强”项目', '完成高品质科技示范基地、数字农业基地（工厂）、全程机械化应用基地或农机服务中心项目建设', 0.40, '完成得0.3分，超额完成得0.1分，未完成按比例扣分；', '2个', NULL),
	(86, 'CZ2022-0086', '2022-06-29', '农业高质量发展', '稻虾新增面积', '稻虾新增面积', 0.60, '完成得0.45分，超额按面积分三档分别得0.15、0.1、0.05分，未完成按比例扣分；', '1500亩', NULL),
	(87, 'CZ2022-0087', '2022-06-29', '农业高质量发展', '农业招商项目', '1000万元以上项目', 0.60, '未完成按比例扣分', '1个', NULL),
	(88, 'CZ2022-0088', '2022-06-29', '农业高质量发展', '农村实用人才培训', '农村实用人才培训', 0.10, '未完成按比例扣分，其余200人培训任务由县级部门负责完成。', '35人', NULL),
	(89, 'CZ2022-0089', '2022-06-29', '农业高质量发展', '农创客培育', '农创客培育', 0.10, '完成得满分，完成率≥80%按比率得分，完成率<80%不得分', '30人', NULL),
	(90, 'CZ2022-0090', '2022-06-29', '农业高质量发展', '粮食产量稳定度', '粮食播种面积', 0.30, '完成得满分，完成率≥80%按比率得分，完成率<80%不得分。', '4.4万亩', NULL),
	(91, 'CZ2022-0091', '2022-06-29', '农业高质量发展', '粮食产量稳定度', '粮功区“非粮化”整治优化', 0.10, '按时完成“非粮化”整治优化并通过验收的得满分，未完成得0分。', NULL, NULL),
	(92, 'CZ2022-0092', '2022-06-29', '农业高质量发展', '粮食产量稳定度', '绿色优质高产水稻示范方', 0.10, '按验收评比，一等奖0.1分、二等奖0.09分、三等奖0.08分；', NULL, NULL),
	(93, 'CZ2022-0093', '2022-06-29', '农业高质量发展', '低收入农户人均可支配收入增速', '低收入农户人均可支配收入增速', 0.50, '完成得满分，完成率≥80%按比率得分，完成率<80%不得分。', '达10%以上', NULL),
	(94, 'CZ2022-0094', '2022-06-29', '全域土地整治', '垦造耕地', '垦造耕地', 1.40, '完成任务得满分，完成率≥80%按比率得分，完成率<80%不得分；', '260亩', NULL),
	(95, 'CZ2022-0095', '2022-06-29', '全域土地整治', '建设用地复垦', '建设用地复垦', 0.80, '完成任务得满分，完成率≥80%按比率得分，完成率<80%不得分；', '120亩', NULL),
	(96, 'CZ2022-0096', '2022-06-29', '全域土地整治', '盘活存量土地', '盘活存量土地', 0.80, '完成率达100%及以上的得该项赋分，完成率≥70%的按完成率*该项赋分计算，完成率<70%不得分。', '300亩', NULL),
	(97, 'CZ2022-0097', '2022-06-29', '研发投入', '研发“两率”', '研发“两率”', 0.20, '“两率”均实现的，得0.2分，任意一项未完成的，本大项（0.8分）不得分；实现规上企业研发活动率全覆盖（特殊企业除外）的加0.025分，研发机构设置率达85%的加0.025分', '规上企业研发活动率达到95%、研发机构设置率达到80%', NULL),
	(98, 'CZ2022-0098', '2022-06-29', '研发投入', '研发费用投入', '研发费用投入', 0.60, '完成情况0.5分。完成任务得满分，完成90%（含）以上的按比例计分，不到90%的不得分；超额完成的，每超额完成10%，加0.025分，加分不超过0.1分。规模贡献0.1分（须完成90%以上方可计分），得分=（本值/最大值）×0.1\n※本大项得分（含加分）不超过0.8分。', '3.2亿元', NULL),
	(99, 'CZ2022-0099', '2022-06-29', '企业培育', '高新技术企业认定', '高新技术企业认定', 0.20, '完成任务得满分，少于应完成任务1家的按比例得分，少于应完成任务2家或2家以上的，不得分', '10家', NULL),
	(100, 'CZ2022-0100', '2022-06-29', '企业培育', '省科技型中小企业认定', '省科技型中小企业认定', 0.15, '完成任务得满分，少于应完成任务1至2家的按比例得分，少于应完成任务3家或3家以上的，不得分。', '15家', NULL),
	(101, 'CZ2022-0101', '2022-06-29', '企业培育', '企业研究院（研发中心）、科技“小巨人”企业认定', '企业研究院（研发中心）、科技“小巨人”企业认定', 0.15, '完成1家省级认定得0.05分，其中省级重点企业研究院0.1分；完成1家市级认定得0.025分', NULL, NULL),
	(102, 'CZ2022-0102', '2022-06-29', '成果转化', '技术合同成交额', '技术合同成交额', 0.40, '完成90%（含）以上的按比例计分（满分0.4分），不到90%的不得分', '2亿元', NULL),
	(103, 'CZ2022-0103', '2022-06-29', '成果转化', '实施产学研项目“揭榜挂帅”', '实施产学研项目“揭榜挂帅”', 0.10, '挂榜0.02分/项（累计最高不超过0.08分），揭榜0.04分/项（累计最高不超过0.08分）\n※本大项得分不超过0.5分', NULL, NULL),
	(104, 'CZ2022-0104', '2022-06-29', '产业优化', '高新技术产业投资', '高新技术产业投资', 1.20, '（按照市对县考核高新投资占比不低于20%要求分解高新投资任务）完成情况1分。完成任务得满分，完成90%（含）以上的按比例计分，不到90%的不得分；超额完成的，每超额完成1%，加0.01分，加分不超过0.2分\n规模贡献0.2分（须完成90%以上方可计分），得分=（本值/最大值）×0.2\n※本大项得分（含加分）不超过1.2分', '8.9亿元', NULL),
	(105, 'CZ2022-0105', '2022-06-29', '创新生态的优化', '“深根计划”、湖区科创平台建设等年度工作，根据实际完成情况评分。', '“深根计划”、湖区科创平台建设等年度工作，根据实际完成情况评分。', 1.00, '高标准打造科技城智创片区0.2分；新增众创空间（星创天地）、孵化器并投入使用0.2分，达到市级主要指标再加0.2分；高质量推进省级高新区发展0.2分，在省高新区评价中实现晋位再加0.2分；引育科创项目0.2分；高品质推进湾北科技城（南北湖科创湖区）建设0.2分；新建（引进）重大科创载体0.2分；实施农业科技项目0.2分', '新建众创空间（星创天地）1家。新增培育科技企业孵化器1家，并达到市级主要指标。全年引育科创项目9个。实施农业科技项目。', NULL),
	(106, 'CZ2022-0106', '2022-06-29', '重大人才工程', '引才计划培育', '国家引才计划申报通过市级审核', 6.00, '完成得6分，完成50%（含）以上按比例得分，完成50%以下不得分，超额完成每人次计2分，完成答辩每人次计5分，获评每人次计20分。', '4人', NULL),
	(107, 'CZ2022-0107', '2022-06-29', '重大人才工程', '引才计划培育', '省引才计划申报通过市级审核', 6.00, '完成得6分，完成50%（含）以上按比例得分，完成50%以下不得分，超额完成每人次计2分，完成答辩每人次计5分，获评每人次计20分。', '5人', NULL),
	(108, 'CZ2022-0108', '2022-06-29', '重大人才工程', '省海外工程师培育', '省海外工程师申报通过市级审核', 3.00, '完成得3分，未完成按比例得分，超额完成每人次计1分，获评每人次计10分。', '2人', NULL),
	(109, 'CZ2022-0109', '2022-06-29', '重大人才工程', '万人计划培育', '万人计划申报通过市级审核', 3.00, '完成得3分，未完成按比例得分，超额完成每人次计1分，完成答辩每人次计3分，获评每人次计10分。', '2人', NULL),
	(110, 'CZ2022-0110', '2022-06-29', '人才及人才项目引育', '市级领军人才项目培育', '市级领军人才项目完成答辩', 3.00, '完成申报任务得3分，未完成不得分，超额完成申报任务每项目计1分；完成获评任务得10分，未完成按比例得分，超额完成获评任务每项目计5分。', '4个', NULL),
	(111, 'CZ2022-0111', '2022-06-29', '人才及人才项目引育', '高技能人才培养', '新增高技能人才', 4.00, '完成得4分，完成90%（含）以上按比例得分，完成90%以下不得分。', '550人', NULL),
	(112, 'CZ2022-0112', '2022-06-29', '人才及人才项目引育', '青年大学生引进', '青年大学生引进', 5.00, '完成得5分，未完成按比例得分，其中青年大学生任务3分、青年硕士任务2分。', '新增青年大学生880人<青年硕士32人>', NULL),
	(113, 'CZ2022-0113', '2022-06-29', '人才及人才项目引育', '高级及以上人才引进', '高级及以上人才引进', 5.00, '完成得5分，未完成按比例得分，全职引进的按每人次10分另行加分。', '引进C类以上人才4人<A类1人、B类及以上1人>', NULL),
	(114, 'CZ2022-0114', '2022-06-29', '人才及人才项目引育', '高级及以上人才引进', '高级及以上人才引进', 5.00, '完成得5分，未完成按比例得分，超额完成每人次计2分。', '全职引进青年博士6人', NULL),
	(115, 'CZ2022-0115', '2022-06-29', '人才团队、平台及生态提升', '人才团队及平台提升', '人才团队及平台提升', 0.00, '加分项：省领军型创新创业团队申报并通过县级审核1个（4分）、通过省实地核查1个（6分）、入选1个（10分），入选市领军型创新创业团队1个（8分），入选市优才计划先锋型团队1个（8分），入选C类以上人才工程1人（10分，不含第1项重大人才工程的引才计划、省海外工程师、万人计划），创建高层次人才平台1个（5分）。计分：按上述加分项累计计分', NULL, NULL),
	(116, 'CZ2022-0116', '2022-06-29', '人才团队、平台及生态提升', '落实重点人才工作推进', '落实重点人才工作推进', 0.00, '根据日常人才工作落实推进力度综合赋分，总分不超过10分。', NULL, NULL),
	(117, 'CZ2022-0117', '2022-06-29', '季度督察', '各镇（街道）推进政务服务和公共服务事项进驻便民服务中心，实现“中心”外无权力', '各镇（街道）推进政务服务和公共服务事项进驻便民服务中心，实现“中心”外无权力', 0.40, '每季度开展暗访督查，每发现1项“中心”外事项，扣0.02分，每季度最多扣0.1分；', '各镇（街道）推进政务服务和公共服务事项进驻便民服务中心，实现“中心”外无权力', NULL),
	(118, 'CZ2022-0118', '2022-06-29', '服务群众', '各镇（街道）深化“一窗受理、集成服务”改革，镇（街道）、村（社区）全面应用政务服务2.0平台，除公安服务、公用事业外，其余事项全部纳入综合受理', '政务服务2.0平台应用', 0.20, '每月各镇（街道）便民服务中心和各镇（街道）所辖村（社区）在政务服务2.0平台都产生办件，每发现1个镇（街道）或村（社区）未有办件的，扣0.05分，累计最多扣0.2分；', NULL, NULL),
	(119, 'CZ2022-0119', '2022-06-29', '服务群众', '各镇（街道）深化“一窗受理、集成服务”改革，镇（街道）、村（社区）全面应用政务服务2.0平台，除公安服务、公用事业外，其余事项全部纳入综合受理', '综合受理', 0.20, '每季度开展暗访督查，每发现1个事项未纳入综合受理的，扣0.02分，累计最多扣0.2分。', NULL, NULL),
	(120, 'CZ2022-0120', '2022-06-29', '服务企业', '各镇（街道）实施企业投资项目全流程代办服务，县领导挂帅重大项目100%代办服务，新增工业用地100%按照“标准地”供地，实施“拿地即开工”。', '新增工业用地100%按照“标准地”供地', 0.20, '每出现1宗新增工业用地未按照“标准地”供地（不含纳入省级负面清单模块），扣0.04分，累计最多扣0.2分；', NULL, NULL),
	(121, 'CZ2022-0121', '2022-06-29', '服务企业', '各镇（街道）实施企业投资项目全流程代办服务，县领导挂帅重大项目100%代办服务，新增工业用地100%按照“标准地”供地，实施“拿地即开工”。', '建立项目代办制度和至少1名专职代办员队伍', 0.20, '未有项目代办制度的，扣0.1分；未建立1名专职代办员队伍扣0.1分；', NULL, NULL),
	(122, 'CZ2022-0122', '2022-06-29', '服务企业', '各镇（街道）实施企业投资项目全流程代办服务，县领导挂帅重大项目100%代办服务，新增工业用地100%按照“标准地”供地，实施“拿地即开工”。', '每季度对县领导挂帅重大项目库项目进行回访督察', 0.20, '每发现1个项目满意度低的，扣0.02分，累计最多扣0.2分；', NULL, NULL),
	(123, 'CZ2022-0123', '2022-06-29', '服务企业', '各镇（街道）实施企业投资项目全流程代办服务，县领导挂帅重大项目100%代办服务，新增工业用地100%按照“标准地”供地，实施“拿地即开工”。', '实施“拿地即开工”', 0.20, '除负面清单外，工业项目100%“拿地即开工”。当年度未有新增工业用地供地的，该项不得分；每发生一个未按要求实施拿地即开工项目，扣0.05分。累计最多扣0.2分。', NULL, NULL),
	(124, 'CZ2022-0124', '2022-06-29', '特色工作', '各镇（街道）营商环境特色亮点工作', '信息被《嘉兴市营商环境建设简报》录用的，每篇加0.1分', 0.20, '以上内容最多得0.2分，同一内容就高计分，不重复计分。', NULL, NULL),
	(125, 'CZ2022-0125', '2022-06-29', '特色工作', '各镇（街道）营商环境特色亮点工作', '营商环境建设案例被评为嘉兴市营商环境建设优秀案例的，每个案例加0.1分；被评为省级营商环境建设优秀案例的，每个案例加0.2分', 0.20, '以上内容最多得0.2分，同一内容就高计分，不重复计分。', NULL, NULL),
	(126, 'CZ2022-0126', '2022-06-29', '垃圾分类', '定时定点小区建设', '完成省市县下达的定时定点收运小区建设任务，实现定时定点收运小区全覆盖。', 0.20, '未完成不得分', NULL, NULL),
	(127, 'CZ2022-0127', '2022-06-29', '垃圾分类', '各级各类示范创建', '完成省级高标分类示范小区、省级试点商业街、省级示范片区（街道）等各级各类示范创建', 0.10, '未完成不得分', NULL, NULL),
	(128, 'CZ2022-0128', '2022-06-29', '垃圾分类', '各级各类示范创建', '按照县生活垃圾分类年度工作目标要求，完成其他年度各项任务', 0.10, '未完成不得分', NULL, NULL),
	(129, 'CZ2022-0129', '2022-06-29', '垃圾分类', '源头减量及易腐占比', '生活垃圾总量实现“零增长”', 0.10, '未完成不得分', NULL, NULL),
	(130, 'CZ2022-0130', '2022-06-29', '垃圾分类', '源头减量及易腐占比', '易腐垃圾清运量占比不低于25%。易腐垃圾处置计量纳入市生活垃圾分类信息化监管平台。', 0.10, '未完成不得分', NULL, NULL),
	(131, 'CZ2022-0131', '2022-06-29', '垃圾分类', '市监管平台系统接入率', '各项接入率均达到100%', 0.08, '按已建尽接的原则，确保已建成的定时定点收运小区（生活垃圾分类信息化监管平台可追溯可计量小区）智能评价系统及监控视频的接入率均达到100%。未完成不得分', '100%', NULL),
	(132, 'CZ2022-0132', '2022-06-29', '垃圾分类', '市监管平台系统接入率', '日常运维规范使用', 0.12, '每月未完成扣0.01分,对已按要求接入的定时定点收运小区配备劝导员并规范管理。同时每月规范使用智能投放站（点），并确保每月有投放称重和评价记录。', NULL, NULL),
	(133, 'CZ2022-0133', '2022-06-29', '垃圾分类', '建筑垃圾综合治理', '建筑垃圾综合治理', 0.20, '开展生活垃圾、建筑垃圾整治行动，100%完成装修垃圾示范小区、村创建。按照《海盐县建筑垃圾治理考核办法》，综合得分排名第一名得0.2分，每下降一名扣0.02分。', NULL, NULL),
	(134, 'CZ2022-0134', '2022-06-29', '“四好农村路”建设', '农村公路改造提升（全县共67.6公里）', '农村公路改造提升（全县共67.6公里）', 0.60, '要求10月完工。在规定时间内完成率达100%及以上的得该项赋分，未在要求时间内完成任务的不得分。', '6.1公里', NULL),
	(135, 'CZ2022-0135', '2022-06-29', '“四好农村路”建设', '桥梁养护及危旧桥梁治理（全县共79座）', '加强桥梁日常管养，确保桥梁整体运行状况良好', 0.20, '列入2021年度政府投资计划的桥梁10月底前完工，列入2022年度政府投资计划的桥梁12月基本完工。在规定时间内完成率达100%及以上的得该项赋分，未在要求时间为完成任务的不得分。', NULL, NULL),
	(136, 'CZ2022-0136', '2022-06-29', '“四好农村路”建设', '桥梁养护及危旧桥梁治理（全县共79座）', '实施危旧桥梁治理', 0.30, '列入2021年度政府投资计划的桥梁10月底前完工，列入2022年度政府投资计划的桥梁12月基本完工。在规定时间内完成率达100%及以上的得该项赋分，未在要求时间为完成任务的不得分。', '8座', NULL),
	(137, 'CZ2022-0137', '2022-06-29', '“四好农村路”建设', '道路交通故多发点段整治', '道路交通故多发点段整治', 0.40, '要求9月完成验收并销号。在规定时间内完成率达100%及以上的得该项赋分，未在要求时间为完成任务的不得分。', '整治湖盐线与百左路路口', NULL),
	(138, 'CZ2022-0138', '2022-06-29', '乡村振兴', '农村环境全域美丽无死角', '农村环境全域美丽无死角长效保持', 0.30, '目标任务中，除明确以排名制计分的，其他完成任务要求得该项赋分，不完成不得分。按市县常态化检查综合排名，1-3名得0.3分，第4名得0.27分，之后每下降1名依次扣0.03分。', NULL, NULL),
	(139, 'CZ2022-0139', '2022-06-29', '乡村振兴', '农村环境全域美丽无死角', '散养生猪和温室甲鱼动态清零', 0.05, '目标任务中，除明确以排名制计分的，其他完成任务要求得该项赋分，不完成不得分。', NULL, NULL),
	(140, 'CZ2022-0140', '2022-06-29', '乡村振兴', '农村环境全域美丽无死角', '完成道路沿线农作物覆盖物整治', 0.05, '目标任务中，除明确以排名制计分的，其他完成任务要求得该项赋分，不完成不得分。', NULL, NULL),
	(141, 'CZ2022-0141', '2022-06-29', '乡村振兴', '农村环境全域美丽无死角', '农村生活垃圾智能可追溯收集全覆盖', 0.05, '目标任务中，除明确以排名制计分的，其他完成任务要求得该项赋分，不完成不得分。', NULL, NULL),
	(142, 'CZ2022-0142', '2022-06-29', '乡村振兴', '强村富民', '村经常性收入150万元以上、村经营性收入50万以上全覆盖', 0.07, '目标任务中，除明确以排名制计分的，其他完成任务要求得该项赋分，不完成不得分。', NULL, NULL),
	(143, 'CZ2022-0143', '2022-06-29', '乡村振兴', '强村富民', '农村居民人均可支配收入', 0.08, '目标任务中，除明确以排名制计分的，其他完成任务要求得该项赋分，不完成不得分。', '增长7%以上', NULL),
	(144, 'CZ2022-0144', '2022-06-29', '乡村振兴', '农产品安全', '农产品安全', 0.10, '目标任务中，除明确以排名制计分的，其他完成任务要求得该项赋分，不完成不得分。规模生产主体食品农产品承诺达标合格证管理比例达100%，“治违禁、控药残、捉提升”三年行动排查到位率100%，措施到位率100%。每下降一个百分点扣0.01分，扣完为止。', NULL, NULL),
	(145, 'CZ2022-0145', '2022-06-29', '三改一拆（城市管理）', '无违建创建', '无违建创建', 0.40, '全面深化“无违建”创建创先争优工作；按时完成“三改一拆”、“四边三化”各项任务；（此项以省、市考评办法为准）。根据年度综合排名进行计分，第1名得0.4分，之后每下降1名依次扣0.04分。“无违建镇（街道）”复评通过率达100%，未通过扣0.2分。', NULL, NULL),
	(146, 'CZ2022-0146', '2022-06-29', '三改一拆（城市管理）', '违建管控', '违建管控', 0.20, '未被县级以上领导点名批评以及被市级以上新闻媒体和上级督查曝光等；创建省、市治违控违示范典型、拆改示范典型、治违控违示范乡镇街道和其他示范典型的镇（街道）不失分。被县级领导点名批评的扣0.05分/次，被市级领导点名批评的扣0.1分/次，被省级领导点名批评的扣0.2分。新增违法建筑未按时处置到位的每起扣0.02分，被省、市督查发现导致我县扣分的每起扣0.04分，扣完为止。', NULL, NULL),
	(147, 'CZ2022-0147', '2022-06-29', '三改一拆（城市管理）', '专项行动', '专项行动', 0.20, '按要求开展各类专项整治行动，及时完成省、市、县督办、交办点位整治。根据年度综合排名进行计分，第1名得0.2分，之后每下降1名依次扣0.02分。', NULL, NULL),
	(148, 'CZ2022-0148', '2022-06-29', '三改一拆（城市管理）', '清障拔钉', '清障拔钉', 0.40, '完成清障签约率达85%以上，拆除率达75%以上；影响县级及以上重大项目建设的，清障拆除率达100%。清障拔钉完成率每少一个百分点扣0.01分，扣完为止。', NULL, NULL),
	(149, 'CZ2022-0149', '2022-06-29', '三改一拆（城市管理）', '城市精细化管理', '城市精细化管理', 0.30, '围绕犬类、户外广告、市容市貌等持续开展秩序乱象整治行动，数字城管按时处置率、问题解决率分别达到96%、98%以上。按照《海盐县2022年城市管理工作考核办法》，按每季度督查计分年底进行排名，第一名得0.3分，每下降一名扣0.03分。', NULL, NULL),
	(150, 'CZ2022-0150', '2022-06-29', '生态文明建设', '大气污染防治', 'PM2.5浓度、PM10浓度、O3浓度达到年度考核要求或者全市排名上升，单项指标不列入全市后十名。', 0.30, '所有任务完成任务要求得该项赋分，不完成不得分。', NULL, NULL),
	(151, 'CZ2022-0151', '2022-06-29', '生态文明建设', '大气污染防治', '完成清新园区、工业废气治理、错峰减排、扬尘治理、餐饮油烟、秸秆禁烧等任务', 0.50, '所有任务完成任务要求得该项赋分，不完成不得分。', NULL, NULL),
	(152, 'CZ2022-0152', '2022-06-29', '生态文明建设', '水污染防治', '县控以上地表水断面及跨行政区域交接断面达到Ⅲ类及以上水质，其中，千亩荡月月达标且年均值达Ⅱ类水，其他断面每月不出现劣V类', 0.20, '所有任务完成任务要求得该项赋分，不完成不得分。', NULL, NULL),
	(153, 'CZ2022-0153', '2022-06-29', '生态文明建设', '水污染防治', '市对镇考核断面达到Ⅲ类及以上水质且不列入全市后十名', 0.10, '所有任务完成任务要求得该项赋分，不完成不得分。位次排名前移可酌情抵扣分。（按断面数平摊赋分）', NULL, NULL),
	(154, 'CZ2022-0154', '2022-06-29', '生态文明建设', '水污染防治', '建成污水零直排区标杆镇、标杆园区或完成“回头看”任务', 0.25, '所有任务完成任务要求得该项赋分，不完成不得分。', NULL, NULL),
	(155, 'CZ2022-0155', '2022-06-29', '生态文明建设', '水污染防治', '完成河湖缓冲带、碧水工程等建设任务', 0.25, '所有任务完成任务要求得该项赋分，不完成不得分。', NULL, NULL),
	(156, 'CZ2022-0156', '2022-06-29', '生态文明建设', '固废、土壤和辐射污染防治', '完成无废城市建设任务', 0.20, '所有任务完成任务要求得该项赋分，不完成不得分。', NULL, NULL),
	(157, 'CZ2022-0157', '2022-06-29', '生态文明建设', '固废、土壤和辐射污染防治', '工业固废（危废）安全收集、利用、处置，全年不发生跨省、市非法倾倒事件', 0.10, '所有任务完成任务要求得该项赋分，不完成不得分。', NULL, NULL),
	(158, 'CZ2022-0158', '2022-06-29', '生态文明建设', '固废、土壤和辐射污染防治', '完成疑似污染地块调查和土壤重点监管单位自行监测任务', 0.10, '所有任务完成任务要求得该项赋分，不完成不得分。', NULL, NULL),
	(159, 'CZ2022-0159', '2022-06-29', '生态文明建设', '固废、土壤和辐射污染防治', '完成辐射安全监管工作任务', 0.10, '所有任务完成任务要求得该项赋分，不完成不得分。', NULL, NULL),
	(160, 'CZ2022-0160', '2022-06-29', '生态文明建设', '美丽浙江建设', '完成生态文明建设目标责任制考核任务', 0.70, '所有任务完成任务要求得该项赋分，不完成不得分。', NULL, NULL),
	(161, 'CZ2022-0161', '2022-06-29', '生态文明建设', '美丽浙江建设', '完成减污降碳协同管理碳排放基础数据管理工作', 0.20, '所有任务完成任务要求得该项赋分，不完成不得分。', NULL, NULL),
	(162, 'CZ2022-0162', '2022-06-29', '生态文明建设', '美丽浙江建设', '完成河长制、宣传报道、督查整改、废旧商品回收体系建设、传统产业高排放企业整治等任务', 0.20, '所有任务完成任务要求得该项赋分，不完成不得分。', NULL, NULL),
	(163, 'CZ2022-0163', '2022-06-29', '生态文明建设', '美丽浙江建设', '完成生态环境满意度评价工作任务', 0.30, '所有任务完成任务要求得该项赋分，不完成不得分。', NULL, NULL),
	(164, 'CZ2022-0164', '2022-06-29', '精神文明建设', '新时代文明实践所、站建设', '全年新建成文明实践点', 0.05, '全年完成目标任务指标的得该项满分，未完成目标任务指标的，按照该项未完成指标条目赋分扣分。', '5个', NULL),
	(165, 'CZ2022-0165', '2022-06-29', '精神文明建设', '新时代文明实践所、站建设', '所、站每季度开展理论政策宣讲、文化文艺服务、助学支教、医疗健身、科学普及、法律服务、卫生环保、扶贫帮困、社会治安、文明旅游、文明交通、智慧助老等文明实践志愿服务活动（不少于5类）', 0.25, '全年完成目标任务指标的得该项满分，未完成目标任务指标的，按照该项未完成指标条目赋分扣分。', '5场', NULL),
	(166, 'CZ2022-0166', '2022-06-29', '精神文明建设', '文明乡风建设', '年举办线上线下相结合的“办酒不铺张”、文明餐桌、家庭家教家风、文明好习惯养成行动等主题教育实践活动各不少于1场。（每场0.05分）', 0.20, '每场0.05分。全年完成目标任务指标的得该项满分，未完成目标任务指标的，按照该项未完成指标条目赋分扣分。', NULL, NULL),
	(167, 'CZ2022-0167', '2022-06-29', '精神文明建设', '志愿服务工作', '完成镇（街道）辖区所有志愿队伍入驻', 0.05, '全年完成目标任务指标的得该项满分，未完成目标任务指标的，按照该项未完成指标条目赋分扣分。', NULL, NULL),
	(168, 'CZ2022-0168', '2022-06-29', '精神文明建设', '志愿服务工作', '入驻队伍每周有不少于1场活动的发布和签到', 0.05, '全年完成目标任务指标的得该项满分，未完成目标任务指标的，按照该项未完成指标条目赋分扣分。', NULL, NULL),
	(169, 'CZ2022-0169', '2022-06-29', '精神文明建设', '志愿服务工作', '全年在志愿浙江上，镇（街道）注册志愿者人数占本地常住人口比例不低于15%', 0.05, '全年完成目标任务指标的得该项满分，未完成目标任务指标的，按照该项未完成指标条目赋分扣分。', NULL, NULL),
	(170, 'CZ2022-0170', '2022-06-29', '精神文明建设', '志愿服务工作', '记录的人均志愿服务时长不低于12小时', 0.05, '全年完成目标任务指标的得该项满分，未完成目标任务指标的，按照该项未完成指标条目赋分扣分。', NULL, NULL),
	(171, 'CZ2022-0171', '2022-06-29', '精神文明建设', '志愿服务工作', '有志愿服务时间记录的志愿者人数占注册志愿者总人数的比例不低于50%', 0.05, '全年完成目标任务指标的得该项满分，未完成目标任务指标的，按照该项未完成指标条目赋分扣分。', NULL, NULL),
	(172, 'CZ2022-0172', '2022-06-29', '精神文明建设', '志愿服务工作', '活动签到场次和发布场次数据不低于全县平均水平', 0.05, '全年完成目标任务指标的得该项满分，未完成目标任务指标的，按照该项未完成指标条目赋分扣分。', NULL, NULL),
	(173, 'CZ2022-0173', '2022-06-29', '精神文明建设', '道德典型选树工作', '全年好人候选人报送数量每月不少于1人', 0.10, '全年完成目标任务指标的得该项满分，未完成目标任务指标的，按照该项未完成指标条目赋分扣分。', NULL, NULL),
	(174, 'CZ2022-0174', '2022-06-29', '精神文明建设', '道德典型选树工作', '入选市级以上好人榜不少于1人', 0.10, '全年完成目标任务指标的得该项满分，未完成目标任务指标的，按照该项未完成指标条目赋分扣分。', NULL, NULL),
	(175, 'CZ2022-0175', '2022-06-29', '城乡品质提升', '重点项目建设', '城乡风貌样板区和未来社区建设', 0.02, '目标任务中，除明确以排名制计分的，其他按完成率达100%及以上的得该项赋分，未完成任务的按完成率计分。', '完成第二批城乡风貌区申报', NULL),
	(176, 'CZ2022-0176', '2022-06-29', '城乡品质提升', '城乡有机更新', '征搬迁和农户集聚', 0.40, '目标任务中，除明确以排名制计分的，其他按完成率达100%及以上的得该项赋分，未完成任务的按完成率计分。', '100户', NULL),
	(177, 'CZ2022-0177', '2022-06-29', '城乡品质提升', '城乡有机更新', '城乡危旧房解危', 0.20, '目标任务中，除明确以排名制计分的，其他按完成率达100%及以上的得该项赋分，未完成任务的按完成率计分。每季度开展城乡危旧房滚动排查、“动态清零”（0.1分）。按要求完成每季度对90年前农房巡查，年底根据巡查情况进行综合排名计分，1-3名得0.1分，4-6名得0.09分，7-9名得0.08分，未按最晚时间要求完成巡查的，每季度扣0.02分，扣完为止。', NULL, NULL),
	(178, 'CZ2022-0178', '2022-06-29', '城乡品质提升', '基础设施和公园绿地建设', '新增公园绿地12.7万平方米', 0.20, '目标任务中，除明确以排名制计分的，其他按完成率达100%及以上的得该项赋分，未完成任务的按完成率计分。', '3.2万平方米', NULL),
	(179, 'CZ2022-0179', '2022-06-29', '城乡品质提升', '基础设施和公园绿地建设', '新建农村污水管网178.3公里，新增纳管5000户', 0.10, '目标任务中，除明确以排名制计分的，其他按完成率达100%及以上的得该项赋分，未完成任务的按完成率计分。', '21.3公里、478户', NULL),
	(180, 'CZ2022-0180', '2022-06-29', '城乡品质提升', '基础设施和公园绿地建设', '做好农村污水长效运维管理', 0.20, '目标任务中，除明确以排名制计分的，其他按完成率达100%及以上的得该项赋分，未完成任务的按完成率计分。根据县级农村人居环境巡查农村生活污水单项年底综合排名计分，1-3名得0.2分，4-6名得0.15分，7-9名得0.1分。市级检查农村生活污水单项得分少于（含）10分且排名4-9名的，每次扣0.05分，扣完为止。', NULL, NULL),
	(181, 'CZ2022-0181', '2022-06-29', '城乡品质提升', '民生服务项目建设', '完成既有住宅加装电梯19台', 0.10, '目标任务中，除明确以排名制计分的，其他按完成率达100%及以上的得该项赋分，未完成任务的按完成率计分。', '1台', NULL),
	(182, 'CZ2022-0182', '2022-06-29', '城乡品质提升', '民生服务项目建设', '培育县级“红色物业”项目5个以上', 0.05, '目标任务中，除明确以排名制计分的，其他按完成率达100%及以上的得该项赋分，未完成任务的按完成率计分。', '1个', NULL),
	(183, 'CZ2022-0183', '2022-06-29', '城乡品质提升', '民生服务项目建设', '建设（筹集）保障性租赁住房任务', 0.15, '目标任务中，除明确以排名制计分的，其他按完成率达100%及以上的得该项赋分，未完成任务的按完成率计分。', '240套', NULL),
	(184, 'CZ2022-0184', '2022-06-29', '城乡品质提升', '美丽城镇建设', '省级美丽城镇样板创建', 0.15, '目标任务中，除明确以排名制计分的，其他按完成率达100%及以上的得该项赋分，未完成任务的按完成率计分。', '百步经济开发区（百步镇）完成省级工业特色型美丽城镇样板创建相关工作', NULL),
	(185, 'CZ2022-0185', '2022-06-29', '城乡品质提升', '美丽城镇建设', '小城镇长效管理', 0.30, '目标任务中，除明确以排名制计分的，其他按完成率达100%及以上的得该项赋分，未完成任务的按完成率计分。根据每季度县小城镇环境卫生综合整治巡查考核，年底进行综合排名计分，1-3名得0.3分，4-6名得0.2分，7-9名得0.1分。每月发现问题未按时间要求完成整改的，每个问题扣0.05分，扣完为止。', NULL, NULL),
	(186, 'CZ2022-0186', '2022-06-29', '城乡品质提升', '美丽城镇建设', '美丽城镇宣传', 0.15, '目标任务中，除明确以排名制计分的，其他按完成率达100%及以上的得该项赋分，未完成任务的按完成率计分。除武原街道和望海街道以外，参照《海盐县2022年度美丽城镇建设宣传工作考核办法》，根据年底总分进行排名计分，1-3名得0.15分，4-6名得0.1分，7-9名得0.05分。每月未完成最低信息报送任务量的，每月扣0.01分，扣完为止。', NULL, NULL),
	(187, 'CZ2022-0187', '2022-06-29', '宜业在盐', '参保扩面任务等省、市下达指标后再分解。', '参保扩面任务等省、市下达指标后再分解。', 0.20, NULL, NULL, NULL),
	(188, 'CZ2022-0188', '2022-06-29', '宜业在盐', '各镇（街道）每月重点群体帮扶率', '各镇（街道）每月重点群体帮扶率', 0.20, '各镇（街道）每月重点群体帮扶率均维持在96%以上（暂定，待市里下达指标后再作调整）。每月底对各镇（街道）完成情况进行通报，发现一次未达标扣0.03分。', '96%以上（暂定）', NULL),
	(189, 'CZ2022-0189', '2022-06-29', '宜业在盐', '全县户籍人口基本医疗保险参保率达到99%以上，嘉兴大病无忧参保率达到65%以上，完成市下达的目标任务', '全县户籍人口基本医疗保险参保率达到99%以上，嘉兴大病无忧参保率达到65%以上，完成市下达的目标任务', 0.20, '全县户籍人口基本医疗保险参保率达到99%以上，嘉兴大病无忧参保率达到65%以上，完成市下达的目标任务', '99%、65%', NULL),
	(190, 'CZ2022-0190', '2022-06-29', '宜业在盐', '落实符合条件的困难群众资助参保率和政策落实率', '落实符合条件的困难群众资助参保率和政策落实率', 0.10, '落实符合条件的困难群众资助参保率和政策落实率均达到100%', '100%', NULL),
	(191, 'CZ2022-0191', '2022-06-29', '宜业在盐', '村（社区）公益性岗位残疾人工作专职委员覆盖率', '村（社区）公益性岗位残疾人工作专职委员覆盖率', 0.20, '力争村（社区）公益性岗位残疾人工作专职委员覆盖率20%以上。（每少1个百分点，扣总分的5%）', '20%以上', NULL),
	(192, 'CZ2022-0192', '2022-06-29', '优学在盐', '规范民办幼儿园发展', '规范民办幼儿园发展', 0.30, '规范管理；全园平均班额超过30人、办园规模超过教育局核定的班级数、专任教师工资待遇未达到省规定的相应要求、未按标准配足配齐教职工，每发生一项扣0.02分（武原街道每发生一项扣0.005分）。安全工作(0.1分)；安全、疫情防控工作被县级及以上暗访扣分的，每发生一起扣0.1分（武原街道每发生一项扣0.025分）。发生安全责任事故的，每发生一起扣0.1分（武原街道每发生一项扣0.025分）。扣完为止', NULL, NULL),
	(193, 'CZ2022-0193', '2022-06-29', '优学在盐', '推动“双减”工作落实落地，加强培训机构属地管理，维护良好教育生态', '推动“双减”工作落实落地，加强培训机构属地管理，维护良好教育生态', 0.20, '未按要求完成校外培训机构日常巡查或巡查不力，每次扣0.02分；发生隐形变异等违规培训举报并查实的，每次扣0.1分（武原街道扣0.05分）。扣完为止。', NULL, NULL),
	(194, 'CZ2022-0194', '2022-06-29', '优学在盐', '确保属地对成人教育经费的投入力度，以创建打造品牌特色，逐步形成被社会各界认可的职成教育品牌项目', '确保属地对成人教育经费的投入力度，以创建打造品牌特色，逐步形成被社会各界认可的职成教育品牌项目', 0.30, '打造年度职成教育品牌项目1个及以上进行申报并参加评比，未完成扣0.1分；重视职成教育，各镇、街道按常住人口数人均2元拨付给属地成校社区教育经费，未足额拨付的酌情扣分。', NULL, NULL),
	(195, 'CZ2022-0195', '2022-06-29', '优学在盐', '积极推进在建幼儿园（含周边配套工程）建设', '积极推进在建幼儿园（含周边配套工程）建设', 0.20, '未能在秋季开学投入使用的，扣0.05-0.1分。（0.2分）（项目建设涉及百步、开发区、望海、沈荡；澉浦镇没有民办幼儿园。）', NULL, NULL),
	(196, 'CZ2022-0196', '2022-06-29', '健康在盐', '坚决筑牢“外防输入、内防反弹”防线，落实疫情防控措施', '坚决筑牢“外防输入、内防反弹”防线，落实疫情防控措施', 0.30, NULL, NULL, NULL),
	(197, 'CZ2022-0197', '2022-06-29', '健康在盐', '深入开展爱国卫生运动，推进除“四害”村建设', '深入开展爱国卫生运动，推进除“四害”村建设', 0.20, '各镇（街道）通过国家卫生镇（县）省级复审（0.1分）；各镇（街道）完成年度除“四害”村任务（包括新增不少于1个、美丽乡村精品村均为除“四害”村等上级任务）（0.05分），年底40%以上的村获评市级及以上除“四害”村或新创一个省样板村（含升级为省级）（0.05分）', NULL, NULL),
	(198, 'CZ2022-0198', '2022-06-29', '健康在盐', '实施基层卫生健康综合试验区建设，完成基本公共卫生服务任务', '实施基层卫生健康综合试验区建设，完成基本公共卫生服务任务', 0.30, '镇（街道）、村（社区）均公共卫生委员会覆盖率100%，按基本公共卫生服务项目省定标准的15%补助辖区基层医疗卫生机构公卫经费，完成年度家庭医生签约指标任务，上半年启动签约服务工作，三季度完成年度任务数50%，四季度完成年度任务数100%。', NULL, NULL),
	(199, 'CZ2022-0199', '2022-06-29', '健康在盐', '落实三救三献工作，提升保障力度', '落实三救三献工作，提升保障力度', 0.20, '每个AED设点单位完成救护员取证培训不少于5人，各镇（街道）四季度完成AED安装并投入使用，配置率达到1.5台/万人（按常住人口计算）；按照辖区内每百常住人口1.39人的数量，完成年度无偿献血任务，一季度完成25%、二季度完成50%、三季度完成80%、四季度完成100%。', NULL, NULL),
	(200, 'CZ2022-0200', '2022-06-29', '健康在盐', '巩固提升慢性病综合防控工作', '巩固提升慢性病综合防控工作', 0.30, '年度重点人群结直肠癌筛查率达50%，至2022年覆盖目标人群比例达60%；各镇（街道）新建健康支持性环境（健康步道、健康主题公园、健康单位、健康餐厅、健康食堂等）不少于1个；开展全民健康生活方式“健康体重”专项行动。未完成不得分。', NULL, NULL),
	(201, 'CZ2022-0201', '2022-06-29', '健康在盐', '每个镇（街道）建设1个三星级智慧化社区卫生服务站', '每个镇（街道）建设1个三星级智慧化社区卫生服务站', 0.20, '一季度完成三星级智慧化社区卫生服务站（村卫生室）选址；二季度完成三星级智慧化社区卫生服务站（村卫生室）工程招标；三季度完成智慧化社区卫生服务站改造进度50%；四季度沈荡镇卫生院开工，于城镇卫生院迁建项目立项，完成方案设计，智慧化社区卫生服务站落地运行数字健康服务应用。', '1个', NULL),
	(202, 'CZ2022-0202', '2022-06-29', '健康在盐', '县级体育赛事（“乡村共富”浙江省文化礼堂运动会海盐县预选赛，项目根据省局规定）', '县级体育赛事（“乡村共富”浙江省文化礼堂运动会海盐县预选赛，项目根据省局规定）', 0.10, '评分细则：县级赛事（0.1分），镇级赛事（0.025分）。(一季度完成比赛方案制定；二至三季度分步开展比赛；四季度完成资料收集并组队参加省市级决赛。)', '1场', NULL),
	(203, 'CZ2022-0203', '2022-06-29', '健康在盐', '镇（街道）级体育赛事（各镇、街道）', '镇（街道）级体育赛事（各镇、街道）', 0.10, '评分细则：县级赛事（0.1分），镇级赛事（0.025分）。(一季度完成比赛方案制定；二至三季度分步开展比赛；四季度完成资料收集并组队参加省市级决赛。)', '4场', NULL),
	(204, 'CZ2022-0204', '2022-06-29', '健康在盐', '建设4个体医养融合模式“运动家”智慧体育社区（武原、西塘桥、秦山、澉浦各1个），百姓健身房模式“运动家”智慧体育社区（沈荡、于城、通元、百步、望海各1个）', '建设4个体医养融合模式“运动家”智慧体育社区（武原、西塘桥、秦山、澉浦各1个），百姓健身房模式“运动家”智慧体育社区（沈荡、于城、通元、百步、望海各1个）', 0.20, '一季度完成选址；二季度完成招标设计；三季度开展施工安装；四季度完成竣工验收并投入使用。', '1个', NULL),
	(205, 'CZ2022-0205', '2022-06-29', '健康在盐', '新建健心客厅', '新建健心客厅', 0.10, '一季度完成选址，二季度开工建设，三季度完成建设，四季度实现对外开放。', '1家', NULL),
	(206, 'CZ2022-0206', '2022-06-29', '健康在盐', '食品药品安全工作综合评价', '食品药品安全工作综合评价', 0.40, '食品药品安全指数根据《海盐县食品药品安全工作考核评议办法》年终进行赋分排名。农贸市场改造提升工作：持续推进农贸市场改造提升，巩固市场各类创建成果，2022年新创建“五化农贸市场”2家（望海1家、百步1家）、创建五星级文明规范市场1家（武原好邻居农贸市场）、三星级文明规范市场1家（武原街道光明农贸市场）；有关农贸市场通过“五化市场”“星级文明规范市场”“放心农贸市场”等复评。', NULL, NULL),
	(207, 'CZ2022-0207', '2022-06-29', '颐养在盐', '根据民生实事项目任务分配要求，在10月底前完成适老化改造项目、新增老年食堂等助餐点及助餐人数、新增持证护理员、居家养老服务中心无感服务智能终端配备', '根据民生实事项目任务分配要求，在10月底前完成适老化改造项目、新增老年食堂等助餐点及助餐人数、新增持证护理员、居家养老服务中心无感服务智能终端配备', 0.30, '根据民生实事项目任务分配要求，在10月底前完成适老化改造项目、新增老年食堂等助餐点及助餐人数、新增持证护理员、居家养老服务中心无感服务智能终端配备', NULL, NULL),
	(208, 'CZ2022-0208', '2022-06-29', '颐养在盐', '实施居家和社区基本养老服务提升行动，按照具体分配额完成任务。', '实施居家和社区基本养老服务提升行动，按照具体分配额完成任务。', 0.20, '实施居家和社区基本养老服务提升行动，按照具体分配额完成任务。', NULL, NULL),
	(209, 'CZ2022-0209', '2022-06-29', '颐养在盐', '全年实现孤寡、空巢、独居、高龄老年人日常探访全覆盖。', '全年实现孤寡、空巢、独居、高龄老年人日常探访全覆盖。', 0.20, '全年实现孤寡、空巢、独居、高龄老年人日常探访全覆盖。', NULL, NULL),
	(210, 'CZ2022-0210', '2022-06-29', '颐养在盐', '优化居家养老服务照料中心功能布局，提档升级为3A级及以上标准', '优化居家养老服务照料中心功能布局，提档升级为3A级及以上标准', 0.20, '优化居家养老服务照料中心功能布局，提档升级为3A级及以上标准', NULL, NULL),
	(211, 'CZ2022-0211', '2022-06-29', '颐养在盐', '提升机构服务能力，养老机构实现基层党组织全覆盖，每60张养老机构床位配备1名社会工作者（西塘桥、望海、于城、百步、澉浦、通元）', '提升机构服务能力，养老机构实现基层党组织全覆盖，每60张养老机构床位配备1名社会工作者（西塘桥、望海、于城、百步、澉浦、通元）', 0.20, '提升机构服务能力，养老机构实现基层党组织全覆盖，每60张养老机构床位配备1名社会工作者（西塘桥、望海、于城、百步、澉浦、通元）', NULL, NULL),
	(212, 'CZ2022-0212', '2022-06-29', '颐养在盐', '持续推进长护险区域标准化建设，数字赋能推进长护险提质扩面，确保符合条件重度失能人员长期护理保险享受率达到100%、服务质量回访反馈率达到100%', '持续推进长护险区域标准化建设，数字赋能推进长护险提质扩面，确保符合条件重度失能人员长期护理保险享受率达到100%、服务质量回访反馈率达到100%', 0.20, '持续推进长护险区域标准化建设，数字赋能推进长护险提质扩面，确保符合条件重度失能人员长期护理保险享受率达到100%、服务质量回访反馈率达到100%', '100%', NULL),
	(213, 'CZ2022-0213', '2022-06-29', '温暖在盐', '落实社会救助政策', '一季度100%签订特困人员救助供养协议，二至四季度配合做好“暖巢行动”2.0提升帮扶，二季度组织开展岗位培训竞赛，全年开展面向困难群众的志愿服务活动不少于4次；四季度“助联体”覆盖率达100%；每季入户调查率、探访关爱率、幸福清单送达率均达100%。', 0.30, '一季度100%签订特困人员救助供养协议，二至四季度配合做好“暖巢行动”2.0提升帮扶，二季度组织开展岗位培训竞赛，全年开展面向困难群众的志愿服务活动不少于4次；四季度“助联体”覆盖率达100%；每季入户调查率、探访关爱率、幸福清单送达率均达100%。', NULL, NULL),
	(214, 'CZ2022-0214', '2022-06-29', '温暖在盐', '四季度完成居民会客厅建设', '四季度完成居民会客厅建设', 0.10, '四季度完成60%居民会客厅建设', '60%', NULL),
	(215, 'CZ2022-0215', '2022-06-29', '温暖在盐', '组织全国社会工作者职业水平考试，社区工作者持证率', '组织全国社会工作者职业水平考试，社区工作者持证率', 0.10, '组织全国社会工作者职业水平考试，社区工作者持证率达50%', '50%', NULL),
	(216, 'CZ2022-0216', '2022-06-29', '温暖在盐', '积极开展公益创投，社会工作站规范化项目化运行，新增1支标记的活跃的志愿服务组织', '积极开展公益创投，社会工作站规范化项目化运行，新增1支标记的活跃的志愿服务组织', 0.10, '积极开展公益创投，社会工作站规范化项目化运行，新增1支标记的活跃的志愿服务组织', '1支', NULL),
	(217, 'CZ2022-0217', '2022-06-29', '温暖在盐', '成立社区发展基金会等慈善组织', '成立社区发展基金会等慈善组织', 0.10, '成立1个社区发展基金会等慈善组织', '1个', NULL),
	(218, 'CZ2022-0218', '2022-06-29', '温暖在盐', '新增慈善信托资金规模达到50万', '新增慈善信托资金规模达到50万', 0.10, '新增慈善信托资金规模达到50万', '50万', NULL),
	(219, 'CZ2022-0219', '2022-06-29', '温暖在盐', '打造2项以上婚俗改革示范型标志性成果，完成集中补证分配量。望海、秦山、于城开工建设安息堂，沈荡、通元完成安息堂提升改造任务。', '打造2项以上婚俗改革示范型标志性成果，完成集中补证分配量。望海、秦山、于城开工建设安息堂，沈荡、通元完成安息堂提升改造任务。', 0.20, '打造2项以上婚俗改革示范型标志性成果，完成集中补证分配量。望海、秦山、于城开工建设安息堂，沈荡、通元完成安息堂提升改造任务。', NULL, NULL),
	(220, 'CZ2022-0220', '2022-06-29', '温暖在盐', '全年落实未成年人关爱保护，镇（街道）未成年人保护工作站实体化运行，形成一镇一品。一季度完成全国未成年人保护示范县创建指标任务，三季度完成2家示范型儿童之家创建。', '全年落实未成年人关爱保护，镇（街道）未成年人保护工作站实体化运行，形成一镇一品。一季度完成全国未成年人保护示范县创建指标任务，三季度完成2家示范型儿童之家创建。', 0.20, '全年落实未成年人关爱保护，镇（街道）未成年人保护工作站实体化运行，形成一镇一品。一季度完成全国未成年人保护示范县创建指标任务，三季度完成2家示范型儿童之家创建。', NULL, NULL),
	(221, 'CZ2022-0221', '2022-06-29', '温暖在盐', '开展3岁以下婴幼儿照护服务工作', '新增托育机构1家或托班3个；未完成不得分', 0.20, '武原街道新增普惠性托育机构2家、新增托位300个，其余镇（街道）均有新增托育机构1家或托班3个；未完成不得分。', NULL, NULL),
	(222, 'CZ2022-0222', '2022-06-29', '温暖在盐', '11月底前完成镇（街道）退役军人服务站的迁建工作（秦山、通元）、提升建设（其余7家），省级枫桥式服务站创建不少于1家。2月底前完成50%的存量对象建档立卡，启动优待证发放申请；3月底，全面完成建档立卡工作，完成全市退役军人优待证首发；4月底全面完成退役军人优待证发放申请。', '11月底前完成镇（街道）退役军人服务站的迁建工作（秦山、通元）、提升建设（其余7家），省级枫桥式服务站创建不少于1家。2月底前完成50%的存量对象建档立卡，启动优待证发放申请；3月底，全面完成建档立卡工作，完成全市退役军人优待证首发；4月底全面完成退役军人优待证发放申请。', 0.30, '11月底前完成镇（街道）退役军人服务站的迁建工作（秦山、通元）、提升建设（其余7家），省级枫桥式服务站创建不少于1家。2月底前完成50%的存量对象建档立卡，启动优待证发放申请；3月底，全面完成建档立卡工作，完成全市退役军人优待证首发；4月底全面完成退役军人优待证发放申请。', NULL, NULL),
	(223, 'CZ2022-0223', '2022-06-29', '温暖在盐', '研究制定并落实本地军人军属、退役军人和其他优抚对象基本优待目录清单，各镇（街道）6月份前提升完善不少于40家（武原100家、西塘桥50家）的崇军商家，拓展扩大优待证使用场景范围。', '研究制定并落实本地军人军属、退役军人和其他优抚对象基本优待目录清单，各镇（街道）6月份前提升完善不少于40家（武原100家、西塘桥50家）的崇军商家，拓展扩大优待证使用场景范围。', 0.20, '研究制定并落实本地军人军属、退役军人和其他优抚对象基本优待目录清单，各镇（街道）6月份前提升完善不少于40家（武原100家、西塘桥50家）的崇军商家，拓展扩大优待证使用场景范围。', '40家', NULL),
	(224, 'CZ2022-0224', '2022-06-29', '温暖在盐', '健全新兵入伍欢送、光荣牌悬挂、立功受奖报喜、退役返乡欢迎、节日走访慰问、重大庆典邀请等全流程工作机制，实现光荣牌悬挂率，立功喜报送达率，退役军人走访率，重点优抚对象、获二等功以上奖励的退役军人和现役军人家属慰问率全部达到100%，退役军人满意度测评满意率达到90%以上。', '健全新兵入伍欢送、光荣牌悬挂、立功受奖报喜、退役返乡欢迎、节日走访慰问、重大庆典邀请等全流程工作机制，实现光荣牌悬挂率，立功喜报送达率，退役军人走访率，重点优抚对象、获二等功以上奖励的退役军人和现役军人家属慰问率全部达到100%，退役军人满意度测评满意率达到90%以上。', 0.10, '健全新兵入伍欢送、光荣牌悬挂、立功受奖报喜、退役返乡欢迎、节日走访慰问、重大庆典邀请等全流程工作机制，实现光荣牌悬挂率，立功喜报送达率，退役军人走访率，重点优抚对象、获二等功以上奖励的退役军人和现役军人家属慰问率全部达到100%，退役军人满意度测评满意率达到90%以上。', NULL, NULL),
	(225, 'CZ2022-0225', '2022-06-29', '温暖在盐', '新建智慧书房4家（武原、西塘桥各2家），改建智慧书房9家[各镇（街道）各1家]，新建礼堂书屋12家（武原、西塘桥、望海、于城、澉浦、通元各1家，秦山、沈荡、百步各2家），新建文化馆企业分馆5家（武原、西塘桥、望海、秦山、百步各1家）；新建乡村文化名师工作室4家（西塘桥、秦山、沈荡、通元各1家）；新建省级旅游驿站2个（武原、澉浦各1个），开展非物质文化遗产数字化保护工作。一季度完成选址，二季度开工建设，三季度完成建设，四季度实现对外开放。', '新建智慧书房4家（武原、西塘桥各2家），改建智慧书房9家[各镇（街道）各1家]，新建礼堂书屋12家（武原、西塘桥、望海、于城、澉浦、通元各1家，秦山、沈荡、百步各2家），新建文化馆企业分馆5家（武原、西塘桥、望海、秦山、百步各1家）；新建乡村文化名师工作室4家（西塘桥、秦山、沈荡、通元各1家）；新建省级旅游驿站2个（武原、澉浦各1个），开展非物质文化遗产数字化保护工作。一季度完成选址，二季度开工建设，三季度完成建设，四季度实现对外开放。', 0.30, '新建智慧书房4家（武原、西塘桥各2家），改建智慧书房9家[各镇（街道）各1家]，新建礼堂书屋12家（武原、西塘桥、望海、于城、澉浦、通元各1家，秦山、沈荡、百步各2家），新建文化馆企业分馆5家（武原、西塘桥、望海、秦山、百步各1家）；新建乡村文化名师工作室4家（西塘桥、秦山、沈荡、通元各1家）；新建省级旅游驿站2个（武原、澉浦各1个），开展非物质文化遗产数字化保护工作。一季度完成选址，二季度开工建设，三季度完成建设，四季度实现对外开放。', NULL, NULL),
	(226, 'CZ2022-0226', '2022-06-29', '温暖在盐', '全年落实文广旅体行业及艺术、体育类培训市场检查管理措施，旅游新业态第三方安全评估全覆盖', '全年落实文广旅体行业及艺术、体育类培训市场检查管理措施，旅游新业态第三方安全评估全覆盖', 0.20, '全年落实文广旅体行业及艺术、体育类培训市场检查管理措施，旅游新业态第三方安全评估全覆盖', NULL, NULL),
	(227, 'CZ2022-0227', '2022-06-29', '温暖在盐', '完成残疾人家庭无障碍改造21户。10月底前（每少1户，相应扣分）。9月底前，百步完成省级民生实事工程公共服务场所无障碍9个点位改造（每少1个点，扣总分的10%）', '完成残疾人家庭无障碍改造21户。10月底前（每少1户，相应扣分）。9月底前，百步完成省级民生实事工程公共服务场所无障碍9个点位改造（每少1个点，扣总分的10%）', 0.20, '完成残疾人家庭无障碍改造21户。10月底前（每少1户，相应扣分）。9月底前，百步完成省级民生实事工程公共服务场所无障碍9个点位改造（每少1个点，扣总分的10%）', NULL, NULL),
	(228, 'CZ2022-0228', '2022-06-29', '温暖在盐', '开展放心消费在我“嘉”云社区建设，将放心消费单位纳入云社区管理，提升消费环境满意度。3月底前，云社区组建2个，完成每个云社区管理机构建设；6月底前，完成“海盐农商银行杯”放心消费在我“嘉”创建竞赛活动，形成云社区规范管理格局；9月底前，完成放心消费单位云社区全覆盖；12月底前，根据云社区运行情况进行总结，提升云社区在放心消费创建中的突出作用。', '开展放心消费在我“嘉”云社区建设，将放心消费单位纳入云社区管理，提升消费环境满意度。3月底前，云社区组建2个，完成每个云社区管理机构建设；6月底前，完成“海盐农商银行杯”放心消费在我“嘉”创建竞赛活动，形成云社区规范管理格局；9月底前，完成放心消费单位云社区全覆盖；12月底前，根据云社区运行情况进行总结，提升云社区在放心消费创建中的突出作用。', 0.20, '3月底前，云社区组建2个，完成每个云社区管理机构建设；6月底前，完成“海盐农商银行杯”放心消费在我“嘉”创建竞赛活动，形成云社区规范管理格局；9月底前，完成放心消费单位云社区全覆盖；12月底前，根据云社区运行情况进行总结，提升云社区在放心消费创建中的突出作用。', NULL, NULL),
	(229, 'CZ2022-0229', '2022-06-29', '平安建设', '按照《2022年度嘉兴市平安镇（街道）考核评审条件》考核结果计分', '按照《2022年度嘉兴市平安镇（街道）考核评审条件》考核结果计分', 2.50, '按照《2022年度嘉兴市平安镇（街道）考核评审条件》考核结果计分', NULL, NULL),
	(230, 'CZ2022-0230', '2022-06-29', '信访工作', '到市去省进京走访人次按辖区实有人口万人比值进行排名赋分，1-3名得0.2分，4-6名得0.15分，7-9名得0.1分', '到市去省进京走访人次按辖区实有人口万人比值进行排名赋分，1-3名得0.2分，4-6名得0.15分，7-9名得0.1分', 0.20, '到市去省进京走访人次按辖区实有人口万人比值进行排名赋分，1-3名得0.2分，4-6名得0.15分，7-9名得0.1分', NULL, NULL),
	(231, 'CZ2022-0231', '2022-06-29', '信访工作', '到市个访的，每人次扣0.02分；集体访的，5至9人的每批次扣0.2分，10至19人的每批次扣0.3分，20人以上的每批次扣0.4分；到市扰序的个访加倍扣分，集体访扰序的扣0.4分。去省个访的每人次扣0.05分；集体访的，5至９人的每批次扣0.3分，10人以上的每批次扣0.4分；去省扰序的个访加倍扣分，集体访扰序的扣0.4分。进京个访的，每人次扣0.2分；发生集体访、进京扰序的扣0.4分；实际进京未在国家信访局登记的每人次扣0.1分；进京途中劝返的，视情减免扣分。', '到市个访的，每人次扣0.02分；集体访的，5至9人的每批次扣0.2分，10至19人的每批次扣0.3分，20人以上的每批次扣0.4分；到市扰序的个访加倍扣分，集体访扰序的扣0.4分。去省个访的每人次扣0.05分；集体访的，5至９人的每批次扣0.3分，10人以上的每批次扣0.4分；去省扰序的个访加倍扣分，集体访扰序的扣0.4分。进京个访的，每人次扣0.2分；发生集体访、进京扰序的扣0.4分；实际进京未在国家信访局登记的每人次扣0.1分；进京途中劝返的，视情减免扣分。', 0.40, '到市个访的，每人次扣0.02分；集体访的，5至9人的每批次扣0.2分，10至19人的每批次扣0.3分，20人以上的每批次扣0.4分；到市扰序的个访加倍扣分，集体访扰序的扣0.4分。去省个访的每人次扣0.05分；集体访的，5至９人的每批次扣0.3分，10人以上的每批次扣0.4分；去省扰序的个访加倍扣分，集体访扰序的扣0.4分。进京个访的，每人次扣0.2分；发生集体访、进京扰序的扣0.4分；实际进京未在国家信访局登记的每人次扣0.1分；进京途中劝返的，视情减免扣分。', NULL, NULL),
	(232, 'CZ2022-0232', '2022-06-29', '信访工作', '开展积案化解清零行动', '开展积案化解清零行动', 0.30, '4月底前，每件积案按规定时限完成化解的，得0.3分；虽在4月底前清零但存在逾期完成情形的，得该件积案赋分值的50%；4月底前未完成清零的，按实际完成比例得分。', NULL, NULL),
	(233, 'CZ2022-0233', '2022-06-29', '信访工作', '年内不发生市级以上交办的新增积案', '年内不发生市级以上交办的新增积案', 0.10, '发生新增积案每件扣0.025分', NULL, NULL),
	(234, 'CZ2022-0234', '2022-06-29', '安全生产', '按照县安委会《2022年度安全生产目标管理责任制考核办法》折算', '按照县安委会《2022年度安全生产目标管理责任制考核办法》折算', 1.20, '按照县安委会《2022年度安全生产目标管理责任制考核办法》折算', NULL, NULL),
	(235, 'CZ2022-0235', '2022-06-29', '交通安全', '实现交通事故亡人数“一个不突破，两个不发生”总目标（即确保道路交通事故亡人数不突破年度控制数，不发生群死群伤道路交通事故，不发生较大以上道路交通事故）。挂牌整治镇（街道）交通事故亡人数得到有效遏制并成功摘牌。', '实现交通事故亡人数“一个不突破，两个不发生”总目标（即确保道路交通事故亡人数不突破年度控制数，不发生群死群伤道路交通事故，不发生较大以上道路交通事故）。挂牌整治镇（街道）交通事故亡人数得到有效遏制并成功摘牌。', 0.20, '实现交通事故亡人数“一个不突破，两个不发生”总目标（即确保道路交通事故亡人数不突破年度控制数，不发生群死群伤道路交通事故，不发生较大以上道路交通事故）。挂牌整治镇（街道）交通事故亡人数得到有效遏制并成功摘牌。', NULL, NULL),
	(236, 'CZ2022-0236', '2022-06-29', '交通安全', '按时完成市级、县级挂牌隐患整治任务，按时完成农村公路标准化路口整治任务', '按时完成市级、县级挂牌隐患整治任务，按时完成农村公路标准化路口整治任务', 0.10, '按时完成市级、县级挂牌隐患整治任务，按时完成农村公路标准化路口整治任务', NULL, NULL),
	(237, 'CZ2022-0237', '2022-06-29', '交通安全', '按时完成超标电动车提前淘汰工作', '按时完成超标电动车提前淘汰工作', 0.10, '按时完成超标电动车提前淘汰工作', NULL, NULL),
	(238, 'CZ2022-0238', '2022-06-29', '交通安全', '电动车头盔佩戴率和守法率', '电动车头盔佩戴率和守法率', 0.10, '电动车头盔佩戴率和守法率不低于95%和90%。', '95%、90%', NULL),
	(239, 'CZ2022-0239', '2022-06-29', '消防安全', '全年火灾起数同比去年下降，不发生亡人火灾事故。', '全年火灾起数同比去年下降，不发生亡人火灾事故。', 0.20, '全年火灾起数同比去年下降，不发生亡人火灾事故。', NULL, NULL),
	(240, 'CZ2022-0240', '2022-06-29', '消防安全', '完成消防宣传体验室建设和村（社区）示范体验点的建设', '完成消防宣传体验室建设和村（社区）示范体验点的建设', 0.10, '完成消防宣传体验室建设和村（社区）示范体验点的建设', NULL, NULL),
	(241, 'CZ2022-0241', '2022-06-29', '消防安全', '完成137个（含有物业公司）住宅小区打通生命通道(消防车道划线），全部落实电动自行车集中管理要求措施', '完成137个（含有物业公司）住宅小区打通生命通道(消防车道划线），全部落实电动自行车集中管理要求措施', 0.10, '完成137个（含有物业公司）住宅小区打通生命通道(消防车道划线），全部落实电动自行车集中管理要求措施', NULL, NULL),
	(242, 'CZ2022-0242', '2022-06-29', '消防安全', '完成11处县级及以上挂牌督办的重大火灾隐患单位（区域）的整改。武原、澉浦各2处，其他镇（街道）各1处', '完成11处县级及以上挂牌督办的重大火灾隐患单位（区域）的整改。武原、澉浦各2处，其他镇（街道）各1处', 0.10, '完成11处县级及以上挂牌督办的重大火灾隐患单位（区域）的整改。武原、澉浦各2处，其他镇（街道）各1处', '1处', NULL),
	(243, 'CZ2022-0243', '2022-06-29', '消防安全', '消防救援队伍作用发挥及培训演练按指定要求开展', '消防救援队伍作用发挥及培训演练按指定要求开展', 0.10, '消防救援队伍作用发挥及培训演练按指定要求开展', NULL, NULL),
	(244, 'CZ2022-0244', '2022-06-29', '无欠薪县', '政府投资项目未按照四方监管协议按时足额拨付农民工工资，导致拖欠农民工工资的，发生一起扣0.2分', '政府投资项目未按照四方监管协议按时足额拨付农民工工资，导致拖欠农民工工资的，发生一起扣0.2分', 0.20, '政府投资项目未按照四方监管协议按时足额拨付农民工工资，导致拖欠农民工工资的，发生一起扣0.2分', NULL, NULL),
	(245, 'CZ2022-0245', '2022-06-29', '无欠薪县', '按照《海盐县建设领域农民工工资支付管理实施细则》相关规定，对项目工资性工程款拨付监管不到位，导致发生欠薪案件的，发生1起扣0.05分', '按照《海盐县建设领域农民工工资支付管理实施细则》相关规定，对项目工资性工程款拨付监管不到位，导致发生欠薪案件的，发生1起扣0.05分', 0.10, '按照《海盐县建设领域农民工工资支付管理实施细则》相关规定，对项目工资性工程款拨付监管不到位，导致发生欠薪案件的，发生1起扣0.05分', NULL, NULL),
	(246, 'CZ2022-0246', '2022-06-29', '无欠薪县', '及时办结各类欠薪线索', '及时办结各类欠薪线索', 0.10, '部省级平台欠薪线索逾期1件扣0.05分，县级平台欠薪线索逾期1件扣0.02分', NULL, NULL),
	(247, 'CZ2022-0247', '2022-06-29', '无欠薪县', '按要求开展劳动保障书面审查和信用等级评价及劳动用工排查工作', '按要求开展劳动保障书面审查和信用等级评价及劳动用工排查工作', 0.10, '未完成扣0.05分', NULL, NULL),
	(248, 'CZ2022-0248', '2022-06-29', '法治建设', '民主法治村（社区）的创建工作中，省级未达到创建比例的、市级创建未全覆盖的各扣0.2分；申报创建国家级民主法治村（社区）、省级枫桥式司法所、省品牌调解室，但未创建成功的各扣0.05分', '民主法治村（社区）的创建工作中，省级未达到创建比例的、市级创建未全覆盖的各扣0.2分；申报创建国家级民主法治村（社区）、省级枫桥式司法所、省品牌调解室，但未创建成功的各扣0.05分', 0.40, '民主法治村（社区）的创建工作中，省级未达到创建比例的、市级创建未全覆盖的各扣0.2分；申报创建国家级民主法治村（社区）、省级枫桥式司法所、省品牌调解室，但未创建成功的各扣0.05分', NULL, NULL),
	(249, 'CZ2022-0249', '2022-06-29', '法治建设', '重大行政决策、行政规范性文件、行政合同未依规定程序管理的；未规范开展人民调解工作的，各扣0.2分', '重大行政决策、行政规范性文件、行政合同未依规定程序管理的；未规范开展人民调解工作的，各扣0.2分', 0.40, '重大行政决策、行政规范性文件、行政合同未依规定程序管理的；未规范开展人民调解工作的，各扣0.2分', NULL, NULL),
	(250, 'CZ2022-0250', '2022-06-29', '法治建设', '行政执法“三项制度”公开', '行政执法“三项制度”公开', 0.10, '行政处罚、行政许可公示，重大执法决定法制审核未落实的，各扣0.1分；省统一处罚办案系统应用未达标的，扣0.1分', NULL, NULL),
	(251, 'CZ2022-0251', '2022-06-29', '法治建设', '归正人员重新犯罪超考核指标，每发生一起扣0.1分；社区矫正、安置帮教工作管理不规范的，每出现一项扣0.1分。（0.1分）', '归正人员重新犯罪超考核指标，每发生一起扣0.1分；社区矫正、安置帮教工作管理不规范的，每出现一项扣0.1分。（0.1分）', 0.10, '归正人员重新犯罪超考核指标，每发生一起扣0.1分；社区矫正、安置帮教工作管理不规范的，每出现一项扣0.1分。（0.1分）', NULL, NULL),
	(252, 'CZ2022-0252', '2022-06-29', '法治建设', '政务公开', '政务公开', 0.50, '按照《2022年海盐县政务公开考核办法》折算赋分', NULL, NULL);
ALTER TABLE `ta_assessment` ENABLE KEYS;

ALTER TABLE `ta_assessment_external` DISABLE KEYS;
INSERT INTO `ta_assessment_external` (`id`, `code`, `create_date`, `level_one`, `level_two`, `name`, `point`, `standard`) VALUES
	(1, 'EZ2022-0001', NULL, '', '', '测试扣分指标', -2.00, '测试扣分标准'),
	(2, 'EZ2022-0002', NULL, '', '', '测试加分指标', 3.00, '测试加分标准'),
	(3, 'EZ2022-0003', NULL, '引领力', '党政正职表现情况', '发生失、泄密情况', -1.00, '发生失、泄密情况的，扣0.5分，被上级通报的，加倍扣分； '),
	(4, 'EZ2022-0004', NULL, '引领力', '党政正职表现情况', '未在规定时间内完成县委县政府领导批示、函告单、督办单', -0.10, '未在规定时间内完成县委县政府领导批示、函告单、督办单的，每发现1起扣0.1分；'),
	(5, 'EZ2022-0005', NULL, '引领力', '党政正职表现情况', '未按要求上报请销假、请示报告，值班值守工作落实不到位', -0.50, '未按要求上报请销假、请示报告，值班值守工作落实不到位的，每发现一次扣0.25分，被上级检查发现的，加倍扣分。             '),
	(6, 'EZ2022-0006', NULL, '引领力', '队伍建设', '对年轻干部队伍建设不够重视', -0.50, '对年轻干部队伍建设不够重视，未按要求配备年轻中层干部，视情扣0.1-0.5分。'),
	(7, 'EZ2022-0007', NULL, '引领力', '队伍建设', '公务员平时考核未按照要求开展或者流于形式', -0.25, '公务员平时考核未按照要求开展或者流于形式的，扣0.25分。');
ALTER TABLE `ta_assessment_external` ENABLE KEYS;

ALTER TABLE `ta_assessment_external_usage` DISABLE KEYS;
ALTER TABLE `ta_assessment_external_usage` ENABLE KEYS;

ALTER TABLE `ta_assessment_resp_department` DISABLE KEYS;
INSERT INTO `ta_assessment_resp_department` (`assessment_id`, `resp_department_id`) VALUES
	(1, 14),
	(2, 14),
	(3, 14),
	(4, 9),
	(4, 14),
	(5, 9),
	(5, 14),
	(6, 9),
	(6, 14),
	(7, 9),
	(7, 14),
	(8, 9),
	(8, 14),
	(9, 9),
	(9, 14),
	(10, 9),
	(10, 14),
	(11, 9),
	(11, 14),
	(12, 9),
	(12, 14),
	(13, 9),
	(13, 14),
	(14, 9),
	(14, 14),
	(15, 9),
	(15, 14),
	(16, 9),
	(16, 14),
	(17, 9),
	(17, 14),
	(18, 9),
	(18, 13),
	(19, 9),
	(19, 11),
	(19, 13),
	(19, 14),
	(20, 13),
	(21, 9),
	(21, 14),
	(22, 9),
	(22, 14),
	(23, 9),
	(23, 14),
	(24, 9),
	(24, 13),
	(24, 14),
	(25, 11),
	(26, 11),
	(26, 13),
	(26, 16),
	(26, 17),
	(27, 10),
	(27, 11),
	(28, 9),
	(29, 9),
	(30, 9),
	(31, 9),
	(32, 9),
	(32, 11),
	(32, 14),
	(33, 9),
	(33, 11),
	(33, 13),
	(33, 14),
	(34, 9),
	(34, 14),
	(35, 9),
	(35, 14),
	(36, 9),
	(36, 11),
	(36, 14),
	(36, 20),
	(37, 9),
	(37, 14),
	(38, 9),
	(39, 9),
	(40, 9),
	(41, 9),
	(42, 9),
	(43, 9),
	(44, 9),
	(45, 9),
	(46, 9),
	(47, 9),
	(48, 9),
	(49, 9),
	(50, 9),
	(51, 9),
	(52, 9),
	(53, 9),
	(54, 9),
	(55, 9),
	(56, 9),
	(56, 11),
	(57, 9),
	(57, 11),
	(58, 9),
	(58, 11),
	(59, 9),
	(60, 9),
	(61, 9),
	(62, 9),
	(63, 9),
	(64, 9),
	(65, 9),
	(66, 9),
	(67, 9),
	(68, 9),
	(69, 9),
	(70, 9),
	(71, 9),
	(72, 9),
	(73, 9),
	(74, 9),
	(75, 9),
	(76, 9),
	(77, 9),
	(78, 9),
	(78, 18),
	(79, 9),
	(79, 18),
	(80, 9),
	(80, 18),
	(81, 9),
	(81, 18),
	(82, 15),
	(83, 15),
	(84, 13),
	(85, 13),
	(86, 13),
	(87, 13),
	(88, 13),
	(89, 13),
	(90, 13),
	(91, 13),
	(92, 13),
	(93, 13),
	(94, 20),
	(95, 11),
	(95, 20),
	(96, 9),
	(96, 11),
	(96, 20),
	(97, 9),
	(98, 9),
	(99, 9),
	(100, 9),
	(101, 9),
	(102, 9),
	(103, 9),
	(104, 9),
	(105, 9),
	(105, 13),
	(105, 14),
	(106, 14),
	(107, 14),
	(108, 14),
	(109, 14),
	(110, 9),
	(110, 14),
	(111, 9),
	(111, 14),
	(112, 9),
	(112, 14),
	(113, 9),
	(113, 14),
	(114, 9),
	(114, 14),
	(115, 14),
	(116, 14),
	(117, 10),
	(118, 10),
	(119, 10),
	(120, 14),
	(120, 20),
	(121, 14),
	(121, 20),
	(122, 14),
	(122, 20),
	(123, 14),
	(123, 20),
	(124, 10),
	(124, 14),
	(124, 20),
	(125, 10),
	(125, 14),
	(125, 20),
	(126, 19),
	(127, 19),
	(128, 19),
	(129, 19),
	(130, 19),
	(131, 19),
	(132, 19),
	(133, 19),
	(134, 11),
	(135, 11),
	(136, 11),
	(137, 11),
	(138, 13),
	(139, 13),
	(140, 13),
	(141, 13),
	(142, 13),
	(143, 13),
	(144, 13),
	(145, 19),
	(146, 19),
	(147, 19),
	(148, 11),
	(149, 19),
	(150, 9),
	(150, 11),
	(150, 13),
	(150, 16),
	(150, 17),
	(150, 19),
	(151, 9),
	(151, 11),
	(151, 13),
	(151, 16),
	(151, 17),
	(151, 19),
	(152, 9),
	(152, 11),
	(152, 13),
	(152, 16),
	(152, 17),
	(152, 19),
	(153, 9),
	(153, 11),
	(153, 13),
	(153, 16),
	(153, 17),
	(153, 19),
	(154, 9),
	(154, 11),
	(154, 13),
	(154, 16),
	(154, 17),
	(154, 19),
	(155, 9),
	(155, 11),
	(155, 13),
	(155, 16),
	(155, 17),
	(155, 19),
	(156, 9),
	(156, 11),
	(156, 13),
	(156, 16),
	(156, 17),
	(156, 19),
	(157, 9),
	(157, 11),
	(157, 13),
	(157, 16),
	(157, 17),
	(157, 19),
	(158, 9),
	(158, 11),
	(158, 13),
	(158, 16),
	(158, 17),
	(158, 19),
	(159, 9),
	(159, 11),
	(159, 13),
	(159, 16),
	(159, 17),
	(159, 19),
	(160, 9),
	(160, 11),
	(160, 13),
	(160, 16),
	(160, 17),
	(160, 19),
	(161, 9),
	(161, 11),
	(161, 13),
	(161, 16),
	(161, 17),
	(161, 19),
	(162, 9),
	(162, 11),
	(162, 13),
	(162, 16),
	(162, 17),
	(162, 19),
	(163, 9),
	(163, 11),
	(163, 13),
	(163, 16),
	(163, 17),
	(163, 19),
	(164, 15),
	(165, 15),
	(166, 15),
	(167, 15),
	(168, 15),
	(169, 15),
	(170, 15),
	(171, 15),
	(172, 15),
	(173, 15),
	(174, 15),
	(175, 11),
	(176, 11),
	(177, 11),
	(178, 11),
	(179, 11),
	(179, 13),
	(180, 11),
	(180, 13),
	(181, 11),
	(182, 11),
	(183, 11),
	(184, 9),
	(184, 11),
	(184, 15),
	(184, 19),
	(185, 9),
	(185, 11),
	(185, 15),
	(185, 19),
	(186, 9),
	(186, 11),
	(186, 15),
	(186, 19),
	(187, 9),
	(188, 9),
	(189, 10),
	(190, 10),
	(191, 10),
	(192, 10),
	(193, 10),
	(194, 10),
	(195, 10),
	(196, 10),
	(197, 10),
	(198, 10),
	(199, 10),
	(200, 10),
	(201, 10),
	(202, 15),
	(203, 15),
	(204, 15),
	(205, 15),
	(206, 10),
	(206, 18),
	(207, 10),
	(208, 10),
	(209, 10),
	(210, 10),
	(211, 10),
	(212, 10),
	(213, 10),
	(214, 10),
	(215, 10),
	(216, 10),
	(217, 10),
	(218, 10),
	(219, 10),
	(220, 10),
	(221, 10),
	(222, 10),
	(223, 10),
	(224, 10),
	(225, 15),
	(226, 15),
	(227, 10),
	(228, 18),
	(229, 8),
	(230, 8),
	(231, 8),
	(232, 8),
	(233, 8),
	(234, 9),
	(234, 10),
	(234, 11),
	(234, 13),
	(234, 19),
	(235, 11),
	(236, 11),
	(237, 11),
	(238, 11),
	(239, 9),
	(239, 10),
	(239, 11),
	(239, 13),
	(239, 19),
	(240, 9),
	(240, 10),
	(240, 11),
	(240, 13),
	(240, 19),
	(241, 9),
	(241, 10),
	(241, 11),
	(241, 13),
	(241, 19),
	(242, 9),
	(242, 10),
	(242, 11),
	(242, 13),
	(242, 19),
	(244, 8),
	(244, 9),
	(244, 11),
	(244, 12),
	(245, 8),
	(245, 9),
	(245, 11),
	(245, 12),
	(246, 8),
	(246, 9),
	(246, 11),
	(246, 12),
	(247, 8),
	(247, 9),
	(247, 11),
	(247, 12),
	(248, 8),
	(249, 6),
	(249, 8),
	(250, 19),
	(251, 8),
	(252, 6);
ALTER TABLE `ta_assessment_resp_department` ENABLE KEYS;

ALTER TABLE `ta_assessment_resp_user` DISABLE KEYS;
INSERT INTO `ta_assessment_resp_user` (`assessment_id`, `resp_user_id`) VALUES
	(1, 5),
	(1, 10),
	(1, 18),
	(1, 20),
	(2, 5),
	(2, 10),
	(2, 18),
	(2, 20),
	(3, 5),
	(3, 10),
	(3, 18),
	(3, 20),
	(4, 5),
	(4, 10),
	(4, 15),
	(4, 18),
	(4, 20),
	(5, 5),
	(5, 10),
	(5, 15),
	(5, 18),
	(5, 20),
	(6, 18),
	(6, 22),
	(7, 18),
	(7, 22),
	(8, 18),
	(8, 22),
	(9, 5),
	(9, 10),
	(9, 15),
	(9, 18),
	(9, 20),
	(10, 5),
	(10, 10),
	(10, 15),
	(10, 18),
	(10, 20),
	(11, 5),
	(11, 10),
	(11, 15),
	(11, 18),
	(11, 20),
	(12, 5),
	(12, 10),
	(12, 15),
	(12, 18),
	(12, 20),
	(13, 5),
	(13, 10),
	(13, 15),
	(13, 18),
	(13, 20),
	(14, 5),
	(14, 10),
	(14, 15),
	(14, 18),
	(14, 20),
	(15, 18),
	(15, 22),
	(16, 18),
	(16, 22),
	(17, 18),
	(17, 22),
	(18, 15),
	(18, 18),
	(18, 21),
	(19, 3),
	(19, 5),
	(19, 15),
	(19, 17),
	(19, 18),
	(19, 21),
	(20, 21),
	(21, 5),
	(21, 10),
	(21, 15),
	(21, 18),
	(21, 20),
	(22, 15),
	(23, 18),
	(24, 5),
	(24, 15),
	(24, 18),
	(24, 21),
	(25, 17),
	(26, 6),
	(26, 17),
	(26, 21),
	(27, 16),
	(27, 17),
	(28, 15),
	(29, 15),
	(30, 15),
	(31, 15),
	(32, 5),
	(32, 10),
	(32, 15),
	(32, 17),
	(32, 18),
	(32, 20),
	(33, 10),
	(33, 15),
	(33, 17),
	(33, 18),
	(33, 20),
	(33, 21),
	(34, 5),
	(34, 10),
	(34, 15),
	(34, 18),
	(34, 20),
	(35, 5),
	(35, 10),
	(35, 15),
	(35, 18),
	(35, 20),
	(36, 5),
	(36, 10),
	(36, 15),
	(36, 17),
	(36, 18),
	(36, 19),
	(36, 20),
	(37, 5),
	(37, 10),
	(37, 15),
	(37, 18),
	(37, 20),
	(38, 5),
	(38, 15),
	(38, 18),
	(39, 15),
	(40, 15),
	(41, 15),
	(42, 15),
	(43, 15),
	(44, 15),
	(45, 15),
	(46, 15),
	(47, 15),
	(48, 15),
	(49, 15),
	(50, 15),
	(51, 15),
	(52, 15),
	(53, 15),
	(54, 15),
	(55, 15),
	(56, 15),
	(56, 19),
	(57, 15),
	(57, 19),
	(58, 15),
	(58, 19),
	(59, 15),
	(60, 15),
	(61, 18),
	(61, 22),
	(62, 18),
	(62, 22),
	(63, 18),
	(63, 22),
	(64, 18),
	(64, 22),
	(65, 18),
	(65, 22),
	(66, 18),
	(66, 22),
	(67, 18),
	(67, 22),
	(68, 15),
	(69, 15),
	(70, 15),
	(71, 15),
	(72, 15),
	(73, 15),
	(74, 15),
	(75, 15),
	(76, 15),
	(77, 15),
	(78, 15),
	(79, 15),
	(80, 15),
	(81, 15),
	(82, 9),
	(83, 9),
	(84, 21),
	(85, 21),
	(86, 21),
	(87, 21),
	(88, 21),
	(89, 21),
	(90, 21),
	(91, 21),
	(92, 21),
	(93, 21),
	(94, 17),
	(95, 17),
	(95, 19),
	(96, 15),
	(96, 17),
	(96, 19),
	(97, 15),
	(98, 15),
	(99, 15),
	(100, 15),
	(101, 15),
	(102, 15),
	(103, 15),
	(104, 15),
	(105, 15),
	(105, 18),
	(105, 21),
	(106, 18),
	(107, 18),
	(108, 18),
	(109, 18),
	(110, 15),
	(110, 18),
	(111, 15),
	(111, 18),
	(112, 15),
	(112, 18),
	(113, 15),
	(113, 18),
	(114, 15),
	(114, 18),
	(115, 18),
	(116, 18),
	(117, 16),
	(118, 16),
	(119, 16),
	(120, 5),
	(120, 10),
	(120, 17),
	(120, 18),
	(120, 20),
	(121, 5),
	(121, 10),
	(121, 17),
	(121, 18),
	(121, 20),
	(122, 5),
	(122, 10),
	(122, 17),
	(122, 18),
	(122, 20),
	(123, 5),
	(123, 10),
	(123, 17),
	(123, 18),
	(123, 20),
	(124, 5),
	(124, 10),
	(124, 16),
	(124, 17),
	(124, 18),
	(124, 20),
	(125, 5),
	(125, 10),
	(125, 16),
	(125, 17),
	(125, 18),
	(125, 20),
	(126, 11),
	(127, 11),
	(128, 11),
	(129, 11),
	(130, 11),
	(131, 11),
	(132, 11),
	(133, 11),
	(134, 17),
	(135, 17),
	(136, 17),
	(137, 17),
	(138, 21),
	(139, 21),
	(140, 21),
	(141, 21),
	(142, 21),
	(143, 21),
	(144, 21),
	(145, 12),
	(146, 12),
	(147, 12),
	(148, 19),
	(149, 12),
	(150, 6),
	(150, 11),
	(150, 15),
	(150, 17),
	(150, 21),
	(151, 6),
	(151, 11),
	(151, 15),
	(151, 17),
	(151, 21),
	(152, 6),
	(152, 11),
	(152, 15),
	(152, 17),
	(152, 21),
	(153, 6),
	(153, 11),
	(153, 15),
	(153, 17),
	(153, 21),
	(154, 6),
	(154, 11),
	(154, 15),
	(154, 17),
	(154, 21),
	(155, 6),
	(155, 11),
	(155, 15),
	(155, 17),
	(155, 21),
	(156, 6),
	(156, 11),
	(156, 15),
	(156, 17),
	(156, 21),
	(157, 6),
	(157, 11),
	(157, 15),
	(157, 17),
	(157, 21),
	(158, 6),
	(158, 11),
	(158, 15),
	(158, 17),
	(158, 21),
	(159, 6),
	(159, 11),
	(159, 15),
	(159, 17),
	(159, 21),
	(160, 6),
	(160, 11),
	(160, 15),
	(160, 17),
	(160, 21),
	(161, 6),
	(161, 11),
	(161, 15),
	(161, 17),
	(161, 21),
	(162, 6),
	(162, 11),
	(162, 15),
	(162, 17),
	(162, 21),
	(163, 6),
	(163, 11),
	(163, 15),
	(163, 17),
	(163, 21),
	(164, 9),
	(165, 9),
	(166, 9),
	(167, 9),
	(168, 9),
	(169, 9),
	(170, 9),
	(171, 9),
	(172, 9),
	(173, 9),
	(174, 9),
	(175, 17),
	(176, 19),
	(177, 17),
	(178, 17),
	(179, 17),
	(179, 21),
	(180, 17),
	(180, 21),
	(181, 17),
	(182, 17),
	(183, 17),
	(184, 6),
	(184, 9),
	(184, 11),
	(184, 12),
	(184, 17),
	(185, 6),
	(185, 9),
	(185, 11),
	(185, 12),
	(185, 17),
	(186, 6),
	(186, 9),
	(186, 11),
	(186, 12),
	(186, 17),
	(187, 15),
	(188, 15),
	(189, 16),
	(190, 16),
	(191, 16),
	(192, 16),
	(193, 16),
	(194, 16),
	(195, 16),
	(196, 16),
	(197, 16),
	(198, 16),
	(199, 16),
	(200, 16),
	(201, 16),
	(202, 9),
	(203, 9),
	(204, 9),
	(205, 9),
	(206, 15),
	(206, 16),
	(207, 16),
	(208, 16),
	(209, 16),
	(210, 16),
	(211, 16),
	(212, 16),
	(213, 16),
	(214, 16),
	(215, 16),
	(216, 16),
	(217, 16),
	(218, 16),
	(219, 16),
	(220, 16),
	(221, 16),
	(222, 16),
	(223, 16),
	(224, 12),
	(224, 16),
	(225, 9),
	(226, 9),
	(227, 16),
	(228, 16),
	(229, 6),
	(229, 11),
	(230, 6),
	(230, 11),
	(231, 6),
	(231, 11),
	(232, 6),
	(232, 11),
	(233, 6),
	(233, 11),
	(234, 6),
	(234, 12),
	(234, 15),
	(234, 16),
	(234, 17),
	(234, 21),
	(235, 17),
	(236, 17),
	(237, 17),
	(238, 17),
	(239, 6),
	(239, 12),
	(239, 15),
	(239, 16),
	(239, 17),
	(239, 21),
	(240, 6),
	(240, 12),
	(240, 15),
	(240, 16),
	(240, 17),
	(240, 21),
	(241, 6),
	(241, 12),
	(241, 15),
	(241, 16),
	(241, 17),
	(241, 21),
	(242, 6),
	(242, 12),
	(242, 15),
	(242, 16),
	(242, 17),
	(242, 21),
	(243, 6),
	(244, 6),
	(244, 11),
	(244, 15),
	(244, 17),
	(245, 6),
	(245, 11),
	(245, 15),
	(245, 17),
	(246, 6),
	(246, 11),
	(246, 15),
	(246, 17),
	(247, 6),
	(247, 11),
	(247, 15),
	(247, 17),
	(248, 6),
	(249, 6),
	(250, 6),
	(250, 12),
	(251, 6),
	(251, 11),
	(252, 6);
ALTER TABLE `ta_assessment_resp_user` ENABLE KEYS;

ALTER TABLE `ta_plan` DISABLE KEYS;
ALTER TABLE `ta_plan` ENABLE KEYS;

ALTER TABLE `ta_plan_detail` DISABLE KEYS;
ALTER TABLE `ta_plan_detail` ENABLE KEYS;

ALTER TABLE `ta_task` DISABLE KEYS;
ALTER TABLE `ta_task` ENABLE KEYS;

ALTER TABLE `user` DISABLE KEYS;
INSERT INTO `user` (`id`, `name`, `privilege`, `station`, `user_order`, `department_id`, `parent_id`) VALUES
	(1, '党委', 'DEPT', '党委', NULL, 1, NULL),
	(2, '赵小龙', 'FIRST', '党委书记、管委会主任', NULL, 2, NULL),
	(3, '吴胜杰', 'DOUBLE', '党委副书记、镇长、管委会副主任', NULL, 3, NULL),
	(4, '蔡耀明', 'DOUBLE', '人大主席', NULL, 3, NULL),
	(5, '王哲', 'DOUBLE', '党委副书记 (党群)', NULL, 3, NULL),
	(6, '姜利明', 'DOUBLE', '党委副书记 (政法)', NULL, 3, NULL),
	(7, '李勤根', 'DOUBLE', '党委委员、纪委书记', NULL, 3, NULL),
	(8, '沈潇雅', 'DOUBLE', '党委委员 (组织)', NULL, 3, NULL),
	(9, '范郭真', 'DOUBLE', '党委委员 (宣传)', NULL, 3, NULL),
	(10, '吴肖峰', 'DOUBLE', '党委委员 (统战)', NULL, 3, NULL),
	(11, '朱世鹏', 'DOUBLE', '党委委员 (政法)', NULL, 3, NULL),
	(12, '董佳浩', 'DOUBLE', '党委委员、人武部部长', NULL, 3, NULL),
	(13, '张陆军', 'DOUBLE', '党委委员、派出所所长', NULL, 3, NULL),
	(14, '李均敬', 'DOUBLE', '人大副主席', NULL, 3, NULL),
	(15, '潘其华', 'DOUBLE', '副镇长 (工业)', NULL, 3, NULL),
	(16, '王玲敏', 'DOUBLE', '副镇长 (社会事业)', NULL, 3, NULL),
	(17, '沈伟华', 'DOUBLE', '副镇长 (城建交通)', NULL, 3, NULL),
	(18, '姚晨雪', 'DOUBLE', '副镇长 (人才、招商)', NULL, 3, NULL),
	(19, '叶吴良', 'DOUBLE', '副镇长 (征迁)', NULL, 3, NULL),
	(20, '叶锋', 'DOUBLE', '管委会副主任 (招商)', NULL, 3, NULL),
	(21, '沈鹏', 'DOUBLE', '管委会副主任 (农业)', NULL, 3, NULL),
	(22, '蒋爱君', 'DOUBLE', '副镇长级干部 (蒋爱君)', NULL, 3, NULL),
	(23, '赵生良', 'DOUBLE', '副镇长级干部 (赵生良)', NULL, 3, NULL),
	(24, '张明', 'DOUBLE', '副镇长级干部 (张明)', NULL, 3, NULL),
	(25, '张陆君', 'DOUBLE', '副镇长级干部 (张陆君)', NULL, 3, NULL),
	(26, '刘爱群', 'DOUBLE', '副镇长级干部 (刘爱群)', NULL, 3, NULL),
	(27, '唐惠平', 'DOUBLE', '副镇长级干部 (唐惠平)', NULL, 3, NULL),
	(28, '纪委监察办', 'DEPT_J', '纪委', NULL, 4, NULL),
	(29, '组织部门', 'DEPT_Z', '组织', NULL, 5, NULL),
	(30, '任凯波', 'FIRST', '党政综合办公室主任、纪委委员（全面统筹）', NULL, 6, NULL),
	(31, '江琳', 'DOUBLE', '党政综合办公室副主任、人大办公室副主任（两办信息、人大工作、政府出纳、信息公开）', NULL, 6, NULL),
	(32, '蔡琦亮', NULL, '党政综合办公室工作人员（文书）', NULL, 6, NULL),
	(33, '顾嘉骏', NULL, '人武干事', NULL, 6, NULL),
	(34, '王怡雯', NULL, '党政综合办公室工作人员、百联村书记助理、团委副书记', NULL, 6, NULL),
	(35, '朱佳琪', NULL, '党政综合办公室工作人员、镇长秘书，（OA收发、数字化改革（党政智治）、保密工作）', NULL, 6, NULL),
	(36, '俞金良', NULL, '党政综合办公室工作人员（司机、文书）', NULL, 6, NULL),
	(37, '宋婷', NULL, '党政综合办公室工作人员（档案）', NULL, 6, NULL),
	(38, '马徐杰', NULL, '信息攥写、防疫物资', NULL, 6, NULL),
	(39, '王皓', NULL, '党政综合办公室工作人员（档案、文印）', NULL, 6, NULL),
	(40, '金梦靖', 'FIRST', '党建工作办公室主任、团委书记、妇联副主席（全面统筹。主要负责信息、考核等）', NULL, 7, NULL),
	(41, '秦银平', NULL, '纪委副书记（正股级）（纪委工作）', NULL, 7, NULL),
	(42, '沈晓明', NULL, '党建工作办公室工作人员（一支队伍管执法）', NULL, 7, NULL),
	(44, '高沁', NULL, '党建工作办公室工作人员（人事、档案）', NULL, 7, NULL),
	(45, '庄建康', NULL, '党建工作办公室工作人员（一支队伍管执法）', NULL, 7, NULL),
	(46, '刘晓冬', NULL, '工业社区党支部副书记（协助党员发展等组织事务；工业社区事务）', NULL, 7, NULL),
	(48, '富高君', 'FIRST', '社会治理办公室副主任（保留正股长级）（主持全面工作（信访维稳、禁毒、反邪教））', NULL, 8, NULL),
	(49, '徐皓', 'DOUBLE', '司法所所长（司法行政）', NULL, 8, NULL),
	(50, '潘如锦', 'DOUBLE', '综治、平安、四个平台、微嘉园', NULL, 8, NULL),
	(51, '殷其良', NULL, '社会治理办公室工作人员（人民调解）', NULL, 8, NULL),
	(52, '王建文', NULL, '社会治理办公室工作人员（人民调解）', NULL, 8, NULL),
	(53, '沈金良', NULL, '社会治理办公室工作人员（中心报账、禁毒、信访）', NULL, 8, NULL),
	(54, '盛玲丽', NULL, '社会治理办公室工作人员。综治日常内勤工作（反恐、信访、考核、报表）', NULL, 8, NULL),
	(55, '蒋勇杰', NULL, '社会治理办公室工作人员（社区矫正、安置帮教）', NULL, 8, NULL),
	(56, '吴浩加', NULL, '社会治理办公室工作人员（禁毒）', NULL, 8, NULL),
	(57, '张漂洁', NULL, '社会治理办公室工作人员（信访、12349、禁毒）', NULL, 8, NULL),
	(58, '沈怡', NULL, '社会治理办公室工作人员（禁毒、调解）', NULL, 8, NULL),
	(59, '黄亦潇', NULL, '信访接待', NULL, 8, NULL),
	(60, '钟舒亭', NULL, '反诈宣讲员', NULL, 8, NULL),
	(61, '蒋陈燕', NULL, '司法行政内勤（人民调解、台账）', NULL, 8, NULL),
	(62, '徐晨阳', NULL, '社会治理办公室工作人员（综合指挥室、四个平台、微嘉园、驾证式系统）', NULL, 8, NULL),
	(63, '王华烽', NULL, '百步集镇片区专职网格员', NULL, 8, NULL),
	(64, '李新', NULL, '百步集镇片区专职网格员', NULL, 8, NULL),
	(65, '盛怡豪', NULL, '百步集镇片区专职网格员', NULL, 8, NULL),
	(66, '陈飞', NULL, '百步集镇片区专职网格员', NULL, 8, NULL),
	(67, '沈钱明', NULL, '横港集镇专职网格员', NULL, 8, NULL),
	(68, '孙晨辉', NULL, '横港第三网格专职网格员', NULL, 8, NULL),
	(69, '张佳伟', NULL, '五丰第六网格专职网格员', NULL, 8, NULL),
	(70, '柯江', NULL, '农丰第二网格专职网格员', NULL, 8, NULL),
	(71, '吴拂晓', NULL, '新升第一网格专职网格员', NULL, 8, NULL),
	(72, '陈国卫', NULL, '矛调中心', NULL, 8, NULL),
	(73, '缪法明', NULL, '人民调解', NULL, 8, NULL),
	(74, '李伟明', NULL, '人民调解', NULL, 8, NULL),
	(75, '沈晓坚', 'FIRST', '经济发展办公室主任（负责经发办全面工作）', NULL, 9, NULL),
	(76, '干高霞', 'DOUBLE', '综合服务中心副主任（科技、三产、经信、商务，企业联审；达产履约）', NULL, 9, NULL),
	(77, '吴辰凯', 'DOUBLE', '综合服务中心副主任（劳动、安全、项目推进、园区管理、发改（能耗）双控，负责对接发改局应急局人社局卫计局条线科室、事故处理、重点时段专项整治、星创湾、入区入园、项目推进等）', NULL, 9, NULL),
	(78, '姚春燕', 'DOUBLE', '综合服务中心副主任（统计、创建，全面负责统计各条线工作，做好部门对接和统筹安排；做好统计数据分析、调研；各项创建、验收工作、统计普查工作等）', NULL, 9, NULL),
	(79, '储美芬', NULL, '经济发展办公室工作人员（办公室事务、报账）', NULL, 9, NULL),
	(80, '沈凯悦', NULL, '经济发展办公室工作人员（项目备案、外贸、旅游、低散乱污、腾退、收储（对接经信局行政许可科、产业转型升级科；商务局外经外贸科））', NULL, 9, NULL),
	(81, '钱梦婷', NULL, '经济发展办公室工作人员（固定资产投资统计工作、劳动工资统计工作、科技统计工作、统计“双强”行动(星级创建工作)、统计服务与政务信息工作、统计法制工作）', NULL, 9, NULL),
	(82, '胡晨迪', NULL, '经济发展办公室工作人员（信息宣传、培大育强、营商环境、股改上市（对接经信局企业培育科、企业服务中心；财政局经融办））', NULL, 9, NULL),
	(83, '陆韵涛', NULL, '经济发展办公室工作人员（亩均绩效、数字化、两高一低、技改投资（对接经信局产业转型科、数字经济发展科）', NULL, 9, NULL),
	(84, '陆军', NULL, '经济发展办公室工作人员（兼工业镇长助理、技能培训、协助发改（能耗）双控、电力化改革、项目推进）', NULL, 9, NULL),
	(85, '朱勤燕', NULL, '经济发展办公室工作人员（科技创新、服务业发展、投资（对接科技局；商务局服务业发展中心））', NULL, 9, NULL),
	(86, '张建松', NULL, '经济发展办公室工作人员（支部工作、协助重点工作及商会工作）', NULL, 9, NULL),
	(87, '姚佳飞', NULL, '劳动纠纷、职业卫生、日常监督、星创湾现场（对接人社局、卫计局）', NULL, 9, NULL),
	(88, '陈涛', NULL, '安全生产、小微园区监管、日常监督、特种设备、污水零直排（对接应急局、墙改办、市场监管）', NULL, 9, NULL),
	(89, '秦倩芸', NULL, '税务协理、科协、电子商务、小微园系统建设（对接国税于城分局；科协；商务局商贸电商科；经信局园区科）', NULL, 9, NULL),
	(90, '王瑜', NULL, '规上工业统计工作、能源和水消费统计工作、工业经济效益、景气调查统计工作', NULL, 9, NULL),
	(91, '王月婷', NULL, '就业条线、安全资料、安全培训、工程资料', NULL, 9, NULL),
	(92, '蔡芸', NULL, '农业统计工作、城乡一体化住户调查工作、粮食生产统计监测调查工作、畜禽监测。', NULL, 9, NULL),
	(93, '吴珊', NULL, '规模以下工业抽样调查统计工作、服务业统计工作（贸易统计）、名录库工作、旅游业统计、其他临时性或一次性调查工作', NULL, 9, NULL),
	(94, '朱军军', NULL, '信息员，镇相关工作对接处理，上级交办问题处理，日常巡查检查，管家工作管理。', NULL, 9, NULL),
	(95, '陈龙', NULL, '特色小镇统计（年度考核）工作、开发区统计（年度考核）工作、链长制、小城市试点考核、嘉兴市重大产业平台', NULL, 9, NULL),
	(96, '吴霞菁', NULL, '商会、园区党建', NULL, 9, NULL),
	(97, '吴能娟', NULL, '星创湾资料、入园入区资料、疫情防控、发改（能耗）双控报表', NULL, 9, NULL),
	(98, '陆加海', 'FIRST', '社会事务服务管理办公室主任，全面统筹负责教育工作、食品药品安全工作，统筹民政、残联、退役军人、三社、卫健、疫情防控等各项工作', NULL, 10, NULL),
	(99, '王永明', 'DOUBLE', '社会事务服务管理办公室副主任，牵头负责民政、残联工作', NULL, 10, NULL),
	(100, '王超鑫', NULL, '负责民政工作', NULL, 10, NULL),
	(101, '金顺祥', 'DOUBLE', '社会治理办公室副主任、行政执法办公室副主任、教导员。牵头负责退役军人、三社工作，协助食品药品安全工作', NULL, 10, NULL),
	(102, '沈红维', NULL, '社会组织党支部书记、社区党支部委员，负责慈善工作、协助三社工作', NULL, 10, NULL),
	(103, '印佳', NULL, '负责退役军人工作', NULL, 10, NULL),
	(104, '冯瀛', 'DOUBLE', '妇联主席、社会事务服务管理办公室副主任、政务服务办公室副主任，负责便民服务中心', NULL, 10, NULL),
	(105, '姜燕', NULL, '居民医保', NULL, 10, NULL),
	(106, '吴凯丽', NULL, '城乡居民基本养老保险、居民医保', NULL, 10, NULL),
	(107, '盛卫丰', NULL, '负责残联工作', NULL, 10, NULL),
	(108, '陈维', NULL, '职工医保', NULL, 10, NULL),
	(109, '吴凌霞', NULL, '就业，创业，失业窗口，职工医保', NULL, 10, NULL),
	(110, '何琦', 'DOUBLE', '综合服务中心党支部副书记，牵头负责疫情防控、爱国卫生、计生工作。', NULL, 10, NULL),
	(111, '吴静怡', NULL, '负责计生统计、药具、档案、流动人口计生工作', NULL, 10, NULL),
	(112, '许柳婷', NULL, '负责计生协活动、服务、计生政策、党支部联络员', NULL, 10, NULL),
	(113, '朱洛慧', NULL, '疫情防控', NULL, 10, NULL),
	(114, '姚玲丹', NULL, '负责爱国卫生、红十字会、报账', NULL, 10, NULL),
	(115, '李董燕', NULL, '负责信息工作、协助食药安全工作', NULL, 10, NULL),
	(116, '金文彬', 'FIRST', '村镇建设管理办公室主任，统管村建办工作、配合城建镇长做好相关工作、统筹协调安排相关工作', NULL, 11, NULL),
	(117, '盛秀锋', 'DOUBLE', '综合服务中心副主任、负责巡查、创建等。交通大会战、文明创建、美丽城镇、农村公路管理站、安全生产等镇级工作、日常巡查相关事宜、政府投资项目统计事宜、农村生活污水', NULL, 11, NULL),
	(118, '沈伟佳', 'DOUBLE', '招商和项目推进科副科长，负责项目前期。政府投资项目前期办证、后期竣工事宜、国土空间利用（规划）、农民建房规划', NULL, 11, NULL),
	(119, '庄雪明', NULL, '村镇建设管理办公室工作人员', NULL, 11, NULL),
	(120, '朱健康', NULL, '招投标、农民建房。镇招投标中心工作、农民建房（具体工作）、美丽城镇相关工作（具体工作）', NULL, 11, NULL),
	(121, '蒉张斌', NULL, '政府投资项目全过程管理、交通大会战相关工作（具体工作）、农村公路管理站台账', NULL, 11, NULL),
	(122, '徐姚明', NULL, '镇级小型项目现场管理、线性工程（G528等）对下工作', NULL, 7, NULL),
	(123, '张春伟', NULL, '村镇建设管理办公室工作人员', NULL, 11, NULL),
	(124, '夏晶', NULL, '交通建管', NULL, 11, NULL),
	(125, '郑欢', NULL, '财务、统计、投资入库、档案', NULL, 11, NULL),
	(126, '许李金', NULL, '镇级小型项目现场管理；日常巡查相关工作（上级督察、专项检查等）', NULL, 11, NULL),
	(127, '沈超', NULL, '政府投资项目现场管理；日常巡查相关工作（上级督察、专项检查等）', NULL, 11, NULL),
	(128, '庄宇峰', NULL, '交通管理', NULL, 11, NULL),
	(129, '叶士斌', NULL, '交通管理', NULL, 11, NULL),
	(130, '丁悦', NULL, '政府投资项目现场管理；文明创建相关工作（具体工作）', NULL, 11, NULL),
	(131, '袁洁', NULL, '在建档案管理（三楼档案室），包括行成电子档；配合经办人办理前期、归档工作；政府投资领导小组会议资料整理', NULL, 11, NULL),
	(132, '钱海青', NULL, '道路、农房、码头、燃气等日常巡查；建筑工地文明施工、防疫工作等巡查；其他镇级工作巡查；', NULL, 11, NULL),
	(133, '李昕', NULL, '交通大会战台账整理；农村公路管理台账整理；镇级小型项目现场管理；', NULL, 11, NULL),
	(134, '冯沈燕', 'FIRST', '办公室统筹', NULL, 11, NULL),
	(135, '蒋昊', NULL, '征搬迁工作', NULL, 11, NULL),
	(136, '薛斌', NULL, '征搬迁工作', NULL, 11, NULL),
	(137, '朱豪杰', NULL, '征搬迁工作', NULL, 11, NULL),
	(138, '张晓琴', NULL, '档案、内勤', NULL, 11, NULL),
	(139, '李德明', 'DOUBLE', '村镇建设管理办公室党支部书记，征搬迁工作、侧重负责征迁', NULL, 11, NULL),
	(140, '张仕明', NULL, '征搬迁工作', NULL, 11, NULL),
	(141, '李志远', NULL, '档案、内勤', NULL, 11, NULL),
	(142, '钱雪峰', NULL, '征搬迁工作', NULL, 11, NULL),
	(143, '陈仁群', 'FIRST', '财政办公室主任、综合服务中心党支部书记，统筹协调财政办日常工作；财政复核；合同审核；财务审批', NULL, 12, NULL),
	(144, '吴玉明', NULL, '协助财政办主任开展工作；融资；会计（总工会、机关工会）', NULL, 12, NULL),
	(145, '沈燕君', 'DOUBLE', '综合服务中心副主任、事业会计，会计（站办、保留账户、党群服务中心、政府本级、党政办、党建办）；站办账户（出纳蔡海萍）复核；票据管理；', NULL, 12, NULL),
	(146, '金徐萍', NULL, '站办专项资金出纳；会计（慈善、水利建设、农合联、镇食堂）； 党费户、党群服务中心、农合联、慈善、保留账户（出纳蔡海萍）复核', NULL, 12, NULL),
	(147, '蔡海萍', NULL, '出纳（财政办、镇食堂、站办、党费户、党群服务中心、农合联、党政、党建、慈善、保留账户、三泽物业）', NULL, 12, NULL),
	(148, '郑洁', NULL, '10家公司出纳（开发区投资公司、城建公司、百尚公司、百新公司、基础、富村、尚成公司）', NULL, 11, NULL),
	(149, '邓燕君', NULL, '国有公司财务印鉴章管理；9家国有公司会计（开发区投资、尚成、三泽物业、百尚开发、百新公司）；债务申报、债务表、快报、凭证装订整理、工程款台账', NULL, 10, NULL),
	(150, '顾丽燕', NULL, '总会计账、预决算编制、政府采购、报表上报（财政支出、三公经费等月报）；党政办、党建办账户（出纳蔡海萍）复核；工资奖金核算；', NULL, 12, NULL),
	(151, '徐建平', 'DOUBLE', '负责国有资产日常管理工作；各国有公司公章管理', NULL, 12, NULL),
	(152, '张建龙', NULL, '协助管理国有资产的使用和经营工作', NULL, 12, NULL),
	(153, '徐娟', NULL, '10家公司付款复核工作；会计（城建公司、基础公司、富村公司、党费户）、社保办理、公积金业务；工商变更；固定资产管理平台（每月更新）；资产云系统（资产月报）、国有资产年报', NULL, 12, NULL),
	(155, '陆水良', 'FIRST', '农业农村办公室主任，统筹全面工作', NULL, 13, NULL),
	(156, '包海兴', 'DOUBLE', '综合服务中心副主任（分管农经），农合联、农民增收、农业投资、农经管理', NULL, 13, NULL),
	(157, '徐忠玲', NULL, '经作（蔬菜、蚕桑）、粮食生产功能（非粮化）、气象、农业招商引资、产业化项目管理', NULL, 13, NULL),
	(158, '王建明', 'DOUBLE', '综合服务中心副主任（分管农业），畜牧、水产与渔政、农村人居环境', NULL, 13, NULL),
	(160, '吴惠明', NULL, '农机监理', NULL, 13, NULL),
	(161, '张永明', NULL, '农机监理、农民培训等农培工作', NULL, 13, NULL),
	(162, '应小平', NULL, '栽培、土肥、植保、农业设施用地报批、农业保险', NULL, 13, NULL),
	(163, '曹国光', NULL, '畜牧、农村人居环境、防疫', NULL, 13, NULL),
	(164, '秦许康', NULL, '林业、水果、科教（含生态、能源、秸秆禁烧、清洁农场、项目申报等）', NULL, 13, NULL),
	(165, '姚明', 'DOUBLE', '水政监察和水资源管理、工程质监和安全、水利工程、防汛防台抗旱、灾情统计、考核数据及材料整理、档案、党务', NULL, 13, NULL),
	(166, '朱淑丽', NULL, '五个村会计、票据管理、农村财务审计、壮大村级集体经济', NULL, 13, NULL),
	(167, '王芸', NULL, '十个村出纳、一事一议、扶贫', NULL, 13, NULL),
	(168, '俞晨怡', NULL, '水利规划、水文、防汛防台抗旱、水利信息、防汛仓库管理、灾情统计、档案、报账', NULL, 13, NULL),
	(169, '俞雪峰', NULL, '水利规划、工程质监和安全、水利工程、防汛防台抗旱', NULL, 13, NULL),
	(170, '彭印洁', NULL, '五个村会计、村级产权交易、农村财务审计', NULL, 13, NULL),
	(171, '金菊娟', NULL, '种子、惠农补贴、信息、农产品质量安全及三品认证', NULL, 13, NULL),
	(172, '肖叶忠', 'FIRST', '招商和项目推进科科长，全面负责招商和项目推进科工作，分管招商引资工作，负责招商引资目标责任制考核指标落实。', NULL, 14, NULL),
	(173, '许伟兵', 'DOUBLE', '综合服务中心主任', NULL, 14, NULL),
	(174, '陈哲浩', 'DOUBLE', '招商和项目推进科副科长，负责驻沪、项目招引、项目推进等工作，协助长三角一体化目标责任制考核指标落实。', NULL, 14, NULL),
	(175, '曹忆湄', NULL, '负责文字材料的撰写，相关数据统计、分析、上报，上级各类统计信息的填报，以及目标责任制考核情况汇总、通报等工作，协助外语翻译工作。', NULL, 14, NULL),
	(176, '张伟忠', 'DOUBLE', '招商和项目推进服务中心副主任，全面负责项目推进、综合服务等工作，联系招商二组项目推进工作。', NULL, 14, NULL),
	(177, '李望龙', NULL, '负责项目招引、项目推进、人才、统战等工作，协助人才、科创工作目标责任制考核指标落实，协助信息宣传报道。', NULL, 14, NULL),
	(178, '徐元涛', NULL, '负责项目招引、项目推进等工作，协助内资招商目标责任制考核指标落实。', NULL, 14, NULL),
	(179, '阮鑫磊', NULL, '负责项目招引、项目推进等工作，协助项目推进节点化管理考核指标等工作。', NULL, 14, NULL),
	(180, '张晟涛', NULL, '负责二三产项目推进、协调等全流程服务，以及项目推进节点化管理考核指标等工作，联系招商三组项目推进工作。', NULL, 14, NULL),
	(181, '马镭耘', NULL, '负责项目招引、项目推进、服务业等工作，协助服务业工作目标责任制考核指标落实。', NULL, 14, NULL),
	(182, '吴丹青', NULL, '负责信息宣传报道、档案管理、财务报销、后勤保障、招商周报编辑等工作，协助文字材料撰写、数据统计和统战工作，联系招商一组项目推进工作。', NULL, 14, NULL),
	(183, '王瑞', NULL, '负责外资项目招引，外语翻译，外国协会、外资中介、外商人员的日常联系沟通、信息收集等工作，协助外资招商目标责任制考核指标落实。', NULL, 14, NULL),
	(184, '姚文浩', NULL, '驾驶员', NULL, 14, NULL),
	(185, '袁春峰', NULL, '驾驶员', NULL, 14, NULL),
	(186, '沈峰火', 'FIRST', '综合服务中心副主任、文化副站长（主持工作），主持镇文化分馆、文化站工作，负责日常事务；活动策划组织（含品牌节庆活动开展）；基础设施建设及重点工程推进；文化队伍建设；各类创建；指导、督促各村文化礼堂（新建、提升、创建评定、活动等）。', NULL, 15, NULL),
	(187, '叶慧娟', 'DOUBLE', '综合服务中心副主任，文化化产业；文化市场（含扫黄打非）；学习强国日常管理；中心工作联络；文化场所疫情防控；负责图书分馆、企业分馆、文创馆、横港印象馆、名师工作室等场馆活动开展、运作管理', NULL, 15, NULL),
	(188, '沈奕云', NULL, '沈奕云：指导镇级舞蹈节目编排；平台填报处理（各文化平台）；指导村创编节目、会务、演出服管理；协助活动策划组织及品牌节庆活动开展；文艺繁荣工程；协助文化礼堂工作；文保和非遗。', NULL, 15, NULL),
	(189, '李艳春', NULL, '账（宣文统旅）；材料撰写及课题研究；站内工作信息统筹、文学理论部工作；协助文明日常工作；意识形态（含网络舆情）。', NULL, 15, NULL),
	(190, '俞嘉雯', NULL, '文明日常工作；协助课题及材料撰写、站内信系、文学理论部工作；新闻信息宣传（含短视频、爱海盐发布、学习强国供稿）', NULL, 15, NULL),
	(191, '沈欢渊', NULL, '文明创建；体育（含老年体协）；摄影及视觉部工作；台账档案；四个平台处理；负责线上线下各阵地管理及外宣工作；后勤。', NULL, 15, NULL),
	(192, '徐林燕', NULL, '横港村宣传文化工作', NULL, 15, NULL),
	(193, '曹李洁', NULL, '逍恬村宣传文化工作，同时负责百步分馆表演艺术指导部相关工作', NULL, 15, NULL),
	(194, '徐珊妮', NULL, '农丰村宣传文化工作（含礼堂书屋）', NULL, 15, NULL),
	(195, '金银洁', NULL, '桃北村宣传文化工作', NULL, 15, NULL),
	(196, '闻丹媛', NULL, '五丰村宣传文化工作（含礼堂书屋）', NULL, 15, NULL),
	(197, '殷露娜', NULL, '百联村宣传文化工作，同时负责站内培训方案策划和组织', NULL, 15, NULL),
	(198, '钱佳丽', NULL, '胜利村宣传文化工作', NULL, 15, NULL),
	(199, '储妮', NULL, '超同村宣传文化工作', NULL, 15, NULL),
	(200, '康妍', NULL, '得胜村宣传文化工作', NULL, 15, NULL),
	(201, '康怡晨', NULL, '新升村宣传文化工作', NULL, 15, NULL),
	(202, '李丹捷', 'FIRST', '负责一支队伍管执法及党建、创建、队伍建设等；负责大综合一体化改革等相关工作。', NULL, 16, NULL),
	(203, '卢毅', 'FIRST', '生态环境执法分队队长，主持全面工作，环保督查、上级交办、转办件的办理，日常案件办理，其它与局、镇等工作对接。', NULL, 17, NULL),
	(204, '钟海富', NULL, '负责环保督查件、上级交办、转办件的办理，日常案件办理，日常巡查检查，信访处理，信息员。', NULL, 17, NULL),
	(205, '孙学军', NULL, '驾驶员，信访处理，日常巡查检查。', NULL, 17, NULL),
	(206, '许晓', NULL, '档案管理，材料、数据的收集和报送，固废平台管理员，后勤管理。', NULL, 17, NULL),
	(207, '徐建国', 'FIRST', '市场监管局百步分局局长、党支部书记，全面主持分局各项工作，重点牵头投诉举报、放心消费、行政审批、财物、人事、党建、属地交办等工作，联系消保科、人事科、办公室等。', NULL, 18, NULL),
	(208, '张志来', 'DOUBLE', '市场监管局百步分局副局长，全面参与分局各项工作，重点牵头知识产权保护中心（快维中心）筹建、食品安全、质量标准、农贸市场监管、行政审批信息宣传等工作，联系知识产权科、市场科、食品科、质量标准科、审批科、商家共治联盟。', NULL, 18, NULL),
	(209, '朱犟', 'DOUBLE', '市场监管局百步分局副局长，全面参与分局各项工作，重点牵头信用监管、稽查执法、特设安全、药械监管等工作，联系信用科、执法队、特设科、药械科、品牌指导站。', NULL, 18, NULL),
	(210, '冯建明', NULL, '重点负责市场主体年报、日常巡查、疫情防控、有关催报（填报）等工作，以及交办的其他工作。', NULL, 18, NULL),
	(211, '汪超逸', NULL, '重点负责行政审批、信息宣传、党务、人事等工作，以及交办的其他工作。', NULL, 18, NULL),
	(212, '庄毅炜', NULL, '重点负责知识产权保护中心（快维中心）筹建、食品安全、质量标准、农贸市场监管、信息宣传、行政执法、财物等工作，以及交办的其他工作。', NULL, 18, NULL),
	(213, '朱克来', NULL, '重点负责信用监管、稽查执法、特设安全、药械监管、信息宣传（牵头）、等工作，以及交办的其他工作。', NULL, 18, NULL),
	(214, '孙腾飞', NULL, '重点负责市场主体年报、个私协会、日常巡查、疫情防控、小微企业调查、车辆维保、文件收发等工作，以及交办的其他工作。', NULL, 18, NULL),
	(215, '钱雪飞', 'FIRST', '综合行政执法中队中队长（主持工作），统筹负责综合行政执法、三改一拆、四位一体（人居环境）、五水共治、垃圾分类、队伍建设等。承接一支队伍管执法相关工作。', NULL, 19, NULL),
	(216, '蔡诚航', NULL, '负责执法办案工作，餐厨垃圾以及犬类管理联络员。参与横港片综合巡查组巡查工作。', NULL, 19, NULL),
	(217, '王琴', NULL, '内勤，负责综合材料、信息宣传、统计、档案、智慧城管系统、执法办案等工作。', NULL, 19, NULL),
	(218, '范振伟', NULL, '负责执法办案工作，参与百步片综合巡查组巡查工作。', NULL, 19, NULL),
	(219, '杨慧杰', NULL, '局借调人员，负责执法办案工作，参与横港片综合巡查组巡查工作。', NULL, 19, NULL),
	(220, '舒宁', NULL, '负责行政审批工作。', NULL, 19, NULL),
	(221, '徐海平', NULL, '协助支部书记做好党建工作，协助教导员做好四位一体和垃圾分类等工作', NULL, 19, NULL),
	(222, '沈海飞', NULL, '百步集镇市容管理组组长，负责百步集镇市容市貌管理（户外广告、店招店牌、餐饮油烟、越店经营、流动摊贩开店审批等）、犬类管理及佳惠物业考核管理。', NULL, 19, NULL),
	(223, '干佳伟', NULL, '百步片四位一体组长，牵头负责百步片四位一体工作，工业垃圾打包站、中转站管理。', NULL, 19, NULL),
	(224, '顾蕾婷', NULL, '内勤及财务，负责（四位一体、垃圾分类、五水共治、人居环境）内勤，采购、报账及综治系统管理。', NULL, 19, NULL),
	(225, '郭伟', NULL, '横港片综合巡查组组长，负责横港片全域违建巡查和管控、农村主要道路流动摊贩管理，行政执法领域违法行为巡查等。协助三改一拆、四位一体和垃圾分类等工作。', NULL, 19, NULL),
	(226, '倪周剑', 'DOUBLE', '综合分队', NULL, 27, NULL),
	(227, '杜镱杰', NULL, '横港片综合巡查组组员。', NULL, 19, NULL),
	(228, '黄燕飞', NULL, '百步片综合巡查组组长，负责百步片全域违建巡查和管控、农村主要道路流动摊贩管理，行政执法领域违法行为巡查等。协助三改一拆、四位一体和垃圾分类等工作。', NULL, 19, NULL),
	(229, '徐晓明', NULL, '头负责三改一拆工作。', NULL, 19, NULL),
	(230, '陆一侃', NULL, '垃圾分类组长，牵头负责百步镇全域垃圾分类工作。', NULL, 19, NULL),
	(231, '张卫佳', NULL, '横港片四位一体组长，牵头负责横港片四位一体工作，餐厨垃圾点、建筑垃圾场、中转站管理。', NULL, 19, NULL),
	(232, '马明复', NULL, '横港集镇市容管理组组长，负责横港集镇市容市貌管理（户外广告、店招店牌、餐饮油烟、越店经营、流动摊贩、开店审批等）。', NULL, 19, NULL),
	(233, '张益斌', NULL, '横港集镇市容管理组组员', NULL, 19, NULL),
	(234, '查敏皓', NULL, '横港集镇市容管理组组员', NULL, 19, NULL),
	(235, '朱超岳', NULL, '百步片巡查组组员。', NULL, 19, NULL),
	(236, '金海凤', 'FIRST', '自然资源规划局百步国土所所长，全面负责', NULL, 20, NULL),
	(237, '戴根松', NULL, '农房审批、农房发证、档案管理、林业管理，协助其他工作等其他工作。', NULL, 20, NULL),
	(238, '朗宇', NULL, '信息一张图、用地批后监管、土地执法监察、土地调查变更、宣传、设施用地审批与管理、临时用地审批与管理、土地开发、土地整治、耕地占补平衡、土地整理', NULL, 20, NULL),
	(239, '王益文', 'DOUBLE', '自然资源规划局百步国土所副所长，负责党建工作、用地预审、农转用（征收）报批、供地、收储、土地调查变更、土地执法监察、信访；协助土地开发、土地整治、耕地占补平衡、土地整理、设施用地审批与管理、临时用地审批与管理。', NULL, 20, NULL),
	(240, '叶华明', NULL, '档案管理、办公室内勤、协助土地执法监察等工作', NULL, 20, NULL),
	(241, '徐佳', 'FIRST', '社区书记', NULL, 21, NULL),
	(242, '金雪明', 'DOUBLE', '社区干部', NULL, 21, NULL),
	(243, '蒋吴顺', 'DOUBLE', '社区干部', NULL, 21, NULL),
	(244, '高菊芬', 'DOUBLE', '社区干部', NULL, 21, NULL),
	(245, '夏婷吉', 'DOUBLE', '社区干部', NULL, 21, NULL),
	(246, '顾嘉晖', 'DOUBLE', '社区干部', NULL, 21, NULL),
	(247, '陆伦杰', 'DOUBLE', '社区干部', NULL, 21, NULL),
	(248, '贺晓叶', 'DOUBLE', '社区干部', NULL, 21, NULL),
	(249, '董云瑶', 'DOUBLE', '社区干部', NULL, 21, NULL),
	(250, '叶吴良(百联村)', 'FIRST', '村书记', NULL, 22, NULL),
	(251, '张培锋', 'DOUBLE', '村干部', NULL, 22, NULL),
	(252, '顾烨超', 'DOUBLE', '村干部', NULL, 22, NULL),
	(253, '蒋伊莉', 'DOUBLE', '村干部', NULL, 22, NULL),
	(254, '冯力栋', 'DOUBLE', '村干部', NULL, 22, NULL),
	(255, '储海锋', 'FIRST', '村书记', NULL, 23, NULL),
	(256, '韩惠东', 'DOUBLE', '村干部', NULL, 23, NULL),
	(257, '范程佳', 'DOUBLE', '村干部', NULL, 23, NULL),
	(258, '陈超', 'DOUBLE', '村干部', NULL, 23, NULL),
	(259, '陈菊', 'DOUBLE', '村干部', NULL, 23, NULL),
	(260, '李晓', 'DOUBLE', '村干部', NULL, 23, NULL),
	(261, '张小吐', 'FIRST', '村书记', NULL, 24, NULL),
	(262, '张永妹', 'DOUBLE', '村干部', NULL, 24, NULL),
	(263, '张陆艳', 'DOUBLE', '村干部', NULL, 24, NULL),
	(264, '张陈凯', 'DOUBLE', '村干部', NULL, 24, NULL),
	(265, '胡剑波', 'DOUBLE', '村干部', NULL, 24, NULL),
	(266, '张萍', 'DOUBLE', '村干部', NULL, 24, NULL),
	(267, '张浩东', 'FIRST', '村书记', NULL, 25, NULL),
	(268, '吴丹加', 'DOUBLE', '村干部', NULL, 25, NULL),
	(269, '姚燕青', 'DOUBLE', '村干部', NULL, 25, NULL),
	(270, '徐群玉', 'DOUBLE', '村干部', NULL, 25, NULL),
	(271, '蒋超', 'DOUBLE', '村干部', NULL, 25, NULL),
	(272, '沈佳丽', 'DOUBLE', '村干部', NULL, 25, NULL),
	(273, '钱益平', 'FIRST', '村书记', NULL, 26, NULL),
	(274, '徐晓飞', 'DOUBLE', '村干部', NULL, 26, NULL),
	(275, '陆林军', 'DOUBLE', '村干部', NULL, 26, NULL),
	(276, '施文芳', 'DOUBLE', '村干部', NULL, 26, NULL),
	(277, '吴金超', 'DOUBLE', '村干部', NULL, 26, NULL),
	(278, '王凯丽', 'DOUBLE', '村干部', NULL, 26, NULL),
	(279, '钱伟斌', 'FIRST', '村书记', NULL, 27, NULL),
	(280, '俞惠飞', 'DOUBLE', '村干部', NULL, 27, NULL),
	(281, '王亚晴', 'DOUBLE', '村干部', NULL, 27, NULL),
	(282, '庄丽', 'DOUBLE', '村干部', NULL, 27, NULL),
	(283, '郑亚平', 'FIRST', '村书记', NULL, 28, NULL),
	(284, '田洪彬', 'DOUBLE', '村干部', NULL, 28, NULL),
	(285, '何明霞', 'DOUBLE', '村干部', NULL, 28, NULL),
	(286, '何佳伟', 'DOUBLE', '村干部', NULL, 28, NULL),
	(287, '沈浩', 'DOUBLE', '村干部', NULL, 28, NULL),
	(288, '陆建国', 'FIRST', '村书记', NULL, 29, NULL),
	(289, '张森煜', 'DOUBLE', '村干部', NULL, 29, NULL),
	(290, '陆伟', 'DOUBLE', '村干部', NULL, 29, NULL),
	(291, '陈叶娟', 'DOUBLE', '村干部', NULL, 29, NULL),
	(292, '戴东涛', 'DOUBLE', '村干部', NULL, 29, NULL),
	(293, '钱柏根', 'FIRST', '村书记', NULL, 30, NULL),
	(294, '王月屏', 'DOUBLE', '村干部', NULL, 30, NULL),
	(295, '吴忠伟', 'DOUBLE', '村干部', NULL, 30, NULL),
	(296, '王建波', 'DOUBLE', '村干部', NULL, 30, NULL),
	(297, '葛月红', 'DOUBLE', '村干部', NULL, 30, NULL),
	(298, '韩斌', 'DOUBLE', '村干部', NULL, 30, NULL),
	(299, '郑佳琦', 'DOUBLE', '村干部', NULL, 30, NULL),
	(300, '陈建芬', 'FIRST', '村书记', NULL, 31, NULL),
	(301, '吴丹萍', 'DOUBLE', '村干部', NULL, 31, NULL),
	(302, '吴妙辉', 'DOUBLE', '村干部', NULL, 31, NULL),
	(303, '吴涛', 'DOUBLE', '村干部', NULL, 31, NULL),
	(304, '钱亦芳', 'DOUBLE', '村干部', NULL, 31, NULL),
	(305, '党政综合办公室', 'DEPT', '党政综合办公室', 10, 6, 5),
	(306, '党建工作办公室', 'DEPT', '党建工作办公室', 10, 7, 5),
	(307, '社会治理办公室', 'DEPT', '社会治理办公室', 10, 8, 6),
	(308, '经济发展办公室', 'DEPT', '经济发展办公室', 10, 9, 15),
	(309, '社会事务服务管理办公室', 'DEPT', '社会事务服务管理办公室', 10, 10, 16),
	(310, '村镇建设管理办公室', 'DEPT', '村镇建设管理办公室', 10, 11, 17),
	(311, '财政办公室', 'DEPT', '财政办公室', 10, 12, 3),
	(312, '农业农村办公室', 'DEPT', '农业农村办公室', 10, 13, 21),
	(313, '招商和项目推进科', 'DEPT', '招商和项目推进科', 10, 14, 5),
	(315, '生态环境办公室', 'DEPT', '生态环境办公室', 10, 16, 6),
	(316, '生态环境执法分队', 'DEPT', '生态环境执法分队', 10, 17, 6),
	(317, '市场监督管理局百步分局', 'DEPT', '市场监督管理局百步分局', 10, 18, 15),
	(318, '综合行政执法中队', 'DEPT', '综合行政执法中队', 10, 19, 6),
	(319, '自然规划局百步分局', 'DEPT', '自然规划局百步分局', 10, 20, 17),
	(320, '百步社区', 'DEPT', '百步社区', 10, 21, 1),
	(321, '百联村', 'DEPT', '百联村', 10, 22, 1),
	(322, '超同村', 'DEPT', '超同村', 10, 23, 1),
	(323, '逍恬村', 'DEPT', '逍恬村', 10, 24, 1),
	(324, '农丰村', 'DEPT', '农丰村', 10, 25, 1),
	(325, '新升村', 'DEPT', '新升村', 10, 26, 1),
	(326, '横港村', 'DEPT', '横港村', 10, 27, 1),
	(327, '桃北村', 'DEPT', '桃北村', 10, 28, 1),
	(328, '胜利村', 'DEPT', '胜利村', 10, 29, 1),
	(329, '五丰村', 'DEPT', '五丰村', 10, 30, 1),
	(330, '得胜村', 'DEPT', '得胜村', 10, 31, 1),
	(331, '百步社区联络站', 'DEPT_J', '百步社区联络站', 9, 21, NULL),
	(332, '百联村纪委、联络站', 'DEPT_J', '百联村纪委、联络站', 9, 22, NULL),
	(333, '超同村纪委、联络站', 'DEPT_J', '超同村纪委、联络站', 9, 23, NULL),
	(334, '逍恬村联络站', 'DEPT_J', '逍恬村联络站', 9, 24, NULL),
	(335, '农丰村联络站', 'DEPT_J', '农丰村联络站', 9, 25, NULL),
	(336, '新升村联络站', 'DEPT_J', '新升村联络站', 9, 26, NULL),
	(337, '横港村纪委、联络站', 'DEPT_J', '横港村纪委、联络站', 9, 27, NULL),
	(338, '桃北村联络站', 'DEPT_J', '桃北村联络站', 9, 28, NULL),
	(339, '胜利村联络站', 'DEPT_J', '胜利村联络站', 9, 29, NULL),
	(340, '五丰村纪委、联络站', 'DEPT_J', '五丰村纪委、联络站', 9, 30, NULL),
	(341, '得胜村联络站', 'DEPT_J', '得胜村联络站', 9, 31, NULL),
	(342, '征搬迁办公室', 'DEPT', '征搬迁办公室', 10, 32, 19),
	(343, '文化站', 'DEPT', '文化站', 10, 15, 9),
	(344, '崔岩', 'DOUBLE', '综合分队', NULL, 27, NULL),
	(345, '任辉', 'DOUBLE', '综合分队', NULL, 27, NULL),
	(999, 'admin', 'ADMIN', '系统管理员', NULL, 999, NULL);
ALTER TABLE `user` ENABLE KEYS;

SET SQL_MODE=IFNULL(@OLD_SQL_MODE, '');
SET FOREIGN_KEY_CHECKS=IFNULL(@OLD_FOREIGN_KEY_CHECKS, 1);
SET CHARACTER_SET_CLIENT=@OLD_CHARACTER_SET_CLIENT;
SET SQL_NOTES=IFNULL(@OLD_SQL_NOTES, 1);
