SET @OLD_CHARACTER_SET_CLIENT=@@CHARACTER_SET_CLIENT;
SET NAMES utf8;
SET NAMES utf8mb4;
SET @OLD_TIME_ZONE=@@TIME_ZONE;
SET TIME_ZONE='+00:00';
SET @OLD_FOREIGN_KEY_CHECKS=@@FOREIGN_KEY_CHECKS, FOREIGN_KEY_CHECKS=0;
SET @OLD_SQL_MODE=@@SQL_MODE, SQL_MODE='NO_AUTO_VALUE_ON_ZERO';
SET @OLD_SQL_NOTES=@@SQL_NOTES, SQL_NOTES=0;

INSERT INTO `approval` (`id`, `create_time`, `update_time`, `approve_user_id`, `copy_user_id`, `meeting_id`, `meeting_topic_id`, `plan_id`, `request_user_id`, `approval_type`, `matter_form_id`, `motion_id`, `three_id`, `progress_matter_form_id`) VALUES
	(11, '2022-06-22 09:25:25.764751', '2022-06-22 09:25:25.764751', 1, NULL, NULL, 1, NULL, NULL, NULL, NULL, NULL, NULL, NULL),
	(12, '2022-06-22 09:29:38.344481', '2022-06-22 09:29:38.344481', 1, NULL, NULL, 2, NULL, NULL, NULL, NULL, NULL, NULL, NULL),
	(13, '2022-06-22 09:32:17.461596', '2022-06-22 09:32:17.461596', 1, NULL, NULL, 3, NULL, NULL, NULL, NULL, NULL, NULL, NULL),
	(14, '2022-06-22 09:35:20.236672', '2022-06-22 09:35:20.236672', 1, NULL, NULL, 4, NULL, NULL, NULL, NULL, NULL, NULL, NULL),
	(15, '2022-06-22 09:37:47.979886', '2022-06-22 09:37:47.979886', 1, NULL, NULL, 5, NULL, NULL, NULL, NULL, NULL, NULL, NULL),
	(16, '2022-06-22 09:48:42.644277', '2022-06-22 09:48:42.644277', 1, NULL, NULL, 8, NULL, NULL, NULL, NULL, NULL, NULL, NULL),
	(17, '2022-06-22 09:53:56.901966', '2022-06-22 09:53:56.901966', 1, NULL, NULL, 9, NULL, NULL, NULL, NULL, NULL, NULL, NULL),
	(18, '2022-06-22 09:56:53.375730', '2022-06-22 09:56:53.375730', 1, NULL, NULL, 10, NULL, NULL, NULL, NULL, NULL, NULL, NULL),
	(19, '2022-06-22 10:00:18.101276', '2022-06-22 10:00:18.101276', 1, NULL, NULL, 11, NULL, NULL, NULL, NULL, NULL, NULL, NULL),
	(20, '2022-06-22 10:04:00.490744', '2022-06-22 10:04:00.490744', 1, NULL, NULL, 12, NULL, NULL, NULL, NULL, NULL, NULL, NULL),
	(21, '2022-06-22 10:06:25.741811', '2022-06-22 10:06:25.741811', 1, NULL, NULL, 13, NULL, NULL, NULL, NULL, NULL, NULL, NULL),
	(22, '2022-06-22 10:10:26.996799', '2022-06-22 10:10:26.996799', 1, NULL, NULL, 14, NULL, NULL, NULL, NULL, NULL, NULL, NULL),
	(23, '2022-06-22 10:12:57.058596', '2022-06-22 10:12:57.058596', 1, NULL, NULL, 15, NULL, NULL, NULL, NULL, NULL, NULL, NULL),
	(24, '2022-06-22 10:16:41.787490', '2022-06-22 10:16:41.787490', 1, NULL, NULL, 16, NULL, NULL, NULL, NULL, NULL, NULL, NULL),
	(25, '2022-06-22 10:18:50.325287', '2022-06-22 10:18:50.325287', 1, NULL, NULL, 17, NULL, NULL, NULL, NULL, NULL, NULL, NULL),
	(26, '2022-06-22 10:20:53.119294', '2022-06-22 10:20:53.119294', 1, NULL, NULL, 18, NULL, NULL, NULL, NULL, NULL, NULL, NULL),
	(27, '2022-06-22 10:22:46.556498', '2022-06-22 10:22:46.556498', 1, NULL, NULL, 19, NULL, NULL, NULL, NULL, NULL, NULL, NULL),
	(28, '2022-06-22 10:24:34.590958', '2022-06-22 10:24:34.590958', 1, NULL, NULL, 20, NULL, NULL, NULL, NULL, NULL, NULL, NULL),
	(29, '2022-06-22 10:26:28.607896', '2022-06-22 10:26:28.607896', 1, NULL, NULL, 21, NULL, NULL, NULL, NULL, NULL, NULL, NULL),
	(30, '2022-06-22 10:28:45.979118', '2022-06-22 10:28:45.979118', 1, NULL, NULL, 22, NULL, NULL, NULL, NULL, NULL, NULL, NULL),
	(32, '2022-07-19 15:54:39.019021', '2022-07-19 15:54:39.019021', 6, NULL, NULL, NULL, 2, 48, NULL, NULL, NULL, NULL, NULL),
	(33, '2022-07-21 16:03:18.323687', '2022-07-21 16:03:18.323687', 317, NULL, NULL, 23, NULL, 207, NULL, NULL, NULL, NULL, NULL),
	(34, '2022-07-21 16:06:37.723352', '2022-07-21 16:06:37.723352', 317, NULL, NULL, 24, NULL, 208, NULL, NULL, NULL, NULL, NULL),
	(35, '2022-07-21 16:08:28.565873', '2022-07-21 16:08:28.565873', 317, NULL, NULL, 25, NULL, 209, NULL, NULL, NULL, NULL, NULL),
	(41, '2022-07-25 22:00:54.000000', '2022-07-25 22:00:54.000000', 1, NULL, NULL, 26, NULL, NULL, NULL, NULL, NULL, NULL, NULL),
	(43, '2022-07-26 16:55:44.381124', '2022-07-26 16:55:44.381124', 324, NULL, NULL, 28, NULL, 268, NULL, NULL, NULL, NULL, NULL),
	(60, '2022-07-28 15:12:29.156820', '2022-07-28 15:12:29.156820', 324, NULL, NULL, 37, NULL, 324, NULL, NULL, NULL, NULL, NULL),
	(61, '2022-07-28 16:48:11.649284', '2022-07-28 16:48:11.649284', 324, NULL, NULL, 38, NULL, 335, NULL, NULL, NULL, NULL, NULL),
	(65, '2022-07-29 17:35:07.486823', '2022-07-29 17:35:07.486823', 324, NULL, NULL, 39, NULL, 269, NULL, NULL, NULL, NULL, NULL),
	(66, '2022-07-29 17:39:18.370540', '2022-07-29 17:39:18.370540', 324, NULL, NULL, 40, NULL, 271, NULL, NULL, NULL, NULL, NULL),
	(67, '2022-07-29 17:40:38.362627', '2022-07-29 17:40:38.362627', 324, NULL, NULL, 41, NULL, 272, NULL, NULL, NULL, NULL, NULL),
	(68, '2022-07-29 17:49:10.111915', '2022-07-29 17:49:10.111915', 324, NULL, NULL, 42, NULL, 270, NULL, NULL, NULL, NULL, NULL),
	(72, '2022-08-01 11:38:11.055677', '2022-08-01 11:38:11.055677', 324, NULL, NULL, 44, NULL, 267, NULL, NULL, NULL, NULL, NULL),
	(76, '2022-08-03 08:39:43.799845', '2022-08-03 08:39:43.799845', 311, NULL, NULL, 45, NULL, 311, NULL, NULL, NULL, NULL, NULL),
	(77, '2022-08-03 08:41:36.403956', '2022-08-03 08:41:36.403956', 311, NULL, NULL, 46, NULL, 145, NULL, NULL, NULL, NULL, NULL),
	(78, '2022-08-03 08:43:13.861753', '2022-08-03 08:43:13.861753', 311, NULL, NULL, 47, NULL, 143, NULL, NULL, NULL, NULL, NULL),
	(83, '2022-08-03 09:12:40.038102', '2022-08-03 09:12:40.038102', 3, NULL, 13, NULL, NULL, 311, NULL, NULL, NULL, NULL, NULL),
	(85, '2022-08-03 14:59:20.251602', '2022-08-03 14:59:20.251602', 321, NULL, NULL, 53, NULL, 321, NULL, NULL, NULL, NULL, NULL),
	(86, '2022-08-03 15:12:44.008366', '2022-08-03 15:12:44.008366', 321, NULL, NULL, 54, NULL, 332, NULL, NULL, NULL, NULL, NULL),
	(87, '2022-08-03 15:21:42.432676', '2022-08-03 15:21:42.432676', 321, NULL, NULL, 55, NULL, 252, NULL, NULL, NULL, NULL, NULL),
	(89, '2022-08-03 15:32:25.051946', '2022-08-03 15:32:25.051946', 321, NULL, NULL, 57, NULL, 254, NULL, NULL, NULL, NULL, NULL),
	(90, '2022-08-03 15:34:34.358972', '2022-08-03 15:34:34.358972', 321, NULL, NULL, 58, NULL, 251, NULL, NULL, NULL, NULL, NULL),
	(91, '2022-08-03 16:07:55.872262', '2022-08-03 16:07:55.872262', 321, NULL, NULL, 59, NULL, 253, NULL, NULL, NULL, NULL, NULL),
	(92, '2022-08-03 16:12:45.493076', '2022-08-03 16:12:45.493076', 321, NULL, NULL, 60, NULL, 250, NULL, NULL, NULL, NULL, NULL),
	(93, '2022-08-03 16:30:46.594576', '2022-08-03 16:30:46.594576', 1, NULL, 3, NULL, NULL, 324, NULL, NULL, NULL, NULL, NULL),
	(94, '2022-08-04 09:27:58.776210', '2022-08-04 09:27:58.776210', 317, NULL, NULL, 61, NULL, 317, NULL, NULL, NULL, NULL, NULL),
	(95, '2022-08-04 09:29:39.454393', '2022-08-04 09:29:39.454393', 15, NULL, 2, NULL, NULL, 317, NULL, NULL, NULL, NULL, NULL),
	(96, '2022-08-04 09:36:00.926470', '2022-08-04 09:36:00.926470', 1, NULL, 6, NULL, NULL, 321, NULL, NULL, NULL, NULL, NULL),
	(97, '2022-08-04 16:35:01.467134', '2022-08-04 16:35:01.467134', 329, NULL, NULL, 62, NULL, 329, NULL, NULL, NULL, NULL, NULL),
	(98, '2022-08-04 16:37:16.102739', '2022-08-04 16:37:16.102739', 329, NULL, NULL, 63, NULL, 340, NULL, NULL, NULL, NULL, NULL),
	(99, '2022-08-04 16:38:37.356250', '2022-08-04 16:38:37.356250', 329, NULL, NULL, 64, NULL, 293, NULL, NULL, NULL, NULL, NULL),
	(100, '2022-08-04 16:40:15.773031', '2022-08-04 16:40:15.773031', 329, NULL, NULL, 65, NULL, 294, NULL, NULL, NULL, NULL, NULL),
	(101, '2022-08-04 16:41:51.558609', '2022-08-04 16:41:51.558609', 329, NULL, NULL, 66, NULL, 296, NULL, NULL, NULL, NULL, NULL),
	(102, '2022-08-04 16:43:17.143007', '2022-08-04 16:43:17.143007', 329, NULL, NULL, 67, NULL, 295, NULL, NULL, NULL, NULL, NULL),
	(103, '2022-08-04 16:44:30.714275', '2022-08-04 16:44:30.714275', 329, NULL, NULL, 68, NULL, 297, NULL, NULL, NULL, NULL, NULL),
	(104, '2022-08-04 16:45:39.905009', '2022-08-04 16:45:39.905009', 329, NULL, NULL, 69, NULL, 298, NULL, NULL, NULL, NULL, NULL),
	(105, '2022-08-04 16:47:03.300929', '2022-08-04 16:47:03.300929', 329, NULL, NULL, 70, NULL, 299, NULL, NULL, NULL, NULL, NULL),
	(106, '2022-08-04 16:50:41.382366', '2022-08-04 16:50:41.382366', 1, NULL, 14, NULL, NULL, 329, NULL, NULL, NULL, NULL, NULL),
	(111, '2022-08-05 15:22:35.963628', '2022-08-05 15:22:35.963628', 318, NULL, NULL, 73, NULL, 346, NULL, NULL, NULL, NULL, NULL),
	(112, '2022-08-05 15:46:27.784098', '2022-08-05 15:46:27.784098', 318, NULL, NULL, 74, NULL, 215, NULL, NULL, NULL, NULL, NULL),
	(114, '2022-08-05 16:13:23.999579', '2022-08-05 16:13:23.999579', 318, NULL, NULL, 75, NULL, 318, NULL, NULL, NULL, NULL, NULL),
	(115, '2022-08-05 16:14:30.023248', '2022-08-05 16:14:30.023248', 6, NULL, 18, NULL, NULL, 318, NULL, NULL, NULL, NULL, NULL),
	(120, '2022-08-06 09:41:44.720743', '2022-08-06 09:41:44.720743', 322, NULL, NULL, 80, NULL, 256, NULL, NULL, NULL, NULL, NULL),
	(121, '2022-08-06 09:42:16.628828', '2022-08-06 09:42:16.628828', 322, NULL, NULL, 81, NULL, 257, NULL, NULL, NULL, NULL, NULL),
	(122, '2022-08-06 09:43:01.005041', '2022-08-06 09:43:01.005041', 322, NULL, NULL, 82, NULL, 259, NULL, NULL, NULL, NULL, NULL),
	(123, '2022-08-06 09:43:27.056309', '2022-08-06 09:43:27.056309', 322, NULL, NULL, 83, NULL, 258, NULL, NULL, NULL, NULL, NULL),
	(124, '2022-08-06 09:43:56.795997', '2022-08-06 09:43:56.795997', 322, NULL, NULL, 84, NULL, 260, NULL, NULL, NULL, NULL, NULL),
	(125, '2022-08-06 09:44:26.178236', '2022-08-06 09:44:26.178236', 322, NULL, NULL, 85, NULL, 333, NULL, NULL, NULL, NULL, NULL),
	(126, '2022-08-06 09:44:56.554015', '2022-08-06 09:44:56.554015', 322, NULL, NULL, 86, NULL, 322, NULL, NULL, NULL, NULL, NULL),
	(127, '2022-08-06 09:45:57.215636', '2022-08-06 09:45:57.215636', 322, NULL, NULL, 87, NULL, 255, NULL, NULL, NULL, NULL, NULL),
	(128, '2022-08-06 09:58:04.860256', '2022-08-06 09:58:04.860256', 1, NULL, 20, NULL, NULL, 322, NULL, NULL, NULL, NULL, NULL),
	(129, '2022-08-06 10:06:51.564814', '2022-08-06 10:06:51.564814', 325, NULL, NULL, 88, NULL, 274, NULL, NULL, NULL, NULL, NULL),
	(130, '2022-08-06 10:17:55.051526', '2022-08-06 10:17:55.051526', 325, NULL, NULL, 89, NULL, 336, NULL, NULL, NULL, NULL, NULL),
	(131, '2022-08-06 10:24:36.016386', '2022-08-06 10:24:36.016386', 325, NULL, NULL, 90, NULL, 276, NULL, NULL, NULL, NULL, NULL),
	(132, '2022-08-06 10:28:06.354703', '2022-08-06 10:28:06.354703', 325, NULL, NULL, 91, NULL, 275, NULL, NULL, NULL, NULL, NULL),
	(133, '2022-08-06 10:29:57.030343', '2022-08-06 10:29:57.030343', 325, NULL, NULL, 92, NULL, 278, NULL, NULL, NULL, NULL, NULL),
	(134, '2022-08-06 10:31:15.145528', '2022-08-06 10:31:15.145528', 325, NULL, NULL, 93, NULL, 325, NULL, NULL, NULL, NULL, NULL),
	(136, '2022-08-06 10:50:17.575572', '2022-08-06 10:50:17.575572', 325, NULL, NULL, 94, NULL, 273, NULL, NULL, NULL, NULL, NULL),
	(137, '2022-08-06 10:52:17.153890', '2022-08-06 10:52:17.153890', 325, NULL, NULL, 95, NULL, 277, NULL, NULL, NULL, NULL, NULL),
	(139, '2022-08-08 08:39:02.395028', '2022-08-08 08:39:02.395028', 320, NULL, NULL, 96, NULL, 245, NULL, NULL, NULL, NULL, NULL),
	(140, '2022-08-08 08:41:51.568176', '2022-08-08 08:41:51.568176', 320, NULL, NULL, 97, NULL, 331, NULL, NULL, NULL, NULL, NULL),
	(141, '2022-08-08 08:43:09.433411', '2022-08-08 08:43:09.433411', 320, NULL, NULL, 98, NULL, 243, NULL, NULL, NULL, NULL, NULL),
	(142, '2022-08-08 08:52:12.328259', '2022-08-08 08:52:12.328259', 320, NULL, NULL, 99, NULL, 248, NULL, NULL, NULL, NULL, NULL),
	(143, '2022-08-08 08:53:01.473173', '2022-08-08 08:53:01.473173', 320, NULL, NULL, 100, NULL, 249, NULL, NULL, NULL, NULL, NULL),
	(144, '2022-08-08 08:53:05.895761', '2022-08-08 08:53:05.895761', 320, NULL, NULL, 101, NULL, 247, NULL, NULL, NULL, NULL, NULL),
	(146, '2022-08-08 08:58:16.527650', '2022-08-08 08:58:16.527650', 320, NULL, NULL, 103, NULL, 244, NULL, NULL, NULL, NULL, NULL),
	(147, '2022-08-08 09:35:54.959793', '2022-08-08 09:35:54.959793', 1, NULL, 19, NULL, NULL, 325, NULL, NULL, NULL, NULL, NULL),
	(148, '2022-08-08 10:03:32.191566', '2022-08-08 10:03:32.191566', 320, NULL, NULL, 104, NULL, 246, NULL, NULL, NULL, NULL, NULL),
	(151, '2022-08-08 15:06:33.934643', '2022-08-08 15:06:33.934643', 326, NULL, NULL, 105, NULL, 326, NULL, NULL, NULL, NULL, NULL),
	(152, '2022-08-08 15:07:38.156450', '2022-08-08 15:07:38.156450', 326, NULL, NULL, 106, NULL, 282, NULL, NULL, NULL, NULL, NULL),
	(153, '2022-08-08 15:08:06.425323', '2022-08-08 15:08:06.425323', 306, NULL, NULL, 107, NULL, 306, NULL, NULL, NULL, NULL, NULL),
	(154, '2022-08-08 15:14:18.827173', '2022-08-08 15:14:18.827173', 326, NULL, NULL, 108, NULL, 281, NULL, NULL, NULL, NULL, NULL),
	(155, '2022-08-08 15:15:45.214625', '2022-08-08 15:15:45.214625', 326, NULL, NULL, 109, NULL, 226, NULL, NULL, NULL, NULL, NULL),
	(156, '2022-08-08 15:16:38.533111', '2022-08-08 15:16:38.533111', 326, NULL, NULL, 110, NULL, 345, NULL, NULL, NULL, NULL, NULL),
	(157, '2022-08-08 15:19:37.388221', '2022-08-08 15:19:37.388221', 326, NULL, NULL, 111, NULL, 337, NULL, NULL, NULL, NULL, NULL),
	(159, '2022-08-08 15:33:50.093795', '2022-08-08 15:33:50.093795', 326, NULL, NULL, 113, NULL, 279, NULL, NULL, NULL, NULL, NULL),
	(160, '2022-08-08 15:34:56.300329', '2022-08-08 15:34:56.300329', 326, NULL, NULL, 114, NULL, 344, NULL, NULL, NULL, NULL, NULL),
	(161, '2022-08-08 15:37:34.481102', '2022-08-08 15:37:34.481102', 326, NULL, NULL, 115, NULL, 280, NULL, NULL, NULL, NULL, NULL),
	(162, '2022-08-08 16:00:28.238645', '2022-08-08 16:00:28.238645', 1, NULL, 22, NULL, NULL, 326, NULL, NULL, NULL, NULL, NULL),
	(163, '2022-08-08 16:36:42.977330', '2022-08-08 16:36:42.977330', 306, NULL, NULL, 116, NULL, 40, NULL, NULL, NULL, NULL, NULL),
	(164, '2022-08-08 16:38:08.433606', '2022-08-08 16:38:08.433606', 5, NULL, 21, NULL, NULL, 306, NULL, NULL, NULL, NULL, NULL),
	(165, '2022-08-08 16:46:26.955870', '2022-08-08 16:46:26.955870', 6, NULL, NULL, 117, NULL, 307, NULL, NULL, NULL, NULL, NULL),
	(166, '2022-08-08 16:48:21.481701', '2022-08-08 16:48:21.481701', 315, NULL, NULL, 118, NULL, 315, NULL, NULL, NULL, NULL, NULL),
	(167, '2022-08-08 16:50:30.005614', '2022-08-08 16:50:30.005614', 315, NULL, NULL, 119, NULL, 202, NULL, NULL, NULL, NULL, NULL),
	(168, '2022-08-08 16:56:17.187540', '2022-08-08 16:56:17.187540', 307, NULL, NULL, 120, NULL, 48, NULL, NULL, NULL, NULL, NULL),
	(169, '2022-08-08 16:58:36.726320', '2022-08-08 16:58:36.726320', 6, NULL, 23, NULL, NULL, 315, NULL, NULL, NULL, NULL, NULL),
	(170, '2022-08-09 09:29:46.913545', '2022-08-09 09:29:46.913545', 307, NULL, NULL, 121, NULL, 50, NULL, NULL, NULL, NULL, NULL),
	(171, '2022-08-09 09:48:01.531381', '2022-08-09 09:48:01.531381', 307, NULL, NULL, 122, NULL, 49, NULL, NULL, NULL, NULL, NULL),
	(172, '2022-08-09 09:50:21.886018', '2022-08-09 09:50:21.886018', 6, NULL, 25, NULL, NULL, 307, NULL, NULL, NULL, NULL, NULL),
	(173, '2022-08-09 09:50:21.886018', '2022-08-09 09:50:21.886018', 1, NULL, NULL, 123, NULL, 29, NULL, NULL, NULL, NULL, NULL),
	(179, '2022-08-09 16:37:07.758196', '2022-08-09 16:37:07.758196', 320, NULL, NULL, 125, NULL, 242, NULL, NULL, NULL, NULL, NULL),
	(180, '2022-08-09 16:49:00.572360', '2022-08-09 16:49:00.572360', 1, NULL, NULL, 126, NULL, 320, NULL, NULL, NULL, NULL, NULL),
	(181, '2022-08-10 08:57:01.055161', '2022-08-10 08:57:01.055161', 343, NULL, NULL, 127, NULL, 343, NULL, NULL, NULL, NULL, NULL),
	(182, '2022-08-10 08:59:24.444183', '2022-08-10 08:59:24.444183', 343, NULL, NULL, 128, NULL, 186, NULL, NULL, NULL, NULL, NULL),
	(183, '2022-08-10 09:02:11.774558', '2022-08-10 09:02:11.774558', 343, NULL, NULL, 129, NULL, 187, NULL, NULL, NULL, NULL, NULL),
	(194, '2022-08-10 16:06:32.257710', '2022-08-10 16:06:32.257710', 1, NULL, 11, NULL, NULL, 320, NULL, NULL, NULL, NULL, NULL),
	(198, '2022-08-11 09:56:18.767082', '2022-08-11 09:56:18.767082', 308, NULL, NULL, 132, NULL, 78, NULL, NULL, NULL, NULL, NULL),
	(199, '2022-08-11 10:03:12.079378', '2022-08-11 10:03:12.079378', 308, NULL, NULL, 133, NULL, 308, NULL, NULL, NULL, NULL, NULL),
	(200, '2022-08-11 10:07:20.033831', '2022-08-11 10:07:20.033831', 308, NULL, NULL, 134, NULL, 75, NULL, NULL, NULL, NULL, NULL),
	(201, '2022-08-11 10:14:06.278375', '2022-08-11 10:14:06.278375', 308, NULL, NULL, 135, NULL, 77, NULL, NULL, NULL, NULL, NULL),
	(202, '2022-08-11 10:16:00.067340', '2022-08-11 10:16:00.067340', 308, NULL, NULL, 136, NULL, 76, NULL, NULL, NULL, NULL, NULL),
	(203, '2022-08-11 10:20:00.244124', '2022-08-11 10:20:00.244124', 15, NULL, 32, NULL, NULL, 308, NULL, NULL, NULL, NULL, NULL),
	(207, '2022-08-11 14:24:11.694132', '2022-08-11 14:24:11.694132', 1, NULL, NULL, 140, NULL, 323, NULL, NULL, NULL, NULL, NULL),
	(208, '2022-08-11 14:25:37.435376', '2022-08-11 14:25:37.435376', 323, NULL, NULL, 141, NULL, 261, NULL, NULL, NULL, NULL, NULL),
	(209, '2022-08-11 14:31:01.398850', '2022-08-11 14:31:01.398850', 323, NULL, NULL, 142, NULL, 262, NULL, NULL, NULL, NULL, NULL),
	(210, '2022-08-11 14:31:54.387218', '2022-08-11 14:31:54.387218', 323, NULL, NULL, 143, NULL, 265, NULL, NULL, NULL, NULL, NULL),
	(211, '2022-08-11 14:32:36.740065', '2022-08-11 14:32:36.740065', 323, NULL, NULL, 144, NULL, 264, NULL, NULL, NULL, NULL, NULL),
	(212, '2022-08-11 14:33:18.807831', '2022-08-11 14:33:18.807831', 323, NULL, NULL, 145, NULL, 263, NULL, NULL, NULL, NULL, NULL),
	(213, '2022-08-11 14:34:02.967816', '2022-08-11 14:34:02.967816', 323, NULL, NULL, 146, NULL, 266, NULL, NULL, NULL, NULL, NULL),
	(214, '2022-08-11 14:35:03.490124', '2022-08-11 14:35:03.490124', 323, NULL, NULL, 147, NULL, 334, NULL, NULL, NULL, NULL, NULL),
	(217, '2022-08-11 15:15:54.875393', '2022-08-11 15:15:54.875393', 1, NULL, 34, NULL, NULL, 323, NULL, NULL, NULL, NULL, NULL),
	(218, '2022-08-11 15:20:45.983383', '2022-08-11 15:20:45.983383', 319, NULL, NULL, 148, NULL, 319, NULL, NULL, NULL, NULL, NULL),
	(219, '2022-08-11 15:22:11.644172', '2022-08-11 15:22:11.644172', 319, NULL, NULL, 149, NULL, 236, NULL, NULL, NULL, NULL, NULL),
	(220, '2022-08-11 15:23:09.990226', '2022-08-11 15:23:09.990226', 319, NULL, NULL, 150, NULL, 239, NULL, NULL, NULL, NULL, NULL),
	(221, '2022-08-11 15:38:56.911911', '2022-08-11 15:38:56.911911', 17, NULL, 29, NULL, NULL, 319, NULL, NULL, NULL, NULL, NULL),
	(229, '2022-08-12 11:10:31.529949', '2022-08-12 11:10:31.529949', 312, NULL, NULL, 151, NULL, 312, NULL, NULL, NULL, NULL, NULL),
	(230, '2022-08-12 11:12:13.758904', '2022-08-12 11:12:13.758904', 312, NULL, NULL, 152, NULL, 155, NULL, NULL, NULL, NULL, NULL),
	(231, '2022-08-12 11:14:49.760198', '2022-08-12 11:14:49.760198', 312, NULL, NULL, 153, NULL, 165, NULL, NULL, NULL, NULL, NULL),
	(232, '2022-08-12 11:15:42.035008', '2022-08-12 11:15:42.035008', 312, NULL, NULL, 154, NULL, 156, NULL, NULL, NULL, NULL, NULL),
	(233, '2022-08-12 11:16:28.618097', '2022-08-12 11:16:28.618097', 312, NULL, NULL, 155, NULL, 158, NULL, NULL, NULL, NULL, NULL),
	(234, '2022-08-12 11:17:59.687598', '2022-08-12 11:17:59.687598', 21, NULL, 35, NULL, NULL, 312, NULL, NULL, NULL, NULL, NULL),
	(236, '2022-08-12 15:13:06.449729', '2022-08-12 15:13:06.449729', 342, NULL, NULL, 156, NULL, 342, NULL, NULL, NULL, NULL, NULL),
	(238, '2022-08-12 15:18:25.036335', '2022-08-12 15:18:25.036335', 342, NULL, NULL, 157, NULL, 134, NULL, NULL, NULL, NULL, NULL),
	(239, '2022-08-12 15:19:31.014575', '2022-08-12 15:19:31.014575', 342, NULL, NULL, 158, NULL, 139, NULL, NULL, NULL, NULL, NULL),
	(240, '2022-08-12 15:22:11.675904', '2022-08-12 15:22:11.675904', 19, NULL, 33, NULL, NULL, 342, NULL, NULL, NULL, NULL, NULL),
	(243, '2022-08-12 20:53:44.612940', '2022-08-12 20:53:44.612940', 327, NULL, NULL, 159, NULL, 327, NULL, NULL, NULL, NULL, NULL),
	(244, '2022-08-12 20:55:08.446335', '2022-08-12 20:55:08.446335', 327, NULL, NULL, 160, NULL, 287, NULL, NULL, NULL, NULL, NULL),
	(245, '2022-08-12 20:56:24.798181', '2022-08-12 20:56:24.798181', 327, NULL, NULL, 161, NULL, 286, NULL, NULL, NULL, NULL, NULL),
	(246, '2022-08-12 20:57:48.196915', '2022-08-12 20:57:48.196915', 327, NULL, NULL, 162, NULL, 284, NULL, NULL, NULL, NULL, NULL),
	(247, '2022-08-12 20:58:22.623360', '2022-08-12 20:58:22.623360', 327, NULL, NULL, 163, NULL, 285, NULL, NULL, NULL, NULL, NULL),
	(248, '2022-08-12 21:06:53.977269', '2022-08-12 21:06:53.977269', 327, NULL, NULL, 164, NULL, 338, NULL, NULL, NULL, NULL, NULL),
	(249, '2022-08-12 21:08:49.458762', '2022-08-12 21:08:49.458762', 327, NULL, NULL, 165, NULL, 283, NULL, NULL, NULL, NULL, NULL),
	(250, '2022-08-12 21:10:29.916921', '2022-08-12 21:10:29.916921', 1, NULL, 36, NULL, NULL, 327, NULL, NULL, NULL, NULL, NULL),
	(254, '2022-08-13 10:20:35.255127', '2022-08-13 10:20:35.255127', 316, NULL, NULL, 166, NULL, 203, NULL, NULL, NULL, NULL, NULL),
	(256, '2022-08-15 11:00:47.175701', '2022-08-15 11:00:47.175701', 330, NULL, NULL, 168, NULL, 330, NULL, NULL, NULL, NULL, NULL),
	(257, '2022-08-15 11:01:07.520561', '2022-08-15 11:01:07.520561', 330, NULL, NULL, 169, NULL, 304, NULL, NULL, NULL, NULL, NULL),
	(258, '2022-08-15 11:03:24.500770', '2022-08-15 11:03:24.500770', 330, NULL, NULL, 170, NULL, 301, NULL, NULL, NULL, NULL, NULL),
	(259, '2022-08-15 11:03:39.470993', '2022-08-15 11:03:39.470993', 330, NULL, NULL, 171, NULL, 303, NULL, NULL, NULL, NULL, NULL),
	(260, '2022-08-15 11:04:03.474693', '2022-08-15 11:04:03.474693', 330, NULL, NULL, 172, NULL, 302, NULL, NULL, NULL, NULL, NULL),
	(261, '2022-08-15 11:05:40.112610', '2022-08-15 11:05:40.112610', 330, NULL, NULL, 173, NULL, 300, NULL, NULL, NULL, NULL, NULL),
	(262, '2022-08-15 11:07:27.888280', '2022-08-15 11:07:27.888280', 330, NULL, NULL, 174, NULL, 341, NULL, NULL, NULL, NULL, NULL),
	(263, '2022-08-15 11:08:08.422679', '2022-08-15 11:08:08.422679', 1, NULL, 38, NULL, NULL, 330, NULL, NULL, NULL, NULL, NULL),
	(264, '2022-08-15 11:14:18.975221', '2022-08-15 11:14:18.975221', 310, NULL, NULL, 175, NULL, 310, NULL, NULL, NULL, NULL, NULL),
	(265, '2022-08-15 11:16:41.274510', '2022-08-15 11:16:41.274510', 310, NULL, NULL, 176, NULL, 116, NULL, NULL, NULL, NULL, NULL),
	(266, '2022-08-15 11:23:43.454434', '2022-08-15 11:23:43.454434', 310, NULL, NULL, 177, NULL, 117, NULL, NULL, NULL, NULL, NULL),
	(267, '2022-08-15 13:59:39.290643', '2022-08-15 13:59:39.290643', 310, NULL, NULL, 178, NULL, 118, NULL, NULL, NULL, NULL, NULL),
	(268, '2022-08-15 14:16:42.054270', '2022-08-15 14:16:42.054270', 17, NULL, 39, NULL, NULL, 310, NULL, NULL, NULL, NULL, NULL),
	(276, '2022-08-16 09:32:58.345692', '2022-08-16 09:32:58.345692', 328, NULL, NULL, 179, NULL, 328, NULL, NULL, NULL, NULL, NULL),
	(278, '2022-08-16 09:37:51.545784', '2022-08-16 09:37:51.545784', 328, NULL, NULL, 181, NULL, 292, NULL, NULL, NULL, NULL, NULL),
	(280, '2022-08-16 09:45:22.554766', '2022-08-16 09:45:22.554766', 328, NULL, NULL, 183, NULL, 339, NULL, NULL, NULL, NULL, NULL),
	(282, '2022-08-16 10:21:37.995850', '2022-08-16 10:21:37.995850', 328, NULL, NULL, 185, NULL, 291, NULL, NULL, NULL, NULL, NULL),
	(283, '2022-08-16 10:23:12.610416', '2022-08-16 10:23:12.610416', 328, NULL, NULL, 186, NULL, 290, NULL, NULL, NULL, NULL, NULL),
	(284, '2022-08-16 10:24:53.061208', '2022-08-16 10:24:53.061208', 328, NULL, NULL, 187, NULL, 288, NULL, NULL, NULL, NULL, NULL),
	(285, '2022-08-16 10:26:03.567218', '2022-08-16 10:26:03.567218', 1, NULL, 41, NULL, NULL, 328, NULL, NULL, NULL, NULL, NULL),
	(286, '2022-08-16 10:46:28.205277', '2022-08-16 10:46:28.205277', 9, NULL, 27, NULL, NULL, 343, NULL, NULL, NULL, NULL, NULL),
	(295, '2022-08-18 11:58:36.588358', '2022-08-18 11:58:36.588358', 313, NULL, NULL, 188, NULL, 313, NULL, NULL, NULL, NULL, NULL),
	(296, '2022-08-18 12:02:53.490593', '2022-08-18 12:02:53.490593', 313, NULL, NULL, 189, NULL, 176, NULL, NULL, NULL, NULL, NULL),
	(297, '2022-08-18 12:04:36.780535', '2022-08-18 12:04:36.780535', 313, NULL, NULL, 190, NULL, 173, NULL, NULL, NULL, NULL, NULL),
	(298, '2022-08-18 12:08:03.798312', '2022-08-18 12:08:03.798312', 313, NULL, NULL, 191, NULL, 172, NULL, NULL, NULL, NULL, NULL),
	(299, '2022-08-18 12:11:18.626948', '2022-08-18 12:11:18.626948', 313, NULL, NULL, 192, NULL, 174, NULL, NULL, NULL, NULL, NULL),
	(300, '2022-08-18 12:12:40.618507', '2022-08-18 12:12:40.618507', 5, NULL, 44, NULL, NULL, 313, NULL, NULL, NULL, NULL, NULL),
	(301, '2022-08-18 14:15:37.755834', '2022-08-18 14:15:37.755834', 309, NULL, NULL, 193, NULL, 98, NULL, NULL, NULL, NULL, NULL),
	(302, '2022-08-18 14:24:38.588443', '2022-08-18 14:24:38.588443', 309, NULL, NULL, 194, NULL, 309, NULL, NULL, NULL, NULL, NULL),
	(303, '2022-08-18 14:25:24.497079', '2022-08-18 14:25:24.497079', 309, NULL, NULL, 195, NULL, 110, NULL, NULL, NULL, NULL, NULL),
	(304, '2022-08-18 14:29:22.296835', '2022-08-18 14:29:22.296835', 309, NULL, NULL, 196, NULL, 99, NULL, NULL, NULL, NULL, NULL),
	(305, '2022-08-18 14:34:44.157458', '2022-08-18 14:34:44.157458', 309, NULL, NULL, 197, NULL, 101, NULL, NULL, NULL, NULL, NULL),
	(306, '2022-08-18 14:39:38.802655', '2022-08-18 14:39:38.802655', 16, NULL, 45, NULL, NULL, 309, NULL, NULL, NULL, NULL, NULL),
	(465, '2022-09-02 10:54:36.379301', '2022-09-02 10:54:36.379301', 305, NULL, NULL, 200, NULL, 104, NULL, NULL, NULL, NULL, NULL),
	(466, '2022-09-02 10:59:36.619008', '2022-09-02 10:59:36.619008', 305, NULL, NULL, 201, NULL, 305, NULL, NULL, NULL, NULL, NULL),
	(467, '2022-09-02 11:14:53.813606', '2022-09-02 11:14:53.813606', 305, NULL, NULL, 202, NULL, 30, NULL, NULL, NULL, NULL, NULL),
	(469, '2022-09-02 12:49:42.754503', '2022-09-02 12:49:42.754503', 305, NULL, NULL, 203, NULL, 31, NULL, NULL, NULL, NULL, NULL),
	(473, '2022-09-02 15:40:15.429065', '2022-09-02 15:40:15.429065', 5, NULL, 47, NULL, NULL, 305, NULL, NULL, NULL, NULL, NULL),
	(601, '2022-11-15 15:38:08.066928', '2022-11-15 15:38:08.066928', 1, NULL, NULL, NULL, NULL, 2, 'matterForm', 2, NULL, NULL, NULL),
	(602, '2022-11-15 15:38:08.097023', '2022-11-15 15:38:08.097023', 1, NULL, NULL, NULL, NULL, 3, 'matterForm', 3, NULL, NULL, NULL),
	(603, '2022-11-15 15:38:08.101684', '2022-11-15 15:38:08.101684', 1, NULL, NULL, NULL, NULL, 4, 'matterForm', 4, NULL, NULL, NULL),
	(604, '2022-11-15 15:38:08.106684', '2022-11-15 15:38:08.106684', 1, NULL, NULL, NULL, NULL, 5, 'matterForm', 5, NULL, NULL, NULL),
	(605, '2022-11-15 15:38:08.111683', '2022-11-15 15:38:08.111683', 1, NULL, NULL, NULL, NULL, 6, 'matterForm', 6, NULL, NULL, NULL),
	(606, '2022-11-15 15:38:08.116683', '2022-11-15 15:38:08.116683', 1, NULL, NULL, NULL, NULL, 7, 'matterForm', 7, NULL, NULL, NULL),
	(607, '2022-11-15 15:38:08.122067', '2022-11-15 15:38:08.122067', 1, NULL, NULL, NULL, NULL, 8, 'matterForm', 8, NULL, NULL, NULL),
	(608, '2022-11-15 15:38:08.126527', '2022-11-15 15:38:08.126527', 1, NULL, NULL, NULL, NULL, 9, 'matterForm', 9, NULL, NULL, NULL),
	(609, '2022-11-15 15:38:08.131581', '2022-11-15 15:38:08.131581', 1, NULL, NULL, NULL, NULL, 10, 'matterForm', 10, NULL, NULL, NULL),
	(610, '2022-11-15 15:38:08.136581', '2022-11-15 15:38:08.136581', 1, NULL, NULL, NULL, NULL, 11, 'matterForm', 11, NULL, NULL, NULL),
	(611, '2022-11-15 15:38:08.141579', '2022-11-15 15:38:08.141579', 1, NULL, NULL, NULL, NULL, 12, 'matterForm', 12, NULL, NULL, NULL),
	(612, '2022-11-15 15:38:08.146268', '2022-11-15 15:38:08.146268', 1, NULL, NULL, NULL, NULL, 13, 'matterForm', 13, NULL, NULL, NULL),
	(613, '2022-11-15 15:38:08.150282', '2022-11-15 15:38:08.150282', 1, NULL, NULL, NULL, NULL, 14, 'matterForm', 14, NULL, NULL, NULL),
	(614, '2022-11-15 15:38:08.154824', '2022-11-15 15:38:08.154824', 1, NULL, NULL, NULL, NULL, 15, 'matterForm', 15, NULL, NULL, NULL),
	(615, '2022-11-15 15:38:08.160159', '2022-11-15 15:38:08.160159', 1, NULL, NULL, NULL, NULL, 16, 'matterForm', 16, NULL, NULL, NULL),
	(616, '2022-11-15 15:38:08.166038', '2022-11-15 15:38:08.166038', 1, NULL, NULL, NULL, NULL, 17, 'matterForm', 17, NULL, NULL, NULL),
	(617, '2022-11-15 15:38:08.170578', '2022-11-15 15:38:08.170578', 1, NULL, NULL, NULL, NULL, 18, 'matterForm', 18, NULL, NULL, NULL),
	(618, '2022-11-15 15:38:08.174578', '2022-11-15 15:38:08.174578', 1, NULL, NULL, NULL, NULL, 19, 'matterForm', 19, NULL, NULL, NULL),
	(619, '2022-11-15 15:38:08.179428', '2022-11-15 15:38:08.179428', 1, NULL, NULL, NULL, NULL, 20, 'matterForm', 20, NULL, NULL, NULL),
	(620, '2022-11-15 15:38:08.182723', '2022-11-15 15:38:08.182723', 1, NULL, NULL, NULL, NULL, 21, 'matterForm', 21, NULL, NULL, NULL),
	(621, '2022-11-15 15:38:08.194469', '2022-11-15 15:38:08.194469', 1, NULL, NULL, NULL, NULL, 28, 'matterForm', 28, NULL, NULL, NULL),
	(622, '2022-11-15 15:38:08.197909', '2022-11-15 15:38:08.197909', 1, NULL, NULL, NULL, NULL, 29, 'matterForm', 29, NULL, NULL, NULL),
	(623, '2022-11-15 15:38:08.202042', '2022-11-15 15:38:08.202042', 305, NULL, NULL, NULL, NULL, 30, 'matterForm', 30, NULL, NULL, NULL),
	(624, '2022-11-15 15:38:08.205472', '2022-11-15 15:38:08.205472', 305, NULL, NULL, NULL, NULL, 31, 'matterForm', 31, NULL, NULL, NULL),
	(625, '2022-11-15 15:38:08.208959', '2022-11-15 15:38:08.208959', 306, NULL, NULL, NULL, NULL, 40, 'matterForm', 40, NULL, NULL, NULL),
	(626, '2022-11-15 15:38:08.212757', '2022-11-15 15:38:08.212757', 307, NULL, NULL, NULL, NULL, 48, 'matterForm', 48, NULL, NULL, NULL),
	(627, '2022-11-15 15:38:08.216129', '2022-11-15 15:38:08.216129', 307, NULL, NULL, NULL, NULL, 49, 'matterForm', 49, NULL, NULL, NULL),
	(628, '2022-11-15 15:38:08.220156', '2022-11-15 15:38:08.220156', 307, NULL, NULL, NULL, NULL, 50, 'matterForm', 50, NULL, NULL, NULL),
	(629, '2022-11-15 15:38:08.224163', '2022-11-15 15:38:08.224163', 308, NULL, NULL, NULL, NULL, 75, 'matterForm', 75, NULL, NULL, NULL),
	(630, '2022-11-15 15:38:08.228168', '2022-11-15 15:38:08.228168', 308, NULL, NULL, NULL, NULL, 76, 'matterForm', 76, NULL, NULL, NULL),
	(631, '2022-11-15 15:38:08.231703', '2022-11-15 15:38:08.231703', 308, NULL, NULL, NULL, NULL, 77, 'matterForm', 77, NULL, NULL, NULL),
	(632, '2022-11-15 15:38:08.235506', '2022-11-15 15:38:08.235506', 308, NULL, NULL, NULL, NULL, 78, 'matterForm', 78, NULL, NULL, NULL),
	(633, '2022-11-15 15:38:08.239506', '2022-11-15 15:38:08.239506', 309, NULL, NULL, NULL, NULL, 98, 'matterForm', 98, NULL, NULL, NULL),
	(634, '2022-11-15 15:38:08.243507', '2022-11-15 15:38:08.243507', 309, NULL, NULL, NULL, NULL, 99, 'matterForm', 99, NULL, NULL, NULL),
	(635, '2022-11-15 15:38:08.248334', '2022-11-15 15:38:08.248334', 309, NULL, NULL, NULL, NULL, 101, 'matterForm', 101, NULL, NULL, NULL),
	(636, '2022-11-15 15:38:08.251367', '2022-11-15 15:38:08.251367', 309, NULL, NULL, NULL, NULL, 104, 'matterForm', 104, NULL, NULL, NULL),
	(637, '2022-11-15 15:38:08.255046', '2022-11-15 15:38:08.255046', 309, NULL, NULL, NULL, NULL, 110, 'matterForm', 110, NULL, NULL, NULL),
	(638, '2022-11-15 15:38:08.258056', '2022-11-15 15:38:08.258056', 310, NULL, NULL, NULL, NULL, 116, 'matterForm', 116, NULL, NULL, NULL),
	(639, '2022-11-15 15:38:08.262840', '2022-11-15 15:38:08.262840', 310, NULL, NULL, NULL, NULL, 117, 'matterForm', 117, NULL, NULL, NULL),
	(640, '2022-11-15 15:38:08.266573', '2022-11-15 15:38:08.266573', 310, NULL, NULL, NULL, NULL, 118, 'matterForm', 118, NULL, NULL, NULL),
	(641, '2022-11-15 15:38:08.270573', '2022-11-15 15:38:08.270573', 310, NULL, NULL, NULL, NULL, 134, 'matterForm', 134, NULL, NULL, NULL),
	(642, '2022-11-15 15:38:08.273588', '2022-11-15 15:38:08.273588', 310, NULL, NULL, NULL, NULL, 139, 'matterForm', 139, NULL, NULL, NULL),
	(643, '2022-11-15 15:38:08.276916', '2022-11-15 15:38:08.276916', 311, NULL, NULL, NULL, NULL, 143, 'matterForm', 143, NULL, NULL, NULL),
	(644, '2022-11-15 15:38:08.280917', '2022-11-15 15:38:08.280917', 311, NULL, NULL, NULL, NULL, 145, 'matterForm', 145, NULL, NULL, NULL),
	(645, '2022-11-15 15:38:08.284651', '2022-11-15 15:38:08.284651', 312, NULL, NULL, NULL, NULL, 155, 'matterForm', 155, NULL, NULL, NULL),
	(646, '2022-11-15 15:38:08.288651', '2022-11-15 15:38:08.288651', 312, NULL, NULL, NULL, NULL, 156, 'matterForm', 156, NULL, NULL, NULL),
	(647, '2022-11-15 15:38:08.292192', '2022-11-15 15:38:08.292192', 312, NULL, NULL, NULL, NULL, 158, 'matterForm', 158, NULL, NULL, NULL),
	(648, '2022-11-15 15:38:08.295682', '2022-11-15 15:38:08.295682', 312, NULL, NULL, NULL, NULL, 165, 'matterForm', 165, NULL, NULL, NULL),
	(649, '2022-11-15 15:38:08.299242', '2022-11-15 15:38:08.299242', 313, NULL, NULL, NULL, NULL, 172, 'matterForm', 172, NULL, NULL, NULL),
	(650, '2022-11-15 15:38:08.302276', '2022-11-15 15:38:08.302276', 313, NULL, NULL, NULL, NULL, 173, 'matterForm', 173, NULL, NULL, NULL),
	(651, '2022-11-15 15:38:08.306258', '2022-11-15 15:38:08.306258', 313, NULL, NULL, NULL, NULL, 174, 'matterForm', 174, NULL, NULL, NULL),
	(652, '2022-11-15 15:38:08.309334', '2022-11-15 15:38:08.309334', 313, NULL, NULL, NULL, NULL, 176, 'matterForm', 176, NULL, NULL, NULL),
	(653, '2022-11-15 15:38:08.313242', '2022-11-15 15:38:08.313242', 343, NULL, NULL, NULL, NULL, 186, 'matterForm', 186, NULL, NULL, NULL),
	(654, '2022-11-15 15:38:08.317691', '2022-11-15 15:38:08.317691', 343, NULL, NULL, NULL, NULL, 187, 'matterForm', 187, NULL, NULL, NULL),
	(655, '2022-11-15 15:38:08.320886', '2022-11-15 15:38:08.320886', 315, NULL, NULL, NULL, NULL, 202, 'matterForm', 202, NULL, NULL, NULL),
	(656, '2022-11-15 15:38:08.324805', '2022-11-15 15:38:08.324805', 317, NULL, NULL, NULL, NULL, 207, 'matterForm', 207, NULL, NULL, NULL),
	(657, '2022-11-15 15:38:08.328805', '2022-11-15 15:38:08.328805', 317, NULL, NULL, NULL, NULL, 208, 'matterForm', 208, NULL, NULL, NULL),
	(658, '2022-11-15 15:38:08.332296', '2022-11-15 15:38:08.332296', 317, NULL, NULL, NULL, NULL, 209, 'matterForm', 209, NULL, NULL, NULL),
	(659, '2022-11-15 15:38:08.336296', '2022-11-15 15:38:08.336296', 318, NULL, NULL, NULL, NULL, 215, 'matterForm', 215, NULL, NULL, NULL),
	(660, '2022-11-15 15:38:08.340296', '2022-11-15 15:38:08.340296', 326, NULL, NULL, NULL, NULL, 226, 'matterForm', 226, NULL, NULL, NULL),
	(661, '2022-11-15 15:38:08.344295', '2022-11-15 15:38:08.344295', 319, NULL, NULL, NULL, NULL, 236, 'matterForm', 236, NULL, NULL, NULL),
	(662, '2022-11-15 15:38:08.348295', '2022-11-15 15:38:08.348295', 319, NULL, NULL, NULL, NULL, 239, 'matterForm', 239, NULL, NULL, NULL),
	(663, '2022-11-15 15:38:08.352296', '2022-11-15 15:38:08.352296', 320, NULL, NULL, NULL, NULL, 241, 'matterForm', 241, NULL, NULL, NULL),
	(664, '2022-11-15 15:38:08.356296', '2022-11-15 15:38:08.356296', 320, NULL, NULL, NULL, NULL, 242, 'matterForm', 242, NULL, NULL, NULL),
	(665, '2022-11-15 15:38:08.371666', '2022-11-15 15:38:08.371666', 320, NULL, NULL, NULL, NULL, 243, 'matterForm', 243, NULL, NULL, NULL),
	(666, '2022-11-15 15:38:08.374666', '2022-11-15 15:38:08.374666', 320, NULL, NULL, NULL, NULL, 244, 'matterForm', 244, NULL, NULL, NULL),
	(667, '2022-11-15 15:38:08.378535', '2022-11-15 15:38:08.378535', 320, NULL, NULL, NULL, NULL, 245, 'matterForm', 245, NULL, NULL, NULL),
	(668, '2022-11-15 15:38:08.383535', '2022-11-15 15:38:08.383535', 320, NULL, NULL, NULL, NULL, 246, 'matterForm', 246, NULL, NULL, NULL),
	(669, '2022-11-15 15:38:08.387002', '2022-11-15 15:38:08.387002', 320, NULL, NULL, NULL, NULL, 247, 'matterForm', 247, NULL, NULL, NULL),
	(670, '2022-11-15 15:38:08.390572', '2022-11-15 15:38:08.390572', 320, NULL, NULL, NULL, NULL, 248, 'matterForm', 248, NULL, NULL, NULL),
	(671, '2022-11-15 15:38:08.393711', '2022-11-15 15:38:08.393711', 320, NULL, NULL, NULL, NULL, 249, 'matterForm', 249, NULL, NULL, NULL),
	(672, '2022-11-15 15:38:08.396517', '2022-11-15 15:38:08.396517', 321, NULL, NULL, NULL, NULL, 250, 'matterForm', 250, NULL, NULL, NULL),
	(673, '2022-11-15 15:38:08.399899', '2022-11-15 15:38:08.399899', 321, NULL, NULL, NULL, NULL, 251, 'matterForm', 251, NULL, NULL, NULL),
	(674, '2022-11-15 15:38:08.402526', '2022-11-15 15:38:08.402526', 321, NULL, NULL, NULL, NULL, 252, 'matterForm', 252, NULL, NULL, NULL),
	(675, '2022-11-15 15:38:08.406184', '2022-11-15 15:38:08.406184', 321, NULL, NULL, NULL, NULL, 253, 'matterForm', 253, NULL, NULL, NULL),
	(676, '2022-11-15 15:38:08.409800', '2022-11-15 15:38:08.409800', 321, NULL, NULL, NULL, NULL, 254, 'matterForm', 254, NULL, NULL, NULL),
	(677, '2022-11-15 15:38:08.412954', '2022-11-15 15:38:08.412954', 322, NULL, NULL, NULL, NULL, 255, 'matterForm', 255, NULL, NULL, NULL),
	(678, '2022-11-15 15:38:08.416859', '2022-11-15 15:38:08.416859', 322, NULL, NULL, NULL, NULL, 256, 'matterForm', 256, NULL, NULL, NULL),
	(679, '2022-11-15 15:38:08.420949', '2022-11-15 15:38:08.420949', 322, NULL, NULL, NULL, NULL, 257, 'matterForm', 257, NULL, NULL, NULL),
	(680, '2022-11-15 15:38:08.424417', '2022-11-15 15:38:08.424417', 322, NULL, NULL, NULL, NULL, 258, 'matterForm', 258, NULL, NULL, NULL),
	(681, '2022-11-15 15:38:08.426909', '2022-11-15 15:38:08.426909', 322, NULL, NULL, NULL, NULL, 259, 'matterForm', 259, NULL, NULL, NULL),
	(682, '2022-11-15 15:38:08.429977', '2022-11-15 15:38:08.429977', 322, NULL, NULL, NULL, NULL, 260, 'matterForm', 260, NULL, NULL, NULL),
	(683, '2022-11-15 15:38:08.433463', '2022-11-15 15:38:08.433463', 323, NULL, NULL, NULL, NULL, 261, 'matterForm', 261, NULL, NULL, NULL),
	(684, '2022-11-15 15:38:08.436025', '2022-11-15 15:38:08.436025', 323, NULL, NULL, NULL, NULL, 262, 'matterForm', 262, NULL, NULL, NULL),
	(685, '2022-11-15 15:38:08.438686', '2022-11-15 15:38:08.438686', 323, NULL, NULL, NULL, NULL, 263, 'matterForm', 263, NULL, NULL, NULL),
	(686, '2022-11-15 15:38:08.441981', '2022-11-15 15:38:08.441981', 323, NULL, NULL, NULL, NULL, 264, 'matterForm', 264, NULL, NULL, NULL),
	(687, '2022-11-15 15:38:08.445491', '2022-11-15 15:38:08.445491', 323, NULL, NULL, NULL, NULL, 265, 'matterForm', 265, NULL, NULL, NULL),
	(688, '2022-11-15 15:38:08.448490', '2022-11-15 15:38:08.448490', 323, NULL, NULL, NULL, NULL, 266, 'matterForm', 266, NULL, NULL, NULL),
	(689, '2022-11-15 15:38:08.451360', '2022-11-15 15:38:08.451360', 324, NULL, NULL, NULL, NULL, 267, 'matterForm', 267, NULL, NULL, NULL),
	(690, '2022-11-15 15:38:08.454271', '2022-11-15 15:38:08.454271', 324, NULL, NULL, NULL, NULL, 268, 'matterForm', 268, NULL, NULL, NULL),
	(691, '2022-11-15 15:38:08.457687', '2022-11-15 15:38:08.457687', 324, NULL, NULL, NULL, NULL, 269, 'matterForm', 269, NULL, NULL, NULL),
	(692, '2022-11-15 15:38:08.462148', '2022-11-15 15:38:08.462148', 324, NULL, NULL, NULL, NULL, 270, 'matterForm', 270, NULL, NULL, NULL),
	(693, '2022-11-15 15:38:08.465480', '2022-11-15 15:38:08.465480', 324, NULL, NULL, NULL, NULL, 271, 'matterForm', 271, NULL, NULL, NULL),
	(694, '2022-11-15 15:38:08.467197', '2022-11-15 15:38:08.467197', 324, NULL, NULL, NULL, NULL, 272, 'matterForm', 272, NULL, NULL, NULL),
	(695, '2022-11-15 15:38:08.470937', '2022-11-15 15:38:08.470937', 325, NULL, NULL, NULL, NULL, 273, 'matterForm', 273, NULL, NULL, NULL),
	(696, '2022-11-15 15:38:08.472737', '2022-11-15 15:38:08.472737', 325, NULL, NULL, NULL, NULL, 274, 'matterForm', 274, NULL, NULL, NULL),
	(697, '2022-11-15 15:38:08.475758', '2022-11-15 15:38:08.475758', 325, NULL, NULL, NULL, NULL, 275, 'matterForm', 275, NULL, NULL, NULL),
	(698, '2022-11-15 15:38:08.479576', '2022-11-15 15:38:08.479576', 325, NULL, NULL, NULL, NULL, 276, 'matterForm', 276, NULL, NULL, NULL),
	(699, '2022-11-15 15:38:08.483366', '2022-11-15 15:38:08.483366', 325, NULL, NULL, NULL, NULL, 277, 'matterForm', 277, NULL, NULL, NULL),
	(700, '2022-11-15 15:38:08.486185', '2022-11-15 15:38:08.486185', 325, NULL, NULL, NULL, NULL, 278, 'matterForm', 278, NULL, NULL, NULL),
	(701, '2022-11-15 15:38:08.489168', '2022-11-15 15:38:08.489168', 326, NULL, NULL, NULL, NULL, 279, 'matterForm', 279, NULL, NULL, NULL),
	(702, '2022-11-15 15:38:08.492026', '2022-11-15 15:38:08.492026', 326, NULL, NULL, NULL, NULL, 281, 'matterForm', 281, NULL, NULL, NULL),
	(703, '2022-11-15 15:38:08.494997', '2022-11-15 15:38:08.494997', 326, NULL, NULL, NULL, NULL, 282, 'matterForm', 282, NULL, NULL, NULL),
	(704, '2022-11-15 15:38:08.496953', '2022-11-15 15:38:08.496953', 327, NULL, NULL, NULL, NULL, 283, 'matterForm', 283, NULL, NULL, NULL),
	(705, '2022-11-15 15:38:08.500334', '2022-11-15 15:38:08.500334', 327, NULL, NULL, NULL, NULL, 284, 'matterForm', 284, NULL, NULL, NULL),
	(706, '2022-11-15 15:38:08.502982', '2022-11-15 15:38:08.502982', 327, NULL, NULL, NULL, NULL, 285, 'matterForm', 285, NULL, NULL, NULL),
	(707, '2022-11-15 15:38:08.504835', '2022-11-15 15:38:08.504835', 327, NULL, NULL, NULL, NULL, 286, 'matterForm', 286, NULL, NULL, NULL),
	(708, '2022-11-15 15:38:08.509846', '2022-11-15 15:38:08.509846', 327, NULL, NULL, NULL, NULL, 287, 'matterForm', 287, NULL, NULL, NULL),
	(709, '2022-11-15 15:38:08.512771', '2022-11-15 15:38:08.512771', 328, NULL, NULL, NULL, NULL, 288, 'matterForm', 288, NULL, NULL, NULL),
	(710, '2022-11-15 15:38:08.515695', '2022-11-15 15:38:08.515695', 328, NULL, NULL, NULL, NULL, 289, 'matterForm', 289, NULL, NULL, NULL),
	(711, '2022-11-15 15:38:08.518746', '2022-11-15 15:38:08.518746', 328, NULL, NULL, NULL, NULL, 290, 'matterForm', 290, NULL, NULL, NULL),
	(712, '2022-11-15 15:38:08.520696', '2022-11-15 15:38:08.520696', 328, NULL, NULL, NULL, NULL, 291, 'matterForm', 291, NULL, NULL, NULL),
	(713, '2022-11-15 15:38:08.524458', '2022-11-15 15:38:08.524458', 328, NULL, NULL, NULL, NULL, 292, 'matterForm', 292, NULL, NULL, NULL),
	(714, '2022-11-15 15:38:08.527674', '2022-11-15 15:38:08.527674', 329, NULL, NULL, NULL, NULL, 293, 'matterForm', 293, NULL, NULL, NULL),
	(715, '2022-11-15 15:38:08.530905', '2022-11-15 15:38:08.530905', 329, NULL, NULL, NULL, NULL, 294, 'matterForm', 294, NULL, NULL, NULL),
	(716, '2022-11-15 15:38:08.534027', '2022-11-15 15:38:08.534027', 329, NULL, NULL, NULL, NULL, 295, 'matterForm', 295, NULL, NULL, NULL),
	(717, '2022-11-15 15:38:08.537150', '2022-11-15 15:38:08.537150', 329, NULL, NULL, NULL, NULL, 296, 'matterForm', 296, NULL, NULL, NULL),
	(718, '2022-11-15 15:38:08.540864', '2022-11-15 15:38:08.540864', 329, NULL, NULL, NULL, NULL, 297, 'matterForm', 297, NULL, NULL, NULL),
	(719, '2022-11-15 15:38:08.543155', '2022-11-15 15:38:08.543155', 329, NULL, NULL, NULL, NULL, 298, 'matterForm', 298, NULL, NULL, NULL),
	(720, '2022-11-15 15:38:08.546903', '2022-11-15 15:38:08.546903', 329, NULL, NULL, NULL, NULL, 299, 'matterForm', 299, NULL, NULL, NULL),
	(721, '2022-11-15 15:38:08.549699', '2022-11-15 15:38:08.549699', 330, NULL, NULL, NULL, NULL, 301, 'matterForm', 301, NULL, NULL, NULL),
	(722, '2022-11-15 15:38:08.553698', '2022-11-15 15:38:08.553698', 330, NULL, NULL, NULL, NULL, 302, 'matterForm', 302, NULL, NULL, NULL),
	(723, '2022-11-15 15:38:08.557031', '2022-11-15 15:38:08.557031', 330, NULL, NULL, NULL, NULL, 303, 'matterForm', 303, NULL, NULL, NULL),
	(724, '2022-11-15 15:38:08.558782', '2022-11-15 15:38:08.558782', 330, NULL, NULL, NULL, NULL, 304, 'matterForm', 304, NULL, NULL, NULL),
	(725, '2022-11-15 15:38:08.561407', '2022-11-15 15:38:08.561407', 5, NULL, NULL, NULL, NULL, 305, 'matterForm', 305, NULL, NULL, NULL),
	(726, '2022-11-15 15:38:08.563260', '2022-11-15 15:38:08.563260', 5, NULL, NULL, NULL, NULL, 306, 'matterForm', 306, NULL, NULL, NULL),
	(727, '2022-11-15 15:38:08.564918', '2022-11-15 15:38:08.564918', 6, NULL, NULL, NULL, NULL, 307, 'matterForm', 307, NULL, NULL, NULL),
	(728, '2022-11-15 15:38:08.566392', '2022-11-15 15:38:08.566392', 15, NULL, NULL, NULL, NULL, 308, 'matterForm', 308, NULL, NULL, NULL),
	(729, '2022-11-15 15:38:08.568862', '2022-11-15 15:38:08.568862', 16, NULL, NULL, NULL, NULL, 309, 'matterForm', 309, NULL, NULL, NULL),
	(730, '2022-11-15 15:38:08.571861', '2022-11-15 15:38:08.571861', 17, NULL, NULL, NULL, NULL, 310, 'matterForm', 310, NULL, NULL, NULL),
	(731, '2022-11-15 15:38:08.573584', '2022-11-15 15:38:08.573584', 3, NULL, NULL, NULL, NULL, 311, 'matterForm', 311, NULL, NULL, NULL),
	(732, '2022-11-15 15:38:08.575255', '2022-11-15 15:38:08.575255', 21, NULL, NULL, NULL, NULL, 312, 'matterForm', 312, NULL, NULL, NULL),
	(733, '2022-11-15 15:38:08.576948', '2022-11-15 15:38:08.576948', 5, NULL, NULL, NULL, NULL, 313, 'matterForm', 313, NULL, NULL, NULL),
	(734, '2022-11-15 15:38:08.578415', '2022-11-15 15:38:08.578415', 6, NULL, NULL, NULL, NULL, 315, 'matterForm', 315, NULL, NULL, NULL),
	(735, '2022-11-15 15:38:08.580738', '2022-11-15 15:38:08.580738', 15, NULL, NULL, NULL, NULL, 317, 'matterForm', 317, NULL, NULL, NULL),
	(736, '2022-11-15 15:38:08.582749', '2022-11-15 15:38:08.582749', 6, NULL, NULL, NULL, NULL, 318, 'matterForm', 318, NULL, NULL, NULL),
	(737, '2022-11-15 15:38:08.583749', '2022-11-15 15:38:08.583749', 17, NULL, NULL, NULL, NULL, 319, 'matterForm', 319, NULL, NULL, NULL),
	(738, '2022-11-15 15:38:08.586749', '2022-11-15 15:38:08.586749', 1, NULL, NULL, NULL, NULL, 320, 'matterForm', 320, NULL, NULL, NULL),
	(739, '2022-11-15 15:38:08.588871', '2022-11-15 15:38:08.588871', 1, NULL, NULL, NULL, NULL, 321, 'matterForm', 321, NULL, NULL, NULL),
	(740, '2022-11-15 15:38:08.590482', '2022-11-15 15:38:08.590482', 1, NULL, NULL, NULL, NULL, 322, 'matterForm', 322, NULL, NULL, NULL),
	(741, '2022-11-15 15:38:08.592103', '2022-11-15 15:38:08.592103', 1, NULL, NULL, NULL, NULL, 323, 'matterForm', 323, NULL, NULL, NULL),
	(742, '2022-11-15 15:38:08.593870', '2022-11-15 15:38:08.593870', 1, NULL, NULL, NULL, NULL, 324, 'matterForm', 324, NULL, NULL, NULL),
	(743, '2022-11-15 15:38:08.595438', '2022-11-15 15:38:08.595438', 1, NULL, NULL, NULL, NULL, 325, 'matterForm', 325, NULL, NULL, NULL),
	(744, '2022-11-15 15:38:08.597196', '2022-11-15 15:38:08.597196', 1, NULL, NULL, NULL, NULL, 326, 'matterForm', 326, NULL, NULL, NULL),
	(745, '2022-11-15 15:38:08.598945', '2022-11-15 15:38:08.598945', 1, NULL, NULL, NULL, NULL, 327, 'matterForm', 327, NULL, NULL, NULL),
	(746, '2022-11-15 15:38:08.600716', '2022-11-15 15:38:08.600716', 1, NULL, NULL, NULL, NULL, 328, 'matterForm', 328, NULL, NULL, NULL),
	(747, '2022-11-15 15:38:08.602442', '2022-11-15 15:38:08.602442', 1, NULL, NULL, NULL, NULL, 329, 'matterForm', 329, NULL, NULL, NULL),
	(748, '2022-11-15 15:38:08.604061', '2022-11-15 15:38:08.604061', 1, NULL, NULL, NULL, NULL, 330, 'matterForm', 330, NULL, NULL, NULL),
	(749, '2022-11-15 15:38:08.606915', '2022-11-15 15:38:08.606915', 320, NULL, NULL, NULL, NULL, 331, 'matterForm', 331, NULL, NULL, NULL),
	(750, '2022-11-15 15:38:08.608926', '2022-11-15 15:38:08.608926', 321, NULL, NULL, NULL, NULL, 332, 'matterForm', 332, NULL, NULL, NULL),
	(751, '2022-11-15 15:38:08.612745', '2022-11-15 15:38:08.612745', 322, NULL, NULL, NULL, NULL, 333, 'matterForm', 333, NULL, NULL, NULL),
	(752, '2022-11-15 15:38:08.617742', '2022-11-15 15:38:08.617742', 323, NULL, NULL, NULL, NULL, 334, 'matterForm', 334, NULL, NULL, NULL),
	(753, '2022-11-15 15:38:08.620607', '2022-11-15 15:38:08.620607', 324, NULL, NULL, NULL, NULL, 335, 'matterForm', 335, NULL, NULL, NULL),
	(754, '2022-11-15 15:38:08.623804', '2022-11-15 15:38:08.623804', 325, NULL, NULL, NULL, NULL, 336, 'matterForm', 336, NULL, NULL, NULL),
	(755, '2022-11-15 15:38:08.625423', '2022-11-15 15:38:08.625423', 326, NULL, NULL, NULL, NULL, 337, 'matterForm', 337, NULL, NULL, NULL),
	(756, '2022-11-15 15:38:08.629078', '2022-11-15 15:38:08.629078', 327, NULL, NULL, NULL, NULL, 338, 'matterForm', 338, NULL, NULL, NULL),
	(757, '2022-11-15 15:38:08.632078', '2022-11-15 15:38:08.632078', 328, NULL, NULL, NULL, NULL, 339, 'matterForm', 339, NULL, NULL, NULL),
	(758, '2022-11-15 15:38:08.635078', '2022-11-15 15:38:08.635078', 329, NULL, NULL, NULL, NULL, 340, 'matterForm', 340, NULL, NULL, NULL),
	(759, '2022-11-15 15:38:08.638077', '2022-11-15 15:38:08.638077', 330, NULL, NULL, NULL, NULL, 341, 'matterForm', 341, NULL, NULL, NULL),
	(760, '2022-11-15 15:38:08.640078', '2022-11-15 15:38:08.640078', 19, NULL, NULL, NULL, NULL, 342, 'matterForm', 342, NULL, NULL, NULL),
	(761, '2022-11-15 15:38:08.641078', '2022-11-15 15:38:08.641078', 9, NULL, NULL, NULL, NULL, 343, 'matterForm', 343, NULL, NULL, NULL),
	(762, '2022-11-15 15:38:08.644077', '2022-11-15 15:38:08.644077', 326, NULL, NULL, NULL, NULL, 344, 'matterForm', 344, NULL, NULL, NULL),
	(763, '2022-11-15 15:38:08.648078', '2022-11-15 15:38:08.648078', 326, NULL, NULL, NULL, NULL, 345, 'matterForm', 345, NULL, NULL, NULL),
	(764, '2022-11-15 15:38:08.650100', '2022-11-15 15:38:08.650100', 326, NULL, NULL, NULL, NULL, 346, 'matterForm', 346, NULL, NULL, NULL),
	(765, '2022-11-29 15:35:11.638006', '2022-11-29 15:35:11.638006', 1, NULL, 48, NULL, NULL, 327, 'meeting', NULL, NULL, NULL, NULL),
	(771, '2022-11-15 15:38:08.066928', NULL, 1, NULL, NULL, NULL, NULL, 2, 'progressMatterForm', NULL, NULL, NULL, 2),
	(772, '2022-11-15 15:38:08.097023', NULL, 1, NULL, NULL, NULL, NULL, 3, 'progressMatterForm', NULL, NULL, NULL, 3),
	(773, '2022-11-15 15:38:08.101684', NULL, 1, NULL, NULL, NULL, NULL, 4, 'progressMatterForm', NULL, NULL, NULL, 4),
	(774, '2022-11-15 15:38:08.106684', NULL, 1, NULL, NULL, NULL, NULL, 5, 'progressMatterForm', NULL, NULL, NULL, 5),
	(775, '2022-11-15 15:38:08.111683', NULL, 1, NULL, NULL, NULL, NULL, 6, 'progressMatterForm', NULL, NULL, NULL, 6),
	(776, '2022-11-15 15:38:08.116683', NULL, 1, NULL, NULL, NULL, NULL, 7, 'progressMatterForm', NULL, NULL, NULL, 7),
	(777, '2022-11-15 15:38:08.122067', NULL, 1, NULL, NULL, NULL, NULL, 8, 'progressMatterForm', NULL, NULL, NULL, 8),
	(778, '2022-11-15 15:38:08.126527', NULL, 1, NULL, NULL, NULL, NULL, 9, 'progressMatterForm', NULL, NULL, NULL, 9),
	(779, '2022-11-15 15:38:08.131581', NULL, 1, NULL, NULL, NULL, NULL, 10, 'progressMatterForm', NULL, NULL, NULL, 10),
	(780, '2022-11-15 15:38:08.136581', NULL, 1, NULL, NULL, NULL, NULL, 11, 'progressMatterForm', NULL, NULL, NULL, 11),
	(781, '2022-11-15 15:38:08.141579', NULL, 1, NULL, NULL, NULL, NULL, 12, 'progressMatterForm', NULL, NULL, NULL, 12),
	(782, '2022-11-15 15:38:08.146268', NULL, 1, NULL, NULL, NULL, NULL, 13, 'progressMatterForm', NULL, NULL, NULL, 13),
	(783, '2022-11-15 15:38:08.150282', NULL, 1, NULL, NULL, NULL, NULL, 14, 'progressMatterForm', NULL, NULL, NULL, 14),
	(784, '2022-11-15 15:38:08.154824', NULL, 1, NULL, NULL, NULL, NULL, 15, 'progressMatterForm', NULL, NULL, NULL, 15),
	(785, '2022-11-15 15:38:08.160159', NULL, 1, NULL, NULL, NULL, NULL, 16, 'progressMatterForm', NULL, NULL, NULL, 16),
	(786, '2022-11-15 15:38:08.166038', NULL, 1, NULL, NULL, NULL, NULL, 17, 'progressMatterForm', NULL, NULL, NULL, 17),
	(787, '2022-11-15 15:38:08.170578', NULL, 1, NULL, NULL, NULL, NULL, 18, 'progressMatterForm', NULL, NULL, NULL, 18),
	(788, '2022-11-15 15:38:08.174578', NULL, 1, NULL, NULL, NULL, NULL, 19, 'progressMatterForm', NULL, NULL, NULL, 19),
	(789, '2022-11-15 15:38:08.179428', NULL, 1, NULL, NULL, NULL, NULL, 20, 'progressMatterForm', NULL, NULL, NULL, 20),
	(790, '2022-11-15 15:38:08.182723', NULL, 1, NULL, NULL, NULL, NULL, 21, 'progressMatterForm', NULL, NULL, NULL, 21),
	(791, '2022-11-15 15:38:08.194469', NULL, 1, NULL, NULL, NULL, NULL, 28, 'progressMatterForm', NULL, NULL, NULL, 28),
	(792, '2022-11-15 15:38:08.197909', NULL, 1, NULL, NULL, NULL, NULL, 29, 'progressMatterForm', NULL, NULL, NULL, 29),
	(793, '2022-11-15 15:38:08.202042', NULL, 305, NULL, NULL, NULL, NULL, 30, 'progressMatterForm', NULL, NULL, NULL, 30),
	(794, '2022-11-15 15:38:08.205472', NULL, 305, NULL, NULL, NULL, NULL, 31, 'progressMatterForm', NULL, NULL, NULL, 31),
	(795, '2022-11-15 15:38:08.208959', NULL, 306, NULL, NULL, NULL, NULL, 40, 'progressMatterForm', NULL, NULL, NULL, 40),
	(796, '2022-11-15 15:38:08.212757', NULL, 307, NULL, NULL, NULL, NULL, 48, 'progressMatterForm', NULL, NULL, NULL, 48),
	(797, '2022-11-15 15:38:08.216129', NULL, 307, NULL, NULL, NULL, NULL, 49, 'progressMatterForm', NULL, NULL, NULL, 49),
	(798, '2022-11-15 15:38:08.220156', NULL, 307, NULL, NULL, NULL, NULL, 50, 'progressMatterForm', NULL, NULL, NULL, 50),
	(799, '2022-11-15 15:38:08.224163', NULL, 308, NULL, NULL, NULL, NULL, 75, 'progressMatterForm', NULL, NULL, NULL, 75),
	(800, '2022-11-15 15:38:08.228168', NULL, 308, NULL, NULL, NULL, NULL, 76, 'progressMatterForm', NULL, NULL, NULL, 76),
	(801, '2022-11-15 15:38:08.231703', NULL, 308, NULL, NULL, NULL, NULL, 77, 'progressMatterForm', NULL, NULL, NULL, 77),
	(802, '2022-11-15 15:38:08.235506', NULL, 308, NULL, NULL, NULL, NULL, 78, 'progressMatterForm', NULL, NULL, NULL, 78),
	(803, '2022-11-15 15:38:08.239506', NULL, 309, NULL, NULL, NULL, NULL, 98, 'progressMatterForm', NULL, NULL, NULL, 98),
	(804, '2022-11-15 15:38:08.243507', NULL, 309, NULL, NULL, NULL, NULL, 99, 'progressMatterForm', NULL, NULL, NULL, 99),
	(805, '2022-11-15 15:38:08.248334', NULL, 309, NULL, NULL, NULL, NULL, 101, 'progressMatterForm', NULL, NULL, NULL, 101),
	(806, '2022-11-15 15:38:08.251367', NULL, 309, NULL, NULL, NULL, NULL, 104, 'progressMatterForm', NULL, NULL, NULL, 104),
	(807, '2022-11-15 15:38:08.255046', NULL, 309, NULL, NULL, NULL, NULL, 110, 'progressMatterForm', NULL, NULL, NULL, 110),
	(808, '2022-11-15 15:38:08.258056', NULL, 310, NULL, NULL, NULL, NULL, 116, 'progressMatterForm', NULL, NULL, NULL, 116),
	(809, '2022-11-15 15:38:08.262840', NULL, 310, NULL, NULL, NULL, NULL, 117, 'progressMatterForm', NULL, NULL, NULL, 117),
	(810, '2022-11-15 15:38:08.266573', NULL, 310, NULL, NULL, NULL, NULL, 118, 'progressMatterForm', NULL, NULL, NULL, 118),
	(811, '2022-11-15 15:38:08.270573', NULL, 310, NULL, NULL, NULL, NULL, 134, 'progressMatterForm', NULL, NULL, NULL, 134),
	(812, '2022-11-15 15:38:08.273588', NULL, 310, NULL, NULL, NULL, NULL, 139, 'progressMatterForm', NULL, NULL, NULL, 139),
	(813, '2022-11-15 15:38:08.276916', NULL, 311, NULL, NULL, NULL, NULL, 143, 'progressMatterForm', NULL, NULL, NULL, 143),
	(814, '2022-11-15 15:38:08.280917', NULL, 311, NULL, NULL, NULL, NULL, 145, 'progressMatterForm', NULL, NULL, NULL, 145),
	(815, '2022-11-15 15:38:08.284651', NULL, 312, NULL, NULL, NULL, NULL, 155, 'progressMatterForm', NULL, NULL, NULL, 155),
	(816, '2022-11-15 15:38:08.288651', NULL, 312, NULL, NULL, NULL, NULL, 156, 'progressMatterForm', NULL, NULL, NULL, 156),
	(817, '2022-11-15 15:38:08.292192', NULL, 312, NULL, NULL, NULL, NULL, 158, 'progressMatterForm', NULL, NULL, NULL, 158),
	(818, '2022-11-15 15:38:08.295682', NULL, 312, NULL, NULL, NULL, NULL, 165, 'progressMatterForm', NULL, NULL, NULL, 165),
	(819, '2022-11-15 15:38:08.299242', NULL, 313, NULL, NULL, NULL, NULL, 172, 'progressMatterForm', NULL, NULL, NULL, 172),
	(820, '2022-11-15 15:38:08.302276', NULL, 313, NULL, NULL, NULL, NULL, 173, 'progressMatterForm', NULL, NULL, NULL, 173),
	(821, '2022-11-15 15:38:08.306258', NULL, 313, NULL, NULL, NULL, NULL, 174, 'progressMatterForm', NULL, NULL, NULL, 174),
	(822, '2022-11-15 15:38:08.309334', NULL, 313, NULL, NULL, NULL, NULL, 176, 'progressMatterForm', NULL, NULL, NULL, 176),
	(823, '2022-11-15 15:38:08.313242', NULL, 343, NULL, NULL, NULL, NULL, 186, 'progressMatterForm', NULL, NULL, NULL, 186),
	(824, '2022-11-15 15:38:08.317691', NULL, 343, NULL, NULL, NULL, NULL, 187, 'progressMatterForm', NULL, NULL, NULL, 187),
	(825, '2022-11-15 15:38:08.320886', NULL, 315, NULL, NULL, NULL, NULL, 202, 'progressMatterForm', NULL, NULL, NULL, 202),
	(826, '2022-11-15 15:38:08.324805', NULL, 317, NULL, NULL, NULL, NULL, 207, 'progressMatterForm', NULL, NULL, NULL, 207),
	(827, '2022-11-15 15:38:08.328805', NULL, 317, NULL, NULL, NULL, NULL, 208, 'progressMatterForm', NULL, NULL, NULL, 208),
	(828, '2022-11-15 15:38:08.332296', NULL, 317, NULL, NULL, NULL, NULL, 209, 'progressMatterForm', NULL, NULL, NULL, 209),
	(829, '2022-11-15 15:38:08.336296', NULL, 318, NULL, NULL, NULL, NULL, 215, 'progressMatterForm', NULL, NULL, NULL, 215),
	(830, '2022-11-15 15:38:08.340296', NULL, 326, NULL, NULL, NULL, NULL, 226, 'progressMatterForm', NULL, NULL, NULL, 226),
	(831, '2022-11-15 15:38:08.344295', NULL, 319, NULL, NULL, NULL, NULL, 236, 'progressMatterForm', NULL, NULL, NULL, 236),
	(832, '2022-11-15 15:38:08.348295', NULL, 319, NULL, NULL, NULL, NULL, 239, 'progressMatterForm', NULL, NULL, NULL, 239),
	(833, '2022-11-15 15:38:08.352296', NULL, 320, NULL, NULL, NULL, NULL, 241, 'progressMatterForm', NULL, NULL, NULL, 241),
	(834, '2022-11-15 15:38:08.356296', NULL, 320, NULL, NULL, NULL, NULL, 242, 'progressMatterForm', NULL, NULL, NULL, 242),
	(835, '2022-11-15 15:38:08.371666', NULL, 320, NULL, NULL, NULL, NULL, 243, 'progressMatterForm', NULL, NULL, NULL, 243),
	(836, '2022-11-15 15:38:08.374666', NULL, 320, NULL, NULL, NULL, NULL, 244, 'progressMatterForm', NULL, NULL, NULL, 244),
	(837, '2022-11-15 15:38:08.378535', NULL, 320, NULL, NULL, NULL, NULL, 245, 'progressMatterForm', NULL, NULL, NULL, 245),
	(838, '2022-11-15 15:38:08.383535', NULL, 320, NULL, NULL, NULL, NULL, 246, 'progressMatterForm', NULL, NULL, NULL, 246),
	(839, '2022-11-15 15:38:08.387002', NULL, 320, NULL, NULL, NULL, NULL, 247, 'progressMatterForm', NULL, NULL, NULL, 247),
	(840, '2022-11-15 15:38:08.390572', NULL, 320, NULL, NULL, NULL, NULL, 248, 'progressMatterForm', NULL, NULL, NULL, 248),
	(841, '2022-11-15 15:38:08.393711', NULL, 320, NULL, NULL, NULL, NULL, 249, 'progressMatterForm', NULL, NULL, NULL, 249),
	(842, '2022-11-15 15:38:08.396517', NULL, 321, NULL, NULL, NULL, NULL, 250, 'progressMatterForm', NULL, NULL, NULL, 250),
	(843, '2022-11-15 15:38:08.399899', NULL, 321, NULL, NULL, NULL, NULL, 251, 'progressMatterForm', NULL, NULL, NULL, 251),
	(844, '2022-11-15 15:38:08.402526', NULL, 321, NULL, NULL, NULL, NULL, 252, 'progressMatterForm', NULL, NULL, NULL, 252),
	(845, '2022-11-15 15:38:08.406184', NULL, 321, NULL, NULL, NULL, NULL, 253, 'progressMatterForm', NULL, NULL, NULL, 253),
	(846, '2022-11-15 15:38:08.409800', NULL, 321, NULL, NULL, NULL, NULL, 254, 'progressMatterForm', NULL, NULL, NULL, 254),
	(847, '2022-11-15 15:38:08.412954', NULL, 322, NULL, NULL, NULL, NULL, 255, 'progressMatterForm', NULL, NULL, NULL, 255),
	(848, '2022-11-15 15:38:08.416859', NULL, 322, NULL, NULL, NULL, NULL, 256, 'progressMatterForm', NULL, NULL, NULL, 256),
	(849, '2022-11-15 15:38:08.420949', NULL, 322, NULL, NULL, NULL, NULL, 257, 'progressMatterForm', NULL, NULL, NULL, 257),
	(850, '2022-11-15 15:38:08.424417', NULL, 322, NULL, NULL, NULL, NULL, 258, 'progressMatterForm', NULL, NULL, NULL, 258),
	(851, '2022-11-15 15:38:08.426909', NULL, 322, NULL, NULL, NULL, NULL, 259, 'progressMatterForm', NULL, NULL, NULL, 259),
	(852, '2022-11-15 15:38:08.429977', NULL, 322, NULL, NULL, NULL, NULL, 260, 'progressMatterForm', NULL, NULL, NULL, 260),
	(853, '2022-11-15 15:38:08.433463', NULL, 323, NULL, NULL, NULL, NULL, 261, 'progressMatterForm', NULL, NULL, NULL, 261),
	(854, '2022-11-15 15:38:08.436025', NULL, 323, NULL, NULL, NULL, NULL, 262, 'progressMatterForm', NULL, NULL, NULL, 262),
	(855, '2022-11-15 15:38:08.438686', NULL, 323, NULL, NULL, NULL, NULL, 263, 'progressMatterForm', NULL, NULL, NULL, 263),
	(856, '2022-11-15 15:38:08.441981', NULL, 323, NULL, NULL, NULL, NULL, 264, 'progressMatterForm', NULL, NULL, NULL, 264),
	(857, '2022-11-15 15:38:08.445491', NULL, 323, NULL, NULL, NULL, NULL, 265, 'progressMatterForm', NULL, NULL, NULL, 265),
	(858, '2022-11-15 15:38:08.448490', NULL, 323, NULL, NULL, NULL, NULL, 266, 'progressMatterForm', NULL, NULL, NULL, 266),
	(859, '2022-11-15 15:38:08.451360', NULL, 324, NULL, NULL, NULL, NULL, 267, 'progressMatterForm', NULL, NULL, NULL, 267),
	(860, '2022-11-15 15:38:08.454271', NULL, 324, NULL, NULL, NULL, NULL, 268, 'progressMatterForm', NULL, NULL, NULL, 268),
	(861, '2022-11-15 15:38:08.457687', NULL, 324, NULL, NULL, NULL, NULL, 269, 'progressMatterForm', NULL, NULL, NULL, 269),
	(862, '2022-11-15 15:38:08.462148', NULL, 324, NULL, NULL, NULL, NULL, 270, 'progressMatterForm', NULL, NULL, NULL, 270),
	(863, '2022-11-15 15:38:08.465480', NULL, 324, NULL, NULL, NULL, NULL, 271, 'progressMatterForm', NULL, NULL, NULL, 271),
	(864, '2022-11-15 15:38:08.467197', NULL, 324, NULL, NULL, NULL, NULL, 272, 'progressMatterForm', NULL, NULL, NULL, 272),
	(865, '2022-11-15 15:38:08.470937', NULL, 325, NULL, NULL, NULL, NULL, 273, 'progressMatterForm', NULL, NULL, NULL, 273),
	(866, '2022-11-15 15:38:08.472737', NULL, 325, NULL, NULL, NULL, NULL, 274, 'progressMatterForm', NULL, NULL, NULL, 274),
	(867, '2022-11-15 15:38:08.475758', NULL, 325, NULL, NULL, NULL, NULL, 275, 'progressMatterForm', NULL, NULL, NULL, 275),
	(868, '2022-11-15 15:38:08.479576', NULL, 325, NULL, NULL, NULL, NULL, 276, 'progressMatterForm', NULL, NULL, NULL, 276),
	(869, '2022-11-15 15:38:08.483366', NULL, 325, NULL, NULL, NULL, NULL, 277, 'progressMatterForm', NULL, NULL, NULL, 277),
	(870, '2022-11-15 15:38:08.486185', NULL, 325, NULL, NULL, NULL, NULL, 278, 'progressMatterForm', NULL, NULL, NULL, 278),
	(871, '2022-11-15 15:38:08.489168', NULL, 326, NULL, NULL, NULL, NULL, 279, 'progressMatterForm', NULL, NULL, NULL, 279),
	(872, '2022-11-15 15:38:08.492026', NULL, 326, NULL, NULL, NULL, NULL, 281, 'progressMatterForm', NULL, NULL, NULL, 281),
	(873, '2022-11-15 15:38:08.494997', NULL, 326, NULL, NULL, NULL, NULL, 282, 'progressMatterForm', NULL, NULL, NULL, 282),
	(874, '2022-11-15 15:38:08.496953', NULL, 327, NULL, NULL, NULL, NULL, 283, 'progressMatterForm', NULL, NULL, NULL, 283),
	(875, '2022-11-15 15:38:08.500334', NULL, 327, NULL, NULL, NULL, NULL, 284, 'progressMatterForm', NULL, NULL, NULL, 284),
	(876, '2022-11-15 15:38:08.502982', NULL, 327, NULL, NULL, NULL, NULL, 285, 'progressMatterForm', NULL, NULL, NULL, 285),
	(877, '2022-11-15 15:38:08.504835', NULL, 327, NULL, NULL, NULL, NULL, 286, 'progressMatterForm', NULL, NULL, NULL, 286),
	(878, '2022-11-15 15:38:08.509846', NULL, 327, NULL, NULL, NULL, NULL, 287, 'progressMatterForm', NULL, NULL, NULL, 287),
	(879, '2022-11-15 15:38:08.512771', NULL, 328, NULL, NULL, NULL, NULL, 288, 'progressMatterForm', NULL, NULL, NULL, 288),
	(880, '2022-11-15 15:38:08.515695', NULL, 328, NULL, NULL, NULL, NULL, 289, 'progressMatterForm', NULL, NULL, NULL, 289),
	(881, '2022-11-15 15:38:08.518746', NULL, 328, NULL, NULL, NULL, NULL, 290, 'progressMatterForm', NULL, NULL, NULL, 290),
	(882, '2022-11-15 15:38:08.520696', NULL, 328, NULL, NULL, NULL, NULL, 291, 'progressMatterForm', NULL, NULL, NULL, 291),
	(883, '2022-11-15 15:38:08.524458', NULL, 328, NULL, NULL, NULL, NULL, 292, 'progressMatterForm', NULL, NULL, NULL, 292),
	(884, '2022-11-15 15:38:08.527674', NULL, 329, NULL, NULL, NULL, NULL, 293, 'progressMatterForm', NULL, NULL, NULL, 293),
	(885, '2022-11-15 15:38:08.530905', NULL, 329, NULL, NULL, NULL, NULL, 294, 'progressMatterForm', NULL, NULL, NULL, 294),
	(886, '2022-11-15 15:38:08.534027', NULL, 329, NULL, NULL, NULL, NULL, 295, 'progressMatterForm', NULL, NULL, NULL, 295),
	(887, '2022-11-15 15:38:08.537150', NULL, 329, NULL, NULL, NULL, NULL, 296, 'progressMatterForm', NULL, NULL, NULL, 296),
	(888, '2022-11-15 15:38:08.540864', NULL, 329, NULL, NULL, NULL, NULL, 297, 'progressMatterForm', NULL, NULL, NULL, 297),
	(889, '2022-11-15 15:38:08.543155', NULL, 329, NULL, NULL, NULL, NULL, 298, 'progressMatterForm', NULL, NULL, NULL, 298),
	(890, '2022-11-15 15:38:08.546903', NULL, 329, NULL, NULL, NULL, NULL, 299, 'progressMatterForm', NULL, NULL, NULL, 299),
	(891, '2022-11-15 15:38:08.549699', NULL, 330, NULL, NULL, NULL, NULL, 301, 'progressMatterForm', NULL, NULL, NULL, 301),
	(892, '2022-11-15 15:38:08.553698', NULL, 330, NULL, NULL, NULL, NULL, 302, 'progressMatterForm', NULL, NULL, NULL, 302),
	(893, '2022-11-15 15:38:08.557031', NULL, 330, NULL, NULL, NULL, NULL, 303, 'progressMatterForm', NULL, NULL, NULL, 303),
	(894, '2022-11-15 15:38:08.558782', NULL, 330, NULL, NULL, NULL, NULL, 304, 'progressMatterForm', NULL, NULL, NULL, 304),
	(895, '2022-11-15 15:38:08.561407', NULL, 5, NULL, NULL, NULL, NULL, 305, 'progressMatterForm', NULL, NULL, NULL, 305),
	(896, '2022-11-15 15:38:08.563260', NULL, 5, NULL, NULL, NULL, NULL, 306, 'progressMatterForm', NULL, NULL, NULL, 306),
	(897, '2022-11-15 15:38:08.564918', NULL, 6, NULL, NULL, NULL, NULL, 307, 'progressMatterForm', NULL, NULL, NULL, 307),
	(898, '2022-11-15 15:38:08.566392', NULL, 15, NULL, NULL, NULL, NULL, 308, 'progressMatterForm', NULL, NULL, NULL, 308),
	(899, '2022-11-15 15:38:08.568862', NULL, 16, NULL, NULL, NULL, NULL, 309, 'progressMatterForm', NULL, NULL, NULL, 309),
	(900, '2022-11-15 15:38:08.571861', NULL, 17, NULL, NULL, NULL, NULL, 310, 'progressMatterForm', NULL, NULL, NULL, 310),
	(901, '2022-11-15 15:38:08.573584', NULL, 3, NULL, NULL, NULL, NULL, 311, 'progressMatterForm', NULL, NULL, NULL, 311),
	(902, '2022-11-15 15:38:08.575255', NULL, 21, NULL, NULL, NULL, NULL, 312, 'progressMatterForm', NULL, NULL, NULL, 312),
	(903, '2022-11-15 15:38:08.576948', NULL, 5, NULL, NULL, NULL, NULL, 313, 'progressMatterForm', NULL, NULL, NULL, 313),
	(904, '2022-11-15 15:38:08.578415', NULL, 6, NULL, NULL, NULL, NULL, 315, 'progressMatterForm', NULL, NULL, NULL, 315),
	(905, '2022-11-15 15:38:08.580738', NULL, 15, NULL, NULL, NULL, NULL, 317, 'progressMatterForm', NULL, NULL, NULL, 317),
	(906, '2022-11-15 15:38:08.582749', NULL, 6, NULL, NULL, NULL, NULL, 318, 'progressMatterForm', NULL, NULL, NULL, 318),
	(907, '2022-11-15 15:38:08.583749', NULL, 17, NULL, NULL, NULL, NULL, 319, 'progressMatterForm', NULL, NULL, NULL, 319),
	(908, '2022-11-15 15:38:08.586749', NULL, 1, NULL, NULL, NULL, NULL, 320, 'progressMatterForm', NULL, NULL, NULL, 320),
	(909, '2022-11-15 15:38:08.588871', NULL, 1, NULL, NULL, NULL, NULL, 321, 'progressMatterForm', NULL, NULL, NULL, 321),
	(910, '2022-11-15 15:38:08.590482', NULL, 1, NULL, NULL, NULL, NULL, 322, 'progressMatterForm', NULL, NULL, NULL, 322),
	(911, '2022-11-15 15:38:08.592103', NULL, 1, NULL, NULL, NULL, NULL, 323, 'progressMatterForm', NULL, NULL, NULL, 323),
	(912, '2022-11-15 15:38:08.593870', NULL, 1, NULL, NULL, NULL, NULL, 324, 'progressMatterForm', NULL, NULL, NULL, 324),
	(913, '2022-11-15 15:38:08.595438', NULL, 1, NULL, NULL, NULL, NULL, 325, 'progressMatterForm', NULL, NULL, NULL, 325),
	(914, '2022-11-15 15:38:08.597196', NULL, 1, NULL, NULL, NULL, NULL, 326, 'progressMatterForm', NULL, NULL, NULL, 326),
	(915, '2022-11-15 15:38:08.598945', NULL, 1, NULL, NULL, NULL, NULL, 327, 'progressMatterForm', NULL, NULL, NULL, 327),
	(916, '2022-11-15 15:38:08.600716', NULL, 1, NULL, NULL, NULL, NULL, 328, 'progressMatterForm', NULL, NULL, NULL, 328),
	(917, '2022-11-15 15:38:08.602442', NULL, 1, NULL, NULL, NULL, NULL, 329, 'progressMatterForm', NULL, NULL, NULL, 329),
	(918, '2022-11-15 15:38:08.604061', NULL, 1, NULL, NULL, NULL, NULL, 330, 'progressMatterForm', NULL, NULL, NULL, 330),
	(919, '2022-11-15 15:38:08.606915', NULL, 320, NULL, NULL, NULL, NULL, 331, 'progressMatterForm', NULL, NULL, NULL, 331),
	(920, '2022-11-15 15:38:08.608926', NULL, 321, NULL, NULL, NULL, NULL, 332, 'progressMatterForm', NULL, NULL, NULL, 332),
	(921, '2022-11-15 15:38:08.612745', NULL, 322, NULL, NULL, NULL, NULL, 333, 'progressMatterForm', NULL, NULL, NULL, 333),
	(922, '2022-11-15 15:38:08.617742', NULL, 323, NULL, NULL, NULL, NULL, 334, 'progressMatterForm', NULL, NULL, NULL, 334),
	(923, '2022-11-15 15:38:08.620607', NULL, 324, NULL, NULL, NULL, NULL, 335, 'progressMatterForm', NULL, NULL, NULL, 335),
	(924, '2022-11-15 15:38:08.623804', NULL, 325, NULL, NULL, NULL, NULL, 336, 'progressMatterForm', NULL, NULL, NULL, 336),
	(925, '2022-11-15 15:38:08.625423', NULL, 326, NULL, NULL, NULL, NULL, 337, 'progressMatterForm', NULL, NULL, NULL, 337),
	(926, '2022-11-15 15:38:08.629078', NULL, 327, NULL, NULL, NULL, NULL, 338, 'progressMatterForm', NULL, NULL, NULL, 338),
	(927, '2022-11-15 15:38:08.632078', NULL, 328, NULL, NULL, NULL, NULL, 339, 'progressMatterForm', NULL, NULL, NULL, 339),
	(928, '2022-11-15 15:38:08.635078', NULL, 329, NULL, NULL, NULL, NULL, 340, 'progressMatterForm', NULL, NULL, NULL, 340),
	(929, '2022-11-15 15:38:08.638077', NULL, 330, NULL, NULL, NULL, NULL, 341, 'progressMatterForm', NULL, NULL, NULL, 341),
	(930, '2022-11-15 15:38:08.640078', NULL, 19, NULL, NULL, NULL, NULL, 342, 'progressMatterForm', NULL, NULL, NULL, 342),
	(931, '2022-11-15 15:38:08.641078', NULL, 9, NULL, NULL, NULL, NULL, 343, 'progressMatterForm', NULL, NULL, NULL, 343),
	(932, '2022-11-15 15:38:08.644077', NULL, 326, NULL, NULL, NULL, NULL, 344, 'progressMatterForm', NULL, NULL, NULL, 344),
	(933, '2022-11-15 15:38:08.648078', NULL, 326, NULL, NULL, NULL, NULL, 345, 'progressMatterForm', NULL, NULL, NULL, 345),
	(934, '2022-11-15 15:38:08.650100', NULL, 326, NULL, NULL, NULL, NULL, 346, 'progressMatterForm', NULL, NULL, NULL, 346);

INSERT INTO `approval_step` (`id`, `content`, `status`, `update_time`, `approval_id`, `approve_user_id`) VALUES
	(11, NULL, 'REVIEWED', '2022-06-22 15:04:48.259757', 11, 1),
	(12, NULL, 'REVIEWED', '2022-06-22 15:04:37.312012', 12, 1),
	(13, NULL, 'REVIEWED', '2022-06-22 15:04:21.308740', 13, 1),
	(14, NULL, 'REVIEWED', '2022-06-22 15:04:13.338456', 14, 1),
	(15, NULL, 'REVIEWED', '2022-06-22 15:04:05.496040', 15, 1),
	(16, NULL, 'REVIEWED', '2022-06-22 15:03:58.310137', 16, 1),
	(17, NULL, 'REVIEWED', '2022-06-22 15:03:49.963567', 17, 1),
	(18, NULL, 'REVIEWED', '2022-06-22 15:03:41.983764', 18, 1),
	(19, NULL, 'REVIEWED', '2022-06-22 15:03:32.826277', 19, 1),
	(20, NULL, 'REVIEWED', '2022-06-22 15:03:23.448840', 20, 1),
	(21, NULL, 'REVIEWED', '2022-06-22 15:03:15.319213', 21, 1),
	(22, NULL, 'REVIEWED', '2022-06-22 15:02:56.439444', 22, 1),
	(23, NULL, 'REVIEWED', '2022-06-22 15:02:48.540445', 23, 1),
	(24, NULL, 'REVIEWED', '2022-06-22 15:02:40.866013', 24, 1),
	(25, NULL, 'REVIEWED', '2022-06-22 15:02:32.011107', 25, 1),
	(26, NULL, 'REVIEWED', '2022-06-22 15:02:23.265959', 26, 1),
	(27, NULL, 'REVIEWED', '2022-06-22 15:02:14.757220', 27, 1),
	(28, NULL, 'REVIEWED', '2022-06-22 14:59:36.341597', 28, 1),
	(29, NULL, 'REVIEWED', '2022-06-22 14:59:23.128084', 29, 1),
	(30, NULL, 'REVIEWED', '2022-06-22 14:59:10.819077', 30, 1),
	(32, NULL, 'AWAITING_REVIEW', '2022-07-21 08:14:59.000000', 32, 6),
	(33, NULL, 'REVIEWED', '2022-08-04 09:28:53.263357', 33, 317),
	(34, NULL, 'REVIEWED', '2022-08-02 09:57:13.748282', 34, 317),
	(35, NULL, 'REVIEWED', '2022-08-04 09:28:42.981777', 35, 317),
	(41, NULL, 'REVIEWED', '2022-07-25 22:00:54.000000', 41, 1),
	(43, NULL, 'REVIEWED', '2022-07-29 17:18:45.472190', 43, 324),
	(60, NULL, 'REVIEWED', '2022-08-02 10:38:13.440650', 60, 324),
	(61, NULL, 'REVIEWED', '2022-07-29 16:38:08.129379', 61, 324),
	(65, NULL, 'REVIEWED', '2022-08-01 11:40:05.364301', 65, 324),
	(66, NULL, 'REVIEWED', '2022-07-30 16:45:42.571272', 66, 324),
	(67, NULL, 'REVIEWED', '2022-08-02 10:37:03.093454', 67, 324),
	(68, NULL, 'REVIEWED', '2022-08-01 11:39:14.625656', 68, 324),
	(72, '', 'REVIEW_DENIED', '2022-08-03 16:19:04.521252', 72, 324),
	(75, NULL, 'REVIEWED', '2022-08-03 08:44:00.114723', 76, 311),
	(76, NULL, 'REVIEWED', '2022-08-03 08:57:51.356984', 77, 311),
	(77, NULL, 'REVIEWED', '2022-08-03 08:57:24.606323', 78, 311),
	(82, NULL, 'REVIEWED', '2022-08-03 20:49:07.811170', 83, 3),
	(84, NULL, 'REVIEWED', '2022-08-03 16:40:51.996708', 85, 321),
	(85, NULL, 'REVIEWED', '2022-08-03 16:40:40.074522', 86, 321),
	(86, NULL, 'REVIEWED', '2022-08-03 16:40:25.916782', 87, 321),
	(88, NULL, 'REVIEWED', '2022-08-03 16:40:12.210403', 89, 321),
	(89, NULL, 'REVIEWED', '2022-08-03 16:39:40.989733', 90, 321),
	(90, NULL, 'REVIEWED', '2022-08-03 16:38:51.751557', 91, 321),
	(91, NULL, 'REVIEWED', '2022-08-03 16:35:13.140000', 92, 321),
	(92, NULL, 'FIXED', '2022-08-03 16:20:14.527939', 72, 267),
	(93, '', 'REVIEW_DENIED', '2022-08-03 16:22:51.481203', 72, 324),
	(94, NULL, 'FIXED', '2022-08-03 16:27:03.816066', 72, 267),
	(95, NULL, 'REVIEWED', '2022-08-03 16:27:41.945080', 72, 324),
	(96, NULL, 'REVIEWED', '2022-08-04 11:25:13.870780', 93, 1),
	(97, NULL, 'REVIEWED', '2022-08-04 09:28:18.434269', 94, 317),
	(98, NULL, 'REVIEWED', '2022-08-04 14:29:51.949720', 95, 15),
	(99, NULL, 'REVIEWED', '2022-08-04 11:26:14.423129', 96, 1),
	(100, NULL, 'REVIEWED', '2022-08-04 16:35:11.748640', 97, 329),
	(101, NULL, 'REVIEWED', '2022-08-04 16:48:11.475922', 98, 329),
	(102, NULL, 'REVIEWED', '2022-08-04 16:48:26.259914', 99, 329),
	(103, NULL, 'REVIEWED', '2022-08-04 16:48:40.323278', 100, 329),
	(104, NULL, 'REVIEWED', '2022-08-04 16:48:52.011923', 101, 329),
	(105, NULL, 'REVIEWED', '2022-08-04 16:49:00.887152', 102, 329),
	(106, NULL, 'REVIEWED', '2022-08-04 16:49:12.827193', 103, 329),
	(107, NULL, 'REVIEWED', '2022-08-04 16:49:23.780598', 104, 329),
	(108, NULL, 'REVIEWED', '2022-08-04 16:49:34.233992', 105, 329),
	(109, NULL, 'REVIEWED', '2022-08-04 17:06:21.701821', 106, 1),
	(115, NULL, 'REVIEWED', '2022-08-05 15:50:16.666627', 111, 318),
	(116, NULL, 'REVIEWED', '2022-08-05 15:49:38.868097', 112, 318),
	(118, NULL, 'REVIEWED', '2022-08-05 16:13:32.094583', 114, 318),
	(119, NULL, 'REVIEWED', '2022-08-06 12:29:40.482737', 115, 6),
	(124, NULL, 'REVIEWED', '2022-08-06 10:04:48.787520', 120, 322),
	(125, NULL, 'REVIEWED', '2022-08-06 10:05:17.276587', 121, 322),
	(126, NULL, 'REVIEWED', '2022-08-06 10:05:32.621037', 122, 322),
	(127, NULL, 'REVIEWED', '2022-08-06 10:05:25.589303', 123, 322),
	(128, NULL, 'REVIEWED', '2022-08-06 10:05:08.025899', 124, 322),
	(129, NULL, 'REVIEWED', '2022-08-06 10:04:59.260047', 125, 322),
	(130, NULL, 'REVIEWED', '2022-08-06 09:49:50.459695', 126, 322),
	(131, NULL, 'REVIEWED', '2022-08-06 10:04:38.662260', 127, 322),
	(132, NULL, 'REVIEWED', '2022-08-06 11:09:34.190284', 128, 1),
	(133, NULL, 'REVIEWED', '2022-08-06 10:38:00.214181', 129, 325),
	(134, NULL, 'REVIEWED', '2022-08-06 10:37:48.618496', 130, 325),
	(135, NULL, 'REVIEWED', '2022-08-06 10:37:28.772233', 131, 325),
	(136, NULL, 'REVIEWED', '2022-08-06 10:36:57.958100', 132, 325),
	(137, NULL, 'REVIEWED', '2022-08-06 10:36:40.471185', 133, 325),
	(138, '', 'REVIEWED', '2022-08-06 10:31:35.334110', 134, 325),
	(141, NULL, 'REVIEWED', '2022-08-06 10:52:58.343285', 136, 325),
	(142, NULL, 'REVIEWED', '2022-08-06 10:52:27.638513', 137, 325),
	(145, NULL, 'REVIEWED', '2022-08-09 16:47:31.332272', 139, 320),
	(146, NULL, 'REVIEWED', '2022-08-09 16:47:18.579800', 140, 320),
	(147, NULL, 'REVIEWED', '2022-08-09 16:47:03.809730', 141, 320),
	(148, NULL, 'REVIEWED', '2022-08-09 16:46:47.086745', 142, 320),
	(149, NULL, 'REVIEWED', '2022-08-09 16:46:25.175638', 143, 320),
	(150, NULL, 'REVIEWED', '2022-08-09 16:46:07.828174', 144, 320),
	(152, NULL, 'REVIEWED', '2022-08-09 16:45:43.291097', 146, 320),
	(153, NULL, 'REVIEWED', '2022-08-08 13:50:26.337671', 147, 1),
	(154, NULL, 'REVIEWED', '2022-08-09 16:45:11.891570', 148, 320),
	(157, NULL, 'REVIEWED', '2022-08-08 15:47:57.372510', 151, 326),
	(158, NULL, 'REVIEWED', '2022-08-08 15:55:46.789282', 152, 326),
	(159, NULL, 'REVIEWED', '2022-08-08 15:16:04.186363', 153, 306),
	(160, NULL, 'REVIEWED', '2022-08-08 15:53:59.812159', 154, 326),
	(161, NULL, 'REVIEWED', '2022-08-08 15:53:45.389896', 155, 326),
	(162, NULL, 'REVIEWED', '2022-08-08 15:53:32.311455', 156, 326),
	(163, NULL, 'REVIEWED', '2022-08-08 15:52:58.290628', 157, 326),
	(165, '', 'REVIEW_DENIED', '2022-08-08 15:52:20.038197', 159, 326),
	(166, NULL, 'REVIEWED', '2022-08-08 15:51:42.175121', 160, 326),
	(167, NULL, 'REVIEWED', '2022-08-08 15:50:52.922684', 161, 326),
	(168, NULL, 'FIXED', '2022-08-08 15:56:37.887790', 159, 279),
	(169, NULL, 'REVIEWED', '2022-08-08 15:59:14.750416', 159, 326),
	(170, NULL, 'REVIEWED', '2022-08-09 07:57:17.724740', 162, 1),
	(171, NULL, 'REVIEWED', '2022-08-09 08:12:08.329644', 163, 306),
	(172, NULL, 'REVIEWED', '2022-08-22 15:25:41.286659', 164, 5),
	(173, NULL, 'REVIEWED', '2022-08-10 09:09:52.814954', 165, 6),
	(174, NULL, 'REVIEWED', '2022-08-08 16:51:30.093127', 166, 315),
	(175, NULL, 'REVIEWED', '2022-08-08 16:52:29.191473', 167, 315),
	(176, NULL, 'REVIEWED', '2022-08-09 09:48:37.690138', 168, 307),
	(177, NULL, 'REVIEWED', '2022-08-10 09:09:37.157326', 169, 6),
	(178, NULL, 'REVIEWED', '2022-08-09 09:49:02.755880', 170, 307),
	(179, NULL, 'REVIEWED', '2022-08-09 09:48:50.940477', 171, 307),
	(180, NULL, 'REVIEWED', '2022-08-10 09:10:04.804857', 172, 6),
	(181, NULL, 'REVIEWED', '2022-08-09 09:50:21.886018', 173, 1),
	(187, NULL, 'REVIEWED', '2022-08-09 16:42:22.419638', 179, 320),
	(188, '', 'REVIEW_DENIED', '2022-08-09 17:48:29.166591', 180, 1),
	(189, NULL, 'AWAITING_FIX', '2022-08-09 17:48:29.166591', 180, 320),
	(190, NULL, 'REVIEWED', '2022-08-16 10:40:50.512086', 181, 343),
	(191, NULL, 'REVIEWED', '2022-08-16 10:40:08.822729', 182, 343),
	(192, NULL, 'REVIEWED', '2022-08-16 10:40:27.073466', 183, 343),
	(203, NULL, 'REVIEWED', '2022-08-10 16:09:02.353613', 194, 1),
	(208, NULL, 'REVIEWED', '2022-08-11 10:11:47.594864', 198, 308),
	(209, NULL, 'REVIEWED', '2022-08-11 10:03:31.239233', 199, 308),
	(210, NULL, 'REVIEWED', '2022-08-11 10:11:35.140425', 200, 308),
	(212, NULL, 'REVIEWED', '2022-08-11 10:16:24.085592', 201, 308),
	(213, NULL, 'REVIEWED', '2022-08-11 10:16:31.367029', 202, 308),
	(214, NULL, 'REVIEWED', '2022-08-11 12:03:39.714085', 203, 15),
	(218, NULL, 'REVIEWED', '2022-08-11 15:06:49.521228', 207, 1),
	(219, NULL, 'REVIEWED', '2022-08-11 14:36:40.799226', 208, 323),
	(220, NULL, 'REVIEWED', '2022-08-11 14:36:35.611127', 209, 323),
	(221, NULL, 'REVIEWED', '2022-08-11 14:36:28.251581', 210, 323),
	(222, NULL, 'REVIEWED', '2022-08-11 14:36:22.892070', 211, 323),
	(223, NULL, 'REVIEWED', '2022-08-11 14:36:17.329258', 212, 323),
	(224, NULL, 'REVIEWED', '2022-08-11 14:36:11.844095', 213, 323),
	(225, NULL, 'REVIEWED', '2022-08-11 14:36:05.389695', 214, 323),
	(228, NULL, 'REVIEWED', '2022-08-11 15:19:13.026732', 217, 1),
	(229, NULL, 'REVIEWED', '2022-08-11 15:30:22.689757', 218, 319),
	(230, NULL, 'REVIEWED', '2022-08-16 08:27:49.386499', 219, 319),
	(231, NULL, 'REVIEWED', '2022-08-16 08:27:37.229937', 220, 319),
	(232, NULL, 'REVIEWED', '2022-08-11 19:00:33.808729', 221, 17),
	(241, '', 'REVIEW_DENIED', '2022-08-12 11:13:32.187788', 229, 312),
	(242, NULL, 'REVIEWED', '2022-08-12 15:44:50.968097', 230, 312),
	(243, NULL, 'FIXED', '2022-08-12 11:13:48.048406', 229, 312),
	(244, NULL, 'REVIEWED', '2022-08-12 11:16:50.044390', 229, 312),
	(245, NULL, 'REVIEWED', '2022-08-12 15:44:42.279097', 231, 312),
	(246, NULL, 'REVIEWED', '2022-08-12 15:44:33.402435', 232, 312),
	(247, NULL, 'REVIEWED', '2022-08-12 15:44:25.339710', 233, 312),
	(248, '', 'REVIEW_DENIED', '2022-08-12 15:30:04.431305', 234, 21),
	(250, NULL, 'REVIEWED', '2022-08-12 15:20:43.961326', 236, 342),
	(252, '', 'REVIEWED', '2022-08-12 16:36:14.100717', 238, 342),
	(253, '', 'REVIEWED', '2022-08-12 16:36:26.367538', 239, 342),
	(254, '', 'REVIEW_DENIED', '2022-08-12 16:10:28.396315', 240, 19),
	(256, NULL, 'FIXED', '2022-08-12 15:39:39.734599', 234, 312),
	(258, NULL, 'REVIEWED', '2022-08-16 10:39:26.552640', 234, 21),
	(259, NULL, 'FIXED', '2022-08-12 16:37:14.076444', 240, 342),
	(262, NULL, 'REVIEWED', '2022-08-12 16:38:02.472016', 240, 19),
	(264, NULL, 'REVIEWED', '2022-08-12 21:02:35.112917', 243, 327),
	(265, NULL, 'REVIEWED', '2022-08-12 21:02:46.706965', 244, 327),
	(266, NULL, 'REVIEWED', '2022-08-12 21:02:23.034481', 245, 327),
	(267, NULL, 'REVIEWED', '2022-08-12 21:02:12.188884', 246, 327),
	(268, NULL, 'REVIEWED', '2022-08-12 20:59:36.082387', 247, 327),
	(269, NULL, 'REVIEWED', '2022-08-12 21:09:28.040333', 248, 327),
	(270, NULL, 'REVIEWED', '2022-08-12 21:09:10.633637', 249, 327),
	(271, '', 'REVIEW_DENIED', '2022-08-14 16:02:50.335752', 250, 1),
	(275, NULL, 'REVIEWED', '2022-08-13 10:21:22.635621', 254, 316),
	(277, NULL, 'FIXED', '2022-08-15 10:12:39.170931', 250, 327),
	(289, NULL, 'REVIEWED', '2022-08-15 10:35:23.705361', 250, 1),
	(290, NULL, 'REVIEWED', '2022-08-15 11:16:02.596677', 256, 330),
	(291, NULL, 'REVIEWED', '2022-08-15 11:16:22.005134', 257, 330),
	(292, NULL, 'REVIEWED', '2022-08-15 11:16:34.397073', 258, 330),
	(293, NULL, 'REVIEWED', '2022-08-15 11:16:58.542181', 259, 330),
	(294, NULL, 'REVIEWED', '2022-08-15 11:17:48.206437', 260, 330),
	(295, NULL, 'REVIEWED', '2022-08-15 11:17:16.201029', 261, 330),
	(296, NULL, 'REVIEWED', '2022-08-15 11:17:31.845850', 262, 330),
	(297, NULL, 'REVIEWED', '2022-08-15 14:21:47.627371', 263, 1),
	(298, NULL, 'REVIEWED', '2022-08-15 14:16:25.505497', 264, 310),
	(299, NULL, 'REVIEWED', '2022-08-15 14:16:17.176783', 265, 310),
	(300, NULL, 'REVIEWED', '2022-08-15 14:16:08.454846', 266, 310),
	(301, NULL, 'REVIEWED', '2022-08-15 14:15:59.798047', 267, 310),
	(302, NULL, 'REVIEWED', '2022-08-15 14:27:49.678572', 268, 17),
	(312, NULL, 'REVIEWED', '2022-08-16 09:33:01.830147', 276, 328),
	(314, NULL, 'REVIEWED', '2022-08-16 09:40:00.461723', 278, 328),
	(316, NULL, 'REVIEWED', '2022-08-16 10:25:44.080798', 280, 328),
	(318, NULL, 'REVIEWED', '2022-08-16 10:25:36.892764', 282, 328),
	(319, NULL, 'REVIEWED', '2022-08-16 10:25:28.939219', 283, 328),
	(320, NULL, 'REVIEWED', '2022-08-16 10:25:16.046837', 284, 328),
	(321, NULL, 'REVIEWED', '2022-08-16 11:19:48.027386', 285, 1),
	(322, NULL, 'REVIEWED', '2022-08-24 16:19:08.325149', 286, 9),
	(331, NULL, 'REVIEWED', '2022-08-18 12:00:53.633235', 295, 313),
	(332, NULL, 'REVIEWED', '2022-08-18 12:13:29.121818', 296, 313),
	(333, NULL, 'REVIEWED', '2022-08-18 12:13:40.965876', 297, 313),
	(334, NULL, 'REVIEWED', '2022-08-18 12:14:04.701267', 298, 313),
	(335, NULL, 'REVIEWED', '2022-08-18 12:13:12.511170', 299, 313),
	(336, NULL, 'REVIEWED', '2022-08-22 15:25:27.410452', 300, 5),
	(338, NULL, 'REVIEWED', '2022-08-18 14:34:21.125620', 301, 309),
	(339, NULL, 'REVIEWED', '2022-08-18 14:33:34.747834', 302, 309),
	(340, '', 'REVIEW_DENIED', '2022-08-18 14:26:30.314362', 303, 309),
	(341, NULL, 'FIXED', '2022-08-18 14:27:45.616517', 303, 110),
	(342, '', 'REVIEW_DENIED', '2022-08-18 14:29:28.672607', 303, 309),
	(343, NULL, 'REVIEWED', '2022-08-18 14:34:43.235556', 304, 309),
	(344, NULL, 'FIXED', '2022-08-18 14:32:23.663774', 303, 110),
	(345, NULL, 'REVIEWED', '2022-08-18 14:37:30.184896', 303, 309),
	(346, NULL, 'REVIEWED', '2022-08-18 14:35:17.285426', 305, 309),
	(347, NULL, 'REVIEWED', '2022-08-18 14:49:59.832176', 306, 16),
	(537, NULL, 'REVIEWED', '2022-09-02 15:39:53.090606', 465, 305),
	(538, NULL, 'REVIEWED', '2022-09-02 15:39:37.594946', 466, 305),
	(539, NULL, 'REVIEWED', '2022-09-02 15:39:06.934289', 467, 305),
	(541, NULL, 'REVIEWED', '2022-09-02 15:38:39.821417', 469, 305),
	(545, NULL, 'REVIEWED', '2022-09-13 15:09:39.736023', 473, 5),
	(601, NULL, 'REVIEWED', '2022-11-15 15:38:08.088566', 601, 1),
	(602, NULL, 'REVIEWED', '2022-11-15 15:38:08.099023', 602, 1),
	(603, NULL, 'REVIEWED', '2022-11-15 15:38:08.103682', 603, 1),
	(604, NULL, 'REVIEWED', '2022-11-15 15:38:08.108683', 604, 1),
	(605, NULL, 'REVIEWED', '2022-11-15 15:38:08.113684', 605, 1),
	(606, NULL, 'REVIEWED', '2022-11-15 15:38:08.118683', 606, 1),
	(607, NULL, 'REVIEWED', '2022-11-15 15:38:08.123347', 607, 1),
	(608, NULL, 'REVIEWED', '2022-11-15 15:38:08.127569', 608, 1),
	(609, NULL, 'REVIEWED', '2022-11-15 15:38:08.133591', 609, 1),
	(610, NULL, 'REVIEWED', '2022-11-15 15:38:08.138582', 610, 1),
	(611, NULL, 'REVIEWED', '2022-11-15 15:38:08.143255', 611, 1),
	(612, NULL, 'REVIEWED', '2022-11-15 15:38:08.148112', 612, 1),
	(613, NULL, 'REVIEWED', '2022-11-15 15:38:08.152275', 613, 1),
	(614, NULL, 'REVIEWED', '2022-11-15 15:38:08.156827', 614, 1),
	(615, NULL, 'REVIEWED', '2022-11-15 15:38:08.162161', 615, 1),
	(616, NULL, 'REVIEWED', '2022-11-15 15:38:08.168170', 616, 1),
	(617, NULL, 'REVIEWED', '2022-11-15 15:38:08.172561', 617, 1),
	(618, NULL, 'REVIEWED', '2022-11-15 15:38:08.176418', 618, 1),
	(619, NULL, 'REVIEWED', '2022-11-15 15:38:08.180500', 619, 1),
	(620, NULL, 'REVIEWED', '2022-11-15 15:38:08.184790', 620, 1),
	(621, NULL, 'REVIEWED', '2022-11-15 15:38:08.195599', 621, 1),
	(622, NULL, 'REVIEWED', '2022-11-15 15:38:08.199908', 622, 1),
	(623, NULL, 'REVIEWED', '2022-11-15 15:38:08.203421', 623, 305),
	(624, NULL, 'REVIEWED', '2022-11-15 15:38:08.206472', 624, 305),
	(625, NULL, 'REVIEWED', '2022-11-15 15:38:08.210678', 625, 306),
	(626, NULL, 'REVIEWED', '2022-11-15 15:38:08.214127', 626, 307),
	(627, NULL, 'REVIEWED', '2022-11-15 15:38:08.218129', 627, 307),
	(628, NULL, 'REVIEWED', '2022-11-15 15:38:08.222154', 628, 307),
	(629, NULL, 'REVIEWED', '2022-11-15 15:38:08.226050', 629, 308),
	(630, NULL, 'REVIEWED', '2022-11-15 15:38:08.229693', 630, 308),
	(631, NULL, 'REVIEWED', '2022-11-15 15:38:08.232703', 631, 308),
	(632, NULL, 'REVIEWED', '2022-11-15 15:38:08.236506', 632, 308),
	(633, NULL, 'REVIEWED', '2022-11-15 15:38:08.241506', 633, 309),
	(634, NULL, 'REVIEWED', '2022-11-15 15:38:08.245506', 634, 309),
	(635, NULL, 'REVIEWED', '2022-11-15 15:38:08.249354', 635, 309),
	(636, NULL, 'REVIEWED', '2022-11-15 15:38:08.252367', 636, 309),
	(637, NULL, 'REVIEWED', '2022-11-15 15:38:08.256046', 637, 309),
	(638, NULL, 'REVIEWED', '2022-11-15 15:38:08.259830', 638, 310),
	(639, NULL, 'REVIEWED', '2022-11-15 15:38:08.263840', 639, 310),
	(640, NULL, 'REVIEWED', '2022-11-15 15:38:08.267573', 640, 310),
	(641, NULL, 'REVIEWED', '2022-11-15 15:38:08.271586', 641, 310),
	(642, NULL, 'REVIEWED', '2022-11-15 15:38:08.274803', 642, 310),
	(643, NULL, 'REVIEWED', '2022-11-15 15:38:08.278917', 643, 311),
	(644, NULL, 'REVIEWED', '2022-11-15 15:38:08.282642', 644, 311),
	(645, NULL, 'REVIEWED', '2022-11-15 15:38:08.285651', 645, 312),
	(646, NULL, 'REVIEWED', '2022-11-15 15:38:08.289652', 646, 312),
	(647, NULL, 'REVIEWED', '2022-11-15 15:38:08.293192', 647, 312),
	(648, NULL, 'REVIEWED', '2022-11-15 15:38:08.297133', 648, 312),
	(649, NULL, 'REVIEWED', '2022-11-15 15:38:08.300242', 649, 313),
	(650, NULL, 'REVIEWED', '2022-11-15 15:38:08.304277', 650, 313),
	(651, NULL, 'REVIEWED', '2022-11-15 15:38:08.307644', 651, 313),
	(652, NULL, 'REVIEWED', '2022-11-15 15:38:08.311333', 652, 313),
	(653, NULL, 'REVIEWED', '2022-11-15 15:38:08.314681', 653, 343),
	(654, NULL, 'REVIEWED', '2022-11-15 15:38:08.318702', 654, 343),
	(655, NULL, 'REVIEWED', '2022-11-15 15:38:08.322886', 655, 315),
	(656, NULL, 'REVIEWED', '2022-11-15 15:38:08.326804', 656, 317),
	(657, NULL, 'REVIEWED', '2022-11-15 15:38:08.330286', 657, 317),
	(658, NULL, 'REVIEWED', '2022-11-15 15:38:08.334295', 658, 317),
	(659, NULL, 'REVIEWED', '2022-11-15 15:38:08.337295', 659, 318),
	(660, NULL, 'REVIEWED', '2022-11-15 15:38:08.341296', 660, 326),
	(661, NULL, 'REVIEWED', '2022-11-15 15:38:08.345296', 661, 319),
	(662, NULL, 'REVIEWED', '2022-11-15 15:38:08.349295', 662, 319),
	(663, NULL, 'REVIEWED', '2022-11-15 15:38:08.353308', 663, 320),
	(664, NULL, 'REVIEWED', '2022-11-15 15:38:08.357657', 664, 320),
	(665, NULL, 'REVIEWED', '2022-11-15 15:38:08.373666', 665, 320),
	(666, NULL, 'REVIEWED', '2022-11-15 15:38:08.376666', 666, 320),
	(667, NULL, 'REVIEWED', '2022-11-15 15:38:08.379536', 667, 320),
	(668, NULL, 'REVIEWED', '2022-11-15 15:38:08.384965', 668, 320),
	(669, NULL, 'REVIEWED', '2022-11-15 15:38:08.388365', 669, 320),
	(670, NULL, 'REVIEWED', '2022-11-15 15:38:08.391625', 670, 320),
	(671, NULL, 'REVIEWED', '2022-11-15 15:38:08.394502', 671, 320),
	(672, NULL, 'REVIEWED', '2022-11-15 15:38:08.397901', 672, 321),
	(673, NULL, 'REVIEWED', '2022-11-15 15:38:08.400825', 673, 321),
	(674, NULL, 'REVIEWED', '2022-11-15 15:38:08.403994', 674, 321),
	(675, NULL, 'REVIEWED', '2022-11-15 15:38:08.407186', 675, 321),
	(676, NULL, 'REVIEWED', '2022-11-15 15:38:08.410800', 676, 321),
	(677, NULL, 'REVIEWED', '2022-11-15 15:38:08.414691', 677, 322),
	(678, NULL, 'REVIEWED', '2022-11-15 15:38:08.418858', 678, 322),
	(679, NULL, 'REVIEWED', '2022-11-15 15:38:08.422333', 679, 322),
	(680, NULL, 'REVIEWED', '2022-11-15 15:38:08.425416', 680, 322),
	(681, NULL, 'REVIEWED', '2022-11-15 15:38:08.427909', 681, 322),
	(682, NULL, 'REVIEWED', '2022-11-15 15:38:08.431453', 682, 322),
	(683, NULL, 'REVIEWED', '2022-11-15 15:38:08.434240', 683, 323),
	(684, NULL, 'REVIEWED', '2022-11-15 15:38:08.436591', 684, 323),
	(685, NULL, 'REVIEWED', '2022-11-15 15:38:08.439968', 685, 323),
	(686, NULL, 'REVIEWED', '2022-11-15 15:38:08.442981', 686, 323),
	(687, NULL, 'REVIEWED', '2022-11-15 15:38:08.446502', 687, 323),
	(688, NULL, 'REVIEWED', '2022-11-15 15:38:08.449437', 688, 323),
	(689, NULL, 'REVIEWED', '2022-11-15 15:38:08.452363', 689, 324),
	(690, NULL, 'REVIEWED', '2022-11-15 15:38:08.455270', 690, 324),
	(691, NULL, 'REVIEWED', '2022-11-15 15:38:08.460138', 691, 324),
	(692, NULL, 'REVIEWED', '2022-11-15 15:38:08.463148', 692, 324),
	(693, NULL, 'REVIEWED', '2022-11-15 15:38:08.466295', 693, 324),
	(694, NULL, 'REVIEWED', '2022-11-15 15:38:08.469208', 694, 324),
	(695, NULL, 'REVIEWED', '2022-11-15 15:38:08.471822', 695, 325),
	(696, NULL, 'REVIEWED', '2022-11-15 15:38:08.473747', 696, 325),
	(697, NULL, 'REVIEWED', '2022-11-15 15:38:08.477746', 697, 325),
	(698, NULL, 'REVIEWED', '2022-11-15 15:38:08.481223', 698, 325),
	(699, NULL, 'REVIEWED', '2022-11-15 15:38:08.484176', 699, 325),
	(700, NULL, 'REVIEWED', '2022-11-15 15:38:08.487143', 700, 325),
	(701, NULL, 'REVIEWED', '2022-11-15 15:38:08.490018', 701, 326),
	(702, NULL, 'REVIEWED', '2022-11-15 15:38:08.492707', 702, 326),
	(703, NULL, 'REVIEWED', '2022-11-15 15:38:08.495945', 703, 326),
	(704, NULL, 'REVIEWED', '2022-11-15 15:38:08.498331', 704, 327),
	(705, NULL, 'REVIEWED', '2022-11-15 15:38:08.501439', 705, 327),
	(706, NULL, 'REVIEWED', '2022-11-15 15:38:08.503991', 706, 327),
	(707, NULL, 'REVIEWED', '2022-11-15 15:38:08.505846', 707, 327),
	(708, NULL, 'REVIEWED', '2022-11-15 15:38:08.510788', 708, 327),
	(709, NULL, 'REVIEWED', '2022-11-15 15:38:08.513683', 709, 328),
	(710, NULL, 'REVIEWED', '2022-11-15 15:38:08.516620', 710, 328),
	(711, NULL, 'REVIEWED', '2022-11-15 15:38:08.519685', 711, 328),
	(712, NULL, 'REVIEWED', '2022-11-15 15:38:08.522697', 712, 328),
	(713, NULL, 'REVIEWED', '2022-11-15 15:38:08.525662', 713, 328),
	(714, NULL, 'REVIEWED', '2022-11-15 15:38:08.528763', 714, 329),
	(715, NULL, 'REVIEWED', '2022-11-15 15:38:08.531957', 715, 329),
	(716, NULL, 'REVIEWED', '2022-11-15 15:38:08.535140', 716, 329),
	(717, NULL, 'REVIEWED', '2022-11-15 15:38:08.538149', 717, 329),
	(718, NULL, 'REVIEWED', '2022-11-15 15:38:08.542147', 718, 329),
	(719, NULL, 'REVIEWED', '2022-11-15 15:38:08.544834', 719, 329),
	(720, NULL, 'REVIEWED', '2022-11-15 15:38:08.547688', 720, 329),
	(721, NULL, 'REVIEWED', '2022-11-15 15:38:08.551698', 721, 330),
	(722, NULL, 'REVIEWED', '2022-11-15 15:38:08.554699', 722, 330),
	(723, NULL, 'REVIEWED', '2022-11-15 15:38:08.557876', 723, 330),
	(724, NULL, 'REVIEWED', '2022-11-15 15:38:08.559792', 724, 330),
	(725, NULL, 'REVIEWED', '2022-11-15 15:38:08.562445', 725, 5),
	(726, NULL, 'REVIEWED', '2022-11-15 15:38:08.564141', 726, 5),
	(727, NULL, 'REVIEWED', '2022-11-15 15:38:08.565844', 727, 6),
	(728, NULL, 'REVIEWED', '2022-11-15 15:38:08.567859', 728, 15),
	(729, NULL, 'REVIEWED', '2022-11-15 15:38:08.570862', 729, 16),
	(730, NULL, 'REVIEWED', '2022-11-15 15:38:08.572677', 730, 17),
	(731, NULL, 'REVIEWED', '2022-11-15 15:38:08.574491', 731, 3),
	(732, NULL, 'REVIEWED', '2022-11-15 15:38:08.576055', 732, 21),
	(733, NULL, 'REVIEWED', '2022-11-15 15:38:08.577786', 733, 5),
	(734, NULL, 'REVIEWED', '2022-11-15 15:38:08.579428', 734, 6),
	(735, NULL, 'REVIEWED', '2022-11-15 15:38:08.581761', 735, 15),
	(736, NULL, 'REVIEWED', '2022-11-15 15:38:08.582749', 736, 6),
	(737, NULL, 'REVIEWED', '2022-11-15 15:38:08.585749', 737, 17),
	(738, NULL, 'REVIEWED', '2022-11-15 15:38:08.587749', 738, 1),
	(739, NULL, 'REVIEWED', '2022-11-15 15:38:08.589666', 739, 1),
	(740, NULL, 'REVIEWED', '2022-11-15 15:38:08.591291', 740, 1),
	(741, NULL, 'REVIEWED', '2022-11-15 15:38:08.592963', 741, 1),
	(742, NULL, 'REVIEWED', '2022-11-15 15:38:08.594639', 742, 1),
	(743, NULL, 'REVIEWED', '2022-11-15 15:38:08.596359', 743, 1),
	(744, NULL, 'REVIEWED', '2022-11-15 15:38:08.598030', 744, 1),
	(745, NULL, 'REVIEWED', '2022-11-15 15:38:08.598945', 745, 1),
	(746, NULL, 'REVIEWED', '2022-11-15 15:38:08.601670', 746, 1),
	(747, NULL, 'REVIEWED', '2022-11-15 15:38:08.603244', 747, 1),
	(748, NULL, 'REVIEWED', '2022-11-15 15:38:08.604895', 748, 1),
	(749, NULL, 'REVIEWED', '2022-11-15 15:38:08.607914', 749, 320),
	(750, NULL, 'REVIEWED', '2022-11-15 15:38:08.610238', 750, 321),
	(751, NULL, 'REVIEWED', '2022-11-15 15:38:08.613755', 751, 322),
	(752, NULL, 'REVIEWED', '2022-11-15 15:38:08.618607', 752, 323),
	(753, NULL, 'REVIEWED', '2022-11-15 15:38:08.621904', 753, 324),
	(754, NULL, 'REVIEWED', '2022-11-15 15:38:08.624536', 754, 325),
	(755, NULL, 'REVIEWED', '2022-11-15 15:38:08.626432', 755, 326),
	(756, NULL, 'REVIEWED', '2022-11-15 15:38:08.630079', 756, 327),
	(757, NULL, 'REVIEWED', '2022-11-15 15:38:08.633078', 757, 328),
	(758, NULL, 'REVIEWED', '2022-11-15 15:38:08.636078', 758, 329),
	(759, NULL, 'REVIEWED', '2022-11-15 15:38:08.639078', 759, 330),
	(760, NULL, 'REVIEWED', '2022-11-15 15:38:08.641078', 760, 19),
	(761, NULL, 'REVIEWED', '2022-11-15 15:38:08.642078', 761, 9),
	(762, NULL, 'REVIEWED', '2022-11-15 15:38:08.645078', 762, 326),
	(763, NULL, 'REVIEWED', '2022-11-15 15:38:08.649092', 763, 326),
	(764, NULL, 'REVIEWED', '2022-11-15 15:38:08.651787', 764, 326),
	(765, NULL, 'NONE_REVIEW', '2022-11-29 15:35:11.638006', 765, 1),
	(771, NULL, 'NONE_REVIEW', '2022-11-15 15:38:08.066928', 771, 1),
	(772, NULL, 'NONE_REVIEW', '2022-11-15 15:38:08.097023', 772, 1),
	(773, NULL, 'NONE_REVIEW', '2022-11-15 15:38:08.101684', 773, 1),
	(774, NULL, 'NONE_REVIEW', '2022-11-15 15:38:08.106684', 774, 1),
	(775, NULL, 'NONE_REVIEW', '2022-11-15 15:38:08.111683', 775, 1),
	(776, NULL, 'NONE_REVIEW', '2022-11-15 15:38:08.116683', 776, 1),
	(777, NULL, 'NONE_REVIEW', '2022-11-15 15:38:08.122067', 777, 1),
	(778, NULL, 'NONE_REVIEW', '2022-11-15 15:38:08.126527', 778, 1),
	(779, NULL, 'NONE_REVIEW', '2022-11-15 15:38:08.131581', 779, 1),
	(780, NULL, 'NONE_REVIEW', '2022-11-15 15:38:08.136581', 780, 1),
	(781, NULL, 'NONE_REVIEW', '2022-11-15 15:38:08.141579', 781, 1),
	(782, NULL, 'NONE_REVIEW', '2022-11-15 15:38:08.146268', 782, 1),
	(783, NULL, 'NONE_REVIEW', '2022-11-15 15:38:08.150282', 783, 1),
	(784, NULL, 'NONE_REVIEW', '2022-11-15 15:38:08.154824', 784, 1),
	(785, NULL, 'NONE_REVIEW', '2022-11-15 15:38:08.160159', 785, 1),
	(786, NULL, 'NONE_REVIEW', '2022-11-15 15:38:08.166038', 786, 1),
	(787, NULL, 'NONE_REVIEW', '2022-11-15 15:38:08.170578', 787, 1),
	(788, NULL, 'NONE_REVIEW', '2022-11-15 15:38:08.174578', 788, 1),
	(789, NULL, 'NONE_REVIEW', '2022-11-15 15:38:08.179428', 789, 1),
	(790, NULL, 'NONE_REVIEW', '2022-11-15 15:38:08.182723', 790, 1),
	(791, NULL, 'NONE_REVIEW', '2022-11-15 15:38:08.194469', 791, 1),
	(792, NULL, 'NONE_REVIEW', '2022-11-15 15:38:08.197909', 792, 1),
	(793, NULL, 'NONE_REVIEW', '2022-11-15 15:38:08.202042', 793, 305),
	(794, NULL, 'NONE_REVIEW', '2022-11-15 15:38:08.205472', 794, 305),
	(795, NULL, 'NONE_REVIEW', '2022-11-15 15:38:08.208959', 795, 306),
	(796, NULL, 'NONE_REVIEW', '2022-11-15 15:38:08.212757', 796, 307),
	(797, NULL, 'NONE_REVIEW', '2022-11-15 15:38:08.216129', 797, 307),
	(798, NULL, 'NONE_REVIEW', '2022-11-15 15:38:08.220156', 798, 307),
	(799, NULL, 'NONE_REVIEW', '2022-11-15 15:38:08.224163', 799, 308),
	(800, NULL, 'NONE_REVIEW', '2022-11-15 15:38:08.228168', 800, 308),
	(801, NULL, 'NONE_REVIEW', '2022-11-15 15:38:08.231703', 801, 308),
	(802, NULL, 'NONE_REVIEW', '2022-11-15 15:38:08.235506', 802, 308),
	(803, NULL, 'NONE_REVIEW', '2022-11-15 15:38:08.239506', 803, 309),
	(804, NULL, 'NONE_REVIEW', '2022-11-15 15:38:08.243507', 804, 309),
	(805, NULL, 'NONE_REVIEW', '2022-11-15 15:38:08.248334', 805, 309),
	(806, NULL, 'NONE_REVIEW', '2022-11-15 15:38:08.251367', 806, 309),
	(807, NULL, 'NONE_REVIEW', '2022-11-15 15:38:08.255046', 807, 309),
	(808, NULL, 'NONE_REVIEW', '2022-11-15 15:38:08.258056', 808, 310),
	(809, NULL, 'NONE_REVIEW', '2022-11-15 15:38:08.262840', 809, 310),
	(810, NULL, 'NONE_REVIEW', '2022-11-15 15:38:08.266573', 810, 310),
	(811, NULL, 'NONE_REVIEW', '2022-11-15 15:38:08.270573', 811, 310),
	(812, NULL, 'NONE_REVIEW', '2022-11-15 15:38:08.273588', 812, 310),
	(813, NULL, 'NONE_REVIEW', '2022-11-15 15:38:08.276916', 813, 311),
	(814, NULL, 'NONE_REVIEW', '2022-11-15 15:38:08.280917', 814, 311),
	(815, NULL, 'NONE_REVIEW', '2022-11-15 15:38:08.284651', 815, 312),
	(816, NULL, 'NONE_REVIEW', '2022-11-15 15:38:08.288651', 816, 312),
	(817, NULL, 'NONE_REVIEW', '2022-11-15 15:38:08.292192', 817, 312),
	(818, NULL, 'NONE_REVIEW', '2022-11-15 15:38:08.295682', 818, 312),
	(819, NULL, 'NONE_REVIEW', '2022-11-15 15:38:08.299242', 819, 313),
	(820, NULL, 'NONE_REVIEW', '2022-11-15 15:38:08.302276', 820, 313),
	(821, NULL, 'NONE_REVIEW', '2022-11-15 15:38:08.306258', 821, 313),
	(822, NULL, 'NONE_REVIEW', '2022-11-15 15:38:08.309334', 822, 313),
	(823, NULL, 'NONE_REVIEW', '2022-11-15 15:38:08.313242', 823, 343),
	(824, NULL, 'NONE_REVIEW', '2022-11-15 15:38:08.317691', 824, 343),
	(825, NULL, 'NONE_REVIEW', '2022-11-15 15:38:08.320886', 825, 315),
	(826, NULL, 'NONE_REVIEW', '2022-11-15 15:38:08.324805', 826, 317),
	(827, NULL, 'NONE_REVIEW', '2022-11-15 15:38:08.328805', 827, 317),
	(828, NULL, 'NONE_REVIEW', '2022-11-15 15:38:08.332296', 828, 317),
	(829, NULL, 'NONE_REVIEW', '2022-11-15 15:38:08.336296', 829, 318),
	(830, NULL, 'NONE_REVIEW', '2022-11-15 15:38:08.340296', 830, 326),
	(831, NULL, 'NONE_REVIEW', '2022-11-15 15:38:08.344295', 831, 319),
	(832, NULL, 'NONE_REVIEW', '2022-11-15 15:38:08.348295', 832, 319),
	(833, NULL, 'NONE_REVIEW', '2022-11-15 15:38:08.352296', 833, 320),
	(834, NULL, 'NONE_REVIEW', '2022-11-15 15:38:08.356296', 834, 320),
	(835, NULL, 'NONE_REVIEW', '2022-11-15 15:38:08.371666', 835, 320),
	(836, NULL, 'NONE_REVIEW', '2022-11-15 15:38:08.374666', 836, 320),
	(837, NULL, 'NONE_REVIEW', '2022-11-15 15:38:08.378535', 837, 320),
	(838, NULL, 'NONE_REVIEW', '2022-11-15 15:38:08.383535', 838, 320),
	(839, NULL, 'NONE_REVIEW', '2022-11-15 15:38:08.387002', 839, 320),
	(840, NULL, 'NONE_REVIEW', '2022-11-15 15:38:08.390572', 840, 320),
	(841, NULL, 'NONE_REVIEW', '2022-11-15 15:38:08.393711', 841, 320),
	(842, NULL, 'NONE_REVIEW', '2022-11-15 15:38:08.396517', 842, 321),
	(843, NULL, 'NONE_REVIEW', '2022-11-15 15:38:08.399899', 843, 321),
	(844, NULL, 'NONE_REVIEW', '2022-11-15 15:38:08.402526', 844, 321),
	(845, NULL, 'NONE_REVIEW', '2022-11-15 15:38:08.406184', 845, 321),
	(846, NULL, 'NONE_REVIEW', '2022-11-15 15:38:08.409800', 846, 321),
	(847, NULL, 'NONE_REVIEW', '2022-11-15 15:38:08.412954', 847, 322),
	(848, NULL, 'NONE_REVIEW', '2022-11-15 15:38:08.416859', 848, 322),
	(849, NULL, 'NONE_REVIEW', '2022-11-15 15:38:08.420949', 849, 322),
	(850, NULL, 'NONE_REVIEW', '2022-11-15 15:38:08.424417', 850, 322),
	(851, NULL, 'NONE_REVIEW', '2022-11-15 15:38:08.426909', 851, 322),
	(852, NULL, 'NONE_REVIEW', '2022-11-15 15:38:08.429977', 852, 322),
	(853, NULL, 'NONE_REVIEW', '2022-11-15 15:38:08.433463', 853, 323),
	(854, NULL, 'NONE_REVIEW', '2022-11-15 15:38:08.436025', 854, 323),
	(855, NULL, 'NONE_REVIEW', '2022-11-15 15:38:08.438686', 855, 323),
	(856, NULL, 'NONE_REVIEW', '2022-11-15 15:38:08.441981', 856, 323),
	(857, NULL, 'NONE_REVIEW', '2022-11-15 15:38:08.445491', 857, 323),
	(858, NULL, 'NONE_REVIEW', '2022-11-15 15:38:08.448490', 858, 323),
	(859, NULL, 'NONE_REVIEW', '2022-11-15 15:38:08.451360', 859, 324),
	(860, NULL, 'NONE_REVIEW', '2022-11-15 15:38:08.454271', 860, 324),
	(861, NULL, 'NONE_REVIEW', '2022-11-15 15:38:08.457687', 861, 324),
	(862, NULL, 'NONE_REVIEW', '2022-11-15 15:38:08.462148', 862, 324),
	(863, NULL, 'NONE_REVIEW', '2022-11-15 15:38:08.465480', 863, 324),
	(864, NULL, 'NONE_REVIEW', '2022-11-15 15:38:08.467197', 864, 324),
	(865, NULL, 'NONE_REVIEW', '2022-11-15 15:38:08.470937', 865, 325),
	(866, NULL, 'NONE_REVIEW', '2022-11-15 15:38:08.472737', 866, 325),
	(867, NULL, 'NONE_REVIEW', '2022-11-15 15:38:08.475758', 867, 325),
	(868, NULL, 'NONE_REVIEW', '2022-11-15 15:38:08.479576', 868, 325),
	(869, NULL, 'NONE_REVIEW', '2022-11-15 15:38:08.483366', 869, 325),
	(870, NULL, 'NONE_REVIEW', '2022-11-15 15:38:08.486185', 870, 325),
	(871, NULL, 'NONE_REVIEW', '2022-11-15 15:38:08.489168', 871, 326),
	(872, NULL, 'NONE_REVIEW', '2022-11-15 15:38:08.492026', 872, 326),
	(873, NULL, 'NONE_REVIEW', '2022-11-15 15:38:08.494997', 873, 326),
	(874, NULL, 'NONE_REVIEW', '2022-11-15 15:38:08.496953', 874, 327),
	(875, NULL, 'NONE_REVIEW', '2022-11-15 15:38:08.500334', 875, 327),
	(876, NULL, 'NONE_REVIEW', '2022-11-15 15:38:08.502982', 876, 327),
	(877, NULL, 'NONE_REVIEW', '2022-11-15 15:38:08.504835', 877, 327),
	(878, NULL, 'NONE_REVIEW', '2022-11-15 15:38:08.509846', 878, 327),
	(879, NULL, 'NONE_REVIEW', '2022-11-15 15:38:08.512771', 879, 328),
	(880, NULL, 'NONE_REVIEW', '2022-11-15 15:38:08.515695', 880, 328),
	(881, NULL, 'NONE_REVIEW', '2022-11-15 15:38:08.518746', 881, 328),
	(882, NULL, 'NONE_REVIEW', '2022-11-15 15:38:08.520696', 882, 328),
	(883, NULL, 'NONE_REVIEW', '2022-11-15 15:38:08.524458', 883, 328),
	(884, NULL, 'NONE_REVIEW', '2022-11-15 15:38:08.527674', 884, 329),
	(885, NULL, 'NONE_REVIEW', '2022-11-15 15:38:08.530905', 885, 329),
	(886, NULL, 'NONE_REVIEW', '2022-11-15 15:38:08.534027', 886, 329),
	(887, NULL, 'NONE_REVIEW', '2022-11-15 15:38:08.537150', 887, 329),
	(888, NULL, 'NONE_REVIEW', '2022-11-15 15:38:08.540864', 888, 329),
	(889, NULL, 'NONE_REVIEW', '2022-11-15 15:38:08.543155', 889, 329),
	(890, NULL, 'NONE_REVIEW', '2022-11-15 15:38:08.546903', 890, 329),
	(891, NULL, 'NONE_REVIEW', '2022-11-15 15:38:08.549699', 891, 330),
	(892, NULL, 'NONE_REVIEW', '2022-11-15 15:38:08.553698', 892, 330),
	(893, NULL, 'NONE_REVIEW', '2022-11-15 15:38:08.557031', 893, 330),
	(894, NULL, 'NONE_REVIEW', '2022-11-15 15:38:08.558782', 894, 330),
	(895, NULL, 'NONE_REVIEW', '2022-11-15 15:38:08.561407', 895, 5),
	(896, NULL, 'NONE_REVIEW', '2022-11-15 15:38:08.563260', 896, 5),
	(897, NULL, 'NONE_REVIEW', '2022-11-15 15:38:08.564918', 897, 6),
	(898, NULL, 'NONE_REVIEW', '2022-11-15 15:38:08.566392', 898, 15),
	(899, NULL, 'NONE_REVIEW', '2022-11-15 15:38:08.568862', 899, 16),
	(900, NULL, 'NONE_REVIEW', '2022-11-15 15:38:08.571861', 900, 17),
	(901, NULL, 'NONE_REVIEW', '2022-11-15 15:38:08.573584', 901, 3),
	(902, NULL, 'NONE_REVIEW', '2022-11-15 15:38:08.575255', 902, 21),
	(903, NULL, 'NONE_REVIEW', '2022-11-15 15:38:08.576948', 903, 5),
	(904, NULL, 'NONE_REVIEW', '2022-11-15 15:38:08.578415', 904, 6),
	(905, NULL, 'NONE_REVIEW', '2022-11-15 15:38:08.580738', 905, 15),
	(906, NULL, 'NONE_REVIEW', '2022-11-15 15:38:08.582749', 906, 6),
	(907, NULL, 'NONE_REVIEW', '2022-11-15 15:38:08.583749', 907, 17),
	(908, NULL, 'NONE_REVIEW', '2022-11-15 15:38:08.586749', 908, 1),
	(909, NULL, 'NONE_REVIEW', '2022-11-15 15:38:08.588871', 909, 1),
	(910, NULL, 'NONE_REVIEW', '2022-11-15 15:38:08.590482', 910, 1),
	(911, NULL, 'NONE_REVIEW', '2022-11-15 15:38:08.592103', 911, 1),
	(912, NULL, 'NONE_REVIEW', '2022-11-15 15:38:08.593870', 912, 1),
	(913, NULL, 'NONE_REVIEW', '2022-11-15 15:38:08.595438', 913, 1),
	(914, NULL, 'NONE_REVIEW', '2022-11-15 15:38:08.597196', 914, 1),
	(915, NULL, 'NONE_REVIEW', '2022-11-15 15:38:08.598945', 915, 1),
	(916, NULL, 'NONE_REVIEW', '2022-11-15 15:38:08.600716', 916, 1),
	(917, NULL, 'NONE_REVIEW', '2022-11-15 15:38:08.602442', 917, 1),
	(918, NULL, 'NONE_REVIEW', '2022-11-15 15:38:08.604061', 918, 1),
	(919, NULL, 'NONE_REVIEW', '2022-11-15 15:38:08.606915', 919, 320),
	(920, NULL, 'NONE_REVIEW', '2022-11-15 15:38:08.608926', 920, 321),
	(921, NULL, 'NONE_REVIEW', '2022-11-15 15:38:08.612745', 921, 322),
	(922, NULL, 'NONE_REVIEW', '2022-11-15 15:38:08.617742', 922, 323),
	(923, NULL, 'NONE_REVIEW', '2022-11-15 15:38:08.620607', 923, 324),
	(924, NULL, 'NONE_REVIEW', '2022-11-15 15:38:08.623804', 924, 325),
	(925, NULL, 'NONE_REVIEW', '2022-11-15 15:38:08.625423', 925, 326),
	(926, NULL, 'NONE_REVIEW', '2022-11-15 15:38:08.629078', 926, 327),
	(927, NULL, 'NONE_REVIEW', '2022-11-15 15:38:08.632078', 927, 328),
	(928, NULL, 'NONE_REVIEW', '2022-11-15 15:38:08.635078', 928, 329),
	(929, NULL, 'NONE_REVIEW', '2022-11-15 15:38:08.638077', 929, 330),
	(930, NULL, 'NONE_REVIEW', '2022-11-15 15:38:08.640078', 930, 19),
	(931, NULL, 'NONE_REVIEW', '2022-11-15 15:38:08.641078', 931, 9),
	(932, NULL, 'NONE_REVIEW', '2022-11-15 15:38:08.644077', 932, 326),
	(933, NULL, 'NONE_REVIEW', '2022-11-15 15:38:08.648078', 933, 326),
	(934, NULL, 'NONE_REVIEW', '2022-11-15 15:38:08.650100', 934, 326);

INSERT INTO `attach` (`id`, `file_name`, `fs_file_name`, `update_time`, `upload_user_id`, `source_ordinal_form_id`, `source_meeting_id`, `source_inform_id`, `is_template`, `source_three_request_id`, `source_three_execute_id`, `source_three_decision_id`, `source_motion_request_id`, `source_motion_execute_id`, `source_motion_decision_id`, `source_progress_matter_form_id`) VALUES
	(1, '.jpg', '1_.jpg', '2022-06-28 15:53:09.127789', 1, 1, NULL, NULL, NULL, NULL, NULL, NULL, NULL, NULL, NULL, NULL),
	(2, '202205.doc', '202205_20220711_003136.doc', '2022-07-11 00:31:36.814575', 1, NULL, NULL, 5, NULL, NULL, NULL, NULL, NULL, NULL, NULL, NULL),
	(3, '202205.doc', '202205_20220711_004017.doc', '2022-07-11 00:40:17.231204', 1, NULL, NULL, 4, NULL, NULL, NULL, NULL, NULL, NULL, NULL, NULL),
	(4, '202201.docx', '202201_20220711_004036.docx', '2022-07-11 00:40:36.731937', 1, NULL, NULL, 6, NULL, NULL, NULL, NULL, NULL, NULL, NULL, NULL),
	(5, '4.2810.doc', '4.2810.doc', '2022-07-11 10:12:44.944404', 7, 4, NULL, NULL, NULL, NULL, NULL, NULL, NULL, NULL, NULL, NULL),
	(6, '5.68.doc', '5.68.doc', '2022-07-11 10:16:20.058873', 7, 5, NULL, NULL, NULL, NULL, NULL, NULL, NULL, NULL, NULL, NULL),
	(7, '6.5.doc', '6.5.doc', '2022-07-11 10:17:56.990437', 7, 6, NULL, NULL, NULL, NULL, NULL, NULL, NULL, NULL, NULL, NULL),
	(8, '.docx', '.docx', '2022-07-11 10:26:15.418963', 21, 7, NULL, NULL, NULL, NULL, NULL, NULL, NULL, NULL, NULL, NULL),
	(9, '.docx', '.docx', '2022-07-11 10:28:05.915877', 21, 8, NULL, NULL, NULL, NULL, NULL, NULL, NULL, NULL, NULL, NULL),
	(10, '.docx', '.docx', '2022-07-11 10:29:31.339530', 21, 9, NULL, NULL, NULL, NULL, NULL, NULL, NULL, NULL, NULL, NULL),
	(11, '  2021.1.11.docx', '  2021.1.11.docx', '2022-07-11 10:31:54.277814', 17, 10, NULL, NULL, NULL, NULL, NULL, NULL, NULL, NULL, NULL, NULL),
	(12, '5.docx', '5_20220711_165643.docx', '2022-07-11 16:56:43.733886', 1, 3, NULL, NULL, NULL, NULL, NULL, NULL, NULL, NULL, NULL, NULL),
	(20, '202028.doc', '202028.doc', NULL, NULL, NULL, NULL, NULL, b'1', NULL, NULL, NULL, NULL, NULL, NULL, NULL),
	(21, '.doc', '.doc', NULL, NULL, NULL, NULL, NULL, b'1', NULL, NULL, NULL, NULL, NULL, NULL, NULL),
	(22, '  [2022]34 .doc', '  [2022]34 .doc', NULL, NULL, NULL, NULL, NULL, b'1', NULL, NULL, NULL, NULL, NULL, NULL, NULL),
	(23, '.zip', '.zip', NULL, NULL, NULL, NULL, NULL, b'1', NULL, NULL, NULL, NULL, NULL, NULL, NULL),
	(24, '  [2022]12 2022.doc', '  [2022]12 2022_20220731_144713.doc', '2022-07-31 14:47:13.119112', 327, NULL, NULL, NULL, NULL, NULL, NULL, NULL, NULL, NULL, NULL, NULL),
	(25, '2022.doc', '2022_20220731_144713.doc', '2022-07-31 14:47:13.119112', 327, NULL, NULL, NULL, NULL, NULL, NULL, NULL, NULL, NULL, NULL, NULL),
	(26, '  [2022]13 2022.doc', '  [2022]13 2022_20220731_144713.doc', '2022-07-31 14:47:13.119112', 327, NULL, NULL, NULL, NULL, NULL, NULL, NULL, NULL, NULL, NULL, NULL),
	(27, '.docx', '_20220817_161807.docx', '2022-08-17 16:18:07.104665', 313, NULL, 42, NULL, NULL, NULL, NULL, NULL, NULL, NULL, NULL, NULL),
	(28, '01.docx', '01_20220823_145033.docx', '2022-08-23 14:50:33.462664', 1, 22, NULL, NULL, NULL, NULL, NULL, NULL, NULL, NULL, NULL, NULL),
	(29, '26().docx', '26()_20220826_095545.docx', '2022-08-26 09:55:45.576438', 7, 45, NULL, NULL, NULL, NULL, NULL, NULL, NULL, NULL, NULL, NULL),
	(32, '26().docx', '26()_20220826_100035.docx', '2022-08-26 10:00:35.233426', 7, 45, NULL, NULL, NULL, NULL, NULL, NULL, NULL, NULL, NULL, NULL),
	(34, '26().docx', '26()_20220829_121305.docx', '2022-08-29 12:13:05.413911', 7, 48, NULL, NULL, NULL, NULL, NULL, NULL, NULL, NULL, NULL, NULL),
	(35, '04.docx', '04_20220829_140555.docx', '2022-08-29 14:05:55.547319', 16, 49, NULL, NULL, NULL, NULL, NULL, NULL, NULL, NULL, NULL, NULL),
	(36, '.doc', '_20220831_144926.doc', '2022-08-31 14:49:26.899726', 8, 53, NULL, NULL, NULL, NULL, NULL, NULL, NULL, NULL, NULL, NULL),
	(37, '2022.7.16.xlsx', '2022.7.16_20220831_145231.xlsx', '2022-08-31 14:52:31.262074', 8, 54, NULL, NULL, NULL, NULL, NULL, NULL, NULL, NULL, NULL, NULL),
	(38, '.docx', '_20220831_145434.docx', '2022-08-31 14:54:34.665525', 8, 55, NULL, NULL, NULL, NULL, NULL, NULL, NULL, NULL, NULL, NULL),
	(39, '(1).docx', '(1)_20220831_145437.docx', '2022-08-31 14:54:37.134365', 8, 55, NULL, NULL, NULL, NULL, NULL, NULL, NULL, NULL, NULL, NULL),
	(40, '.docx', '_20220831_145440.docx', '2022-08-31 14:54:40.025080', 8, 55, NULL, NULL, NULL, NULL, NULL, NULL, NULL, NULL, NULL, NULL),
	(41, '.xlsx', '_20220831_145510.xlsx', '2022-08-31 14:55:10.559682', 8, 56, NULL, NULL, NULL, NULL, NULL, NULL, NULL, NULL, NULL, NULL),
	(42, '.JPG', '_20220904_171506.JPG', '2022-09-04 17:15:06.738751', 8, 61, NULL, NULL, NULL, NULL, NULL, NULL, NULL, NULL, NULL, NULL),
	(43, '.JPG', '_20220904_171622.JPG', '2022-09-04 17:16:22.619376', 8, 62, NULL, NULL, NULL, NULL, NULL, NULL, NULL, NULL, NULL, NULL),
	(44, 'Tcpip6.reg', 'Tcpip6_20220905_075216.reg', '2022-09-05 07:52:16.268090', 312, NULL, NULL, NULL, NULL, NULL, NULL, NULL, NULL, NULL, NULL, NULL),
	(46, '.jpg', '_20220908_082543.jpg', '2022-09-08 08:25:43.440282', 207, 64, NULL, NULL, NULL, NULL, NULL, NULL, NULL, NULL, NULL, NULL),
	(47, '.jpg', '_20220908_140902.jpg', '2022-09-08 14:09:02.329126', 207, 66, NULL, NULL, NULL, NULL, NULL, NULL, NULL, NULL, NULL, NULL),
	(48, '.jpg', '_20220909_102501.jpg', '2022-09-09 10:25:01.350570', 7, 67, NULL, NULL, NULL, NULL, NULL, NULL, NULL, NULL, NULL, NULL),
	(49, '.pdf', '_20220909_160751.pdf', '2022-09-09 16:07:51.160872', 5, 68, NULL, NULL, NULL, NULL, NULL, NULL, NULL, NULL, NULL, NULL),
	(50, '.pdf', '_20220913_091318.pdf', '2022-09-13 09:13:18.236474', 30, 69, NULL, NULL, NULL, NULL, NULL, NULL, NULL, NULL, NULL, NULL),
	(51, '.pdf', '_20220913_091448.pdf', '2022-09-13 09:14:48.727850', 30, 70, NULL, NULL, NULL, NULL, NULL, NULL, NULL, NULL, NULL, NULL),
	(52, '2022.9.jpg', '2022.9_20220913_091602.jpg', '2022-09-13 09:16:02.158982', 215, NULL, NULL, NULL, NULL, NULL, NULL, NULL, NULL, NULL, NULL, NULL),
	(53, '2022.9.jpg', '2022.9_20220913_092326.jpg', '2022-09-13 09:23:26.280101', 215, 71, NULL, NULL, NULL, NULL, NULL, NULL, NULL, NULL, NULL, NULL),
	(54, '.JPG', '_20220913_143641.JPG', '2022-09-13 14:36:41.462936', 143, 72, NULL, NULL, NULL, NULL, NULL, NULL, NULL, NULL, NULL, NULL),
	(55, '.JPG', '_20220913_143945.JPG', '2022-09-13 14:39:45.463122', 3, 73, NULL, NULL, NULL, NULL, NULL, NULL, NULL, NULL, NULL, NULL),
	(56, '_20220913151210.jpg', '_20220913151210_20220913_151259.jpg', '2022-09-13 15:12:59.317867', 155, 74, NULL, NULL, NULL, NULL, NULL, NULL, NULL, NULL, NULL, NULL),
	(57, '.jpg', '_20220913_151420.jpg', '2022-09-13 15:14:20.214322', 155, 75, NULL, NULL, NULL, NULL, NULL, NULL, NULL, NULL, NULL, NULL),
	(58, '.jpg', '_20220913_151457.jpg', '2022-09-13 15:14:57.234251', 155, 76, NULL, NULL, NULL, NULL, NULL, NULL, NULL, NULL, NULL, NULL),
	(59, '.jpg', '_20220913_151553.jpg', '2022-09-13 15:15:53.160499', 134, 77, NULL, NULL, NULL, NULL, NULL, NULL, NULL, NULL, NULL, NULL),
	(60, '_20220913151106.jpg', '_20220913151106_20220913_152005.jpg', '2022-09-13 15:20:05.169538', 242, 78, NULL, NULL, NULL, NULL, NULL, NULL, NULL, NULL, NULL, NULL),
	(61, '.jpg', '_20220913_152315.jpg', '2022-09-13 15:23:15.193369', 242, 79, NULL, NULL, NULL, NULL, NULL, NULL, NULL, NULL, NULL, NULL),
	(62, '.jpg', '_20220913_152518.jpg', '2022-09-13 15:25:18.711167', 242, 80, NULL, NULL, NULL, NULL, NULL, NULL, NULL, NULL, NULL, NULL),
	(63, '.jpg', '_20220913_152615.jpg', '2022-09-13 15:26:15.619501', 139, 81, NULL, NULL, NULL, NULL, NULL, NULL, NULL, NULL, NULL, NULL),
	(64, '_20220913152703.jpg', '_20220913152703_20220913_152817.jpg', '2022-09-13 15:28:17.213479', 186, 82, NULL, NULL, NULL, NULL, NULL, NULL, NULL, NULL, NULL, NULL),
	(65, '41kvs670bovpjebx4x4rekn2d_0.jpg', '41kvs670bovpjebx4x4rekn2d_0_20220913_153126.jpg', '2022-09-13 15:31:26.094393', 207, 83, NULL, NULL, NULL, NULL, NULL, NULL, NULL, NULL, NULL, NULL),
	(66, '.jpg', '_20220913_154259.jpg', '2022-09-13 15:42:59.551637', 75, 84, NULL, NULL, NULL, NULL, NULL, NULL, NULL, NULL, NULL, NULL),
	(67, '.jpg', '_20220913_154839.jpg', '2022-09-13 15:48:39.176557', 75, 85, NULL, NULL, NULL, NULL, NULL, NULL, NULL, NULL, NULL, NULL),
	(68, '.jpg', '_20220913_155009.jpg', '2022-09-13 15:50:09.185915', 75, 86, NULL, NULL, NULL, NULL, NULL, NULL, NULL, NULL, NULL, NULL),
	(69, '.jpg', '_20220913_155115.jpg', '2022-09-13 15:51:15.158315', 75, 87, NULL, NULL, NULL, NULL, NULL, NULL, NULL, NULL, NULL, NULL),
	(70, '.jpg', '_20220913_210832.jpg', '2022-09-13 21:08:32.430946', 283, 88, NULL, NULL, NULL, NULL, NULL, NULL, NULL, NULL, NULL, NULL),
	(71, '.jpg', '_20220913_211121.jpg', '2022-09-13 21:11:21.635952', 283, 90, NULL, NULL, NULL, NULL, NULL, NULL, NULL, NULL, NULL, NULL),
	(72, '.jpg', '_20220913_211206.jpg', '2022-09-13 21:12:06.356304', 283, 91, NULL, NULL, NULL, NULL, NULL, NULL, NULL, NULL, NULL, NULL),
	(73, '.jpg', '_20220913_211901.jpg', '2022-09-13 21:19:01.859081', 283, 92, NULL, NULL, NULL, NULL, NULL, NULL, NULL, NULL, NULL, NULL),
	(74, 'af2b9d434ce3e2b2b5f92b4b3d56658.jpg', 'af2b9d434ce3e2b2b5f92b4b3d56658_20220913_212813.jpg', '2022-09-13 21:28:13.740111', 250, 93, NULL, NULL, NULL, NULL, NULL, NULL, NULL, NULL, NULL, NULL),
	(75, '.jpg', '_20220913_213135.jpg', '2022-09-13 21:31:35.862144', 250, 94, NULL, NULL, NULL, NULL, NULL, NULL, NULL, NULL, NULL, NULL),
	(76, '.jpg', '_20220913_213806.jpg', '2022-09-13 21:38:06.151715', 250, 95, NULL, NULL, NULL, NULL, NULL, NULL, NULL, NULL, NULL, NULL),
	(77, '.jpg', '_20220913_214245.jpg', '2022-09-13 21:42:45.985423', 250, 96, NULL, NULL, NULL, NULL, NULL, NULL, NULL, NULL, NULL, NULL),
	(78, '.jpg', '_20220914_083346.jpg', '2022-09-14 08:33:46.127225', 15, 97, NULL, NULL, NULL, NULL, NULL, NULL, NULL, NULL, NULL, NULL),
	(79, '.jpg', '_20220914_084048.jpg', '2022-09-14 08:40:48.580152', 15, 98, NULL, NULL, NULL, NULL, NULL, NULL, NULL, NULL, NULL, NULL),
	(80, '_20220914095919.jpg', '_20220914095919_20220914_095934.jpg', '2022-09-14 09:59:34.363469', 21, 99, NULL, NULL, NULL, NULL, NULL, NULL, NULL, NULL, NULL, NULL),
	(81, '.jpg', '_20220914_101808.jpg', '2022-09-14 10:18:08.111901', 15, 100, NULL, NULL, NULL, NULL, NULL, NULL, NULL, NULL, NULL, NULL),
	(82, '_20220914144803.jpg', '_20220914144803_20220914_144824.jpg', '2022-09-14 14:48:24.497900', 293, 101, NULL, NULL, NULL, NULL, NULL, NULL, NULL, NULL, NULL, NULL),
	(83, '20220914_09465357.jpg', '20220914_09465357_20220914_145253.jpg', '2022-09-14 14:52:53.661135', 293, 102, NULL, NULL, NULL, NULL, NULL, NULL, NULL, NULL, NULL, NULL),
	(84, '20220914_15092100.jpg', '20220914_15092100_20220914_151032.jpg', '2022-09-14 15:10:32.944315', 293, 103, NULL, NULL, NULL, NULL, NULL, NULL, NULL, NULL, NULL, NULL),
	(85, '20220914_15313281.jpg', '20220914_15313281_20220914_153440.jpg', '2022-09-14 15:34:40.175043', 293, 104, NULL, NULL, NULL, NULL, NULL, NULL, NULL, NULL, NULL, NULL),
	(86, '.jpg', '_20220914_162359.jpg', '2022-09-14 16:23:59.480549', 261, 105, NULL, NULL, NULL, NULL, NULL, NULL, NULL, NULL, NULL, NULL),
	(87, '.jpg', '_20220914_162703.jpg', '2022-09-14 16:27:03.988276', 261, 106, NULL, NULL, NULL, NULL, NULL, NULL, NULL, NULL, NULL, NULL),
	(88, '.jpg', '_20220914_162834.jpg', '2022-09-14 16:28:34.926634', 261, 107, NULL, NULL, NULL, NULL, NULL, NULL, NULL, NULL, NULL, NULL),
	(89, '.jpg', '_20220914_162932.jpg', '2022-09-14 16:29:32.899953', 261, 108, NULL, NULL, NULL, NULL, NULL, NULL, NULL, NULL, NULL, NULL),
	(90, '.jpg', '_20220914_163035.jpg', '2022-09-14 16:30:35.501470', 261, 109, NULL, NULL, NULL, NULL, NULL, NULL, NULL, NULL, NULL, NULL),
	(91, '.pdf', '_20220914_163116.pdf', '2022-09-14 16:31:16.177111', 116, 110, NULL, NULL, NULL, NULL, NULL, NULL, NULL, NULL, NULL, NULL),
	(92, '.pdf', '_20220914_163208.pdf', '2022-09-14 16:32:08.555155', 116, 111, NULL, NULL, NULL, NULL, NULL, NULL, NULL, NULL, NULL, NULL),
	(93, '20220914_16511687.jpg', '20220914_16511687_20220914_165545.jpg', '2022-09-14 16:55:46.004591', 293, 112, NULL, NULL, NULL, NULL, NULL, NULL, NULL, NULL, NULL, NULL),
	(94, '20220914_16511475.jpg', '20220914_16511475_20220914_165656.jpg', '2022-09-14 16:56:56.756992', 293, 113, NULL, NULL, NULL, NULL, NULL, NULL, NULL, NULL, NULL, NULL),
	(95, '_20220410173409.jpg', '_20220410173409_20220914_182452.jpg', '2022-09-14 18:24:52.066886', 319, 114, NULL, NULL, NULL, NULL, NULL, NULL, NULL, NULL, NULL, NULL),
	(96, '.jpg', '_20220914_182604.jpg', '2022-09-14 18:26:04.513724', 288, 115, NULL, NULL, NULL, NULL, NULL, NULL, NULL, NULL, NULL, NULL),
	(97, '.jpg', '_20220914_182710.jpg', '2022-09-14 18:27:10.803546', 288, 116, NULL, NULL, NULL, NULL, NULL, NULL, NULL, NULL, NULL, NULL),
	(98, '.jpg', '_20220914_182755.jpg', '2022-09-14 18:27:55.961837', 288, 117, NULL, NULL, NULL, NULL, NULL, NULL, NULL, NULL, NULL, NULL),
	(99, '.jpg', '_20220914_182938.jpg', '2022-09-14 18:29:38.846257', 288, 118, NULL, NULL, NULL, NULL, NULL, NULL, NULL, NULL, NULL, NULL),
	(100, '.JPG', '_20220914_191010.JPG', '2022-09-14 19:10:10.338839', 48, 119, NULL, NULL, NULL, NULL, NULL, NULL, NULL, NULL, NULL, NULL),
	(101, '.JPG', '_20220914_191057.JPG', '2022-09-14 19:10:57.156124', 48, 120, NULL, NULL, NULL, NULL, NULL, NULL, NULL, NULL, NULL, NULL),
	(102, '22022.doc', '22022_20220915_093831.doc', '2022-09-15 09:38:31.226547', 13, NULL, NULL, NULL, NULL, NULL, NULL, NULL, NULL, NULL, NULL, NULL),
	(103, '.pdf', '_20220915_093842.pdf', '2022-09-15 09:38:42.852632', 13, 122, NULL, NULL, NULL, NULL, NULL, NULL, NULL, NULL, NULL, NULL),
	(104, '.pdf', '_20220915_093956.pdf', '2022-09-15 09:39:56.109205', 13, 123, NULL, NULL, NULL, NULL, NULL, NULL, NULL, NULL, NULL, NULL),
	(105, '.pdf', '_20220915_094059.pdf', '2022-09-15 09:40:59.319620', 13, 124, NULL, NULL, NULL, NULL, NULL, NULL, NULL, NULL, NULL, NULL),
	(106, '.pdf', '_20220915_094220.pdf', '2022-09-15 09:42:20.136894', 13, 125, NULL, NULL, NULL, NULL, NULL, NULL, NULL, NULL, NULL, NULL),
	(107, '_20220915112701.jpg', '_20220915112701_20220915_112819.jpg', '2022-09-15 11:28:19.749456', 14, 126, NULL, NULL, NULL, NULL, NULL, NULL, NULL, NULL, NULL, NULL),
	(108, '.jpg', '_20220915_113046.jpg', '2022-09-15 11:30:46.503315', 4, 127, NULL, NULL, NULL, NULL, NULL, NULL, NULL, NULL, NULL, NULL),
	(109, '.jpg', '_20220915_114243.jpg', '2022-09-15 11:42:43.686304', 16, 128, NULL, NULL, NULL, NULL, NULL, NULL, NULL, NULL, NULL, NULL),
	(110, '.jpg', '_20220915_135908.jpg', '2022-09-15 13:59:08.233427', 16, 129, NULL, NULL, NULL, NULL, NULL, NULL, NULL, NULL, NULL, NULL),
	(111, '22022--.doc', '22022--_20220915_150617.doc', '2022-09-15 15:06:17.657805', 255, 131, NULL, NULL, NULL, NULL, NULL, NULL, NULL, NULL, NULL, NULL),
	(112, '22022-.doc', '22022-_20220915_150735.doc', '2022-09-15 15:07:35.822571', 255, 132, NULL, NULL, NULL, NULL, NULL, NULL, NULL, NULL, NULL, NULL),
	(113, '22022-.doc', '22022-_20220915_150840.doc', '2022-09-15 15:08:40.113380', 255, 133, NULL, NULL, NULL, NULL, NULL, NULL, NULL, NULL, NULL, NULL),
	(114, '22022-.doc', '22022-_20220915_150959.doc', '2022-09-15 15:09:59.919610', 255, 134, NULL, NULL, NULL, NULL, NULL, NULL, NULL, NULL, NULL, NULL),
	(115, '22022-.doc', '22022-_20220915_151055.doc', '2022-09-15 15:10:55.863975', 255, 135, NULL, NULL, NULL, NULL, NULL, NULL, NULL, NULL, NULL, NULL),
	(116, 'IMG_20220915_150907.jpg', 'IMG_20220915_150907_20220915_151201.jpg', '2022-09-15 15:12:01.224408', 273, NULL, NULL, NULL, NULL, NULL, NULL, NULL, NULL, NULL, NULL, NULL),
	(117, 'IMG_20220915_150928.jpg', 'IMG_20220915_150928_20220915_151242.jpg', '2022-09-15 15:12:42.830560', 273, 136, NULL, NULL, NULL, NULL, NULL, NULL, NULL, NULL, NULL, NULL),
	(118, 'IMG_20220915_150907.jpg', 'IMG_20220915_150907_20220915_151955.jpg', '2022-09-15 15:19:55.983769', 273, 137, NULL, NULL, NULL, NULL, NULL, NULL, NULL, NULL, NULL, NULL),
	(119, 'IMG_20220915_150915.jpg', 'IMG_20220915_150915_20220915_152103.jpg', '2022-09-15 15:21:03.128581', 273, 138, NULL, NULL, NULL, NULL, NULL, NULL, NULL, NULL, NULL, NULL),
	(120, 'IMG_20220915_150922.jpg', 'IMG_20220915_150922_20220915_152135.jpg', '2022-09-15 15:21:35.898898', 273, 139, NULL, NULL, NULL, NULL, NULL, NULL, NULL, NULL, NULL, NULL),
	(121, '498e6beba69b9d0da2b8949afff37041.jpg', '498e6beba69b9d0da2b8949afff37041_20220915_152328.jpg', '2022-09-15 15:23:28.499079', 273, 140, NULL, NULL, NULL, NULL, NULL, NULL, NULL, NULL, NULL, NULL),
	(122, '_20220915152811.jpg', '_20220915152811_20220915_152928.jpg', '2022-09-15 15:29:28.066153', 172, 141, NULL, NULL, NULL, NULL, NULL, NULL, NULL, NULL, NULL, NULL),
	(123, '_20220915152822.jpg', '_20220915152822_20220915_153800.jpg', '2022-09-15 15:38:00.072763', 172, 142, NULL, NULL, NULL, NULL, NULL, NULL, NULL, NULL, NULL, NULL),
	(124, '_20220915152848.jpg', '_20220915152848_20220915_155205.jpg', '2022-09-15 15:52:05.896908', 172, 144, NULL, NULL, NULL, NULL, NULL, NULL, NULL, NULL, NULL, NULL),
	(126, '.jpg', '_20220915_161020.jpg', '2022-09-15 16:10:20.049592', 279, 146, NULL, NULL, NULL, NULL, NULL, NULL, NULL, NULL, NULL, NULL),
	(127, '.jpg', '_20220915_161147.jpg', '2022-09-15 16:11:47.342082', 279, 147, NULL, NULL, NULL, NULL, NULL, NULL, NULL, NULL, NULL, NULL),
	(128, '.jpg', '_20220915_161404.jpg', '2022-09-15 16:14:04.181619', 279, 148, NULL, NULL, NULL, NULL, NULL, NULL, NULL, NULL, NULL, NULL),
	(129, '.jpg', '_20220915_161515.jpg', '2022-09-15 16:15:15.204136', 279, 149, NULL, NULL, NULL, NULL, NULL, NULL, NULL, NULL, NULL, NULL),
	(130, '.jpg', '_20220915_161616.jpg', '2022-09-15 16:16:16.492318', 279, 150, NULL, NULL, NULL, NULL, NULL, NULL, NULL, NULL, NULL, NULL),
	(131, '.jpg', '_20220915_162319.jpg', '2022-09-15 16:23:19.931171', 309, 151, NULL, NULL, NULL, NULL, NULL, NULL, NULL, NULL, NULL, NULL),
	(132, '.jpg', '_20220915_162434.jpg', '2022-09-15 16:24:34.655798', 309, 152, NULL, NULL, NULL, NULL, NULL, NULL, NULL, NULL, NULL, NULL),
	(133, '.jpg', '_20220915_162623.jpg', '2022-09-15 16:26:23.292228', 309, 153, NULL, NULL, NULL, NULL, NULL, NULL, NULL, NULL, NULL, NULL),
	(134, '.jpg', '_20220915_164807.jpg', '2022-09-15 16:48:07.494188', 309, 154, NULL, NULL, NULL, NULL, NULL, NULL, NULL, NULL, NULL, NULL),
	(135, '_20220915170300.jpg', '_20220915170300_20220915_170317.jpg', '2022-09-15 17:03:17.252915', 301, 155, NULL, NULL, NULL, NULL, NULL, NULL, NULL, NULL, NULL, NULL),
	(136, '_20220915170404.jpg', '_20220915170404_20220915_170429.jpg', '2022-09-15 17:04:29.555366', 301, 156, NULL, NULL, NULL, NULL, NULL, NULL, NULL, NULL, NULL, NULL),
	(137, '_20220915170515.jpg', '_20220915170515_20220915_170536.jpg', '2022-09-15 17:05:36.999518', 301, 157, NULL, NULL, NULL, NULL, NULL, NULL, NULL, NULL, NULL, NULL),
	(138, '220915152056.pdf', '220915152056_20220915_171227.pdf', '2022-09-15 17:12:27.252527', 20, 158, NULL, NULL, NULL, NULL, NULL, NULL, NULL, NULL, NULL, NULL),
	(139, '.pdf', '_20220919_154614.pdf', '2022-09-19 15:46:14.104934', 2, 160, NULL, NULL, NULL, NULL, NULL, NULL, NULL, NULL, NULL, NULL),
	(140, '.pdf', '_20220919_154841.pdf', '2022-09-19 15:48:41.726219', 2, 161, NULL, NULL, NULL, NULL, NULL, NULL, NULL, NULL, NULL, NULL),
	(141, '.pdf', '_20220919_154928.pdf', '2022-09-19 15:49:28.352696', 2, 162, NULL, NULL, NULL, NULL, NULL, NULL, NULL, NULL, NULL, NULL),
	(142, '.pdf', '_20220919_155013.pdf', '2022-09-19 15:50:13.655191', 2, 163, NULL, NULL, NULL, NULL, NULL, NULL, NULL, NULL, NULL, NULL),
	(143, '.pdf', '_20220919_155052.pdf', '2022-09-19 15:50:52.659402', 2, 164, NULL, NULL, NULL, NULL, NULL, NULL, NULL, NULL, NULL, NULL),
	(144, '.pdf', '_20220919_155133.pdf', '2022-09-19 15:51:33.038973', 2, 165, NULL, NULL, NULL, NULL, NULL, NULL, NULL, NULL, NULL, NULL),
	(145, '.pdf', '_20220919_155239.pdf', '2022-09-19 15:52:39.497487', 2, 166, NULL, NULL, NULL, NULL, NULL, NULL, NULL, NULL, NULL, NULL),
	(146, '.pdf', '_20220919_155329.pdf', '2022-09-19 15:53:29.298959', 2, 167, NULL, NULL, NULL, NULL, NULL, NULL, NULL, NULL, NULL, NULL),
	(147, '.pdf', '_20220919_155422.pdf', '2022-09-19 15:54:22.975537', 2, 168, NULL, NULL, NULL, NULL, NULL, NULL, NULL, NULL, NULL, NULL),
	(148, '.pdf', '_20220919_155539.pdf', '2022-09-19 15:55:39.012795', 2, 169, NULL, NULL, NULL, NULL, NULL, NULL, NULL, NULL, NULL, NULL),
	(149, '.pdf', '_20220919_155627.pdf', '2022-09-19 15:56:27.082273', 2, 170, NULL, NULL, NULL, NULL, NULL, NULL, NULL, NULL, NULL, NULL),
	(150, '.pdf', '_20220919_163224.pdf', '2022-09-19 16:32:24.049194', 2, 171, NULL, NULL, NULL, NULL, NULL, NULL, NULL, NULL, NULL, NULL),
	(151, '.pdf', '_20220919_163319.pdf', '2022-09-19 16:33:19.098680', 2, 172, NULL, NULL, NULL, NULL, NULL, NULL, NULL, NULL, NULL, NULL),
	(152, '.pdf', '_20220919_163412.pdf', '2022-09-19 16:34:12.774512', 2, 173, NULL, NULL, NULL, NULL, NULL, NULL, NULL, NULL, NULL, NULL),
	(153, '.pdf', '_20220919_163501.pdf', '2022-09-19 16:35:01.666710', 2, 174, NULL, NULL, NULL, NULL, NULL, NULL, NULL, NULL, NULL, NULL),
	(154, '.pdf', '_20220919_163547.pdf', '2022-09-19 16:35:47.747474', 2, 175, NULL, NULL, NULL, NULL, NULL, NULL, NULL, NULL, NULL, NULL),
	(155, '.pdf', '_20220919_163640.pdf', '2022-09-19 16:36:40.500437', 2, 176, NULL, NULL, NULL, NULL, NULL, NULL, NULL, NULL, NULL, NULL),
	(156, '.pdf', '_20220919_163746.pdf', '2022-09-19 16:37:46.317008', 2, 177, NULL, NULL, NULL, NULL, NULL, NULL, NULL, NULL, NULL, NULL),
	(157, '.pdf', '_20220919_163834.pdf', '2022-09-19 16:38:34.069692', 2, 178, NULL, NULL, NULL, NULL, NULL, NULL, NULL, NULL, NULL, NULL),
	(158, '.pdf', '_20220919_163946.pdf', '2022-09-19 16:39:46.307562', 2, 179, NULL, NULL, NULL, NULL, NULL, NULL, NULL, NULL, NULL, NULL),
	(159, '.pdf', '_20220919_164030.pdf', '2022-09-19 16:40:30.903886', 2, 180, NULL, NULL, NULL, NULL, NULL, NULL, NULL, NULL, NULL, NULL),
	(160, '.pdf', '_20220919_164124.pdf', '2022-09-19 16:41:24.015506', 2, 181, NULL, NULL, NULL, NULL, NULL, NULL, NULL, NULL, NULL, NULL),
	(161, '.pdf', '_20220919_164228.pdf', '2022-09-19 16:42:28.973116', 2, 182, NULL, NULL, NULL, NULL, NULL, NULL, NULL, NULL, NULL, NULL),
	(162, '.pdf', '_20220919_164309.pdf', '2022-09-19 16:43:09.507223', 2, 183, NULL, NULL, NULL, NULL, NULL, NULL, NULL, NULL, NULL, NULL),
	(163, '.pdf', '_20220919_164357.pdf', '2022-09-19 16:43:57.243116', 2, 184, NULL, NULL, NULL, NULL, NULL, NULL, NULL, NULL, NULL, NULL),
	(164, '.pdf', '_20220919_164453.pdf', '2022-09-19 16:44:53.606349', 2, 185, NULL, NULL, NULL, NULL, NULL, NULL, NULL, NULL, NULL, NULL),
	(165, '.pdf', '_20220919_164532.pdf', '2022-09-19 16:45:32.000204', 2, 186, NULL, NULL, NULL, NULL, NULL, NULL, NULL, NULL, NULL, NULL),
	(166, '.pdf', '_20220919_164611.pdf', '2022-09-19 16:46:11.269243', 2, 187, NULL, NULL, NULL, NULL, NULL, NULL, NULL, NULL, NULL, NULL),
	(167, '.pdf', '_20220919_164655.pdf', '2022-09-19 16:46:55.586949', 2, 188, NULL, NULL, NULL, NULL, NULL, NULL, NULL, NULL, NULL, NULL),
	(168, '.pdf', '_20220919_164732.pdf', '2022-09-19 16:47:32.450357', 2, 189, NULL, NULL, NULL, NULL, NULL, NULL, NULL, NULL, NULL, NULL),
	(169, '617487648390885144.jpg', '617487648390885144_20220921_143043.jpg', '2022-09-21 14:30:43.153156', 267, 190, NULL, NULL, NULL, NULL, NULL, NULL, NULL, NULL, NULL, NULL),
	(170, '656102985175019963.jpg', '656102985175019963_20220922_102137.jpg', '2022-09-22 10:21:37.431271', 267, 191, NULL, NULL, NULL, NULL, NULL, NULL, NULL, NULL, NULL, NULL),
	(171, '378549067021302340.jpg', '378549067021302340_20220922_151044.jpg', '2022-09-22 15:10:44.535816', 267, 196, NULL, NULL, NULL, NULL, NULL, NULL, NULL, NULL, NULL, NULL),
	(172, '.jpg', '_20220926_110125.jpg', '2022-09-26 11:01:25.455289', 6, 197, NULL, NULL, NULL, NULL, NULL, NULL, NULL, NULL, NULL, NULL),
	(173, '.jpg', '_20220926_110245.jpg', '2022-09-26 11:02:45.667131', 6, 198, NULL, NULL, NULL, NULL, NULL, NULL, NULL, NULL, NULL, NULL),
	(174, '.jpg', '_20220926_110357.jpg', '2022-09-26 11:03:57.988794', 6, 199, NULL, NULL, NULL, NULL, NULL, NULL, NULL, NULL, NULL, NULL),
	(175, '.jpg', '_20220926_110453.jpg', '2022-09-26 11:04:53.323982', 6, 200, NULL, NULL, NULL, NULL, NULL, NULL, NULL, NULL, NULL, NULL),
	(176, '.pdf', '_20220926_133951.pdf', '2022-09-26 13:39:51.793952', 17, NULL, NULL, NULL, NULL, NULL, NULL, NULL, NULL, NULL, NULL, NULL),
	(177, '.pdf', '_20220926_134225.pdf', '2022-09-26 13:42:25.500615', 17, 201, NULL, NULL, NULL, NULL, NULL, NULL, NULL, NULL, NULL, NULL),
	(178, '.pdf', '_20220926_141259.pdf', '2022-09-26 14:12:59.753898', 5, 202, NULL, NULL, NULL, NULL, NULL, NULL, NULL, NULL, NULL, NULL),
	(179, 'c1641d062d3a806a41a2658cddb1d8bc.jpg', 'c1641d062d3a806a41a2658cddb1d8bc_20220926_143426.jpg', '2022-09-26 14:34:26.063286', 267, 203, NULL, NULL, NULL, NULL, NULL, NULL, NULL, NULL, NULL, NULL),
	(180, '270fb2f6e94406a44d79f1ee78c6056.jpg', '270fb2f6e94406a44d79f1ee78c6056_20220926_163411.jpg', '2022-09-26 16:34:11.103068', 12, 204, NULL, NULL, NULL, NULL, NULL, NULL, NULL, NULL, NULL, NULL),
	(181, '.pdf', '_20220926_164454.pdf', '2022-09-26 16:44:54.698804', 18, 205, NULL, NULL, NULL, NULL, NULL, NULL, NULL, NULL, NULL, NULL),
	(182, '.pdf', '_20220926_164556.pdf', '2022-09-26 16:45:56.350613', 18, 206, NULL, NULL, NULL, NULL, NULL, NULL, NULL, NULL, NULL, NULL),
	(183, '7d4758c4f53569d7ec9af4a74b6d139.jpg', '7d4758c4f53569d7ec9af4a74b6d139_20220926_164705.jpg', '2022-09-26 16:47:05.932980', 12, 207, NULL, NULL, NULL, NULL, NULL, NULL, NULL, NULL, NULL, NULL),
	(184, 'IMG_0054.jpeg.JPG', 'IMG_0054.jpeg_20220926_194306.JPG', '2022-09-26 19:43:06.463821', 17, 208, NULL, NULL, NULL, NULL, NULL, NULL, NULL, NULL, NULL, NULL),
	(185, '.zip', '_20220930_083420.zip', '2022-09-30 08:34:20.563226', 1, 213, NULL, NULL, NULL, NULL, NULL, NULL, NULL, NULL, NULL, NULL),
	(186, '1.jpg', '1_20220930_111856.jpg', '2022-09-30 11:18:56.946595', 11, 214, NULL, NULL, NULL, NULL, NULL, NULL, NULL, NULL, NULL, NULL),
	(187, '2.jpg', '2_20220930_113211.jpg', '2022-09-30 11:32:11.087281', 11, 215, NULL, NULL, NULL, NULL, NULL, NULL, NULL, NULL, NULL, NULL),
	(188, '3.jpg', '3_20220930_113619.jpg', '2022-09-30 11:36:19.598228', 11, 216, NULL, NULL, NULL, NULL, NULL, NULL, NULL, NULL, NULL, NULL),
	(189, '656102985175019963.jpg', '656102985175019963_20221008_150648.jpg', '2022-10-08 15:06:48.366304', 267, NULL, NULL, NULL, NULL, NULL, NULL, NULL, NULL, NULL, NULL, NULL),
	(190, '439293654979199992.jpg', '439293654979199992_20221008_150704.jpg', '2022-10-08 15:07:04.757353', 267, 223, NULL, NULL, NULL, NULL, NULL, NULL, NULL, NULL, NULL, NULL),
	(191, 'IMG_20221010_092256.jpg', 'IMG_20221010_092256_20221010_100218.jpg', '2022-10-10 10:02:18.218343', 10, 225, NULL, NULL, NULL, NULL, NULL, NULL, NULL, NULL, NULL, NULL),
	(192, 'IMG_20221010_100710.jpg', 'IMG_20221010_100710_20221010_100818.jpg', '2022-10-10 10:08:18.125640', 10, 226, NULL, NULL, NULL, NULL, NULL, NULL, NULL, NULL, NULL, NULL),
	(193, '  [2022]12 2022.doc', '  [2022]12 2022_20221010_135648.doc', '2022-10-10 13:56:48.776841', 327, 227, NULL, NULL, NULL, NULL, NULL, NULL, NULL, NULL, NULL, NULL),
	(195, '.doc', '_20221011_150955.doc', '2022-10-11 15:09:55.977522', 343, 234, NULL, NULL, NULL, NULL, NULL, NULL, NULL, NULL, NULL, NULL),
	(196, '_20221011151018.jpg', '_20221011151018_20221011_151038.jpg', '2022-10-11 15:10:38.277214', 343, 234, NULL, NULL, NULL, NULL, NULL, NULL, NULL, NULL, NULL, NULL),
	(197, '  .doc', '  _20221011_151431.doc', '2022-10-11 15:14:31.130492', 343, NULL, NULL, NULL, NULL, NULL, NULL, NULL, NULL, NULL, NULL, NULL),
	(198, '_20221011151551.jpg', '_20221011151551_20221011_151951.jpg', '2022-10-11 15:19:51.672948', 343, 235, NULL, NULL, NULL, NULL, NULL, NULL, NULL, NULL, NULL, NULL),
	(199, '.doc', '_20221011_151957.doc', '2022-10-11 15:19:57.423071', 343, 235, NULL, NULL, NULL, NULL, NULL, NULL, NULL, NULL, NULL, NULL),
	(200, '0..docx', '0._20221011_155036.docx', '2022-10-11 15:50:36.479156', 5, NULL, NULL, NULL, NULL, NULL, NULL, NULL, NULL, NULL, NULL, NULL),
	(201, '0..docx', '0._20221011_155204.docx', '2022-10-11 15:52:04.778799', 5, 236, NULL, NULL, NULL, NULL, NULL, NULL, NULL, NULL, NULL, NULL),
	(202, '1..docx', '1._20221011_155335.docx', '2022-10-11 15:53:35.599917', 5, 237, NULL, NULL, NULL, NULL, NULL, NULL, NULL, NULL, NULL, NULL),
	(203, '2..docx', '2._20221011_155335.docx', '2022-10-11 15:53:35.599917', 5, 237, NULL, NULL, NULL, NULL, NULL, NULL, NULL, NULL, NULL, NULL),
	(204, '2..docx', '2._20221011_155509.docx', '2022-10-11 15:55:09.133932', 5, 238, NULL, NULL, NULL, NULL, NULL, NULL, NULL, NULL, NULL, NULL),
	(205, '_202210120846021.jpg', '_202210120846021_20221012_085021.jpg', '2022-10-12 08:50:21.641427', 320, 239, NULL, NULL, NULL, NULL, NULL, NULL, NULL, NULL, NULL, NULL),
	(206, '2022.doc', '2022_20221012_085040.doc', '2022-10-12 08:50:40.767879', 320, 239, NULL, NULL, NULL, NULL, NULL, NULL, NULL, NULL, NULL, NULL),
	(207, '  [2022]13 2022.doc', '  [2022]13 2022_20221012_090025.doc', '2022-10-12 09:00:25.523885', 320, NULL, NULL, NULL, NULL, NULL, NULL, NULL, NULL, NULL, NULL, NULL),
	(208, '  [2022]12 2022.doc', '  [2022]12 2022_20221012_090042.doc', '2022-10-12 09:00:42.790844', 320, 240, NULL, NULL, NULL, NULL, NULL, NULL, NULL, NULL, NULL, NULL),
	(209, '_20221012084602.jpg', '_20221012084602_20221012_090057.jpg', '2022-10-12 09:00:57.416215', 320, 240, NULL, NULL, NULL, NULL, NULL, NULL, NULL, NULL, NULL, NULL),
	(210, ' .pdf', ' _20221012_091749.pdf', '2022-10-12 09:17:49.031976', 320, 241, NULL, NULL, NULL, NULL, NULL, NULL, NULL, NULL, NULL, NULL),
	(211, '20221011.jpg', '20221011_20221012_091757.jpg', '2022-10-12 09:17:57.907176', 320, 241, NULL, NULL, NULL, NULL, NULL, NULL, NULL, NULL, NULL, NULL),
	(212, 'IMG_2112.HEIC.JPG.JPG', 'IMG_2112.HEIC.JPG_20221012_101151.JPG', '2022-10-12 10:11:51.335521', 5, 242, NULL, NULL, NULL, NULL, NULL, NULL, NULL, NULL, NULL, NULL),
	(214, 'IMG_20221013_133557.jpg', 'IMG_20221013_133557_20221013_134237.jpg', '2022-10-13 13:42:37.463473', 273, 247, NULL, NULL, NULL, NULL, NULL, NULL, NULL, NULL, NULL, NULL),
	(215, '(20221012).doc', '(20221012)_20221013_135352.doc', '2022-10-13 13:53:52.421986', 10, 248, NULL, NULL, NULL, NULL, NULL, NULL, NULL, NULL, NULL, NULL),
	(216, '.docx', '_20221013_135554.docx', '2022-10-13 13:55:54.475393', 10, 249, NULL, NULL, NULL, NULL, NULL, NULL, NULL, NULL, NULL, NULL),
	(217, '202210.docx', '202210_20221013_145236.docx', '2022-10-13 14:52:36.354650', 20, 250, NULL, NULL, NULL, NULL, NULL, NULL, NULL, NULL, NULL, NULL),
	(218, '20210817.pdf', '20210817_20221013_145338.pdf', '2022-10-13 14:53:38.030362', 20, 250, NULL, NULL, NULL, NULL, NULL, NULL, NULL, NULL, NULL, NULL),
	(219, '20200717.pdf', '20200717_20221013_145447.pdf', '2022-10-13 14:54:47.237408', 20, 250, NULL, NULL, NULL, NULL, NULL, NULL, NULL, NULL, NULL, NULL),
	(220, '2022.pdf', '2022_20221013_145558.pdf', '2022-10-13 14:55:58.741378', 20, 250, NULL, NULL, NULL, NULL, NULL, NULL, NULL, NULL, NULL, NULL),
	(221, '.pdf', '_20221013_163152.pdf', '2022-10-13 16:31:52.378005', 7, 251, NULL, NULL, NULL, NULL, NULL, NULL, NULL, NULL, NULL, NULL),
	(222, '.pdf', '_20221013_163334.pdf', '2022-10-13 16:33:34.119956', 7, 252, NULL, NULL, NULL, NULL, NULL, NULL, NULL, NULL, NULL, NULL),
	(223, '10.docx', '10_20221014_090749.docx', '2022-10-14 09:07:49.978858', 317, 253, NULL, NULL, NULL, NULL, NULL, NULL, NULL, NULL, NULL, NULL),
	(224, '8.docx', '8_20221014_092106.docx', '2022-10-14 09:21:06.245288', 317, 255, NULL, NULL, NULL, NULL, NULL, NULL, NULL, NULL, NULL, NULL),
	(225, '8.docx', '8_20221014_093805.docx', '2022-10-14 09:38:05.964807', 306, 256, NULL, NULL, NULL, NULL, NULL, NULL, NULL, NULL, NULL, NULL),
	(226, '9.docx', '9_20221014_093824.docx', '2022-10-14 09:38:24.934009', 317, 257, NULL, NULL, NULL, NULL, NULL, NULL, NULL, NULL, NULL, NULL),
	(227, '1 .doc', '1 _20221014_100101.doc', '2022-10-14 10:01:01.068394', 305, 260, NULL, NULL, NULL, NULL, NULL, NULL, NULL, NULL, NULL, NULL),
	(228, '.doc', '_20221014_100556.doc', '2022-10-14 10:05:56.413543', 305, 261, NULL, NULL, NULL, NULL, NULL, NULL, NULL, NULL, NULL, NULL),
	(229, '9 .docx', '9 _20221014_101744.docx', '2022-10-14 10:17:44.165786', 306, 262, NULL, NULL, NULL, NULL, NULL, NULL, NULL, NULL, NULL, NULL),
	(230, 'IMG_7782.HEIC.JPG.JPG', 'IMG_7782.HEIC.JPG_20221014_141936.JPG', '2022-10-14 14:19:36.177263', 315, 265, NULL, NULL, NULL, NULL, NULL, NULL, NULL, NULL, NULL, NULL),
	(231, '.docx', '_20221014_144301.docx', '2022-10-14 14:43:01.329125', 315, 266, NULL, NULL, NULL, NULL, NULL, NULL, NULL, NULL, NULL, NULL),
	(232, '.docx', '_20221014_144345.docx', '2022-10-14 14:43:45.910427', 315, 267, NULL, NULL, NULL, NULL, NULL, NULL, NULL, NULL, NULL, NULL),
	(233, '.jpg', '_20221014_154449.jpg', '2022-10-14 15:44:49.645092', 319, 268, NULL, NULL, NULL, NULL, NULL, NULL, NULL, NULL, NULL, NULL),
	(234, '  [2022]12 2022.doc', '  [2022]12 2022_20221014_155834.doc', '2022-10-14 15:58:34.790398', 305, 269, NULL, NULL, NULL, NULL, NULL, NULL, NULL, NULL, NULL, NULL),
	(235, '82022.docx', '82022_20221015_094310.docx', '2022-10-15 09:43:10.245699', 309, 271, NULL, NULL, NULL, NULL, NULL, NULL, NULL, NULL, NULL, NULL),
	(236, '9.doc', '9_20221015_094815.doc', '2022-10-15 09:48:15.525072', 309, 272, NULL, NULL, NULL, NULL, NULL, NULL, NULL, NULL, NULL, NULL),
	(237, '  [2022]12 2022.doc', '  [2022]12 2022_20221015_095344.doc', '2022-10-15 09:53:44.945622', 312, 273, NULL, NULL, NULL, NULL, NULL, NULL, NULL, NULL, NULL, NULL),
	(238, '10.doc', '10_20221015_095912.doc', '2022-10-15 09:59:12.097621', 309, 274, NULL, NULL, NULL, NULL, NULL, NULL, NULL, NULL, NULL, NULL),
	(239, '.pdf', '_20221015_103845.pdf', '2022-10-15 10:38:45.794074', 312, 275, NULL, NULL, NULL, NULL, NULL, NULL, NULL, NULL, NULL, NULL),
	(240, '.docx', '_20221015_104446.docx', '2022-10-15 10:44:46.923208', 312, 276, NULL, NULL, NULL, NULL, NULL, NULL, NULL, NULL, NULL, NULL),
	(241, '.pdf', '_20221015_113435.pdf', '2022-10-15 11:34:35.637643', 7, 277, NULL, NULL, NULL, NULL, NULL, NULL, NULL, NULL, NULL, NULL),
	(242, '10.pdf', '10_20221015_113851.pdf', '2022-10-15 11:38:51.317233', 7, 278, NULL, NULL, NULL, NULL, NULL, NULL, NULL, NULL, NULL, NULL),
	(243, '.pdf', '_20221015_113859.pdf', '2022-10-15 11:38:59.317433', 7, 278, NULL, NULL, NULL, NULL, NULL, NULL, NULL, NULL, NULL, NULL),
	(244, '.pdf', '_20221015_114118.pdf', '2022-10-15 11:41:18.387411', 7, 279, NULL, NULL, NULL, NULL, NULL, NULL, NULL, NULL, NULL, NULL),
	(245, '10.pdf', '10_20221015_114127.pdf', '2022-10-15 11:41:27.059504', 7, 279, NULL, NULL, NULL, NULL, NULL, NULL, NULL, NULL, NULL, NULL),
	(246, '.pdf', '_20221015_114323.pdf', '2022-10-15 11:43:23.969861', 7, 280, NULL, NULL, NULL, NULL, NULL, NULL, NULL, NULL, NULL, NULL),
	(247, '10.pdf', '10_20221015_114332.pdf', '2022-10-15 11:43:32.657588', 7, 280, NULL, NULL, NULL, NULL, NULL, NULL, NULL, NULL, NULL, NULL),
	(248, '10.pdf', '10_20221015_114504.pdf', '2022-10-15 11:45:04.159899', 7, 281, NULL, NULL, NULL, NULL, NULL, NULL, NULL, NULL, NULL, NULL),
	(249, '.pdf', '_20221015_114510.pdf', '2022-10-15 11:45:10.035466', 7, 281, NULL, NULL, NULL, NULL, NULL, NULL, NULL, NULL, NULL, NULL),
	(250, '10.pdf', '10_20221015_114616.pdf', '2022-10-15 11:46:16.695237', 7, 282, NULL, NULL, NULL, NULL, NULL, NULL, NULL, NULL, NULL, NULL),
	(251, '.pdf', '_20221015_114623.pdf', '2022-10-15 11:46:23.509000', 7, 282, NULL, NULL, NULL, NULL, NULL, NULL, NULL, NULL, NULL, NULL),
	(252, '.pdf', '_20221015_114745.pdf', '2022-10-15 11:47:45.186456', 7, 283, NULL, NULL, NULL, NULL, NULL, NULL, NULL, NULL, NULL, NULL),
	(253, '10.pdf', '10_20221015_114757.pdf', '2022-10-15 11:47:57.327409', 7, 283, NULL, NULL, NULL, NULL, NULL, NULL, NULL, NULL, NULL, NULL),
	(254, '10.pdf', '10_20221015_114921.pdf', '2022-10-15 11:49:21.564542', 7, 284, NULL, NULL, NULL, NULL, NULL, NULL, NULL, NULL, NULL, NULL),
	(255, '.pdf', '_20221015_114929.pdf', '2022-10-15 11:49:29.083260', 7, 284, NULL, NULL, NULL, NULL, NULL, NULL, NULL, NULL, NULL, NULL),
	(256, '.pdf', '_20221015_140057.pdf', '2022-10-15 14:00:57.641027', 7, 285, NULL, NULL, NULL, NULL, NULL, NULL, NULL, NULL, NULL, NULL),
	(257, '10.pdf', '10_20221015_140107.pdf', '2022-10-15 14:01:07.406924', 7, 285, NULL, NULL, NULL, NULL, NULL, NULL, NULL, NULL, NULL, NULL),
	(258, '.pdf', '_20221015_140315.pdf', '2022-10-15 14:03:15.740383', 7, 286, NULL, NULL, NULL, NULL, NULL, NULL, NULL, NULL, NULL, NULL),
	(259, '10.pdf', '10_20221015_140323.pdf', '2022-10-15 14:03:23.508548', 7, 286, NULL, NULL, NULL, NULL, NULL, NULL, NULL, NULL, NULL, NULL),
	(260, '.pdf', '_20221015_140925.pdf', '2022-10-15 14:09:25.940079', 7, 287, NULL, NULL, NULL, NULL, NULL, NULL, NULL, NULL, NULL, NULL),
	(261, '10.pdf', '10_20221015_140937.pdf', '2022-10-15 14:09:37.721631', 7, 287, NULL, NULL, NULL, NULL, NULL, NULL, NULL, NULL, NULL, NULL),
	(262, '2.doc', '2_20221015_175518.doc', '2022-10-15 17:55:18.036934', 326, 288, NULL, NULL, NULL, NULL, NULL, NULL, NULL, NULL, NULL, NULL),
	(263, '2.JPG', '2_20221015_175529.JPG', '2022-10-15 17:55:29.146602', 326, 288, NULL, NULL, NULL, NULL, NULL, NULL, NULL, NULL, NULL, NULL),
	(264, '3.JPG', '3_20221015_175736.JPG', '2022-10-15 17:57:36.778462', 326, NULL, NULL, NULL, NULL, NULL, NULL, NULL, NULL, NULL, NULL, NULL),
	(265, '3.doc', '3_20221015_175805.doc', '2022-10-15 17:58:05.185473', 326, NULL, NULL, NULL, NULL, NULL, NULL, NULL, NULL, NULL, NULL, NULL),
	(266, '2.doc', '2_20221015_175937.doc', '2022-10-15 17:59:37.568416', 326, 289, NULL, NULL, NULL, NULL, NULL, NULL, NULL, NULL, NULL, NULL),
	(267, '2.JPG', '2_20221015_175949.JPG', '2022-10-15 17:59:49.334344', 326, 289, NULL, NULL, NULL, NULL, NULL, NULL, NULL, NULL, NULL, NULL),
	(268, '___________________.pdf', '____________________20221015_180159.pdf', '2022-10-15 18:01:59.388006', 326, 290, NULL, NULL, NULL, NULL, NULL, NULL, NULL, NULL, NULL, NULL),
	(269, '1.jpg', '1_20221015_180218.jpg', '2022-10-15 18:02:18.279866', 326, 290, NULL, NULL, NULL, NULL, NULL, NULL, NULL, NULL, NULL, NULL),
	(270, '2.JPG', '2_20221015_182122.JPG', '2022-10-15 18:21:22.547899', 326, 291, NULL, NULL, NULL, NULL, NULL, NULL, NULL, NULL, NULL, NULL),
	(271, '9___.docx', '9____20221015_182136.docx', '2022-10-15 18:21:36.565239', 326, 291, NULL, NULL, NULL, NULL, NULL, NULL, NULL, NULL, NULL, NULL),
	(272, '864412915432603769.jpg', '864412915432603769_20221015_193534.jpg', '2022-10-15 19:35:34.685734', 267, 292, NULL, NULL, NULL, NULL, NULL, NULL, NULL, NULL, NULL, NULL),
	(273, '.jpg', '_20221016_162639.jpg', '2022-10-16 16:26:39.816169', 11, 293, NULL, NULL, NULL, NULL, NULL, NULL, NULL, NULL, NULL, NULL),
	(274, '8.docx', '8_20221017_084034.docx', '2022-10-17 08:40:34.180257', 307, 294, NULL, NULL, NULL, NULL, NULL, NULL, NULL, NULL, NULL, NULL),
	(275, '9.docx', '9_20221017_084513.docx', '2022-10-17 08:45:13.377773', 307, 295, NULL, NULL, NULL, NULL, NULL, NULL, NULL, NULL, NULL, NULL),
	(276, '10.docx', '10_20221017_084717.docx', '2022-10-17 08:47:17.585536', 307, 296, NULL, NULL, NULL, NULL, NULL, NULL, NULL, NULL, NULL, NULL),
	(277, '.JPG', '_20221017_091241.JPG', '2022-10-17 09:12:41.179988', 313, 299, NULL, NULL, NULL, NULL, NULL, NULL, NULL, NULL, NULL, NULL),
	(278, '8.doc', '8_20221017_095257.doc', '2022-10-17 09:52:57.673849', 342, 300, NULL, NULL, NULL, NULL, NULL, NULL, NULL, NULL, NULL, NULL),
	(279, '10.doc', '10_20221017_095915.doc', '2022-10-17 09:59:15.766138', 342, NULL, NULL, NULL, NULL, NULL, NULL, NULL, NULL, NULL, NULL, NULL),
	(280, '10.jpg', '10_20221017_100307.jpg', '2022-10-17 10:03:07.776058', 342, 301, NULL, NULL, NULL, NULL, NULL, NULL, NULL, NULL, NULL, NULL),
	(281, '.docx', '_20221017_102639.docx', '2022-10-17 10:26:39.715019', 330, 302, NULL, NULL, NULL, NULL, NULL, NULL, NULL, NULL, NULL, NULL),
	(282, '.docx', '_20221017_103300.docx', '2022-10-17 10:33:00.108886', 330, 303, NULL, NULL, NULL, NULL, NULL, NULL, NULL, NULL, NULL, NULL),
	(283, '9.doc', '9_20221017_103320.doc', '2022-10-17 10:33:20.250025', 342, 304, NULL, NULL, NULL, NULL, NULL, NULL, NULL, NULL, NULL, NULL),
	(284, '.pdf', '_20221017_103635.pdf', '2022-10-17 10:36:35.868268', -999, 243, NULL, NULL, NULL, NULL, NULL, NULL, NULL, NULL, NULL, NULL),
	(285, 'b491747b231d55a1f1f8023a3f39af8.jpg', 'b491747b231d55a1f1f8023a3f39af8_20221017_103642.jpg', '2022-10-17 10:36:42.651831', -999, 244, NULL, NULL, NULL, NULL, NULL, NULL, NULL, NULL, NULL, NULL),
	(286, '  .pdf', '  _20221017_103645.pdf', '2022-10-17 10:36:45.855041', -999, 245, NULL, NULL, NULL, NULL, NULL, NULL, NULL, NULL, NULL, NULL),
	(287, '220822593553789447.jpg', '220822593553789447_20221017_110121.jpg', '2022-10-17 11:01:21.647247', 324, 305, NULL, NULL, NULL, NULL, NULL, NULL, NULL, NULL, NULL, NULL),
	(288, '12068147707992307.jpg', '12068147707992307_20221017_110131.jpg', '2022-10-17 11:01:31.775328', 324, 305, NULL, NULL, NULL, NULL, NULL, NULL, NULL, NULL, NULL, NULL),
	(289, '563597724178060513.jpg', '563597724178060513_20221017_110140.jpg', '2022-10-17 11:01:40.963061', 324, 305, NULL, NULL, NULL, NULL, NULL, NULL, NULL, NULL, NULL, NULL),
	(290, '.pdf', '_20221017_112524.pdf', '2022-10-17 11:25:25.001288', 324, 306, NULL, NULL, NULL, NULL, NULL, NULL, NULL, NULL, NULL, NULL),
	(291, '10.16.jpg', '10.16_20221017_140303.jpg', '2022-10-17 14:03:03.825853', 319, 307, NULL, NULL, NULL, NULL, NULL, NULL, NULL, NULL, NULL, NULL),
	(292, 'IMG_20221017_141956.jpg', 'IMG_20221017_141956_20221017_143009.jpg', '2022-10-17 14:30:09.016742', 325, 308, NULL, NULL, NULL, NULL, NULL, NULL, NULL, NULL, NULL, NULL),
	(293, 'IMG_20221017_142005.jpg', 'IMG_20221017_142005_20221017_143016.jpg', '2022-10-17 14:30:16.486746', 325, 308, NULL, NULL, NULL, NULL, NULL, NULL, NULL, NULL, NULL, NULL),
	(294, 'IMG_20221017_143428.jpg', 'IMG_20221017_143428_20221017_144111.jpg', '2022-10-17 14:41:11.827794', 325, 309, NULL, NULL, NULL, NULL, NULL, NULL, NULL, NULL, NULL, NULL),
	(295, 'IMG_20221017_143539.jpg', 'IMG_20221017_143539_20221017_144120.jpg', '2022-10-17 14:41:20.422199', 325, 309, NULL, NULL, NULL, NULL, NULL, NULL, NULL, NULL, NULL, NULL),
	(296, '_20221017150648.jpg', '_20221017150648_20221017_151000.jpg', '2022-10-17 15:10:00.917851', 322, 310, NULL, NULL, NULL, NULL, NULL, NULL, NULL, NULL, NULL, NULL),
	(297, '_20221017153538.jpg', '_20221017153538_20221017_153818.jpg', '2022-10-17 15:38:18.905089', 321, 316, NULL, NULL, NULL, NULL, NULL, NULL, NULL, NULL, NULL, NULL),
	(298, '.docx', '_20221017_153935.docx', '2022-10-17 15:39:35.580048', 311, 317, NULL, NULL, NULL, NULL, NULL, NULL, NULL, NULL, NULL, NULL),
	(299, '.docx', '_20221017_154126.docx', '2022-10-17 15:41:26.600301', 311, 321, NULL, NULL, NULL, NULL, NULL, NULL, NULL, NULL, NULL, NULL),
	(300, '11.jpg', '11_20221017_154137.jpg', '2022-10-17 15:41:37.959968', 321, 318, NULL, NULL, NULL, NULL, NULL, NULL, NULL, NULL, NULL, NULL),
	(301, '_20221017150802.jpg', '_20221017150802_20221017_154238.jpg', '2022-10-17 15:42:38.494161', 322, 319, NULL, NULL, NULL, NULL, NULL, NULL, NULL, NULL, NULL, NULL),
	(302, '.docx', '_20221017_155728.docx', '2022-10-17 15:57:28.581220', 311, 323, NULL, NULL, NULL, NULL, NULL, NULL, NULL, NULL, NULL, NULL),
	(303, '.doc', '_20221017_160315.doc', '2022-10-17 16:03:15.004156', 324, 322, NULL, NULL, NULL, NULL, NULL, NULL, NULL, NULL, NULL, NULL),
	(304, 'IMG_20221017_161041.jpg', 'IMG_20221017_161041_20221017_161530.jpg', '2022-10-17 16:15:30.902556', 325, 324, NULL, NULL, NULL, NULL, NULL, NULL, NULL, NULL, NULL, NULL),
	(305, 'IMG_20221017_161045.jpg', 'IMG_20221017_161045_20221017_161538.jpg', '2022-10-17 16:15:38.809574', 325, 324, NULL, NULL, NULL, NULL, NULL, NULL, NULL, NULL, NULL, NULL),
	(306, '9fd2ea388cc3daf682f2d061df920c31.jpg', '9fd2ea388cc3daf682f2d061df920c31_20221018_105208.jpg', '2022-10-18 10:52:08.103312', 323, 325, NULL, NULL, NULL, NULL, NULL, NULL, NULL, NULL, NULL, NULL),
	(307, '(.pdf', '(_20221020_082953.pdf', '2022-10-20 08:29:53.411886', 312, NULL, NULL, NULL, NULL, NULL, NULL, NULL, NULL, NULL, NULL, NULL),
	(308, '(.pdf', '(_20221020_084251.pdf', '2022-10-20 08:42:51.604904', 312, NULL, NULL, NULL, NULL, NULL, NULL, NULL, NULL, NULL, NULL, NULL),
	(309, '(.pdf', '(_20221020_084438.pdf', '2022-10-20 08:44:38.315611', 312, NULL, NULL, NULL, NULL, NULL, NULL, NULL, NULL, NULL, NULL, NULL),
	(310, '(.pdf', '(_20221020_084555.pdf', '2022-10-20 08:45:55.663597', 312, NULL, NULL, NULL, NULL, NULL, NULL, NULL, NULL, NULL, NULL, NULL),
	(311, '20221020.pdf', '20221020_20221020_134241.pdf', '2022-10-20 13:42:41.378873', 16, 326, NULL, NULL, NULL, NULL, NULL, NULL, NULL, NULL, NULL, NULL),
	(312, '20221020.pdf', '20221020_20221020_134622.pdf', '2022-10-20 13:46:22.019066', 16, 327, NULL, NULL, NULL, NULL, NULL, NULL, NULL, NULL, NULL, NULL),
	(313, '8.jpg', '8_20221020_151644.jpg', '2022-10-20 15:16:44.567046', 329, 328, NULL, NULL, NULL, NULL, NULL, NULL, NULL, NULL, NULL, NULL),
	(314, '.docx', '_20221020_151659.docx', '2022-10-20 15:16:59.256149', 329, 328, NULL, NULL, NULL, NULL, NULL, NULL, NULL, NULL, NULL, NULL),
	(315, '9.jpg', '9_20221020_151816.jpg', '2022-10-20 15:18:16.996062', 329, 329, NULL, NULL, NULL, NULL, NULL, NULL, NULL, NULL, NULL, NULL),
	(316, '50.docx', '50_20221020_151822.docx', '2022-10-20 15:18:22.558713', 329, 329, NULL, NULL, NULL, NULL, NULL, NULL, NULL, NULL, NULL, NULL),
	(317, '51 .docx', '51 _20221020_152231.docx', '2022-10-20 15:22:31.665166', 329, 330, NULL, NULL, NULL, NULL, NULL, NULL, NULL, NULL, NULL, NULL),
	(318, '10.jpg', '10_20221020_152247.jpg', '2022-10-20 15:22:47.431220', 329, 330, NULL, NULL, NULL, NULL, NULL, NULL, NULL, NULL, NULL, NULL),
	(319, '.pdf', '_20221026_095955.pdf', '2022-10-26 09:59:55.337359', 16, 333, NULL, NULL, NULL, NULL, NULL, NULL, NULL, NULL, NULL, NULL),
	(320, '5+1.jpg', '5+1_20221026_112518.jpg', '2022-10-26 11:25:18.385061', 15, NULL, NULL, NULL, NULL, NULL, NULL, NULL, NULL, NULL, NULL, NULL),
	(321, '8.JPG', '8_20221031_105832.JPG', '2022-10-31 10:58:32.419310', 328, 334, NULL, NULL, NULL, NULL, NULL, NULL, NULL, NULL, NULL, NULL),
	(322, '.docx', '_20221031_105901.docx', '2022-10-31 10:59:01.906270', 328, 334, NULL, NULL, NULL, NULL, NULL, NULL, NULL, NULL, NULL, NULL),
	(323, '.docx', '_20221031_110121.docx', '2022-10-31 11:01:21.803108', 328, 335, NULL, NULL, NULL, NULL, NULL, NULL, NULL, NULL, NULL, NULL),
	(324, '9.JPG', '9_20221031_110132.JPG', '2022-10-31 11:01:32.584659', 328, 335, NULL, NULL, NULL, NULL, NULL, NULL, NULL, NULL, NULL, NULL),
	(325, '10.JPG', '10_20221031_110600.JPG', '2022-10-31 11:06:00.329099', 328, 336, NULL, NULL, NULL, NULL, NULL, NULL, NULL, NULL, NULL, NULL),
	(326, '.docx', '_20221031_110632.docx', '2022-10-31 11:06:32.189301', 328, 336, NULL, NULL, NULL, NULL, NULL, NULL, NULL, NULL, NULL, NULL),
	(327, '.JPG', '_20221031_202114.JPG', '2022-10-31 20:21:14.575945', 8, 340, NULL, NULL, NULL, NULL, NULL, NULL, NULL, NULL, NULL, NULL),
	(328, '.JPG', '_20221031_202247.JPG', '2022-10-31 20:22:47.876431', 8, 341, NULL, NULL, NULL, NULL, NULL, NULL, NULL, NULL, NULL, NULL),
	(329, '.JPG', '_20221031_202411.JPG', '2022-10-31 20:24:11.895899', 8, 342, NULL, NULL, NULL, NULL, NULL, NULL, NULL, NULL, NULL, NULL),
	(330, '20221030.docx', '20221030_20221101_141929.docx', '2022-11-01 14:19:29.554520', 8, 343, NULL, NULL, NULL, NULL, NULL, NULL, NULL, NULL, NULL, NULL),
	(331, '20221026(1).doc', '20221026(1)_20221101_141929.doc', '2022-11-01 14:19:29.570144', 8, 343, NULL, NULL, NULL, NULL, NULL, NULL, NULL, NULL, NULL, NULL),
	(332, '.JPG', '_20221101_142044.JPG', '2022-11-01 14:20:44.510344', 8, 344, NULL, NULL, NULL, NULL, NULL, NULL, NULL, NULL, NULL, NULL),
	(333, '-11.2.docx', '-11.2_20221102_090520.docx', '2022-11-02 09:05:20.560183', 22, 345, NULL, NULL, NULL, NULL, NULL, NULL, NULL, NULL, NULL, NULL),
	(334, '(3).xlsx', '(3)_20221102_090904.xlsx', '2022-11-02 09:09:04.856754', 22, 346, NULL, NULL, NULL, NULL, NULL, NULL, NULL, NULL, NULL, NULL),
	(335, '(1).xlsx', '(1)_20221102_134659.xlsx', '2022-11-02 13:46:59.495669', 17, NULL, NULL, NULL, NULL, NULL, NULL, NULL, NULL, NULL, NULL, NULL),
	(339, '(1).xlsx', '(1)_20221103_135742.xlsx', '2022-11-03 13:57:42.796762', 17, 355, NULL, NULL, NULL, NULL, NULL, NULL, NULL, NULL, NULL, NULL),
	(340, ' .doc', ' _20221104_094035.doc', '2022-11-04 09:40:35.413902', 343, 359, NULL, NULL, NULL, NULL, NULL, NULL, NULL, NULL, NULL, NULL),
	(341, 'da091eb0e44db503bab706ce87d72889.JPG', 'da091eb0e44db503bab706ce87d72889_20221104_094056.JPG', '2022-11-04 09:40:56.149599', 343, 359, NULL, NULL, NULL, NULL, NULL, NULL, NULL, NULL, NULL, NULL),
	(342, '11.doc', '11_20221108_092748.doc', '2022-11-08 09:27:48.545554', 342, 370, NULL, NULL, NULL, NULL, NULL, NULL, NULL, NULL, NULL, NULL),
	(343, '862c690e27bcbb7c992327a5e9e28b85.jpg', '862c690e27bcbb7c992327a5e9e28b85_20221108_101002.jpg', '2022-11-08 10:10:02.080029', 323, 372, NULL, NULL, NULL, NULL, NULL, NULL, NULL, NULL, NULL, NULL),
	(344, 'd42c081e5a82365bc0bd27ec72ad76a.jpg', 'd42c081e5a82365bc0bd27ec72ad76a_20221108_144647.jpg', '2022-11-08 14:46:47.687123', 323, 383, NULL, NULL, NULL, NULL, NULL, NULL, NULL, NULL, NULL, NULL),
	(345, '15c2ce9cea1e217f08d6ba4a82082da.jpg', '15c2ce9cea1e217f08d6ba4a82082da_20221108_151523.jpg', '2022-11-08 15:15:23.063903', 323, 384, NULL, NULL, NULL, NULL, NULL, NULL, NULL, NULL, NULL, NULL),
	(346, '_____________________.docx', '______________________20221108_165659.docx', '2022-11-08 16:56:59.519342', 326, 389, NULL, NULL, NULL, NULL, NULL, NULL, NULL, NULL, NULL, NULL),
	(347, 'IMG_20220923_090839.jpg', 'IMG_20220923_090839_20221109_115401.jpg', '2022-11-09 11:54:01.923597', 325, 391, NULL, NULL, NULL, NULL, NULL, NULL, NULL, NULL, NULL, NULL),
	(348, 'IMG_20220927_091938.jpg', 'IMG_20220927_091938_20221109_115415.jpg', '2022-11-09 11:54:15.470841', 325, 391, NULL, NULL, NULL, NULL, NULL, NULL, NULL, NULL, NULL, NULL),
	(349, 'IMG_20220927_092107.jpg', 'IMG_20220927_092107_20221109_115423.jpg', '2022-11-09 11:54:23.549176', 325, 391, NULL, NULL, NULL, NULL, NULL, NULL, NULL, NULL, NULL, NULL),
	(350, 'IMG_20220927_092529.jpg', 'IMG_20220927_092529_20221109_115430.jpg', '2022-11-09 11:54:30.034542', 325, 391, NULL, NULL, NULL, NULL, NULL, NULL, NULL, NULL, NULL, NULL),
	(351, '_20221110142416.jpg', '_20221110142416_20221110_142430.jpg', '2022-11-10 14:24:30.710724', 332, NULL, NULL, NULL, NULL, NULL, NULL, NULL, NULL, NULL, NULL, NULL),
	(352, '.jpg', '_20221110_142503.jpg', '2022-11-10 14:25:03.930325', 332, 402, NULL, NULL, NULL, NULL, NULL, NULL, NULL, NULL, NULL, NULL),
	(353, 'IMG_7185.HEIC.JPG', 'IMG_7185.HEIC_20221111_093402.JPG', '2022-11-11 09:34:02.914834', 274, 413, NULL, NULL, NULL, NULL, NULL, NULL, NULL, NULL, NULL, NULL),
	(354, '0ed167925df866c5cfb41fcc9298304.jpg', '0ed167925df866c5cfb41fcc9298304_20221111_094238.jpg', '2022-11-11 09:42:38.618100', 292, 414, NULL, NULL, NULL, NULL, NULL, NULL, NULL, NULL, NULL, NULL),
	(355, '29c0bd1071bec582e8e216ece27b5ff4.jpg', '29c0bd1071bec582e8e216ece27b5ff4_20221111_103709.jpg', '2022-11-11 10:37:09.297084', 277, 420, NULL, NULL, NULL, NULL, NULL, NULL, NULL, NULL, NULL, NULL),
	(356, '9e46c09a8808d2f402b480e4dd9708e.jpg', '9e46c09a8808d2f402b480e4dd9708e_20221111_152745.jpg', '2022-11-11 15:27:45.744955', 323, 425, NULL, NULL, NULL, NULL, NULL, NULL, NULL, NULL, NULL, NULL),
	(357, '5+1.jpg', '5+1_20221113_134306.jpg', '2022-11-13 13:43:06.577135', 15, 434, NULL, NULL, NULL, NULL, NULL, NULL, NULL, NULL, NULL, NULL),
	(358, '05b44a570e82deedcd10ce805e0b70a.jpg', '05b44a570e82deedcd10ce805e0b70a_20221114_151854.jpg', '2022-11-14 15:18:54.019103', 336, 444, NULL, NULL, NULL, NULL, NULL, NULL, NULL, NULL, NULL, NULL),
	(359, '.docx', '_20221115_150804.docx', '2022-11-15 15:08:04.335534', 311, 466, NULL, NULL, NULL, NULL, NULL, NULL, NULL, NULL, NULL, NULL),
	(360, 'IMG_20221122_135804.jpg', 'IMG_20221122_135804_20221122_141648.jpg', '2022-11-22 14:16:48.530204', 10, 475, NULL, NULL, NULL, NULL, NULL, NULL, NULL, NULL, NULL, NULL),
	(361, '20221.jpg', '20221_20221127_093835.jpg', '2022-11-27 09:38:35.144667', 1, NULL, NULL, 7, NULL, NULL, NULL, NULL, NULL, NULL, NULL, NULL),
	(362, '202221.jpg', '202221_20221127_094014.jpg', '2022-11-27 09:40:14.220876', 1, NULL, NULL, 8, NULL, NULL, NULL, NULL, NULL, NULL, NULL, NULL),
	(363, '202222.jpg', '202222_20221127_094020.jpg', '2022-11-27 09:40:20.832303', 1, NULL, NULL, 8, NULL, NULL, NULL, NULL, NULL, NULL, NULL, NULL),
	(364, '(1).docx', '(1)_20221129_102342.docx', '2022-11-29 10:23:42.890154', 312, 499, NULL, NULL, NULL, NULL, NULL, NULL, NULL, NULL, NULL, NULL),
	(365, '11.doc', '11_20221129_110319.doc', '2022-11-29 11:03:19.761509', 309, 500, NULL, NULL, NULL, NULL, NULL, NULL, NULL, NULL, NULL, NULL),
	(366, '11.doc', '11_20221129_110715.doc', '2022-11-29 11:07:15.765182', 305, 501, NULL, NULL, NULL, NULL, NULL, NULL, NULL, NULL, NULL, NULL),
	(367, '_20221129130334.jpg', '_20221129130334_20221129_130530.jpg', '2022-11-29 13:05:30.371280', 343, 503, NULL, NULL, NULL, NULL, NULL, NULL, NULL, NULL, NULL, NULL),
	(368, '.doc', '_20221129_130538.doc', '2022-11-29 13:05:38.872294', 343, 503, NULL, NULL, NULL, NULL, NULL, NULL, NULL, NULL, NULL, NULL),
	(369, '  .docx', '  _20221129_153819.docx', '2022-11-29 15:38:19.480454', 327, 504, NULL, NULL, NULL, NULL, NULL, NULL, NULL, NULL, NULL, NULL),
	(370, 'IMG_20221127_104624.jpg', 'IMG_20221127_104624_20221130_082708.jpg', '2022-11-30 08:27:08.285569', 325, 507, NULL, NULL, NULL, NULL, NULL, NULL, NULL, NULL, NULL, NULL);

INSERT INTO `department` (`id`, `dept_order`, `name`, `parent_id`, `short_name`) VALUES
	(-999, 1, '', NULL, NULL),
	(1, 1, '()', NULL, NULL),
	(2, 2, '()', NULL, NULL),
	(3, 3, '', NULL, NULL),
	(4, 4, '', NULL, NULL),
	(5, 5, '', NULL, NULL),
	(6, 6, '', 1, ''),
	(7, 7, '', 1, ''),
	(8, 8, '', 1, ''),
	(9, 9, '', 1, ''),
	(10, 10, '', 1, ''),
	(11, 11, '', 1, ''),
	(12, 12, '', 1, ''),
	(13, 13, '', 1, ''),
	(14, 14, '', 1, NULL),
	(15, 16, '', 1, ''),
	(16, 17, '', 1, NULL),
	(17, 18, '', 1, ''),
	(18, 19, '', 1, ''),
	(19, 20, '', 1, ''),
	(20, 21, '', 1, ''),
	(21, 22, '', 1, NULL),
	(22, 23, '', 1, NULL),
	(23, 24, '', 1, NULL),
	(24, 25, '', 1, NULL),
	(25, 26, '', 1, NULL),
	(26, 27, '', 1, NULL),
	(27, 28, '', 1, NULL),
	(28, 29, '', 1, NULL),
	(29, 30, '', 1, NULL),
	(30, 31, '', 1, NULL),
	(31, 32, '', 1, NULL),
	(32, 15, '', 1, NULL);

INSERT INTO `fr_evaluation` (`id`, `content`, `focus`, `name`, `page`, `type`, `value`) VALUES
	(1, '1+X', '41010.50.51510.280%20%', '1+X', 1, '', 4.00),
	(2, '	', '43312022831121180%20%', '', 1, '', 8.00),
	(3, '1', '	10.280%20%', '', 1, '', 2.00),
	(4, '', ' 202212311220231101180%20%', '', 1, '', 16.00),
	(5, '	5+1', '  202212311', '	5+1', 1, '', 2.00),
	(6, '	1', ' 4210202311011202222202211180%20%', '', 1, '', 4.00),
	(7, '(', ' 1111', '', 1, '', 10.00),
	(8, '', '  12312211180%20%	', '', 1, '', 4.00),
	(9, '', '123112', '', 1, '', 2.00),
	(10, '', '122180%20%', '', 1, '', 4.00),
	(11, '', '212', '', 1, '', 4.00),
	(12, '	', '111', '', 1, '', 2.00),
	(13, '', '11', '', 1, '', 2.00),
	(14, '', '1', '', 1, '', 2.00),
	(15, '', '1', '', 1, '', 4.00),
	(16, '', '180%20%', '', 1, '', 2.00),
	(17, '', '1', '', 1, '', 2.00),
	(18, '', '1231180%20%', '', 1, '', 2.00),
	(19, '', '280%20%', '', 1, '', 4.00),
	(20, '', '380%20%', '', 1, '', 4.00),
	(21, ',', '2481660%25%1640%', '', 1, '', 16.00),
	(22, '1+X', '410110.211510.2', '1+X', 2, '', 4.00),
	(23, '', '433120228311211', '', 2, '', 8.00),
	(24, '()1', '110.2', '', 2, '', 4.00),
	(25, '', '2022123112202311011', '', 2, '', 16.00),
	(26, '5+1', '12', '5+1', 2, '', 2.00),
	(27, '5+1', '12', '5+1', 2, '', 2.00),
	(28, '1', '	42102023110112022222022111', '', 2, '', 4.00),
	(29, '(', '11', '', 2, '', 4.00),
	(30, '', '123122111', '', 2, '', 6.00),
	(31, '', '121', '', 2, '', 4.00),
	(32, '', '	212', '', 2, '', 4.00),
	(33, '', '1', '', 2, '', 2.00),
	(34, '', '1', '', 2, '', 2.00),
	(35, '', '1', '', 2, '', 8.00),
	(36, '', '1', '', 2, '', 4.00),
	(37, '', '1', '', 2, '', 2.00),
	(38, '', '12311', '', 2, '', 2.00),
	(39, '', '2', '', 2, '', 4.00),
	(40, '', '4', '', 2, '', 4.00),
	(41, ',', '2481625%16', '', 2, '', 16.00),
	(42, '1+X', '41010.50.10.51510.1', '1+X', 3, '', 2.00),
	(43, '', '4331202283110.510.25', '', 3, '', 6.00),
	(44, '1', '110.1', '', 3, '', 2.00),
	(45, '', '2022123111202311010.5', '', 3, '', 12.00),
	(46, '5+1', '202212310.512', '5+1', 3, '', 2.00),
	(47, '1', '42102023110112022222022111', '', 3, '', 4.00),
	(48, '(', '11', '', 3, '', 6.00),
	(49, '', '12312211.520.53', '', 3, '', 4.00),
	(50, '', '1231110.5', '', 3, '', 2.00),
	(51, '', '0.510.5', '', 3, '', 4.00),
	(52, '', '0.512112', '', 3, '', 4.00),
	(53, '', '11', '', 3, '', 2.00),
	(54, '', '0.5', '', 3, '', 2.00),
	(55, '', '1', '', 3, '', 2.00),
	(56, '', '', '', 3, '', 6.00),
	(57, '', '', '', 3, '', 10.00),
	(58, '', '1', '', 3, '', 2.00),
	(59, '', '1', '', 3, '', 2.00),
	(60, '', '12311', '', 3, '', 2.00),
	(61, '', '2', '', 3, '', 4.00),
	(62, '', '4', '', 3, '', 4.00),
	(63, ',', '2481616', '', 3, '', 16.00);

INSERT INTO `fr_inform` (`id`, `code`, `content`, `create_date`, `type`, `dest_department_id`, `dest_user_id`, `from_department_id`, `from_user_id`) VALUES
	(4, '3-01', '', NULL, 'ADVICE', NULL, 312, NULL, 1),
	(5, '2-01', '2013', NULL, 'OPINION', NULL, 326, NULL, 1),
	(6, '4-01', '2013', NULL, 'ANNOUNCE', NULL, 21, NULL, 1),
	(7, NULL, '2022715KTV7980\n', NULL, 'COPY', NULL, 6, NULL, 2),
	(8, NULL, '22022715KTV7980', NULL, 'OPINION', NULL, 318, NULL, 2);

INSERT INTO `fr_matter` (`id`, `code`, `content`, `end_date`, `origin`, `update_time`, `source_ordinal_form_id`, `source_inform_id`, `matter_form_id`) VALUES
	(1, '1', '', '2022-12-31', '//', '2022-06-16 14:01:07.510173', NULL, NULL, 21),
	(2, '2', '', '2022-12-31', '//', '2022-06-16 14:03:04.445081', NULL, NULL, 21),
	(3, '3', '', '2022-07-31', '//', '2022-06-16 14:03:52.824138', NULL, NULL, 21),
	(4, '4', '', '2022-07-31', '//', '2022-06-16 14:04:27.406135', NULL, NULL, 21),
	(5, '5', '', '2022-07-31', '//', '2022-06-16 14:05:02.359230', NULL, NULL, 21),
	(6, '6', '', '2022-07-31', '//', '2022-06-16 14:05:31.845099', NULL, NULL, 21),
	(7, '7', '', '2022-12-31', '//', '2022-06-16 14:06:04.601392', NULL, NULL, 21),
	(8, '8', '', '2021-12-31', '//', '2022-06-16 15:09:03.242952', NULL, NULL, 21),
	(9, '9', '', '2022-07-15', '/()/', '2022-06-16 15:10:15.407846', NULL, NULL, 17),
	(18, NULL, '', '2022-06-24', '//', '2022-07-05 16:52:18.104401', NULL, 4, 312),
	(19, NULL, '2013', '2022-06-24', '//', '2022-07-05 16:54:38.120840', NULL, 5, 326),
	(21, NULL, '', '2022-12-31', ' /  / ', '2022-07-25 11:19:13.615817', NULL, NULL, 7),
	(22, NULL, '', '2022-12-31', ' /  / ', '2022-07-25 11:19:13.615817', NULL, NULL, 7),
	(23, NULL, '', '2022-12-31', ' /  / ', '2022-07-25 11:19:13.615817', NULL, NULL, 7),
	(24, NULL, '', '2022-12-31', ' /  / ', '2022-07-25 11:19:13.615817', NULL, NULL, 7),
	(25, NULL, '', '2022-12-31', ' /  / ', '2022-07-25 11:19:13.615817', NULL, NULL, 7),
	(26, NULL, '', '2022-12-31', ' /  / ', '2022-07-25 11:19:13.631440', NULL, NULL, 7),
	(27, NULL, '', '2022-12-31', ' /  / ', '2022-07-25 11:19:13.631440', NULL, NULL, 7),
	(28, NULL, '', '2022-12-31', ' /  / ', '2022-07-25 11:19:13.631440', NULL, NULL, 7),
	(29, NULL, '', '2022-12-31', ' /  / ', '2022-07-25 11:19:13.631440', NULL, NULL, 7),
	(30, NULL, '', '2022-12-31', ' /  / ', '2022-07-25 11:19:13.631440', NULL, NULL, 7),
	(31, NULL, '', '2022-10-31', ' /  / ', '2022-08-02 10:08:24.040400', NULL, NULL, 208),
	(32, NULL, '', '2022-10-31', ' /  / ', '2022-08-02 10:08:24.040400', NULL, NULL, 208),
	(33, NULL, '', '2022-12-31', ' /  / ', '2022-08-11 12:06:30.836160', NULL, NULL, 209),
	(34, NULL, '', '2022-12-31', ' /  / ', '2022-08-11 12:06:30.836160', NULL, NULL, 209),
	(35, NULL, '', '2022-12-31', ' /  / ', '2022-07-25 12:33:55.104040', NULL, NULL, 28),
	(36, NULL, '', '2022-12-31', ' /  / ', '2022-07-25 12:33:55.104040', NULL, NULL, 28),
	(37, NULL, '', '2022-12-31', ' /  / ', '2022-07-25 12:33:55.104040', NULL, NULL, 28),
	(38, NULL, '', '2022-12-31', ' /  / ', '2022-07-25 12:33:55.104040', NULL, NULL, 28),
	(39, NULL, '', '2022-12-31', ' /  / ', '2022-07-25 12:33:55.104040', NULL, NULL, 28),
	(40, NULL, '', '2022-12-31', ' /  / ', '2022-07-25 12:33:55.104040', NULL, NULL, 28),
	(41, NULL, '', '2022-12-31', ' /  / ', '2022-07-25 12:33:55.104040', NULL, NULL, 28),
	(42, NULL, '', '2022-11-01', ' /  / ', '2022-08-02 10:08:24.040400', NULL, NULL, 208),
	(43, NULL, '', '2022-09-09', ' /  / ', '2022-08-02 10:08:24.040400', NULL, NULL, 208),
	(44, NULL, '', '2022-08-01', ' /  / ', '2022-08-02 10:08:24.040400', NULL, NULL, 208),
	(45, NULL, '', NULL, ' /  / ', '2022-08-02 10:08:24.040400', NULL, NULL, 208),
	(46, NULL, '', '2022-11-02', ' /  / ', '2022-08-02 10:08:24.056026', NULL, NULL, 208),
	(47, NULL, '', '2022-08-19', ' /  / ', '2022-08-02 10:08:24.056026', NULL, NULL, 208),
	(48, NULL, '', '2022-12-31', ' /  / ', '2022-08-11 12:06:30.836160', NULL, NULL, 209),
	(49, NULL, '', '2022-12-31', ' /  / ', '2022-08-11 12:06:30.836160', NULL, NULL, 209),
	(50, NULL, '', '2022-10-31', ' /  / ', '2022-08-11 12:06:30.836160', NULL, NULL, 209),
	(51, NULL, '', '2022-10-31', ' /  / ', '2022-08-11 12:06:30.836160', NULL, NULL, 209),
	(52, NULL, '', '2022-12-31', ' /  / ', '2022-08-11 12:06:30.836160', NULL, NULL, 209),
	(64, NULL, '', '2022-12-31', ' /  / ', '2022-08-11 12:06:30.836160', NULL, NULL, 317),
	(65, NULL, '', '2022-12-31', ' /  / ', '2022-08-11 12:06:30.836160', NULL, NULL, 317),
	(66, NULL, '', '2022-12-31', ' /  / ', '2022-08-11 12:06:30.836160', NULL, NULL, 317),
	(67, NULL, '', '2022-12-31', ' /  / ', '2022-08-11 12:06:30.851758', NULL, NULL, 317),
	(70, NULL, '', '2022-12-31', ' /  / ', '2022-08-11 12:06:30.851758', NULL, NULL, 317),
	(71, NULL, '', '2022-12-31', ' /  / ', '2022-08-11 12:06:30.851758', NULL, NULL, 317),
	(73, NULL, '', '2022-12-31', ' /  / ', '2022-08-02 10:51:42.813860', NULL, NULL, 5),
	(74, NULL, '', '2022-12-31', ' /  / ', '2022-08-02 10:51:42.813860', NULL, NULL, 5),
	(75, NULL, '', '2022-12-31', ' /  / ', '2022-08-02 10:51:42.813860', NULL, NULL, 5),
	(76, NULL, '', '2022-12-31', ' /  / ', '2022-08-02 10:51:42.813860', NULL, NULL, 5),
	(77, NULL, '', '2022-12-31', ' /  / ', '2022-08-02 10:51:42.813860', NULL, NULL, 5),
	(78, NULL, '', '2022-12-31', ' /  / ', '2022-08-24 09:42:25.488374', NULL, NULL, 309),
	(79, NULL, '', '2022-10-31', ' /  / ', '2022-08-24 09:42:25.488374', NULL, NULL, 309),
	(80, NULL, '', '2022-12-31', ' /  / ', '2022-08-24 09:42:25.488374', NULL, NULL, 309),
	(82, NULL, '', '2022-12-31', ' /  / ', '2022-08-24 09:42:25.488374', NULL, NULL, 309),
	(83, NULL, '', '2022-12-31', ' /  / ', '2022-08-24 09:42:25.488374', NULL, NULL, 309),
	(85, NULL, '', '2022-12-31', ' /  / ', '2022-08-24 09:42:25.488374', NULL, NULL, 309),
	(90, NULL, '', '2022-12-31', ' /  / ', '2022-08-02 10:51:42.813860', NULL, NULL, 5),
	(91, NULL, '', '2022-12-31', ' /  / ', '2022-08-03 08:53:32.477518', NULL, NULL, 12),
	(92, NULL, '', '2022-12-31', ' /  / ', '2022-08-03 08:53:32.477518', NULL, NULL, 12),
	(93, NULL, '', '2022-12-31', ' /  / ', '2022-08-03 08:53:32.477518', NULL, NULL, 12),
	(94, NULL, '', '2022-12-31', ' /  / ', '2022-08-03 08:53:32.477518', NULL, NULL, 12),
	(95, NULL, '', '2022-12-31', ' /  / ', '2022-08-03 08:53:32.477518', NULL, NULL, 12),
	(96, NULL, '', '2022-12-31', ' /  / ', '2022-08-03 08:53:32.477518', NULL, NULL, 12),
	(97, NULL, '', '2022-12-31', ' /  / ', '2022-08-03 08:53:32.477518', NULL, NULL, 12),
	(98, NULL, '', '2022-12-30', ' /  / ', '2022-08-08 07:42:17.357952', NULL, NULL, 8),
	(99, NULL, '', '2022-12-30', ' /  / ', '2022-08-08 07:42:17.357952', NULL, NULL, 8),
	(100, NULL, '', '2022-12-30', ' /  / ', '2022-08-08 07:42:17.357952', NULL, NULL, 8),
	(101, NULL, '', '2022-12-30', ' /  / ', '2022-08-08 07:42:17.357952', NULL, NULL, 8),
	(102, NULL, '', '2022-12-30', ' /  / ', '2022-08-08 07:42:17.357952', NULL, NULL, 8),
	(105, NULL, '', '2022-12-31', ' /  / ', '2022-08-11 12:06:30.851758', NULL, NULL, 207),
	(106, NULL, '', '2022-12-31', ' /  / ', '2022-08-11 12:06:30.851758', NULL, NULL, 207),
	(107, NULL, '', '2022-12-31', ' /  / ', '2022-08-11 12:06:30.851758', NULL, NULL, 207),
	(108, NULL, '\n\n ', '2022-12-31', ' /  / ', '2022-08-11 12:06:30.851758', NULL, NULL, 207),
	(109, NULL, '\n', '2022-12-31', ' /  / ', '2022-08-11 12:06:30.851758', NULL, NULL, 207),
	(110, NULL, '', '2022-12-31', ' /  / ', '2022-08-11 12:06:30.851758', NULL, NULL, 207),
	(111, NULL, '', '2022-12-31', ' /  / ', '2022-08-11 12:06:30.851758', NULL, NULL, 207),
	(112, NULL, '', '2022-12-31', ' /  / ', '2022-08-11 12:06:30.851758', NULL, NULL, 207),
	(113, NULL, '', '2022-12-31', ' /  / ', '2022-08-11 12:06:30.851758', NULL, NULL, 207),
	(114, NULL, '', '2022-12-31', ' /  / ', '2022-08-11 12:06:30.851758', NULL, NULL, 207),
	(115, NULL, '', '2022-12-31', ' /  / ', '2022-08-09 14:38:25.509182', NULL, NULL, 16),
	(116, NULL, '', '2022-12-31', ' /  / ', '2022-08-09 14:38:25.509182', NULL, NULL, 16),
	(117, NULL, '', '2022-12-31', ' /  / ', '2022-08-05 16:06:57.304177', NULL, NULL, 13),
	(118, NULL, '', '2022-12-31', ' /  / ', '2022-08-09 14:38:25.509182', NULL, NULL, 16),
	(120, NULL, '', '2022-12-31', ' /  / ', '2022-08-09 14:38:25.509182', NULL, NULL, 16),
	(121, NULL, '', '2022-12-30', ' /  / ', '2022-08-06 14:04:09.985326', NULL, NULL, 6),
	(122, NULL, '', '2022-12-31', ' /  / ', '2022-08-05 16:06:57.304177', NULL, NULL, 13),
	(123, NULL, '', '2022-12-31', ' /  / ', '2022-08-05 16:06:57.304177', NULL, NULL, 13),
	(124, NULL, '', '2022-12-31', ' /  / ', '2022-08-05 16:06:57.304177', NULL, NULL, 13),
	(125, NULL, '', '2022-12-31', ' /  / ', '2022-08-05 16:06:57.304177', NULL, NULL, 13),
	(126, NULL, '', '2022-12-31', ' /  / ', '2022-08-05 16:06:57.304177', NULL, NULL, 13),
	(127, NULL, '', '2022-12-31', ' /  / ', '2022-08-05 16:06:57.304177', NULL, NULL, 13),
	(128, NULL, '', '2022-12-31', ' /  / ', '2022-08-05 16:06:57.304177', NULL, NULL, 13),
	(129, NULL, '', '2022-12-31', ' /  / ', '2022-08-06 14:04:09.985326', NULL, NULL, 6),
	(130, NULL, '', '2022-12-31', ' /  / ', '2022-08-06 14:04:09.985326', NULL, NULL, 6),
	(131, NULL, '', '2022-12-31', ' /  / ', '2022-08-06 14:04:09.985326', NULL, NULL, 6),
	(132, NULL, '', '2022-12-31', ' /  / ', '2022-08-06 14:04:09.985326', NULL, NULL, 6),
	(133, NULL, '', '2022-12-31', ' /  / ', '2022-08-06 14:04:09.985326', NULL, NULL, 6),
	(134, NULL, '', '2022-12-31', ' /  / ', '2022-08-06 14:04:09.985326', NULL, NULL, 6),
	(135, NULL, '', '2022-12-31', ' /  / ', '2022-08-06 14:04:09.985326', NULL, NULL, 6),
	(136, NULL, '', '2022-12-31', ' /  / ', '2022-08-06 14:04:09.985326', NULL, NULL, 6),
	(137, NULL, '', '2022-12-31', ' /  / ', '2022-08-05 16:06:57.304177', NULL, NULL, 13),
	(138, NULL, '', '2022-08-08', '', '2022-08-06 18:48:30.975687', 14, NULL, 215),
	(139, NULL, '', '2022-12-31', ' /  / ', '2022-08-11 08:10:41.332593', NULL, NULL, 11),
	(140, NULL, '', '2022-12-31', ' /  / ', '2022-08-11 08:10:41.332593', NULL, NULL, 11),
	(141, NULL, '', '2022-12-31', ' /  / ', '2022-08-11 08:10:41.332593', NULL, NULL, 11),
	(142, NULL, '', '2022-12-31', ' /  / ', '2022-08-11 08:10:41.332593', NULL, NULL, 11),
	(143, NULL, 'VOC', '2022-12-31', ' /  / ', '2022-08-11 08:10:41.332593', NULL, NULL, 11),
	(144, NULL, '', '2022-12-31', ' /  / ', '2022-08-11 08:10:41.348219', NULL, NULL, 11),
	(145, NULL, '', '2022-12-31', ' /  / ', '2022-08-11 08:10:41.348219', NULL, NULL, 11),
	(146, NULL, ' ', '2022-12-31', ' /  / ', '2022-08-11 08:10:41.348219', NULL, NULL, 11),
	(147, NULL, '', '2022-12-31', ' /  / ', '2022-08-11 08:10:41.348219', NULL, NULL, 11),
	(148, NULL, '', '2022-12-31', ' /  / ', '2022-08-11 08:10:41.348219', NULL, NULL, 11),
	(149, NULL, '', '2022-08-31', ' /  / ', '2022-08-22 22:13:14.759652', NULL, NULL, 76),
	(150, NULL, '', '2022-08-31', ' /  / ', '2022-08-22 22:13:14.759652', NULL, NULL, 76),
	(152, NULL, '', '2022-12-30', ' /  / ', '2022-08-10 16:07:52.465067', NULL, NULL, 15),
	(153, NULL, '', '2022-12-30', ' /  / ', '2022-08-10 16:07:52.465067', NULL, NULL, 15),
	(154, NULL, '', '2022-12-30', ' /  / ', '2022-08-10 16:07:52.465067', NULL, NULL, 15),
	(155, NULL, '\n', '2022-12-30', ' /  / ', '2022-08-10 16:07:52.465067', NULL, NULL, 15),
	(156, NULL, '', '2022-12-30', ' /  / ', '2022-08-10 16:07:52.465067', NULL, NULL, 15),
	(157, NULL, '', '2022-12-30', ' /  / ', '2022-08-10 16:07:52.465067', NULL, NULL, 15),
	(158, NULL, '', '2022-12-30', ' /  / ', '2022-08-10 16:07:52.465067', NULL, NULL, 15),
	(159, NULL, '', '2022-12-30', ' /  / ', '2022-08-10 16:07:52.465067', NULL, NULL, 15),
	(160, NULL, '', '2022-12-31', ' /  / ', '2022-08-10 16:06:53.993195', NULL, NULL, 18),
	(161, NULL, '', '2022-12-31', ' /  / ', '2022-08-10 16:06:53.993195', NULL, NULL, 18),
	(162, NULL, '', '2022-12-31', ' /  / ', '2022-08-10 16:06:53.993195', NULL, NULL, 18),
	(163, NULL, '', '2022-12-31', ' /  / ', '2022-08-10 16:06:53.993195', NULL, NULL, 18),
	(164, NULL, '', '2022-12-31', ' /  / ', '2022-08-10 16:06:53.993195', NULL, NULL, 18),
	(165, NULL, '', '2022-12-31', ' /  / ', '2022-08-10 16:06:53.993195', NULL, NULL, 18),
	(167, NULL, '', '2022-08-31', ' /  / ', '2022-08-22 22:13:37.293125', NULL, NULL, 308),
	(168, NULL, '', '2022-08-31', ' /  / ', '2022-08-22 22:13:14.759652', NULL, NULL, 76),
	(169, NULL, '', '2022-08-31', ' /  / ', '2022-08-22 22:13:14.775274', NULL, NULL, 76),
	(170, NULL, '', '2022-08-31', ' /  / ', '2022-08-22 22:13:14.775274', NULL, NULL, 76),
	(171, NULL, '', '2022-08-31', ' /  / ', '2022-08-22 22:13:14.775274', NULL, NULL, 76),
	(172, NULL, '', '2022-08-31', ' /  / ', '2022-08-22 22:13:14.775274', NULL, NULL, 76),
	(173, NULL, '', '2022-08-31', ' /  / ', '2022-08-22 22:13:37.293125', NULL, NULL, 308),
	(174, NULL, '', '2022-08-31', ' /  / ', '2022-08-22 22:13:37.293125', NULL, NULL, 308),
	(175, NULL, '', '2022-08-31', ' /  / ', '2022-08-22 22:13:37.293125', NULL, NULL, 308),
	(176, NULL, '', '2022-08-31', ' /  / ', '2022-08-22 22:13:37.293125', NULL, NULL, 308),
	(177, NULL, '', '2022-08-31', ' /  / ', '2022-08-22 22:13:37.308750', NULL, NULL, 308),
	(178, NULL, '', '2022-08-31', ' /  / ', '2022-08-22 22:13:37.308750', NULL, NULL, 308),
	(179, NULL, '', '2022-08-31', ' /  / ', '2022-08-22 22:13:37.308750', NULL, NULL, 308),
	(180, NULL, '', '2022-08-31', ' /  / ', '2022-08-22 22:13:14.775274', NULL, NULL, 75),
	(181, NULL, '', '2022-08-31', ' /  / ', '2022-08-22 22:13:14.775274', NULL, NULL, 75),
	(182, NULL, '', '2022-08-31', ' /  / ', '2022-08-22 22:13:14.775274', NULL, NULL, 75),
	(183, NULL, '', '2022-08-31', ' /  / ', '2022-08-22 22:13:14.775274', NULL, NULL, 75),
	(184, NULL, '', '2022-08-31', ' /  / ', '2022-08-22 22:13:14.775274', NULL, NULL, 75),
	(185, NULL, '', '2022-08-31', ' /  / ', '2022-08-22 22:13:14.775274', NULL, NULL, 75),
	(186, NULL, '', '2022-08-31', ' /  / ', '2022-08-22 22:13:14.775274', NULL, NULL, 75),
	(187, NULL, '', '2022-08-31', ' /  / ', '2022-08-22 22:13:14.775274', NULL, NULL, 75),
	(188, NULL, '', '2022-08-31', ' /  / ', '2022-08-31 14:18:55.481640', NULL, NULL, 202),
	(189, NULL, '', '2022-08-31', ' /  / ', '2022-08-31 14:18:55.512898', NULL, NULL, 202),
	(190, NULL, '', '2022-08-31', ' /  / ', '2022-08-31 14:18:55.512898', NULL, NULL, 202),
	(192, NULL, '', '2022-08-31', ' /  / ', '2022-08-31 14:18:55.512898', NULL, NULL, 202),
	(193, NULL, '', '2022-08-31', ' /  / ', '2022-08-31 14:18:55.512898', NULL, NULL, 202),
	(194, NULL, '', '2022-12-31', ' /  / ', '2022-08-12 10:54:36.444117', NULL, NULL, 10),
	(195, NULL, '', '2022-12-31', ' /  / ', '2022-08-12 10:54:36.444117', NULL, NULL, 10),
	(196, NULL, '', '2022-12-30', ' /  / ', '2022-08-12 10:54:36.444117', NULL, NULL, 10),
	(197, NULL, '', '2022-12-30', ' /  / ', '2022-08-12 10:54:36.444117', NULL, NULL, 10),
	(198, NULL, '', '2022-12-30', ' /  / ', '2022-08-12 10:54:36.444117', NULL, NULL, 10),
	(199, NULL, '', '2022-12-30', ' /  / ', '2022-08-12 10:54:36.444117', NULL, NULL, 10),
	(200, NULL, '', '2022-12-30', ' /  / ', '2022-08-12 10:54:36.444117', NULL, NULL, 10),
	(203, NULL, '\n', '2022-12-31', ' /  / ', '2022-08-12 10:53:57.081327', NULL, NULL, 14),
	(204, NULL, '', '2022-12-31', ' /  / ', '2022-08-12 10:53:57.081327', NULL, NULL, 14),
	(205, NULL, '', '2022-12-31', ' /  / ', '2022-08-12 10:53:57.081327', NULL, NULL, 14),
	(206, NULL, '', '2022-12-31', ' /  / ', '2022-08-12 10:53:57.096953', NULL, NULL, 14),
	(207, NULL, '', '2022-12-31', ' /  / ', '2022-08-12 10:53:57.096953', NULL, NULL, 14),
	(208, NULL, '', '2023-12-31', ' /  / ', '2022-08-12 10:53:57.096953', NULL, NULL, 14),
	(209, NULL, '', '2022-12-31', ' /  / ', '2022-08-12 10:53:57.096953', NULL, NULL, 14),
	(217, NULL, '', '2022-08-31', ' /  / ', '2022-08-22 22:13:14.775274', NULL, NULL, 78),
	(218, NULL, '', '2022-08-31', ' /  / ', '2022-08-22 22:13:14.775274', NULL, NULL, 78),
	(219, NULL, '', '2022-08-31', ' /  / ', '2022-08-22 22:13:14.775274', NULL, NULL, 78),
	(220, NULL, '', '2022-08-31', ' /  / ', '2022-08-22 22:13:14.775274', NULL, NULL, 78),
	(221, NULL, '', '2022-08-31', ' /  / ', '2022-08-22 22:13:14.775274', NULL, NULL, 78),
	(222, NULL, '', '2022-08-31', ' /  / ', '2022-08-22 22:13:14.775274', NULL, NULL, 78),
	(223, NULL, '', '2022-08-31', ' /  / ', '2022-08-22 22:13:14.775274', NULL, NULL, 78),
	(224, NULL, '', '2022-08-31', ' /  / ', '2022-08-22 22:13:14.790876', NULL, NULL, 78),
	(225, NULL, '', '2022-12-31', ' /  / ', '2022-08-12 14:52:30.810998', NULL, NULL, 4),
	(226, NULL, '\n', '2022-12-31', ' /  / ', '2022-08-12 14:52:30.810998', NULL, NULL, 4),
	(227, NULL, '', '2022-12-31', ' /  / ', '2022-08-12 14:52:30.810998', NULL, NULL, 4),
	(228, NULL, '', '2022-01-01', ' /  / ', '2022-08-12 14:52:30.810998', NULL, NULL, 4),
	(229, NULL, '', '2022-01-01', ' /  / ', '2022-08-12 14:52:30.826623', NULL, NULL, 4),
	(230, NULL, '', '2022-01-01', ' /  / ', '2022-08-12 14:52:30.826623', NULL, NULL, 4),
	(231, NULL, '', '2022-01-01', ' /  / ', '2022-08-12 14:52:30.826623', NULL, NULL, 4),
	(232, NULL, '', '2022-08-31', ' /  / ', '2022-08-22 22:13:14.790876', NULL, NULL, 77),
	(233, NULL, '', '2022-08-31', ' /  / ', '2022-08-22 22:13:14.790876', NULL, NULL, 77),
	(234, NULL, '', '2022-08-31', ' /  / ', '2022-08-22 22:13:14.790876', NULL, NULL, 77),
	(235, NULL, '', '2022-08-31', ' /  / ', '2022-08-22 22:13:14.790876', NULL, NULL, 77),
	(236, NULL, '', '2022-08-31', ' /  / ', '2022-08-22 22:13:14.790876', NULL, NULL, 77),
	(237, NULL, '', '2022-08-31', ' /  / ', '2022-08-22 22:13:14.790876', NULL, NULL, 77),
	(238, NULL, '', '2022-08-31', ' /  / ', '2022-08-22 22:13:14.790876', NULL, NULL, 77),
	(239, NULL, '', '2022-08-31', ' /  / ', '2022-08-22 22:13:14.790876', NULL, NULL, 77),
	(241, NULL, '', '2022-12-31', ' /  / ', '2022-08-31 10:27:41.586458', NULL, NULL, 307),
	(242, NULL, '', '2022-12-31', ' /  / ', '2022-08-31 10:27:41.586458', NULL, NULL, 307),
	(243, NULL, '', '2022-12-31', ' /  / ', '2022-08-31 10:27:41.586458', NULL, NULL, 307),
	(244, NULL, '', '2022-12-31', ' /  / ', '2022-08-31 10:27:41.586458', NULL, NULL, 307),
	(245, NULL, '', '2022-12-31', ' /  / ', '2022-08-31 10:27:41.586458', NULL, NULL, 307),
	(246, NULL, '', '2022-12-31', ' /  / ', '2022-08-31 10:27:41.602084', NULL, NULL, 307),
	(247, NULL, '', '2022-12-31', ' /  / ', '2022-08-31 10:27:41.570834', NULL, NULL, 48),
	(248, NULL, '', '2022-12-31', ' /  / ', '2022-08-31 10:27:41.570834', NULL, NULL, 48),
	(249, NULL, '', '2022-12-31', ' /  / ', '2022-08-31 10:27:41.586458', NULL, NULL, 48),
	(250, NULL, '', '2022-12-31', ' /  / ', '2022-08-31 10:27:41.586458', NULL, NULL, 48),
	(251, NULL, '', '2022-08-31', ' /  / ', '2022-08-31 10:27:41.586458', NULL, NULL, 48),
	(252, NULL, '', '2022-12-31', ' /  / ', '2022-08-31 10:27:41.586458', NULL, NULL, 49),
	(253, NULL, '', '2022-12-31', ' /  / ', '2022-08-31 10:27:41.586458', NULL, NULL, 49),
	(254, NULL, '', '2022-11-30', ' /  / ', '2022-08-31 10:27:41.586458', NULL, NULL, 49),
	(255, NULL, '', '2022-12-31', ' /  / ', '2022-08-31 10:27:41.586458', NULL, NULL, 49),
	(256, NULL, '', '2022-12-31', ' /  / ', '2022-08-31 10:27:41.586458', NULL, NULL, 50),
	(257, NULL, '', '2022-12-31', ' /  / ', '2022-08-31 10:27:41.586458', NULL, NULL, 50),
	(258, NULL, '', '2022-12-31', ' /  / ', '2022-08-31 10:27:41.586458', NULL, NULL, 50),
	(259, NULL, '', '2022-12-31', ' /  / ', '2022-08-31 10:27:41.586458', NULL, NULL, 50),
	(260, NULL, '', '2022-08-31', ' /  / ', '2022-08-22 22:13:14.790876', NULL, NULL, 76),
	(262, NULL, '', '2022-12-31', ' /  / ', '2022-08-16 12:13:19.031406', NULL, NULL, 20),
	(263, NULL, '', '2022-12-31', ' /  / ', '2022-08-16 12:13:19.031406', NULL, NULL, 20),
	(264, NULL, '', '2022-12-31', ' /  / ', '2022-08-16 12:13:19.031406', NULL, NULL, 20),
	(265, NULL, '', '2022-12-31', ' /  / ', '2022-08-16 12:13:19.031406', NULL, NULL, 20),
	(266, NULL, '', '2022-12-31', ' /  / ', '2022-08-16 12:13:19.031406', NULL, NULL, 20),
	(267, NULL, '', '2022-12-31', ' /  / ', '2022-08-16 12:13:19.031406', NULL, NULL, 20),
	(268, NULL, '', '2022-12-31', ' /  / ', '2022-08-16 12:13:19.031406', NULL, NULL, 20),
	(269, NULL, '', '2022-12-31', ' /  / ', '2022-08-23 16:03:41.904808', NULL, NULL, 165),
	(270, NULL, '', '2022-12-31', ' /  / ', '2022-08-23 16:03:41.904808', NULL, NULL, 158),
	(271, NULL, '', '2022-12-31', ' /  / ', '2022-08-23 16:03:41.904808', NULL, NULL, 156),
	(272, NULL, '', '2022-12-31', ' /  / ', '2022-08-23 16:03:41.904808', NULL, NULL, 155),
	(273, NULL, '', '2022-12-31', ' /  / ', '2022-08-23 16:03:41.904808', NULL, NULL, 155),
	(274, NULL, '\n', '2022-12-31', ' /  / ', '2022-08-24 09:42:25.472745', NULL, NULL, 99),
	(275, NULL, '', '2022-12-31', ' /  / ', '2022-08-24 09:42:25.472745', NULL, NULL, 99),
	(276, NULL, '', '2022-12-31', ' /  / ', '2022-08-24 09:42:25.472745', NULL, NULL, 99),
	(277, NULL, '', '2022-12-31', ' /  / ', '2022-08-24 09:42:25.472745', NULL, NULL, 99),
	(278, NULL, '', '2022-12-31', ' /  / ', '2022-08-24 09:42:25.472745', NULL, NULL, 99),
	(281, NULL, '', NULL, ' /  / ', '2022-08-24 15:38:03.387725', NULL, NULL, 145),
	(282, NULL, '', NULL, ' /  / ', '2022-08-24 15:38:03.387725', NULL, NULL, 145),
	(283, NULL, '', NULL, ' /  / ', '2022-08-24 15:38:03.387725', NULL, NULL, 145),
	(284, NULL, '', NULL, ' /  / ', '2022-08-24 15:38:03.403350', NULL, NULL, 145),
	(285, NULL, '', NULL, ' /  / ', '2022-08-24 15:38:03.403350', NULL, NULL, 145),
	(286, NULL, '', NULL, ' /  / ', '2022-08-24 15:38:03.387725', NULL, NULL, 143),
	(287, NULL, '', NULL, ' /  / ', '2022-08-24 15:38:03.387725', NULL, NULL, 143),
	(288, NULL, '', NULL, ' /  / ', '2022-08-24 15:38:03.387725', NULL, NULL, 143),
	(289, NULL, '', NULL, ' /  / ', '2022-08-24 15:38:03.387725', NULL, NULL, 143),
	(290, NULL, '', NULL, ' /  / ', '2022-08-24 15:38:03.387725', NULL, NULL, 143),
	(291, NULL, '', NULL, ' /  / ', '2022-08-24 15:38:03.387725', NULL, NULL, 143),
	(292, NULL, ' .', NULL, ' /  / ', '2022-08-24 15:38:03.403350', NULL, NULL, 311),
	(293, NULL, '', NULL, ' /  / ', '2022-08-24 15:38:03.403350', NULL, NULL, 311),
	(294, NULL, '', NULL, ' /  / ', '2022-08-24 15:38:03.403350', NULL, NULL, 311),
	(295, NULL, '', NULL, ' /  / ', '2022-08-24 15:38:03.403350', NULL, NULL, 311),
	(296, NULL, '', '2022-12-31', ' /  / ', '2022-08-30 09:07:33.179657', NULL, NULL, 346),
	(297, NULL, '', '2022-12-31', ' /  / ', '2022-08-30 09:07:33.179657', NULL, NULL, 346),
	(298, NULL, '', '2022-12-31', ' /  / ', '2022-08-30 09:07:33.179657', NULL, NULL, 346),
	(299, NULL, '', '2022-12-31', ' /  / ', '2022-08-30 09:07:33.179657', NULL, NULL, 346),
	(300, NULL, '', '2022-12-31', ' /  / ', '2022-08-30 09:07:33.179657', NULL, NULL, 346),
	(301, NULL, '', '2022-12-31', ' /  / ', '2022-08-22 21:49:53.893527', NULL, NULL, 322),
	(302, NULL, '', '2022-12-31', ' /  / ', '2022-08-22 21:49:53.893527', NULL, NULL, 322),
	(303, NULL, '', '2022-12-31', ' /  / ', '2022-08-22 21:49:53.909152', NULL, NULL, 322),
	(304, NULL, '', '2022-12-31', ' /  / ', '2022-08-22 21:49:53.909152', NULL, NULL, 322),
	(305, NULL, '', '2022-12-31', ' /  / ', '2022-08-22 21:49:53.909152', NULL, NULL, 322),
	(306, NULL, '', '2022-12-31', ' /  / ', '2022-08-22 21:49:53.909152', NULL, NULL, 322),
	(307, NULL, '', '2022-12-31', ' /  / ', '2022-08-22 21:49:53.909152', NULL, NULL, 322),
	(308, NULL, '', '2022-12-31', ' /  / ', '2022-08-22 21:49:53.909152', NULL, NULL, 322),
	(329, NULL, '', '2022-12-31', ' /  / ', '2022-08-24 08:16:46.919688', NULL, NULL, 251),
	(330, NULL, '', '2022-12-31', ' /  / ', '2022-08-24 08:16:46.919688', NULL, NULL, 251),
	(331, NULL, '', '2022-12-31', ' /  / ', '2022-08-24 08:16:46.919688', NULL, NULL, 251),
	(332, NULL, '', '2022-12-31', ' /  / ', '2022-08-24 08:16:46.919688', NULL, NULL, 251),
	(333, NULL, '', '2022-12-31', ' /  / ', '2022-08-24 08:16:46.919688', NULL, NULL, 251),
	(334, NULL, '', '2022-12-31', ' /  / ', '2022-08-24 08:16:46.919688', NULL, NULL, 251),
	(335, NULL, '', '2022-12-31', ' /  / ', '2022-08-24 08:16:46.919688', NULL, NULL, 251),
	(336, NULL, '', '2022-12-31', ' /  / ', '2022-08-24 08:16:46.919688', NULL, NULL, 251),
	(337, NULL, '', '2022-12-31', ' /  / ', '2022-08-22 16:09:18.694264', NULL, NULL, 321),
	(338, NULL, '', '2022-12-31', ' /  / ', '2022-08-22 16:09:18.694264', NULL, NULL, 321),
	(339, NULL, '\n', '2022-12-31', ' /  / ', '2022-08-22 16:09:18.694264', NULL, NULL, 321),
	(340, NULL, '\n', '2022-12-31', ' /  / ', '2022-08-22 16:09:18.694264', NULL, NULL, 321),
	(341, NULL, '', '2022-12-31', ' /  / ', '2022-08-22 16:09:18.709890', NULL, NULL, 321),
	(342, NULL, '', '2022-12-31', ' /  / ', '2022-08-22 16:09:18.709890', NULL, NULL, 321),
	(343, NULL, '', '2022-12-31', ' /  / ', '2022-08-24 08:16:46.919688', NULL, NULL, 250),
	(344, NULL, '', '2022-12-31', ' /  / ', '2022-08-24 08:16:46.919688', NULL, NULL, 250),
	(345, NULL, '', '2022-12-31', ' /  / ', '2022-08-24 08:16:46.919688', NULL, NULL, 250),
	(346, NULL, '', '2022-12-31', ' /  / ', '2022-08-24 08:16:46.919688', NULL, NULL, 250),
	(347, NULL, '', '2022-12-31', ' /  / ', '2022-08-24 08:16:46.919688', NULL, NULL, 250),
	(348, NULL, '', '2022-12-31', ' /  / ', '2022-08-24 08:16:46.919688', NULL, NULL, 250),
	(349, NULL, '', '2022-12-31', ' /  / ', '2022-08-24 08:16:46.919688', NULL, NULL, 250),
	(350, NULL, '', '2022-12-31', ' /  / ', '2022-08-24 08:16:46.919688', NULL, NULL, 332),
	(351, NULL, '', '2022-12-31', ' /  / ', '2022-08-24 08:16:46.919688', NULL, NULL, 332),
	(352, NULL, '', '2022-12-31', ' /  / ', '2022-08-24 08:16:46.919688', NULL, NULL, 332),
	(353, NULL, '', '2022-12-31', ' /  / ', '2022-08-24 08:16:46.919688', NULL, NULL, 332),
	(354, NULL, '', '2022-12-31', ' /  / ', '2022-08-24 08:16:46.919688', NULL, NULL, 332),
	(355, NULL, '', '2022-12-31', ' /  / ', '2022-08-24 08:16:46.919688', NULL, NULL, 332),
	(356, NULL, '', '2022-12-31', ' /  / ', '2022-08-22 08:13:37.592326', NULL, NULL, 3),
	(357, NULL, '', '2022-12-31', ' /  / ', '2022-08-22 08:13:37.592326', NULL, NULL, 3),
	(358, NULL, '', '2022-12-31', ' /  / ', '2022-08-22 08:13:37.592326', NULL, NULL, 3),
	(359, NULL, '', '2022-12-31', ' /  / ', '2022-08-22 08:13:37.592326', NULL, NULL, 3),
	(360, NULL, '', '2022-12-31', ' /  / ', '2022-08-22 08:13:37.592326', NULL, NULL, 3),
	(361, NULL, '', '2022-12-31', ' /  / ', '2022-08-22 08:13:37.592326', NULL, NULL, 3),
	(369, NULL, '', '2022-12-31', ' /  / ', '2022-08-22 21:49:53.893527', NULL, NULL, 259),
	(370, NULL, '', '2022-12-31', ' /  / ', '2022-08-22 21:49:53.893527', NULL, NULL, 259),
	(371, NULL, '', '2022-12-31', ' /  / ', '2022-08-22 21:49:53.893527', NULL, NULL, 259),
	(372, NULL, '', '2022-12-31', ' /  / ', '2022-08-22 21:49:53.893527', NULL, NULL, 259),
	(373, NULL, '', '2022-12-31', ' /  / ', '2022-08-22 21:49:53.893527', NULL, NULL, 259),
	(374, NULL, '', '2022-12-31', ' /  / ', '2022-08-22 21:49:53.893527', NULL, NULL, 259),
	(375, NULL, '', '2022-12-31', ' /  / ', '2022-08-22 21:49:53.893527', NULL, NULL, 260),
	(376, NULL, '', '2022-12-31', ' /  / ', '2022-08-22 21:49:53.893527', NULL, NULL, 260),
	(377, NULL, '', '2022-12-31', ' /  / ', '2022-08-22 21:49:53.893527', NULL, NULL, 260),
	(378, NULL, '', '2022-12-31', ' /  / ', '2022-08-22 21:49:53.893527', NULL, NULL, 260),
	(379, NULL, '', '2022-12-31', ' /  / ', '2022-08-22 21:49:53.893527', NULL, NULL, 260),
	(380, NULL, '', '2022-12-31', ' /  / ', '2022-08-22 21:49:53.893527', NULL, NULL, 260),
	(382, NULL, '', '2022-12-31', ' /  / ', '2022-08-22 21:49:53.877925', NULL, NULL, 256),
	(383, NULL, '', '2022-12-31', ' /  / ', '2022-08-22 21:49:53.877925', NULL, NULL, 256),
	(384, NULL, '', '2022-12-31', ' /  / ', '2022-08-22 21:49:53.877925', NULL, NULL, 256),
	(385, NULL, '', '2022-12-31', ' /  / ', '2022-08-22 21:49:53.877925', NULL, NULL, 256),
	(386, NULL, '', '2022-12-31', ' /  / ', '2022-08-22 21:49:53.877925', NULL, NULL, 256),
	(387, NULL, '', '2022-12-31', ' /  / ', '2022-08-22 21:49:53.877925', NULL, NULL, 256),
	(388, NULL, '', '2022-12-31', ' /  / ', '2022-08-22 21:49:53.877925', NULL, NULL, 256),
	(389, NULL, '', '2022-12-31', ' /  / ', '2022-08-22 21:49:53.862299', NULL, NULL, 255),
	(390, NULL, '', '2022-12-31', ' /  / ', '2022-08-22 21:49:53.862299', NULL, NULL, 255),
	(391, NULL, '', '2022-12-31', ' /  / ', '2022-08-22 21:49:53.862299', NULL, NULL, 255),
	(392, NULL, '', '2022-12-31', ' /  / ', '2022-08-22 21:49:53.862299', NULL, NULL, 255),
	(393, NULL, '', '2022-12-31', ' /  / ', '2022-08-22 21:49:53.877925', NULL, NULL, 255),
	(394, NULL, '', '2022-12-31', ' /  / ', '2022-08-22 21:49:53.877925', NULL, NULL, 255),
	(395, NULL, '', '2022-12-31', ' /  / ', '2022-08-22 21:49:53.877925', NULL, NULL, 255),
	(396, NULL, '', '2022-12-31', ' /  / ', '2022-08-22 21:49:53.877925', NULL, NULL, 255),
	(401, NULL, '', '2022-12-31', ' /  / ', '2022-08-29 10:00:01.587867', NULL, NULL, 268),
	(402, NULL, '', '2022-12-31', ' /  / ', '2022-08-29 10:00:01.587867', NULL, NULL, 268),
	(403, NULL, '', '2022-12-31', ' /  / ', '2022-08-29 10:00:01.587867', NULL, NULL, 268),
	(404, NULL, '', '2022-12-31', ' /  / ', '2022-08-29 10:00:01.587867', NULL, NULL, 268),
	(405, NULL, '', '2022-12-31', ' /  / ', '2022-08-29 10:00:01.587867', NULL, NULL, 268),
	(406, NULL, '', '2022-12-31', ' /  / ', '2022-08-29 10:00:01.587867', NULL, NULL, 268),
	(407, NULL, '', '2022-12-31', ' /  / ', '2022-08-23 14:18:32.439316', NULL, NULL, 17),
	(408, NULL, '', '2022-12-31', ' /  / ', '2022-08-23 14:18:32.439316', NULL, NULL, 17),
	(409, NULL, '', '2022-12-31', ' /  / ', '2022-08-23 14:18:32.439316', NULL, NULL, 17),
	(410, NULL, '', '2022-12-31', ' /  / ', '2022-08-23 14:18:32.439316', NULL, NULL, 17),
	(411, NULL, '', '2022-12-31', ' /  / ', '2022-08-23 14:18:32.439316', NULL, NULL, 17),
	(412, NULL, '', '2022-12-31', ' /  / ', '2022-08-23 14:18:32.439316', NULL, NULL, 17),
	(415, NULL, '', '2022-12-31', ' /  / ', '2022-08-29 10:00:01.603492', NULL, NULL, 324),
	(416, NULL, '123', '2022-12-31', ' /  / ', '2022-08-29 10:00:01.603492', NULL, NULL, 324),
	(417, NULL, '12', '2022-12-31', ' /  / ', '2022-08-29 10:00:01.603492', NULL, NULL, 324),
	(418, NULL, '', '2022-12-31', ' /  / ', '2022-08-29 10:00:01.603492', NULL, NULL, 324),
	(419, NULL, '', '2022-12-31', ' /  / ', '2022-08-29 10:00:01.603492', NULL, NULL, 324),
	(420, NULL, '12', '2022-12-31', ' /  / ', '2022-08-29 10:00:01.603492', NULL, NULL, 324),
	(421, NULL, '', '2022-12-31', ' /  / ', '2022-08-29 10:00:01.603492', NULL, NULL, 324),
	(422, NULL, '12', '2022-12-31', ' /  / ', '2022-08-29 10:00:01.603492', NULL, NULL, 324),
	(423, NULL, '', '2022-12-31', ' /  / ', '2022-08-29 10:00:01.619115', NULL, NULL, 335),
	(424, NULL, '', '2022-12-31', ' /  / ', '2022-08-29 10:00:01.619115', NULL, NULL, 335),
	(425, NULL, '', '2022-12-31', ' /  / ', '2022-08-29 10:00:01.619115', NULL, NULL, 335),
	(426, NULL, '', '2022-12-31', ' /  / ', '2022-08-29 10:00:01.619115', NULL, NULL, 335),
	(427, NULL, '', '2022-12-31', ' /  / ', '2022-08-29 10:00:01.619115', NULL, NULL, 335),
	(428, NULL, '', '2022-12-31', ' /  / ', '2022-08-29 10:00:01.619115', NULL, NULL, 335),
	(429, NULL, '', '2022-12-31', ' /  / ', '2022-08-29 10:00:01.619115', NULL, NULL, 335),
	(430, NULL, '', '2022-12-31', ' /  / ', '2022-08-29 10:00:01.619115', NULL, NULL, 335),
	(498, NULL, '', '2022-12-31', ' /  / ', '2022-08-22 21:49:53.893527', NULL, NULL, 260),
	(499, NULL, '80', '2022-12-31', ' /  / ', '2022-08-22 21:49:53.877925', NULL, NULL, 257),
	(500, NULL, '', '2022-12-31', ' /  / ', '2022-08-22 21:49:53.877925', NULL, NULL, 257),
	(501, NULL, '', '2022-12-31', ' /  / ', '2022-08-22 21:49:53.877925', NULL, NULL, 257),
	(502, NULL, '', '2022-12-31', ' /  / ', '2022-08-22 21:49:53.877925', NULL, NULL, 257),
	(503, NULL, '', '2022-12-31', ' /  / ', '2022-08-22 21:49:53.877925', NULL, NULL, 257),
	(504, NULL, '', '2022-12-31', ' /  / ', '2022-08-22 21:49:53.877925', NULL, NULL, 257),
	(505, NULL, '', '2022-12-31', ' /  / ', '2022-08-22 21:49:53.877925', NULL, NULL, 258),
	(506, NULL, '60', '2022-12-31', ' /  / ', '2022-08-22 21:49:53.893527', NULL, NULL, 258),
	(507, NULL, '', '2022-12-31', ' /  / ', '2022-08-22 21:49:53.893527', NULL, NULL, 258),
	(508, NULL, '', '2022-12-31', ' /  / ', '2022-08-22 21:49:53.893527', NULL, NULL, 258),
	(509, NULL, '', '2022-12-31', ' /  / ', '2022-08-22 21:49:53.893527', NULL, NULL, 258),
	(510, NULL, '', '2022-12-31', ' /  / ', '2022-08-22 21:49:53.893527', NULL, NULL, 258),
	(511, NULL, '', '2022-12-31', ' /  / ', '2022-08-22 21:49:53.893527', NULL, NULL, 258),
	(512, NULL, '', '2022-12-31', ' /  / ', '2022-08-22 21:49:53.909152', NULL, NULL, 333),
	(513, NULL, '', '2022-12-31', ' /  / ', '2022-08-22 21:49:53.909152', NULL, NULL, 333),
	(514, NULL, '', '2022-12-31', ' /  / ', '2022-08-22 21:49:53.909152', NULL, NULL, 333),
	(515, NULL, '', '2022-12-31', ' /  / ', '2022-08-22 21:49:53.909152', NULL, NULL, 333),
	(516, NULL, '', '2022-12-31', ' /  / ', '2022-08-22 21:49:53.909152', NULL, NULL, 333),
	(517, NULL, '', '2022-12-31', ' /  / ', '2022-08-22 21:49:53.909152', NULL, NULL, 333),
	(518, NULL, '', '2022-12-31', ' /  / ', '2022-08-22 21:49:53.909152', NULL, NULL, 333),
	(519, NULL, '', '2022-12-31', ' /  / ', '2022-08-22 21:49:53.909152', NULL, NULL, 333),
	(521, NULL, '', '2022-12-31', ' /  / ', '2022-08-24 08:15:13.809615', NULL, NULL, 253),
	(524, NULL, '', '2022-12-31', ' /  / ', '2022-08-24 08:15:13.809615', NULL, NULL, 253),
	(525, NULL, '', '2022-12-31', ' /  / ', '2022-08-24 08:15:13.809615', NULL, NULL, 253),
	(526, NULL, '', '2022-12-31', ' /  / ', '2022-08-24 08:15:13.809615', NULL, NULL, 253),
	(527, NULL, '', '2022-12-31', ' /  / ', '2022-08-24 08:15:13.809615', NULL, NULL, 253),
	(528, NULL, '', '2022-12-31', ' /  / ', '2022-08-24 08:15:13.809615', NULL, NULL, 253),
	(529, NULL, '', '2022-12-31', ' /  / ', '2022-08-24 08:15:13.809615', NULL, NULL, 253),
	(530, NULL, '', '2022-12-31', ' /  / ', '2022-08-29 10:00:01.587867', NULL, NULL, 269),
	(531, NULL, '', '2022-12-31', ' /  / ', '2022-08-29 10:00:01.587867', NULL, NULL, 269),
	(532, NULL, '', '2022-12-31', ' /  / ', '2022-08-29 10:00:01.587867', NULL, NULL, 269),
	(533, NULL, '', '2022-12-31', ' /  / ', '2022-08-29 10:00:01.587867', NULL, NULL, 269),
	(534, NULL, '', '2022-12-31', ' /  / ', '2022-08-29 10:00:01.587867', NULL, NULL, 269),
	(535, NULL, '', '2022-12-31', ' /  / ', '2022-08-29 10:00:01.587867', NULL, NULL, 269),
	(536, NULL, '', '2022-12-31', ' /  / ', '2022-08-23 14:20:17.503012', NULL, NULL, 9),
	(537, NULL, '', '2022-12-31', ' /  / ', '2022-08-23 14:20:17.503012', NULL, NULL, 9),
	(538, NULL, '', '2022-12-31', ' /  / ', '2022-08-23 14:20:17.503012', NULL, NULL, 9),
	(539, NULL, '', '2022-12-31', ' /  / ', '2022-08-23 14:20:17.503012', NULL, NULL, 9),
	(540, NULL, '', '2022-12-31', ' /  / ', '2022-08-23 14:20:17.503012', NULL, NULL, 9),
	(541, NULL, '', '2022-12-31', ' /  / ', '2022-08-23 14:20:17.503012', NULL, NULL, 9),
	(542, NULL, '', '2022-12-31', ' /  / ', '2022-08-23 16:03:41.904808', NULL, NULL, 165),
	(543, NULL, '', '2022-12-31', ' /  / ', '2022-08-23 16:03:41.904808', NULL, NULL, 165),
	(544, NULL, '', '2022-12-31', ' /  / ', '2022-08-23 16:03:41.904808', NULL, NULL, 165),
	(545, NULL, '', '2022-12-31', ' /  / ', '2022-08-23 16:03:41.904808', NULL, NULL, 155),
	(546, NULL, '', '2022-12-31', ' /  / ', '2022-08-23 16:03:41.904808', NULL, NULL, 155),
	(547, NULL, '', '2022-12-31', ' /  / ', '2022-08-23 16:03:41.904808', NULL, NULL, 155),
	(548, NULL, '', '2022-12-31', ' /  / ', '2022-08-23 16:03:41.904808', NULL, NULL, 158),
	(549, NULL, '', '2022-12-31', ' /  / ', '2022-08-23 16:03:41.904808', NULL, NULL, 158),
	(550, NULL, '', '2022-12-31', ' /  / ', '2022-08-23 16:03:41.904808', NULL, NULL, 158),
	(551, NULL, '', '2022-12-31', ' /  / ', '2022-08-23 16:03:41.904808', NULL, NULL, 156),
	(552, NULL, '', '2022-12-31', ' /  / ', '2022-08-23 16:03:41.904808', NULL, NULL, 156),
	(553, NULL, '', '2022-12-31', ' /  / ', '2022-08-23 16:03:41.904808', NULL, NULL, 156),
	(554, NULL, '', '2022-12-31', ' /  / ', '2022-08-23 16:03:41.904808', NULL, NULL, 312),
	(555, NULL, '', '2022-12-31', ' /  / ', '2022-08-23 16:03:41.904808', NULL, NULL, 312),
	(556, NULL, '', '2022-12-31', ' /  / ', '2022-08-23 16:03:41.904808', NULL, NULL, 312),
	(557, NULL, '', '2022-12-31', ' /  / ', '2022-08-23 16:03:41.904808', NULL, NULL, 312),
	(558, NULL, '', NULL, ' /  / ', '2022-08-23 16:03:41.904808', NULL, NULL, 312),
	(559, NULL, '', '2022-12-31', ' /  / ', '2022-08-23 16:03:41.904808', NULL, NULL, 312),
	(560, NULL, '', '2022-12-31', ' /  / ', '2022-08-23 16:03:41.904808', NULL, NULL, 312),
	(561, NULL, '', '2022-12-31', ' /  / ', '2022-08-24 08:04:14.829016', NULL, NULL, 252),
	(562, NULL, '', '2022-12-31', ' /  / ', '2022-08-24 08:04:14.844641', NULL, NULL, 252),
	(563, NULL, '', '2022-12-31', ' /  / ', '2022-08-24 08:04:14.844641', NULL, NULL, 252),
	(564, NULL, '', '2022-12-31', ' /  / ', '2022-08-24 08:04:14.844641', NULL, NULL, 252),
	(565, NULL, '', '2022-12-31', ' /  / ', '2022-08-24 08:04:14.844641', NULL, NULL, 252),
	(566, NULL, '', '2022-12-31', ' /  / ', '2022-08-24 08:04:14.844641', NULL, NULL, 252),
	(567, NULL, '', '2022-12-31', ' /  / ', '2022-08-24 08:04:14.844641', NULL, NULL, 252),
	(568, NULL, '', '2022-12-31', ' /  / ', '2022-08-24 08:04:14.844641', NULL, NULL, 252),
	(569, NULL, '', '2022-12-31', ' /  / ', '2022-08-24 08:04:14.844641', NULL, NULL, 254),
	(570, NULL, '', '2022-12-31', ' /  / ', '2022-08-24 08:04:14.844641', NULL, NULL, 254),
	(571, NULL, '', '2022-12-31', ' /  / ', '2022-08-24 08:04:14.844641', NULL, NULL, 254),
	(572, NULL, '', '2022-12-31', ' /  / ', '2022-08-24 08:04:14.844641', NULL, NULL, 254),
	(573, NULL, '', '2022-12-31', ' /  / ', '2022-08-24 08:04:14.844641', NULL, NULL, 254),
	(574, NULL, '', '2022-12-31', ' /  / ', '2022-08-24 08:04:14.844641', NULL, NULL, 254),
	(575, NULL, '', '2022-12-31', ' /  / ', '2022-08-24 08:04:14.844641', NULL, NULL, 254),
	(576, NULL, '', '2022-12-31', ' /  / ', '2022-08-24 08:04:14.844641', NULL, NULL, 254),
	(577, NULL, '', '2022-12-31', ' /  / ', '2022-08-24 09:42:25.472745', NULL, NULL, 98),
	(578, NULL, '', '2022-12-31', ' /  / ', '2022-08-24 09:42:25.472745', NULL, NULL, 98),
	(584, NULL, '', '2022-12-31', ' /  / ', '2022-08-24 09:42:25.472745', NULL, NULL, 98),
	(585, NULL, '', '2022-12-31', ' /  / ', '2022-08-24 09:42:25.472745', NULL, NULL, 98),
	(586, NULL, '', '2022-12-31', ' /  / ', '2022-08-24 09:42:25.472745', NULL, NULL, 98),
	(587, NULL, '', '2022-12-31', ' /  / ', '2022-08-24 09:42:25.472745', NULL, NULL, 98),
	(588, NULL, '', '2022-12-31', ' /  / ', '2022-08-24 09:42:25.472745', NULL, NULL, 110),
	(589, NULL, '', '2022-12-31', ' /  / ', '2022-08-24 09:42:25.472745', NULL, NULL, 99),
	(590, NULL, '', '2022-12-31', ' /  / ', '2022-08-24 09:42:25.488374', NULL, NULL, 110),
	(591, NULL, '', '2022-12-31', ' /  / ', '2022-08-24 09:42:25.488374', NULL, NULL, 110),
	(592, NULL, '', '2022-12-31', ' /  / ', '2022-08-24 09:42:25.488374', NULL, NULL, 110),
	(593, NULL, '', '2022-12-31', ' /  / ', '2022-08-24 09:42:25.488374', NULL, NULL, 110),
	(594, NULL, '', '2022-12-31', ' /  / ', '2022-08-24 09:42:25.472745', NULL, NULL, 99),
	(595, NULL, '', '2022-08-31', ' /  / ', '2022-08-24 09:42:25.472745', NULL, NULL, 101),
	(596, NULL, '', '2022-12-31', ' /  / ', '2022-08-24 09:42:25.472745', NULL, NULL, 101),
	(597, NULL, '', '2022-12-31', ' /  / ', '2022-08-24 09:42:25.472745', NULL, NULL, 101),
	(598, NULL, '', '2022-12-31', ' /  / ', '2022-08-24 09:42:25.472745', NULL, NULL, 101),
	(599, NULL, '', '2022-12-31', ' /  / ', '2022-08-24 09:42:25.472745', NULL, NULL, 101),
	(600, NULL, '', '2022-12-31', ' /  / ', '2022-08-24 09:42:25.472745', NULL, NULL, 101),
	(601, NULL, '', '2022-12-31', ' /  / ', '2022-08-24 09:42:25.472745', NULL, NULL, 101),
	(602, NULL, '', '2022-12-31', ' /  / ', '2022-08-25 14:20:54.165752', NULL, NULL, 278),
	(603, NULL, '', '2022-12-31', ' /  / ', '2022-08-25 14:20:54.165752', NULL, NULL, 278),
	(604, NULL, '', '2022-12-31', ' /  / ', '2022-08-25 14:20:54.165752', NULL, NULL, 278),
	(605, NULL, '', '2022-12-31', ' /  / ', '2022-08-25 14:20:54.165752', NULL, NULL, 278),
	(606, NULL, '', '2022-12-31', ' /  / ', '2022-08-25 14:20:54.165752', NULL, NULL, 278),
	(607, NULL, '', '2022-12-31', ' /  / ', '2022-08-25 14:20:54.165752', NULL, NULL, 278),
	(608, NULL, '', '2022-12-31', ' /  / ', '2022-08-25 14:20:54.150126', NULL, NULL, 274),
	(609, NULL, '', '2022-12-31', ' /  / ', '2022-08-25 14:20:54.150126', NULL, NULL, 274),
	(610, NULL, '', '2022-12-31', ' /  / ', '2022-08-25 14:20:54.150126', NULL, NULL, 274),
	(611, NULL, '', '2022-12-31', ' /  / ', '2022-08-25 14:20:54.150126', NULL, NULL, 274),
	(612, NULL, '', '2022-12-31', ' /  / ', '2022-08-25 14:20:54.150126', NULL, NULL, 274),
	(613, NULL, '', '2022-12-31', ' /  / ', '2022-08-25 14:20:54.165752', NULL, NULL, 274),
	(614, NULL, '', '2022-12-31', ' /  / ', '2022-08-25 14:20:54.165752', NULL, NULL, 276),
	(615, NULL, '', '2022-12-31', ' /  / ', '2022-08-25 14:20:54.165752', NULL, NULL, 276),
	(616, NULL, '', '2022-12-31', ' /  / ', '2022-08-25 14:20:54.165752', NULL, NULL, 276),
	(617, NULL, '', '2022-12-31', ' /  / ', '2022-08-25 14:20:54.165752', NULL, NULL, 276),
	(618, NULL, ',', '2022-12-31', ' /  / ', '2022-08-25 14:20:54.165752', NULL, NULL, 276),
	(619, NULL, '', '2022-12-31', ' /  / ', '2022-08-25 14:20:54.165752', NULL, NULL, 276),
	(620, NULL, '', '2022-12-31', ' /  / ', '2022-08-25 14:20:54.165752', NULL, NULL, 275),
	(621, NULL, '', '2022-12-31', ' /  / ', '2022-08-25 14:20:54.165752', NULL, NULL, 275),
	(622, NULL, '', '2022-12-31', ' /  / ', '2022-08-25 14:20:54.165752', NULL, NULL, 275),
	(623, NULL, '', '2022-12-31', ' /  / ', '2022-08-25 14:20:54.165752', NULL, NULL, 275),
	(624, NULL, '', '2022-12-31', ' /  / ', '2022-08-25 14:20:54.165752', NULL, NULL, 275),
	(625, NULL, '', '2022-12-31', ' /  / ', '2022-08-25 14:20:54.165752', NULL, NULL, 275),
	(626, NULL, '', '2022-12-31', ' /  / ', '2022-08-25 14:20:54.165752', NULL, NULL, 277),
	(627, NULL, '', '2022-12-31', ' /  / ', '2022-08-25 14:20:54.165752', NULL, NULL, 277),
	(628, NULL, '', '2022-12-31', ' /  / ', '2022-08-25 14:20:54.165752', NULL, NULL, 277),
	(629, NULL, '', '2022-12-31', ' /  / ', '2022-08-25 14:20:54.165752', NULL, NULL, 277),
	(630, NULL, '', '2022-12-31', ' /  / ', '2022-08-25 14:20:54.165752', NULL, NULL, 277),
	(631, NULL, '', '2022-12-31', ' /  / ', '2022-08-25 14:20:54.165752', NULL, NULL, 277),
	(632, NULL, '', '2022-12-31', ' /  / ', '2022-08-25 14:20:54.150126', NULL, NULL, 273),
	(633, NULL, '', '2022-12-31', ' /  / ', '2022-08-25 14:20:54.150126', NULL, NULL, 273),
	(634, NULL, '', '2022-12-31', ' /  / ', '2022-08-25 14:20:54.150126', NULL, NULL, 273),
	(635, NULL, '', '2022-12-31', ' /  / ', '2022-08-25 14:20:54.150126', NULL, NULL, 273),
	(636, NULL, '', '2022-12-31', ' /  / ', '2022-08-25 14:20:54.150126', NULL, NULL, 273),
	(637, NULL, '', '2022-12-31', ' /  / ', '2022-08-25 14:20:54.150126', NULL, NULL, 273),
	(638, NULL, '', '2022-12-31', ' /  / ', '2022-08-25 14:20:54.150126', NULL, NULL, 273),
	(639, NULL, '', '2022-12-31', ' /  / ', '2022-08-25 14:20:54.150126', NULL, NULL, 273),
	(640, NULL, ':', '2022-12-31', ' /  / ', '2022-08-25 14:20:54.165752', NULL, NULL, 336),
	(641, NULL, '', '2022-12-31', ' /  / ', '2022-08-25 14:20:54.165752', NULL, NULL, 336),
	(642, NULL, '', '2022-12-31', ' /  / ', '2022-08-25 14:20:54.165752', NULL, NULL, 336),
	(643, NULL, '', '2022-12-31', ' /  / ', '2022-08-25 14:20:54.165752', NULL, NULL, 336),
	(644, NULL, '', '2022-12-31', ' /  / ', '2022-08-25 14:20:54.165752', NULL, NULL, 336),
	(645, NULL, ',', '2022-12-31', ' /  / ', '2022-08-25 14:20:54.165752', NULL, NULL, 336),
	(646, NULL, '', '2022-12-31', ' /  / ', '2022-08-25 14:20:54.165752', NULL, NULL, 336),
	(647, NULL, '', '2022-12-31', ' /  / ', '2022-08-25 14:20:54.165752', NULL, NULL, 325),
	(648, NULL, '', '2022-12-31', ' /  / ', '2022-08-25 14:20:54.165752', NULL, NULL, 325),
	(649, NULL, '', '2022-12-31', ' /  / ', '2022-08-25 14:20:54.165752', NULL, NULL, 325),
	(650, NULL, '', '2022-12-31', ' /  / ', '2022-08-25 14:20:54.165752', NULL, NULL, 325),
	(651, NULL, '', '2022-12-31', ' /  / ', '2022-08-25 14:20:54.165752', NULL, NULL, 325),
	(652, NULL, '', '2022-12-31', ' /  / ', '2022-08-25 14:20:54.165752', NULL, NULL, 325),
	(653, NULL, '', '2022-12-31', ' /  / ', '2022-08-25 14:20:54.165752', NULL, NULL, 325),
	(654, NULL, '', '2022-12-31', ' /  / ', '2022-08-25 15:36:48.920004', NULL, NULL, 245),
	(655, NULL, '', '2022-12-31', ' /  / ', '2022-08-25 15:36:48.920004', NULL, NULL, 245),
	(656, NULL, '', '2022-12-31', ' /  / ', '2022-08-25 15:36:48.920004', NULL, NULL, 245),
	(657, NULL, '', '2022-12-31', ' /  / ', '2022-08-25 15:36:48.920004', NULL, NULL, 245),
	(658, NULL, '', '2022-12-31', ' /  / ', '2022-08-25 15:36:48.920004', NULL, NULL, 245),
	(661, NULL, '', '2022-08-31', ' /  / ', '2022-08-30 09:07:33.179657', NULL, NULL, 215),
	(662, NULL, '', '2022-12-31', ' /  / ', '2022-08-30 09:07:33.179657', NULL, NULL, 215),
	(663, NULL, '', '2022-12-31', ' /  / ', '2022-08-30 09:07:33.179657', NULL, NULL, 215),
	(664, NULL, '', '2022-12-31', ' /  / ', '2022-08-30 09:07:33.179657', NULL, NULL, 215),
	(665, NULL, '', '2022-12-31', ' /  / ', '2022-08-30 09:07:33.179657', NULL, NULL, 215),
	(666, NULL, '', '2022-12-31', ' /  / ', '2022-08-30 09:07:33.179657', NULL, NULL, 215),
	(667, NULL, '', '2022-12-31', ' /  / ', '2022-08-30 09:07:33.179657', NULL, NULL, 215),
	(668, NULL, '', '2022-12-31', ' /  / ', '2022-08-25 15:36:48.935630', NULL, NULL, 331),
	(669, NULL, '', '2022-12-31', ' /  / ', '2022-08-25 15:36:48.935630', NULL, NULL, 331),
	(671, NULL, '', '2022-12-31', ' /  / ', '2022-08-25 15:36:48.935630', NULL, NULL, 331),
	(672, NULL, '', '2022-12-31', ' /  / ', '2022-08-25 15:36:48.935630', NULL, NULL, 331),
	(673, NULL, '', '2022-12-31', ' /  / ', '2022-08-25 15:36:48.935630', NULL, NULL, 331),
	(674, NULL, '', '2022-12-31', ' /  / ', '2022-08-25 15:36:48.935630', NULL, NULL, 331),
	(675, NULL, '', '2022-12-31', ' /  / ', '2022-08-25 15:36:48.920004', NULL, NULL, 246),
	(676, NULL, '', '2022-12-31', ' /  / ', '2022-08-25 15:36:48.920004', NULL, NULL, 246),
	(677, NULL, '', '2022-12-31', ' /  / ', '2022-08-25 15:36:48.920004', NULL, NULL, 246),
	(678, NULL, '', '2022-12-31', ' /  / ', '2022-08-25 15:36:48.935630', NULL, NULL, 246),
	(679, NULL, '', '2022-12-31', ' /  / ', '2022-08-25 15:36:48.935630', NULL, NULL, 246),
	(680, NULL, '', '2022-12-31', ' /  / ', '2022-08-25 15:36:48.935630', NULL, NULL, 246),
	(681, NULL, '', '2022-12-31', ' /  / ', '2022-08-25 15:36:48.935630', NULL, NULL, 246),
	(682, NULL, '', '2022-12-31', ' /  / ', '2022-08-25 15:36:48.935630', NULL, NULL, 246),
	(683, NULL, '', '2022-12-31', ' /  / ', '2022-08-25 15:36:48.935630', NULL, NULL, 246),
	(684, NULL, '', '2022-12-31', ' /  / ', '2022-08-25 15:36:48.935630', NULL, NULL, 248),
	(685, NULL, '', '2022-12-31', ' /  / ', '2022-08-25 15:36:48.935630', NULL, NULL, 248),
	(686, NULL, '', '2022-12-31', ' /  / ', '2022-08-25 15:36:48.935630', NULL, NULL, 248),
	(687, NULL, '', '2022-12-31', ' /  / ', '2022-08-25 15:36:48.935630', NULL, NULL, 248),
	(688, NULL, '', '2022-12-31', ' /  / ', '2022-08-25 15:36:48.935630', NULL, NULL, 248),
	(689, NULL, '', '2022-12-31', ' /  / ', '2022-08-25 15:36:48.935630', NULL, NULL, 248),
	(690, NULL, '6080', '2022-12-31', ' /  / ', '2022-08-25 15:36:48.935630', NULL, NULL, 249),
	(691, NULL, '', '2022-12-31', ' /  / ', '2022-08-25 15:36:48.935630', NULL, NULL, 249),
	(692, NULL, '', '2022-12-31', ' /  / ', '2022-08-25 15:36:48.935630', NULL, NULL, 249),
	(693, NULL, '', '2022-12-31', ' /  / ', '2022-08-25 15:36:48.935630', NULL, NULL, 249),
	(694, NULL, '', '2022-12-31', ' /  / ', '2022-08-25 15:36:48.935630', NULL, NULL, 249),
	(695, NULL, '', '2022-12-31', ' /  / ', '2022-08-25 15:36:48.935630', NULL, NULL, 249),
	(697, NULL, '', '2022-12-31', ' /  / ', '2022-08-25 15:36:48.920004', NULL, NULL, 242),
	(698, NULL, '', '2022-12-31', ' /  / ', '2022-08-25 15:36:48.920004', NULL, NULL, 242),
	(699, NULL, '', '2022-12-31', ' /  / ', '2022-08-25 15:36:48.920004', NULL, NULL, 242),
	(700, NULL, '', '2022-12-31', ' /  / ', '2022-08-25 15:36:48.920004', NULL, NULL, 242),
	(701, NULL, '', '2022-12-31', ' /  / ', '2022-08-25 15:36:48.920004', NULL, NULL, 242),
	(702, NULL, '', '2022-12-31', ' /  / ', '2022-08-25 15:36:48.920004', NULL, NULL, 242),
	(703, NULL, '', '2022-08-25', ' /  / ', '2022-08-25 15:36:48.935630', NULL, NULL, 331),
	(704, NULL, '', '2022-12-31', ' /  / ', '2022-08-25 15:36:48.920004', NULL, NULL, 244),
	(705, NULL, '', '2022-12-31', ' /  / ', '2022-08-25 15:36:48.920004', NULL, NULL, 244),
	(706, NULL, '', '2022-12-31', ' /  / ', '2022-08-25 15:36:48.920004', NULL, NULL, 244),
	(707, NULL, '', '2022-12-31', ' /  / ', '2022-08-25 15:36:48.920004', NULL, NULL, 244),
	(708, NULL, '', '2022-12-31', ' /  / ', '2022-08-25 15:36:48.920004', NULL, NULL, 244),
	(709, NULL, '', '2022-12-31', ' /  / ', '2022-08-25 15:36:48.920004', NULL, NULL, 244),
	(710, NULL, '', '2022-12-31', ' /  / ', '2022-08-25 15:36:48.920004', NULL, NULL, 245),
	(711, NULL, '', '2022-12-31', ' /  / ', '2022-08-25 15:36:48.920004', NULL, NULL, 243),
	(712, NULL, '', '2022-12-31', ' /  / ', '2022-08-25 15:36:48.920004', NULL, NULL, 243),
	(713, NULL, '', '2022-12-31', ' /  / ', '2022-08-25 15:36:48.920004', NULL, NULL, 243),
	(714, NULL, '', '2022-12-31', ' /  / ', '2022-08-25 15:36:48.920004', NULL, NULL, 243),
	(715, NULL, '', '2022-12-31', ' /  / ', '2022-08-25 15:36:48.920004', NULL, NULL, 243),
	(716, NULL, '', '2022-12-31', ' /  / ', '2022-08-25 15:36:48.920004', NULL, NULL, 243),
	(717, NULL, '', '2022-12-31', ' /  / ', '2022-08-25 15:36:48.935630', NULL, NULL, 247),
	(718, NULL, '', '2022-12-31', ' /  / ', '2022-08-25 15:36:48.935630', NULL, NULL, 247),
	(719, NULL, '', '2022-12-31', ' /  / ', '2022-08-25 15:36:48.935630', NULL, NULL, 247),
	(720, NULL, '', '2022-12-31', ' /  / ', '2022-08-25 15:36:48.935630', NULL, NULL, 247),
	(721, NULL, '', '2022-12-31', ' /  / ', '2022-08-25 15:36:48.935630', NULL, NULL, 247),
	(722, NULL, '', '2022-12-31', ' /  / ', '2022-08-25 15:36:48.935630', NULL, NULL, 247),
	(723, NULL, '', '2022-12-31', ' /  / ', '2022-08-25 15:36:48.935630', NULL, NULL, 320),
	(724, NULL, '', '2022-12-31', ' /  / ', '2022-08-25 15:36:48.935630', NULL, NULL, 320),
	(725, NULL, '', '2022-12-31', ' /  / ', '2022-08-25 15:36:48.935630', NULL, NULL, 320),
	(726, NULL, '', '2022-12-31', ' /  / ', '2022-08-25 15:36:48.935630', NULL, NULL, 320),
	(727, NULL, '', '2022-12-31', ' /  / ', '2022-08-25 15:36:48.935630', NULL, NULL, 320),
	(728, NULL, '', '2022-12-31', ' /  / ', '2022-08-25 15:36:48.935630', NULL, NULL, 320),
	(729, NULL, '', '2022-12-31', ' /  / ', '2022-08-30 10:54:53.331852', NULL, NULL, 345),
	(730, NULL, '', '2022-12-31', ' /  / ', '2022-08-30 10:54:53.331852', NULL, NULL, 345),
	(731, NULL, '', '2022-12-31', ' /  / ', '2022-08-30 10:54:53.331852', NULL, NULL, 345),
	(732, NULL, '', '2022-12-31', ' /  / ', '2022-08-30 10:54:53.331852', NULL, NULL, 345),
	(733, NULL, '', '2022-12-31', ' /  / ', '2022-08-30 10:54:53.331852', NULL, NULL, 345),
	(734, NULL, '', '2022-12-31', ' /  / ', '2022-08-30 10:54:53.331852', NULL, NULL, 344),
	(735, NULL, '', '2022-12-31', ' /  / ', '2022-08-30 10:54:53.331852', NULL, NULL, 344),
	(736, NULL, '', '2022-12-31', ' /  / ', '2022-08-30 10:54:53.331852', NULL, NULL, 344),
	(737, NULL, '', '2022-12-31', ' /  / ', '2022-08-30 10:54:53.331852', NULL, NULL, 344),
	(738, NULL, '', '2022-12-31', ' /  / ', '2022-08-30 10:54:53.331852', NULL, NULL, 344),
	(739, NULL, '', '2022-12-31', ' /  / ', '2022-08-30 10:54:53.331852', NULL, NULL, 344),
	(741, NULL, '', '2022-12-31', ' /  / ', '2022-08-29 10:00:01.572240', NULL, NULL, 267),
	(742, NULL, '', '2022-08-31', ' /  / ', '2022-08-29 10:00:01.572240', NULL, NULL, 267),
	(743, NULL, '', '2022-12-31', ' /  / ', '2022-08-29 10:00:01.587867', NULL, NULL, 267),
	(744, NULL, '', '2022-12-31', ' /  / ', '2022-08-29 10:00:01.587867', NULL, NULL, 267),
	(745, NULL, '', '2022-12-31', ' /  / ', '2022-08-29 10:00:01.587867', NULL, NULL, 267),
	(746, NULL, '', '2022-12-31', ' /  / ', '2022-08-29 10:00:01.587867', NULL, NULL, 267),
	(747, NULL, '', '2022-12-31', ' /  / ', '2022-08-29 10:00:01.587867', NULL, NULL, 267),
	(748, NULL, '', '2022-12-31', ' /  / ', '2022-08-29 10:00:01.587867', NULL, NULL, 267),
	(749, NULL, '', '2022-12-31', ' /  / ', '2022-08-29 10:00:01.587867', NULL, NULL, 267),
	(750, NULL, '', '2022-12-31', ' /  / ', '2022-08-29 12:00:10.789079', NULL, NULL, 319),
	(751, NULL, '', '2022-12-31', ' /  / ', '2022-08-29 12:00:10.789079', NULL, NULL, 319),
	(752, NULL, '', '2022-12-31', ' /  / ', '2022-08-29 12:00:10.789079', NULL, NULL, 319),
	(753, NULL, '', '2022-12-31', ' /  / ', '2022-08-29 12:00:10.789079', NULL, NULL, 319),
	(754, NULL, '', '2022-12-31', ' /  / ', '2022-08-29 12:00:10.789079', NULL, NULL, 319),
	(755, NULL, '', '2022-12-31', ' /  / ', '2022-08-29 12:00:10.804728', NULL, NULL, 319),
	(756, NULL, '', '2022-12-31', ' /  / ', '2022-08-29 09:37:02.773120', NULL, NULL, 134),
	(757, NULL, '', '2022-12-31', ' /  / ', '2022-08-29 09:37:02.773120', NULL, NULL, 134),
	(758, NULL, '', '2022-12-31', ' /  / ', '2022-08-29 09:37:02.773120', NULL, NULL, 134),
	(759, NULL, '', '2022-12-31', ' /  / ', '2022-08-29 09:37:02.773120', NULL, NULL, 134),
	(760, NULL, '', '2022-12-31', ' /  / ', '2022-08-29 09:37:02.773120', NULL, NULL, 134),
	(761, NULL, '', '2022-12-31', ' /  / ', '2022-08-29 09:37:02.773120', NULL, NULL, 134),
	(762, NULL, '', '2022-12-31', ' /  / ', '2022-08-29 09:37:02.773120', NULL, NULL, 139),
	(763, NULL, '', '2022-12-31', ' /  / ', '2022-08-29 09:37:02.773120', NULL, NULL, 139),
	(764, NULL, '', '2022-12-31', ' /  / ', '2022-08-29 09:37:02.773120', NULL, NULL, 139),
	(765, NULL, '', '2022-12-31', ' /  / ', '2022-08-29 09:37:02.773120', NULL, NULL, 139),
	(766, NULL, '', '2022-12-31', ' /  / ', '2022-08-29 09:37:02.773120', NULL, NULL, 139),
	(767, NULL, '', '2022-12-31', ' /  / ', '2022-08-29 11:59:47.814949', NULL, NULL, 236),
	(768, NULL, '', '2022-12-31', ' /  / ', '2022-08-29 11:59:47.814949', NULL, NULL, 236),
	(769, NULL, '', '2022-12-31', ' /  / ', '2022-08-29 11:59:47.814949', NULL, NULL, 236),
	(770, NULL, '', '2022-12-31', ' /  / ', '2022-08-29 11:59:47.814949', NULL, NULL, 236),
	(771, NULL, '', '2022-12-31', ' /  / ', '2022-08-29 11:59:47.814949', NULL, NULL, 236),
	(772, NULL, '', '2022-12-31', ' /  / ', '2022-08-29 11:59:47.814949', NULL, NULL, 236),
	(773, NULL, '', '2022-12-31', ' /  / ', '2022-08-29 09:37:02.773120', NULL, NULL, 139),
	(774, NULL, '', '2022-12-31', ' /  / ', '2022-08-29 11:59:47.814949', NULL, NULL, 239),
	(775, NULL, '', '2022-12-31', ' /  / ', '2022-08-29 11:59:47.814949', NULL, NULL, 239),
	(776, NULL, '', '2022-12-31', ' /  / ', '2022-08-29 11:59:47.814949', NULL, NULL, 239),
	(777, NULL, '', '2022-12-31', ' /  / ', '2022-08-29 11:59:47.814949', NULL, NULL, 239),
	(778, NULL, '', '2022-12-31', ' /  / ', '2022-08-29 11:59:47.814949', NULL, NULL, 239),
	(779, NULL, '', '2022-12-31', ' /  / ', '2022-08-29 09:37:02.773120', NULL, NULL, 342),
	(780, NULL, '', '2022-12-31', ' /  / ', '2022-08-29 09:37:02.773120', NULL, NULL, 342),
	(781, NULL, '', '2022-12-31', ' /  / ', '2022-08-29 09:37:02.773120', NULL, NULL, 342),
	(782, NULL, '', '2022-12-31', ' /  / ', '2022-08-29 09:37:02.773120', NULL, NULL, 342),
	(783, NULL, '', '2022-12-31', ' /  / ', '2022-08-29 09:37:02.773120', NULL, NULL, 342),
	(784, NULL, '', '2022-12-31', ' /  / ', '2022-08-29 09:37:02.773120', NULL, NULL, 342),
	(785, NULL, 'http://36.22.182.118:8880/1', '2022-12-31', ' /  / ', '2022-08-29 10:00:01.603492', NULL, NULL, 271),
	(786, NULL, '', '2022-12-30', ' /  / ', '2022-08-29 10:00:01.603492', NULL, NULL, 271),
	(787, NULL, '', '2022-12-31', ' /  / ', '2022-08-29 10:00:01.603492', NULL, NULL, 271),
	(788, NULL, '', '2022-12-31', ' /  / ', '2022-08-29 10:00:01.603492', NULL, NULL, 271),
	(789, NULL, '', '2022-12-31', ' /  / ', '2022-08-29 10:00:01.603492', NULL, NULL, 271),
	(790, NULL, '', '2022-12-31', ' /  / ', '2022-08-29 10:00:01.603492', NULL, NULL, 271),
	(791, NULL, '', '2022-12-31', ' /  / ', '2022-08-29 10:00:01.603492', NULL, NULL, 271),
	(792, NULL, '', '2022-12-31', ' /  / ', '2022-08-30 08:48:01.851903', NULL, NULL, 318),
	(793, NULL, '', '2022-12-31', ' /  / ', '2022-08-30 08:48:01.851903', NULL, NULL, 318),
	(794, NULL, '', '2022-12-31', ' /  / ', '2022-08-30 08:48:01.851903', NULL, NULL, 318),
	(795, NULL, '\n', '2022-12-31', ' /  / ', '2022-08-30 08:48:01.851903', NULL, NULL, 318),
	(796, NULL, '\n', '2022-12-31', ' /  / ', '2022-08-30 08:48:01.851903', NULL, NULL, 318),
	(797, NULL, '', '2022-12-31', ' /  / ', '2022-08-30 08:48:01.851903', NULL, NULL, 318),
	(798, NULL, 'G524\n', '2022-12-31', ' /  / ', '2022-08-26 17:33:51.284465', NULL, NULL, 19),
	(799, NULL, '', '2022-12-31', ' /  / ', '2022-08-26 17:33:51.284465', NULL, NULL, 19),
	(800, NULL, '', '2022-12-31', ' /  / ', '2022-08-26 17:33:51.284465', NULL, NULL, 19),
	(801, NULL, '\n\n', '2022-12-31', ' /  / ', '2022-08-26 17:33:51.284465', NULL, NULL, 19),
	(802, NULL, '', '2022-12-31', ' /  / ', '2022-08-26 17:33:51.284465', NULL, NULL, 19),
	(803, NULL, '', '2022-12-31', ' /  / ', '2022-08-26 17:33:51.284465', NULL, NULL, 19),
	(804, NULL, '', '2022-12-31', ' /  / ', '2022-08-26 17:33:51.284465', NULL, NULL, 19),
	(805, NULL, '', '2022-12-31', ' /  / ', '2022-08-29 10:00:01.603492', NULL, NULL, 272),
	(806, NULL, '', '2022-12-31', ' /  / ', '2022-08-29 10:00:01.603492', NULL, NULL, 272),
	(807, NULL, '', '2022-12-31', ' /  / ', '2022-08-29 10:00:01.603492', NULL, NULL, 272),
	(808, NULL, '1\n2', '2022-12-31', ' /  / ', '2022-08-29 10:00:01.603492', NULL, NULL, 272),
	(809, NULL, '', '2022-12-31', ' /  / ', '2022-08-29 10:00:01.603492', NULL, NULL, 272),
	(810, NULL, '', '2022-12-31', ' /  / ', '2022-08-29 10:00:01.603492', NULL, NULL, 272),
	(811, NULL, '', '2022-12-31', ' /  / ', '2022-08-29 10:00:01.587867', NULL, NULL, 270),
	(815, NULL, '', '2022-08-27', ' /  / ', '2022-08-29 10:00:01.587867', NULL, NULL, 270),
	(817, NULL, '', '2022-08-27', ' /  / ', '2022-08-29 10:00:01.587867', NULL, NULL, 270),
	(818, NULL, '', '2022-08-27', ' /  / ', '2022-08-29 10:00:01.603492', NULL, NULL, 270),
	(819, NULL, '', '2022-08-27', ' /  / ', '2022-08-29 10:00:01.603492', NULL, NULL, 270),
	(820, NULL, '524', '2022-12-31', ' /  / ', '2022-08-30 08:03:03.484390', NULL, NULL, 327),
	(821, NULL, '', '2022-12-31', ' /  / ', '2022-08-30 08:03:03.484390', NULL, NULL, 327),
	(822, NULL, '', '2022-12-31', ' /  / ', '2022-08-30 08:03:03.484390', NULL, NULL, 327),
	(823, NULL, '', '2022-12-31', ' /  / ', '2022-08-30 08:03:03.484390', NULL, NULL, 327),
	(824, NULL, '', '2022-12-31', ' /  / ', '2022-08-30 08:03:03.484390', NULL, NULL, 327),
	(825, NULL, '', '2022-12-31', ' /  / ', '2022-08-30 08:03:03.484390', NULL, NULL, 327),
	(826, NULL, '6080', '2022-12-31', ' /  / ', '2022-08-30 08:03:03.468769', NULL, NULL, 285),
	(827, NULL, '', '2022-12-31', ' /  / ', '2022-08-30 08:03:03.468769', NULL, NULL, 285),
	(828, NULL, '', '2022-12-31', ' /  / ', '2022-08-30 08:03:03.468769', NULL, NULL, 285),
	(829, NULL, '', '2022-12-31', ' /  / ', '2022-08-30 08:03:03.468769', NULL, NULL, 285),
	(830, NULL, '', '2022-12-31', ' /  / ', '2022-08-30 08:03:03.468769', NULL, NULL, 285),
	(831, NULL, '', '2022-12-31', ' /  / ', '2022-08-30 08:03:03.468769', NULL, NULL, 285),
	(832, NULL, '524', '2022-12-31', ' /  / ', '2022-08-30 08:03:03.468769', NULL, NULL, 283),
	(833, NULL, '', '2022-12-31', ' /  / ', '2022-08-30 08:03:03.468769', NULL, NULL, 283),
	(834, NULL, '', '2022-12-31', ' /  / ', '2022-08-30 08:03:03.468769', NULL, NULL, 283),
	(835, NULL, '', '2022-12-31', ' /  / ', '2022-08-30 08:03:03.468769', NULL, NULL, 283),
	(836, NULL, '', '2022-12-31', ' /  / ', '2022-08-30 08:03:03.468769', NULL, NULL, 283),
	(837, NULL, '', '2022-12-31', ' /  / ', '2022-08-30 08:03:03.468769', NULL, NULL, 283),
	(838, NULL, '', '2022-12-31', ' /  / ', '2022-08-30 08:03:03.484390', NULL, NULL, 287),
	(839, NULL, '', '2022-08-31', ' /  / ', '2022-08-30 08:03:03.484390', NULL, NULL, 287),
	(840, NULL, '', '2022-12-31', ' /  / ', '2022-08-30 08:03:03.484390', NULL, NULL, 287),
	(841, NULL, '', '2022-08-31', ' /  / ', '2022-08-30 08:03:03.484390', NULL, NULL, 287),
	(842, NULL, '', '2022-12-31', ' /  / ', '2022-08-30 08:03:03.484390', NULL, NULL, 287),
	(843, NULL, '', '2022-12-31', ' /  / ', '2022-08-30 08:03:03.484390', NULL, NULL, 287),
	(844, NULL, '', '2022-12-31', ' /  / ', '2022-08-30 08:03:03.468769', NULL, NULL, 286),
	(845, NULL, '', '2022-12-31', ' /  / ', '2022-08-30 08:03:03.468769', NULL, NULL, 286),
	(846, NULL, '', '2022-12-31', ' /  / ', '2022-08-30 08:03:03.484390', NULL, NULL, 286),
	(847, NULL, '', '2022-12-31', ' /  / ', '2022-08-30 08:03:03.484390', NULL, NULL, 286),
	(848, NULL, '', '2022-12-31', ' /  / ', '2022-08-30 08:03:03.484390', NULL, NULL, 286),
	(849, NULL, '', '2022-12-31', ' /  / ', '2022-08-30 08:03:03.484390', NULL, NULL, 286),
	(850, NULL, '', '2022-12-31', ' /  / ', '2022-08-30 08:03:03.468769', NULL, NULL, 284),
	(851, NULL, '', '2022-12-31', ' /  / ', '2022-08-30 08:03:03.468769', NULL, NULL, 284),
	(852, NULL, '', '2022-12-31', ' /  / ', '2022-08-30 08:03:03.468769', NULL, NULL, 284),
	(853, NULL, '', '2022-12-31', ' /  / ', '2022-08-30 08:03:03.468769', NULL, NULL, 284),
	(854, NULL, '', '2022-12-31', ' /  / ', '2022-08-30 08:03:03.468769', NULL, NULL, 284),
	(855, NULL, '', '2022-12-31', ' /  / ', '2022-08-30 08:03:03.468769', NULL, NULL, 284),
	(856, NULL, '524', '2022-12-31', ' /  / ', '2022-08-30 08:03:03.484390', NULL, NULL, 338),
	(857, NULL, '', '2022-12-31', ' /  / ', '2022-08-30 08:03:03.484390', NULL, NULL, 338),
	(859, NULL, '', '2022-12-31', ' /  / ', '2022-08-30 08:03:03.484390', NULL, NULL, 338),
	(860, NULL, '', '2022-12-31', ' /  / ', '2022-08-30 08:03:03.484390', NULL, NULL, 338),
	(861, NULL, '', '2022-12-31', ' /  / ', '2022-08-30 08:03:03.484390', NULL, NULL, 338),
	(862, NULL, '', '2022-12-31', ' /  / ', '2022-08-30 08:03:03.484390', NULL, NULL, 338),
	(864, NULL, '', '2022-12-30', ' /  / ', '2022-08-30 10:54:53.316229', NULL, NULL, 282),
	(865, NULL, '', '2022-12-30', ' /  / ', '2022-08-30 10:54:53.316229', NULL, NULL, 282),
	(866, NULL, '', '2022-12-30', ' /  / ', '2022-08-30 10:54:53.316229', NULL, NULL, 282),
	(867, NULL, '', '2022-12-30', ' /  / ', '2022-08-30 10:54:53.316229', NULL, NULL, 282),
	(868, NULL, '', '2022-12-30', ' /  / ', '2022-08-30 10:54:53.316229', NULL, NULL, 282),
	(869, NULL, '', '2022-12-30', ' /  / ', '2022-08-30 10:54:53.316229', NULL, NULL, 281),
	(870, NULL, '', '2022-12-30', ' /  / ', '2022-08-30 10:54:53.316229', NULL, NULL, 281),
	(871, NULL, '', '2022-12-30', ' /  / ', '2022-08-30 10:54:53.316229', NULL, NULL, 281),
	(872, NULL, '', '2022-12-30', ' /  / ', '2022-08-30 10:54:53.316229', NULL, NULL, 281),
	(873, NULL, '', '2022-12-30', ' /  / ', '2022-08-30 10:54:53.316229', NULL, NULL, 281),
	(874, NULL, '', '2022-12-30', ' /  / ', '2022-08-30 10:54:53.316229', NULL, NULL, 281),
	(875, NULL, '', '2022-12-30', ' /  / ', '2022-08-30 10:54:53.300602', NULL, NULL, 226),
	(876, NULL, '', '2022-12-30', ' /  / ', '2022-08-30 10:54:53.300602', NULL, NULL, 226),
	(877, NULL, '', '2022-12-30', ' /  / ', '2022-08-30 10:54:53.300602', NULL, NULL, 226),
	(878, NULL, '', '2022-12-30', ' /  / ', '2022-08-30 10:54:53.300602', NULL, NULL, 226),
	(879, NULL, '', '2022-12-30', ' /  / ', '2022-08-30 10:54:53.300602', NULL, NULL, 226),
	(880, NULL, '', '2022-12-30', ' /  / ', '2022-08-30 10:54:53.300602', NULL, NULL, 226),
	(882, NULL, ' ', '2022-12-30', ' /  / ', '2022-08-30 10:54:53.316229', NULL, NULL, 279),
	(883, NULL, '', '2022-12-30', ' /  / ', '2022-08-30 10:54:53.316229', NULL, NULL, 279),
	(884, NULL, '', '2022-12-30', ' /  / ', '2022-08-30 10:54:53.316229', NULL, NULL, 279),
	(885, NULL, '', '2022-12-30', ' /  / ', '2022-08-30 10:54:53.316229', NULL, NULL, 279),
	(886, NULL, '', '2022-12-30', ' /  / ', '2022-08-30 10:54:53.316229', NULL, NULL, 279),
	(887, NULL, '\n', '2022-12-30', ' /  / ', '2022-08-30 10:54:53.331852', NULL, NULL, 337),
	(888, NULL, '', '2022-12-30', ' /  / ', '2022-08-30 10:54:53.331852', NULL, NULL, 337),
	(889, NULL, '\n', '2022-12-30', ' /  / ', '2022-08-30 10:54:53.331852', NULL, NULL, 337),
	(890, NULL, '\n', '2022-12-30', ' /  / ', '2022-08-30 10:54:53.331852', NULL, NULL, 337),
	(891, NULL, '', '2022-12-30', ' /  / ', '2022-08-30 10:54:53.331852', NULL, NULL, 337),
	(892, NULL, '', '2022-12-30', ' /  / ', '2022-08-30 10:54:53.331852', NULL, NULL, 337),
	(893, NULL, '', '2022-12-30', ' /  / ', '2022-08-30 10:54:53.316229', NULL, NULL, 326),
	(894, NULL, '\n', '2022-12-30', ' /  / ', '2022-08-30 10:54:53.316229', NULL, NULL, 326),
	(895, NULL, '\n', '2022-12-30', ' /  / ', '2022-08-30 10:54:53.316229', NULL, NULL, 326),
	(896, NULL, '\n', '2022-12-30', ' /  / ', '2022-08-30 10:54:53.316229', NULL, NULL, 326),
	(897, NULL, '', '2022-12-30', ' /  / ', '2022-08-30 10:54:53.316229', NULL, NULL, 326),
	(898, NULL, '', '2022-12-30', ' /  / ', '2022-08-30 10:54:53.331852', NULL, NULL, 326),
	(899, NULL, '', '2022-12-31', ' /  / ', '2022-08-31 09:26:03.454472', NULL, NULL, 329),
	(901, NULL, '', '2022-12-31', ' /  / ', '2022-08-31 09:26:03.454472', NULL, NULL, 329),
	(902, NULL, '', '2022-12-31', ' /  / ', '2022-08-31 09:26:03.454472', NULL, NULL, 329),
	(903, NULL, '', '2022-12-31', ' /  / ', '2022-08-31 09:26:03.454472', NULL, NULL, 329),
	(904, NULL, '', '2022-08-31', ' /  / ', '2022-08-31 14:18:55.512898', NULL, NULL, 315),
	(905, NULL, '', '2022-08-31', ' /  / ', '2022-08-31 14:18:55.512898', NULL, NULL, 315),
	(906, NULL, '', '2022-08-31', ' /  / ', '2022-08-31 14:18:55.512898', NULL, NULL, 315),
	(907, NULL, '', '2022-08-31', ' /  / ', '2022-08-31 14:18:55.512898', NULL, NULL, 315),
	(908, NULL, '', '2022-08-31', ' /  / ', '2022-08-31 14:18:55.512898', NULL, NULL, 315),
	(910, NULL, '', '2022-12-31', ' /  / ', '2022-08-31 09:26:03.454472', NULL, NULL, 329),
	(911, NULL, '', '2022-12-31', ' /  / ', '2022-08-31 09:26:03.454472', NULL, NULL, 329),
	(912, NULL, '', '2022-12-31', ' /  / ', '2022-08-31 09:26:03.454472', NULL, NULL, 329),
	(913, NULL, '', '2022-12-31', ' /  / ', '2022-08-31 09:26:03.454472', NULL, NULL, 329),
	(914, NULL, '', '2022-12-31', ' /  / ', '2022-08-31 09:26:03.454472', NULL, NULL, 340),
	(915, NULL, '', '2022-12-31', ' /  / ', '2022-08-31 09:26:03.454472', NULL, NULL, 340),
	(916, NULL, '', '2022-12-31', ' /  / ', '2022-08-31 09:26:03.454472', NULL, NULL, 340),
	(917, NULL, '', '2022-12-31', ' /  / ', '2022-08-31 09:26:03.454472', NULL, NULL, 340),
	(918, NULL, '', '2022-12-31', ' /  / ', '2022-08-31 09:26:03.454472', NULL, NULL, 340),
	(919, NULL, '', '2022-12-31', ' /  / ', '2022-08-31 15:39:59.084561', NULL, NULL, 172),
	(920, NULL, '', '2022-12-31', ' /  / ', '2022-08-31 15:39:59.100187', NULL, NULL, 172),
	(921, NULL, '', '2022-12-31', ' /  / ', '2022-08-31 15:39:59.100187', NULL, NULL, 172),
	(922, NULL, '', '2022-12-31', ' /  / ', '2022-08-31 15:39:59.100187', NULL, NULL, 172),
	(923, NULL, '', '2022-12-31', ' /  / ', '2022-08-31 15:39:59.100187', NULL, NULL, 172),
	(924, NULL, '', '2022-12-31', ' /  / ', '2022-08-31 15:39:59.100187', NULL, NULL, 172),
	(925, NULL, '', '2022-12-31', ' /  / ', '2022-08-31 09:26:03.454472', NULL, NULL, 340),
	(926, NULL, '', '2022-12-31', ' /  / ', '2022-08-31 09:26:03.454472', NULL, NULL, 340),
	(927, NULL, '', '2022-12-31', ' /  / ', '2022-08-31 09:26:03.454472', NULL, NULL, 340),
	(928, NULL, '', '2022-12-31', ' /  / ', '2022-08-31 09:26:03.438846', NULL, NULL, 293),
	(929, NULL, '', '2022-12-31', ' /  / ', '2022-08-31 15:40:09.930419', NULL, NULL, 176),
	(930, NULL, '', '2022-12-31', ' /  / ', '2022-08-31 15:40:09.930419', NULL, NULL, 176),
	(931, NULL, '', '2022-12-31', ' /  / ', '2022-08-31 15:40:09.930419', NULL, NULL, 176),
	(932, NULL, '', '2022-12-31', ' /  / ', '2022-08-31 15:40:09.930419', NULL, NULL, 176),
	(933, NULL, '', '2022-12-31', ' /  / ', '2022-08-31 15:40:09.930419', NULL, NULL, 176),
	(934, NULL, '', '2022-12-31', ' /  / ', '2022-08-31 15:40:09.930419', NULL, NULL, 176),
	(935, NULL, '', '2022-12-31', ' /  / ', '2022-08-31 09:26:03.438846', NULL, NULL, 293),
	(936, NULL, '', '2022-12-31', ' /  / ', '2022-08-31 15:40:09.914790', NULL, NULL, 173),
	(937, NULL, '', '2022-12-31', ' /  / ', '2022-08-31 15:40:09.914790', NULL, NULL, 173),
	(938, NULL, '', '2022-12-31', ' /  / ', '2022-08-31 15:40:09.914790', NULL, NULL, 173),
	(939, NULL, '', '2022-12-31', ' /  / ', '2022-08-31 15:40:09.914790', NULL, NULL, 173),
	(940, NULL, '', '2022-12-31', ' /  / ', '2022-08-31 15:40:09.914790', NULL, NULL, 173),
	(941, NULL, '', '2022-12-31', ' /  / ', '2022-08-31 15:40:09.914790', NULL, NULL, 173),
	(942, NULL, '', '2022-12-31', ' /  / ', '2022-08-31 09:26:03.438846', NULL, NULL, 293),
	(943, NULL, '', '2022-12-31', ' /  / ', '2022-08-31 09:26:03.438846', NULL, NULL, 293),
	(944, NULL, '', '2022-12-31', ' /  / ', '2022-08-31 09:26:03.438846', NULL, NULL, 293),
	(945, NULL, '', '2022-12-31', ' /  / ', '2022-08-31 09:26:03.438846', NULL, NULL, 293),
	(946, NULL, '', '2022-12-31', ' /  / ', '2022-08-31 09:26:03.438846', NULL, NULL, 293),
	(947, NULL, '', '2022-12-31', ' /  / ', '2022-08-31 09:26:03.438846', NULL, NULL, 293),
	(948, NULL, '', '2022-12-31', ' /  / ', '2022-08-31 09:26:03.438846', NULL, NULL, 293),
	(949, NULL, '', '2022-12-31', ' /  / ', '2022-08-31 15:40:09.914790', NULL, NULL, 174),
	(950, NULL, ',', '2022-12-31', ' /  / ', '2022-08-31 15:40:09.930419', NULL, NULL, 174),
	(951, NULL, '', '2022-12-31', ' /  / ', '2022-08-31 15:40:09.930419', NULL, NULL, 174),
	(952, NULL, '', '2022-12-31', ' /  / ', '2022-08-31 15:40:09.930419', NULL, NULL, 174),
	(953, NULL, '', '2022-12-31', ' /  / ', '2022-08-31 15:40:09.930419', NULL, NULL, 174),
	(954, NULL, '', '2022-12-31', ' /  / ', '2022-08-31 15:40:09.930419', NULL, NULL, 174),
	(955, NULL, '60', '2022-12-31', ' /  / ', '2022-08-31 09:26:03.438846', NULL, NULL, 294),
	(956, NULL, '', '2022-12-31', ' /  / ', '2022-08-31 09:26:03.438846', NULL, NULL, 294),
	(957, NULL, '', '2022-12-31', ' /  / ', '2022-08-31 09:26:03.438846', NULL, NULL, 294),
	(958, NULL, '', '2022-12-31', ' /  / ', '2022-08-31 09:26:03.438846', NULL, NULL, 294),
	(959, NULL, '', '2022-12-31', ' /  / ', '2022-08-31 09:26:03.438846', NULL, NULL, 294),
	(960, NULL, '', '2022-12-31', ' /  / ', '2022-08-31 09:26:03.438846', NULL, NULL, 294),
	(961, NULL, '', '2022-12-31', ' /  / ', '2022-08-31 09:26:03.438846', NULL, NULL, 296),
	(962, NULL, '', '2022-08-30', ' /  / ', '2022-09-02 16:47:34.514313', NULL, NULL, 330),
	(963, NULL, '', '2022-08-30', ' /  / ', '2022-09-02 16:47:34.514313', NULL, NULL, 330),
	(964, NULL, '', '2022-08-30', ' /  / ', '2022-09-02 16:47:34.514313', NULL, NULL, 330),
	(965, NULL, '', '2022-08-30', ' /  / ', '2022-09-02 16:47:34.514313', NULL, NULL, 330),
	(966, NULL, '', '2022-08-30', ' /  / ', '2022-09-02 16:47:34.514313', NULL, NULL, 330),
	(967, NULL, '', '2022-12-31', ' /  / ', '2022-08-31 09:26:03.438846', NULL, NULL, 296),
	(968, NULL, '', '2022-12-31', ' /  / ', '2022-08-31 09:26:03.438846', NULL, NULL, 296),
	(969, NULL, '', '2022-12-31', ' /  / ', '2022-08-31 09:26:03.438846', NULL, NULL, 296),
	(970, NULL, '', '2022-12-31', ' /  / ', '2022-09-02 16:49:53.694194', NULL, NULL, 302),
	(971, NULL, '', '2022-12-31', ' /  / ', '2022-09-02 16:49:53.694194', NULL, NULL, 302),
	(972, NULL, '', '2022-12-31', ' /  / ', '2022-09-02 16:49:53.694194', NULL, NULL, 302),
	(973, NULL, '', '2022-12-31', ' /  / ', '2022-09-02 16:49:53.694194', NULL, NULL, 302),
	(974, NULL, '', '2022-12-31', ' /  / ', '2022-09-02 16:49:53.694194', NULL, NULL, 302),
	(975, NULL, '', '2022-12-31', ' /  / ', '2022-09-02 16:49:53.694194', NULL, NULL, 302),
	(976, NULL, '', '2022-12-31', ' /  / ', '2022-09-02 16:49:53.694194', NULL, NULL, 303),
	(977, NULL, '', '2022-12-31', ' /  / ', '2022-09-02 16:49:53.694194', NULL, NULL, 303),
	(978, NULL, '', '2022-12-31', ' /  / ', '2022-09-02 16:49:53.694194', NULL, NULL, 303),
	(979, NULL, '', '2022-12-31', ' /  / ', '2022-09-02 16:49:53.694194', NULL, NULL, 303),
	(980, NULL, '', '2022-12-31', ' /  / ', '2022-09-02 16:49:53.694194', NULL, NULL, 303),
	(981, NULL, '', '2022-12-31', ' /  / ', '2022-09-02 16:49:53.694194', NULL, NULL, 303),
	(982, NULL, '', '2022-12-31', ' /  / ', '2022-09-02 16:49:53.694194', NULL, NULL, 304),
	(983, NULL, '', '2022-12-31', ' /  / ', '2022-09-02 16:49:53.694194', NULL, NULL, 304),
	(984, NULL, '', '2022-12-31', ' /  / ', '2022-09-02 16:49:53.694194', NULL, NULL, 304),
	(985, NULL, '', '2022-12-31', ' /  / ', '2022-09-02 16:49:53.694194', NULL, NULL, 304),
	(986, NULL, '', '2022-12-31', ' /  / ', '2022-09-02 16:49:53.694194', NULL, NULL, 304),
	(987, NULL, '', '2022-12-31', ' /  / ', '2022-09-02 16:49:53.694194', NULL, NULL, 304),
	(988, NULL, '', '2022-12-31', ' /  / ', '2022-09-02 16:49:53.709819', NULL, NULL, 304),
	(989, NULL, '', '2022-12-31', ' /  / ', '2022-08-31 09:26:03.438846', NULL, NULL, 296),
	(990, NULL, '', '2022-12-31', ' /  / ', '2022-08-31 09:26:03.438846', NULL, NULL, 296),
	(991, NULL, '', '2022-12-31', ' /  / ', '2022-08-31 09:26:03.438846', NULL, NULL, 295),
	(992, NULL, '', '2022-08-30', ' /  / ', '2022-09-02 16:49:53.709819', NULL, NULL, 341),
	(993, NULL, '', '2022-08-30', ' /  / ', '2022-09-02 16:49:53.709819', NULL, NULL, 341),
	(994, NULL, '', '2022-12-31', ' /  / ', '2022-08-31 09:26:03.438846', NULL, NULL, 295),
	(995, NULL, '', '2022-08-30', ' /  / ', '2022-09-02 16:49:53.709819', NULL, NULL, 341),
	(996, NULL, '', '2022-08-30', ' /  / ', '2022-09-02 16:49:53.709819', NULL, NULL, 341),
	(997, NULL, '', '2022-08-30', ' /  / ', '2022-09-02 16:49:53.709819', NULL, NULL, 341),
	(998, NULL, '', '2022-08-30', ' /  / ', '2022-09-02 16:49:53.709819', NULL, NULL, 341),
	(999, NULL, '', '2022-08-30', ' /  / ', '2022-09-02 16:49:53.709819', NULL, NULL, 341),
	(1000, NULL, '', '2022-12-31', ' /  / ', '2022-08-31 09:26:03.438846', NULL, NULL, 295),
	(1001, NULL, '', '2022-12-31', ' /  / ', '2022-08-31 09:26:03.438846', NULL, NULL, 295),
	(1002, NULL, '', '2022-08-30', ' /  / ', '2022-09-02 16:49:53.694194', NULL, NULL, 301),
	(1003, NULL, '', '2022-08-30', ' /  / ', '2022-09-02 16:49:53.694194', NULL, NULL, 301),
	(1004, NULL, '', '2022-08-30', ' /  / ', '2022-09-02 16:49:53.694194', NULL, NULL, 301),
	(1005, NULL, '', '2022-08-30', ' /  / ', '2022-09-02 16:49:53.694194', NULL, NULL, 301),
	(1006, NULL, '', '2022-08-30', ' /  / ', '2022-09-02 16:49:53.694194', NULL, NULL, 301),
	(1007, NULL, '', '2022-08-30', ' /  / ', '2022-09-02 16:49:53.694194', NULL, NULL, 301),
	(1008, NULL, '', '2022-12-31', ' /  / ', '2022-08-31 09:26:03.438846', NULL, NULL, 295),
	(1009, NULL, '', '2022-12-31', ' /  / ', '2022-08-31 09:26:03.438846', NULL, NULL, 295),
	(1010, NULL, '60', '2022-12-31', ' /  / ', '2022-08-31 09:26:03.438846', NULL, NULL, 297),
	(1011, NULL, '', '2022-12-31', ' /  / ', '2022-08-31 09:26:03.438846', NULL, NULL, 297),
	(1012, NULL, '', '2022-12-31', ' /  / ', '2022-08-31 09:26:03.438846', NULL, NULL, 297),
	(1013, NULL, '', '2022-12-31', ' /  / ', '2022-08-31 09:26:03.438846', NULL, NULL, 297),
	(1014, NULL, '', '2022-12-31', ' /  / ', '2022-08-31 09:26:03.454472', NULL, NULL, 297),
	(1015, NULL, '', '2022-12-31', ' /  / ', '2022-08-31 09:26:03.454472', NULL, NULL, 297),
	(1016, NULL, '', '2022-12-31', ' /  / ', '2022-08-31 09:26:03.454472', NULL, NULL, 297),
	(1017, NULL, '', '2022-12-31', ' /  / ', '2022-08-31 09:26:03.454472', NULL, NULL, 298),
	(1018, NULL, '', '2022-12-31', ' /  / ', '2022-08-31 09:15:55.967146', NULL, NULL, 343),
	(1019, NULL, '', '2022-12-31', ' /  / ', '2022-08-31 09:15:55.967146', NULL, NULL, 343),
	(1020, NULL, '', '2022-12-31', ' /  / ', '2022-08-31 09:15:55.967146', NULL, NULL, 343),
	(1021, NULL, '', '2022-12-31', ' /  / ', '2022-08-31 09:15:55.967146', NULL, NULL, 343),
	(1022, NULL, '', '2022-12-31', ' /  / ', '2022-08-31 09:15:55.967146', NULL, NULL, 343),
	(1023, NULL, '', '2022-12-31', ' /  / ', '2022-08-31 09:26:03.454472', NULL, NULL, 298),
	(1024, NULL, '', '2022-12-31', ' /  / ', '2022-08-31 09:26:03.454472', NULL, NULL, 298),
	(1025, NULL, '', '2022-12-31', ' /  / ', '2022-08-31 09:26:03.454472', NULL, NULL, 298),
	(1026, NULL, '', '2022-12-31', ' /  / ', '2022-08-31 09:26:03.454472', NULL, NULL, 298),
	(1027, NULL, '', '2022-12-31', ' /  / ', '2022-08-31 09:15:55.967146', NULL, NULL, 343),
	(1028, NULL, '', '2022-12-31', ' /  / ', '2022-08-31 09:26:03.454472', NULL, NULL, 299),
	(1029, NULL, '', '2022-12-31', ' /  / ', '2022-08-31 09:26:03.454472', NULL, NULL, 299),
	(1030, NULL, '', '2022-12-31', ' /  / ', '2022-08-31 09:26:03.454472', NULL, NULL, 299),
	(1031, NULL, '', '2022-12-31', ' /  / ', '2022-08-31 09:26:03.454472', NULL, NULL, 299),
	(1032, NULL, '', '2022-12-31', ' /  / ', '2022-08-31 09:26:03.454472', NULL, NULL, 299),
	(1033, NULL, '', '2022-12-31', ' /  / ', '2022-08-31 09:26:03.454472', NULL, NULL, 299),
	(1034, NULL, '', '2022-12-31', ' /  / ', '2022-08-31 09:26:03.454472', NULL, NULL, 299),
	(1035, NULL, '', '2022-12-31', ' /  / ', '2022-08-31 09:15:55.951520', NULL, NULL, 186),
	(1036, NULL, '', '2022-12-31', ' /  / ', '2022-08-31 09:15:55.951520', NULL, NULL, 186),
	(1037, NULL, '', '2022-12-31', ' /  / ', '2022-08-31 09:15:55.967146', NULL, NULL, 186),
	(1038, NULL, '', '2022-12-31', ' /  / ', '2022-08-31 09:15:55.967146', NULL, NULL, 186),
	(1039, NULL, '', '2022-12-31', ' /  / ', '2022-08-31 09:15:55.967146', NULL, NULL, 186),
	(1040, NULL, '', '2022-12-31', ' /  / ', '2022-08-31 09:15:55.967146', NULL, NULL, 186),
	(1041, NULL, '', '2022-12-31', ' /  / ', '2022-08-31 09:15:55.967146', NULL, NULL, 186),
	(1042, NULL, '', '2023-12-31', ' /  / ', '2022-08-31 09:15:55.967146', NULL, NULL, 187),
	(1043, NULL, '  ', '2022-12-31', ' /  / ', '2022-08-31 09:15:55.967146', NULL, NULL, 187),
	(1044, NULL, '', '2022-12-31', ' /  / ', '2022-08-31 09:15:55.967146', NULL, NULL, 187),
	(1045, NULL, '', '2022-12-31', ' /  / ', '2022-08-31 09:15:55.967146', NULL, NULL, 187),
	(1046, NULL, '', '2022-12-31', ' /  / ', '2022-08-31 09:15:55.967146', NULL, NULL, 187),
	(1047, NULL, '', '2022-12-31', ' /  / ', '2022-08-31 09:15:55.967146', NULL, NULL, 187),
	(1048, NULL, '', '2022-12-31', ' /  / ', '2022-08-31 09:23:09.515607', NULL, NULL, 2),
	(1049, NULL, '', '2022-12-31', ' /  / ', '2022-08-31 09:23:09.515607', NULL, NULL, 2),
	(1050, NULL, '', '2022-12-31', ' /  / ', '2022-08-31 09:23:09.515607', NULL, NULL, 2),
	(1051, NULL, '', '2022-12-31', ' /  / ', '2022-08-31 09:23:09.515607', NULL, NULL, 2),
	(1052, NULL, '', '2022-12-31', ' /  / ', '2022-08-31 09:23:09.531232', NULL, NULL, 2),
	(1053, NULL, '', '2022-12-31', ' /  / ', '2022-08-31 09:23:09.531232', NULL, NULL, 2),
	(1054, NULL, '', '2022-12-31', ' /  / ', '2022-08-31 09:23:09.531232', NULL, NULL, 2),
	(1055, NULL, '\n', '2022-12-31', ' /  / ', '2022-09-13 15:09:58.475437', NULL, NULL, 30),
	(1056, NULL, '', '2022-12-31', ' /  / ', '2022-09-13 15:09:58.475437', NULL, NULL, 30),
	(1057, NULL, '', '2022-12-31', ' /  / ', '2022-09-13 15:09:58.475437', NULL, NULL, 30),
	(1058, NULL, '', '2022-12-31', ' /  / ', '2022-09-13 15:09:58.475437', NULL, NULL, 30),
	(1059, NULL, '', '2022-12-31', ' /  / ', '2022-09-13 15:09:58.475437', NULL, NULL, 30),
	(1060, NULL, '', '2022-12-31', ' /  / ', '2022-09-13 15:09:58.475437', NULL, NULL, 30),
	(1061, NULL, '', '2022-12-31', ' /  / ', '2022-09-13 15:12:51.503805', NULL, NULL, 40),
	(1062, NULL, '', '2022-12-31', ' /  / ', '2022-09-13 15:12:51.503805', NULL, NULL, 40),
	(1063, NULL, '', '2022-12-31', ' /  / ', '2022-09-13 15:12:51.503805', NULL, NULL, 40),
	(1064, NULL, '', '2022-12-31', ' /  / ', '2022-09-13 15:12:51.503805', NULL, NULL, 306),
	(1065, NULL, '', '2022-12-31', ' /  / ', '2022-09-13 15:12:51.519409', NULL, NULL, 306),
	(1066, NULL, '', '2022-12-31', ' /  / ', '2022-09-13 15:12:51.519409', NULL, NULL, 306),
	(1067, NULL, '', '2022-12-31', ' /  / ', '2022-09-13 15:12:51.519409', NULL, NULL, 306),
	(1068, NULL, '', '2022-12-31', ' /  / ', '2022-08-31 15:39:59.100187', NULL, NULL, 313),
	(1069, NULL, '', '2022-12-31', ' /  / ', '2022-08-31 15:39:59.100187', NULL, NULL, 313),
	(1070, NULL, '', '2022-12-31', ' /  / ', '2022-08-31 15:39:59.100187', NULL, NULL, 313),
	(1071, NULL, '', '2022-12-31', ' /  / ', '2022-08-31 15:39:59.100187', NULL, NULL, 313),
	(1072, NULL, '', '2022-12-31', ' /  / ', '2022-08-31 15:39:59.100187', NULL, NULL, 313),
	(1073, NULL, '', '2022-12-31', ' /  / ', '2022-08-31 15:39:59.100187', NULL, NULL, 313),
	(1074, NULL, '', '2022-12-31', ' /  / ', '2022-09-02 11:27:01.606435', NULL, NULL, 29),
	(1075, NULL, '', '2022-12-31', ' /  / ', '2022-09-02 11:27:01.606435', NULL, NULL, 29),
	(1076, NULL, '', '2022-12-31', ' /  / ', '2022-09-02 11:27:01.606435', NULL, NULL, 29),
	(1077, NULL, '', '2022-12-31', ' /  / ', '2022-09-02 11:27:01.606435', NULL, NULL, 29),
	(1078, NULL, '', '2022-12-31', ' /  / ', '2022-09-13 15:09:58.475437', NULL, NULL, 104),
	(1079, NULL, '', '2022-12-31', ' /  / ', '2022-09-13 15:09:58.475437', NULL, NULL, 104),
	(1080, NULL, '', '2022-12-31', ' /  / ', '2022-09-13 15:09:58.475437', NULL, NULL, 104),
	(1081, NULL, '', '2022-12-31', ' /  / ', '2022-09-13 15:09:58.475437', NULL, NULL, 104),
	(1082, NULL, '', '2022-12-31', ' /  / ', '2022-09-13 15:09:58.475437', NULL, NULL, 104),
	(1083, NULL, '', '2022-12-31', ' /  / ', '2022-09-03 08:12:40.572342', NULL, NULL, 328),
	(1084, NULL, '', '2022-12-31', ' /  / ', '2022-09-03 08:12:40.572342', NULL, NULL, 328),
	(1085, NULL, '', '2022-12-31', ' /  / ', '2022-09-03 08:12:40.572342', NULL, NULL, 328),
	(1086, NULL, '', '2022-12-31', ' /  / ', '2022-09-03 08:12:40.572342', NULL, NULL, 328),
	(1087, NULL, '', '2022-12-31', ' /  / ', '2022-09-03 08:12:40.572342', NULL, NULL, 328),
	(1088, NULL, '', '2022-12-31', ' /  / ', '2022-09-03 08:12:40.572342', NULL, NULL, 328),
	(1089, NULL, '', '2022-12-31', ' /  / ', '2022-09-03 08:12:40.572342', NULL, NULL, 328),
	(1090, NULL, '', '2022-12-31', ' /  / ', '2022-09-03 08:12:40.572342', NULL, NULL, 292),
	(1091, NULL, '', '2022-12-31', ' /  / ', '2022-09-03 08:12:40.572342', NULL, NULL, 292),
	(1092, NULL, '', '2022-12-31', ' /  / ', '2022-09-03 08:12:40.572342', NULL, NULL, 292),
	(1093, NULL, '', '2022-12-31', ' /  / ', '2022-09-03 08:12:40.572342', NULL, NULL, 292),
	(1094, NULL, '', '2022-12-31', ' /  / ', '2022-09-03 08:12:40.572342', NULL, NULL, 292),
	(1095, NULL, '', '2022-12-31', ' /  / ', '2022-09-03 08:12:40.572342', NULL, NULL, 292),
	(1096, NULL, '', '2022-12-31', ' /  / ', '2022-09-03 08:12:40.572342', NULL, NULL, 292),
	(1097, NULL, '', '2022-12-31', ' /  / ', '2022-09-03 08:12:40.572342', NULL, NULL, 292),
	(1098, NULL, '', '2022-12-31', ' /  / ', '2022-09-03 08:12:40.572342', NULL, NULL, 339),
	(1099, NULL, '', '2022-12-31', ' /  / ', '2022-09-03 08:12:40.572342', NULL, NULL, 339),
	(1100, NULL, '', '2022-12-31', ' /  / ', '2022-09-03 08:12:40.572342', NULL, NULL, 339),
	(1101, NULL, '', '2022-12-31', ' /  / ', '2022-09-03 08:12:40.572342', NULL, NULL, 339),
	(1102, NULL, '', '2022-12-31', ' /  / ', '2022-09-03 08:12:40.572342', NULL, NULL, 339),
	(1103, NULL, '', '2022-12-31', ' /  / ', '2022-09-03 08:12:40.572342', NULL, NULL, 339),
	(1104, NULL, '', '2022-12-31', ' /  / ', '2022-09-03 08:12:40.572342', NULL, NULL, 339),
	(1105, NULL, '', '2022-12-31', ' /  / ', '2022-09-03 08:12:40.556714', NULL, NULL, 288),
	(1106, NULL, '', '2022-12-31', ' /  / ', '2022-09-03 08:12:40.556714', NULL, NULL, 288),
	(1107, NULL, '', '2022-12-31', ' /  / ', '2022-09-03 08:12:40.556714', NULL, NULL, 288),
	(1108, NULL, '', '2022-12-31', ' /  / ', '2022-09-03 08:12:40.556714', NULL, NULL, 288),
	(1109, NULL, '', '2022-12-31', ' /  / ', '2022-09-03 08:12:40.556714', NULL, NULL, 288),
	(1110, NULL, '', '2022-12-31', ' /  / ', '2022-09-03 08:12:40.556714', NULL, NULL, 288),
	(1111, NULL, '', '2022-12-31', ' /  / ', '2022-09-03 08:12:40.556714', NULL, NULL, 288),
	(1112, NULL, '', '2022-12-31', ' /  / ', '2022-09-03 08:12:40.556714', NULL, NULL, 288),
	(1113, NULL, '', '2022-12-31', ' /  / ', '2022-09-03 08:12:40.556714', NULL, NULL, 288),
	(1114, NULL, '', '2022-12-31', ' /  / ', '2022-09-03 08:12:40.556714', NULL, NULL, 290),
	(1115, NULL, '', '2022-12-31', ' /  / ', '2022-09-03 08:12:40.556714', NULL, NULL, 290),
	(1116, NULL, '', '2022-12-31', ' /  / ', '2022-09-03 08:12:40.556714', NULL, NULL, 290),
	(1117, NULL, '', '2022-12-31', ' /  / ', '2022-09-03 08:12:40.556714', NULL, NULL, 290),
	(1118, NULL, '', '2022-12-31', ' /  / ', '2022-09-03 08:12:40.556714', NULL, NULL, 290),
	(1119, NULL, '', '2022-12-31', ' /  / ', '2022-09-03 08:12:40.556714', NULL, NULL, 289),
	(1120, NULL, '', '2022-12-31', ' /  / ', '2022-09-03 08:12:40.556714', NULL, NULL, 289),
	(1121, NULL, '', '2022-12-31', ' /  / ', '2022-09-03 08:12:40.556714', NULL, NULL, 289),
	(1122, NULL, '', '2022-12-31', ' /  / ', '2022-09-03 08:12:40.556714', NULL, NULL, 289),
	(1123, NULL, '', '2022-12-31', ' /  / ', '2022-09-03 08:12:40.556714', NULL, NULL, 289),
	(1124, NULL, '', '2022-12-31', ' /  / ', '2022-09-03 08:12:40.556714', NULL, NULL, 289),
	(1125, NULL, '', '2022-12-31', ' /  / ', '2022-09-03 08:12:40.556714', NULL, NULL, 289),
	(1126, NULL, '', '2022-12-31', ' /  / ', '2022-09-02 11:27:01.606435', NULL, NULL, 29),
	(1127, NULL, '', '2022-12-31', ' /  / ', '2022-09-03 08:12:40.556714', NULL, NULL, 290),
	(1128, NULL, '', '2022-12-31', ' /  / ', '2022-09-02 11:27:01.606435', NULL, NULL, 29),
	(1129, NULL, '', '2022-12-31', ' /  / ', '2022-09-02 11:27:01.606435', NULL, NULL, 29),
	(1130, NULL, '', '2022-12-31', ' /  / ', '2022-09-02 11:27:01.606435', NULL, NULL, 29),
	(1131, NULL, '', '2022-12-31', ' /  / ', '2022-09-03 08:12:40.556714', NULL, NULL, 290),
	(1132, NULL, '', '2022-12-31', ' /  / ', '2022-09-03 08:12:40.556714', NULL, NULL, 290),
	(1133, NULL, '', '2022-12-31', ' /  / ', '2022-09-03 08:12:40.556714', NULL, NULL, 290),
	(1135, NULL, '', '2022-12-31', ' /  / ', '2022-09-13 15:09:58.475437', NULL, NULL, 31),
	(1136, NULL, '', '2022-12-31', ' /  / ', '2022-09-13 15:09:58.475437', NULL, NULL, 31),
	(1137, NULL, '', '2022-12-31', ' /  / ', '2022-09-13 15:09:58.475437', NULL, NULL, 31),
	(1138, NULL, '', '2022-12-31', ' /  / ', '2022-09-13 15:09:58.475437', NULL, NULL, 31),
	(1139, NULL, '', '2022-12-31', ' /  / ', '2022-09-13 15:09:58.475437', NULL, NULL, 305),
	(1140, NULL, '', '2022-12-31', ' /  / ', '2022-09-13 15:09:58.475437', NULL, NULL, 305),
	(1141, NULL, '', '2022-12-31', ' /  / ', '2022-09-13 15:09:58.475437', NULL, NULL, 305),
	(1142, NULL, '', '2022-12-31', ' /  / ', '2022-09-13 15:09:58.475437', NULL, NULL, 305),
	(1143, NULL, '', '2022-12-31', ' /  / ', '2022-09-03 08:12:40.556714', NULL, NULL, 291),
	(1144, NULL, '', '2022-12-31', ' /  / ', '2022-09-03 08:12:40.556714', NULL, NULL, 291),
	(1145, NULL, '', '2022-12-31', ' /  / ', '2022-09-03 08:12:40.572342', NULL, NULL, 291),
	(1146, NULL, '', '2022-12-31', ' /  / ', '2022-09-03 08:12:40.572342', NULL, NULL, 291),
	(1147, NULL, '', '2022-12-31', ' /  / ', '2022-09-03 08:12:40.572342', NULL, NULL, 291),
	(1148, NULL, '', '2022-12-31', ' /  / ', '2022-09-03 08:12:40.572342', NULL, NULL, 291),
	(1149, NULL, '60', '2022-12-31', ' /  / ', '2022-09-03 08:12:40.572342', NULL, NULL, 291),
	(1150, NULL, '', '2022-12-31', ' /  / ', '2022-09-03 08:12:40.572342', NULL, NULL, 291),
	(1153, NULL, '', '2022-12-31', ' /  / ', '2022-09-04 16:45:06.532869', NULL, NULL, 266),
	(1154, NULL, '', '2022-12-31', ' /  / ', '2022-09-04 16:45:06.532869', NULL, NULL, 266),
	(1155, NULL, '', '2022-12-31', ' /  / ', '2022-09-04 16:45:06.532869', NULL, NULL, 266),
	(1156, NULL, '', '2022-12-31', ' /  / ', '2022-09-04 16:45:06.532869', NULL, NULL, 266),
	(1157, NULL, '', '2022-12-31', ' /  / ', '2022-09-04 16:45:06.532869', NULL, NULL, 266),
	(1158, NULL, '', '2022-12-31', ' /  / ', '2022-09-04 16:45:06.532869', NULL, NULL, 266),
	(1159, NULL, '', '2022-12-31', ' /  / ', '2022-09-04 16:45:06.532869', NULL, NULL, 263),
	(1160, NULL, '', '2022-12-31', ' /  / ', '2022-09-04 16:45:06.532869', NULL, NULL, 263),
	(1161, NULL, '', '2022-12-31', ' /  / ', '2022-09-04 16:45:06.532869', NULL, NULL, 263),
	(1162, NULL, '', '2022-12-31', ' /  / ', '2022-09-04 16:45:06.532869', NULL, NULL, 263),
	(1163, NULL, '\n', '2022-12-31', ' /  / ', '2022-09-04 16:45:06.532869', NULL, NULL, 265),
	(1164, NULL, '', '2022-12-31', ' /  / ', '2022-09-04 16:45:06.532869', NULL, NULL, 265),
	(1165, NULL, '', '2022-12-31', ' /  / ', '2022-09-04 16:45:06.532869', NULL, NULL, 265),
	(1166, NULL, '', '2022-12-31', ' /  / ', '2022-09-04 16:45:06.532869', NULL, NULL, 265),
	(1167, NULL, '', '2022-12-31', ' /  / ', '2022-09-04 16:45:06.532869', NULL, NULL, 265),
	(1168, NULL, '', '2022-12-31', ' /  / ', '2022-09-04 16:45:06.532869', NULL, NULL, 265),
	(1169, NULL, '', '2022-12-31', ' /  / ', '2022-09-04 16:45:06.532869', NULL, NULL, 262),
	(1170, NULL, '', '2022-12-31', ' /  / ', '2022-09-04 16:45:06.532869', NULL, NULL, 262),
	(1171, NULL, '', '2022-12-31', ' /  / ', '2022-09-04 16:45:06.532869', NULL, NULL, 262),
	(1172, NULL, '', '2022-12-31', ' /  / ', '2022-09-04 16:45:06.532869', NULL, NULL, 262),
	(1173, NULL, '', '2022-12-31', ' /  / ', '2022-09-04 16:45:06.532869', NULL, NULL, 262),
	(1174, NULL, '', '2022-12-31', ' /  / ', '2022-09-04 16:45:06.532869', NULL, NULL, 262),
	(1175, NULL, '', '2022-12-31', ' /  / ', '2022-09-04 16:45:06.517245', NULL, NULL, 261),
	(1181, NULL, '', '2022-12-31', ' /  / ', '2022-09-04 16:45:06.532869', NULL, NULL, 334),
	(1182, NULL, '', '2022-12-31', ' /  / ', '2022-09-04 16:45:06.517245', NULL, NULL, 261),
	(1183, NULL, '', '2022-12-31', ' /  / ', '2022-09-04 16:45:06.517245', NULL, NULL, 261),
	(1184, NULL, '', '2022-12-31', ' /  / ', '2022-09-04 16:45:06.517245', NULL, NULL, 261),
	(1185, NULL, '', '2022-12-31', ' /  / ', '2022-09-04 16:45:06.532869', NULL, NULL, 261),
	(1186, NULL, '', '2022-12-31', ' /  / ', '2022-09-04 16:45:06.532869', NULL, NULL, 261),
	(1187, NULL, '', '2022-12-31', ' /  / ', '2022-09-04 16:45:06.532869', NULL, NULL, 334),
	(1188, NULL, '', '2022-12-31', ' /  / ', '2022-09-04 16:45:06.532869', NULL, NULL, 334),
	(1189, NULL, '', '2022-12-31', ' /  / ', '2022-09-04 16:45:06.532869', NULL, NULL, 334),
	(1190, NULL, '', '2022-12-31', ' /  / ', '2022-09-04 16:45:06.532869', NULL, NULL, 334),
	(1191, NULL, '', '2022-12-31', ' /  / ', '2022-09-04 16:45:06.532869', NULL, NULL, 334),
	(1192, NULL, '', '2022-12-31', ' /  / ', '2022-09-04 16:45:06.532869', NULL, NULL, 334),
	(1193, NULL, '', '2022-12-31', ' /  / ', '2022-09-04 16:45:06.532869', NULL, NULL, 334),
	(1194, NULL, '', '2022-12-31', ' /  / ', '2022-09-04 16:45:06.532869', NULL, NULL, 264),
	(1195, NULL, '', '2022-12-31', ' /  / ', '2022-09-04 16:45:06.532869', NULL, NULL, 264),
	(1196, NULL, '', '2022-12-31', ' /  / ', '2022-09-04 16:45:06.532869', NULL, NULL, 264),
	(1197, NULL, '', '2022-12-31', ' /  / ', '2022-09-04 16:45:06.532869', NULL, NULL, 264),
	(1198, NULL, '', '2022-12-31', ' /  / ', '2022-09-04 16:45:06.532869', NULL, NULL, 264),
	(1199, NULL, '', '2022-12-31', ' /  / ', '2022-09-04 16:44:34.630254', NULL, NULL, 323),
	(1200, NULL, '', '2022-12-31', ' /  / ', '2022-09-04 16:44:34.645880', NULL, NULL, 323),
	(1201, NULL, ' ', '2022-12-31', ' /  / ', '2022-09-04 16:44:34.645880', NULL, NULL, 323),
	(1202, NULL, '', '2022-12-31', ' /  / ', '2022-09-04 16:44:34.645880', NULL, NULL, 323),
	(1203, NULL, '', '2022-12-31', ' /  / ', '2022-09-04 16:44:34.645880', NULL, NULL, 323),
	(1204, NULL, '', '2022-12-31', ' /  / ', '2022-09-04 16:44:34.645880', NULL, NULL, 323),
	(1205, NULL, '', '2022-12-31', ' /  / ', '2022-09-04 16:44:34.645880', NULL, NULL, 323),
	(1206, NULL, '', '2022-12-31', ' /  / ', '2022-09-06 15:16:16.998387', NULL, NULL, 116),
	(1207, NULL, '', '2022-12-31', ' /  / ', '2022-09-06 15:16:16.998387', NULL, NULL, 116),
	(1208, NULL, '', '2022-12-31', ' /  / ', '2022-09-06 15:16:16.998387', NULL, NULL, 116),
	(1209, NULL, '', '2022-12-31', ' /  / ', '2022-09-14 16:27:56.654852', NULL, NULL, 310),
	(1210, NULL, '', '2022-12-31', ' /  / ', '2022-09-14 16:27:56.654852', NULL, NULL, 310),
	(1211, NULL, '', '2022-12-31', ' /  / ', '2022-09-14 16:27:56.654852', NULL, NULL, 310),
	(1212, NULL, '', '2022-12-31', ' /  / ', '2022-09-06 15:16:16.998387', NULL, NULL, 117),
	(1213, NULL, '', '2022-12-31', ' /  / ', '2022-09-06 15:16:16.998387', NULL, NULL, 117),
	(1214, NULL, '', '2022-12-31', ' /  / ', '2022-09-06 15:16:16.998387', NULL, NULL, 117),
	(1215, NULL, '', '2022-12-31', ' /  / ', '2022-09-06 15:16:16.998387', NULL, NULL, 118),
	(1216, NULL, '', '2022-12-31', ' /  / ', '2022-09-06 15:16:16.998387', NULL, NULL, 118),
	(1217, NULL, '', '2022-12-31', ' /  / ', '2022-09-06 15:16:16.998387', NULL, NULL, 118),
	(1220, NULL, '\n', '2022-08-15', '', '2022-11-03 13:46:57.970762', 354, NULL, 311),
	(1221, NULL, '\n', '2022-08-15', '', '2022-11-03 14:10:29.904311', 356, NULL, 311),
	(1222, NULL, '\n', '2022-08-15', '', '2022-11-03 14:12:38.332790', 357, NULL, 311),
	(1223, NULL, '', '2022-09-23', '', '2022-11-08 08:48:57.447090', 367, NULL, 342),
	(1224, NULL, '', '2022-09-28', '', '2022-11-08 09:05:46.247639', 368, NULL, 134),
	(1225, NULL, '1 2 3', '2022-11-08', '', '2022-11-08 10:47:32.246688', 376, NULL, 319),
	(1226, NULL, '', '2022-11-08', '', '2022-11-08 16:34:45.654096', 385, NULL, 241),
	(1227, NULL, '2013-20211587.58711482.8104.7871', '2022-11-08', '', '2022-11-08 16:44:28.646441', 386, NULL, 28),
	(1228, NULL, '', '2022-09-14', '', '2022-11-09 09:54:11.664183', 390, NULL, 320),
	(1229, NULL, '', '2022-11-10', '', '2022-11-10 14:25:09.774197', 402, NULL, 254),
	(1230, NULL, '', '2022-09-27', '', '2022-11-11 08:47:32.301629', 408, NULL, 244),
	(1234, NULL, '', '2022-09-30', '', '2022-11-11 10:03:21.118934', 418, NULL, 330),
	(1235, NULL, '', '2022-09-30', '', '2022-11-11 11:28:57.414415', 422, NULL, 303),
	(1236, NULL, '', '2022-09-20', '', '2022-11-11 15:35:44.845995', 426, NULL, 304),
	(1237, NULL, '', '2022-09-25', '', '2022-11-15 08:29:10.303085', 446, NULL, 322),
	(1238, NULL, '', '2022-11-15', '', '2022-11-15 08:29:10.303085', 446, NULL, 322),
	(1239, NULL, '', '2022-09-25', '', '2022-11-15 09:23:29.866189', 450, NULL, 322),
	(1240, NULL, '1\n2\n3 88%\n4 ', '2022-07-08', '', '2022-11-15 10:03:00.561294', 451, NULL, 311),
	(1241, NULL, '', '2022-11-15', '', '2022-11-15 10:39:38.636696', 455, NULL, 313),
	(1242, NULL, '', '2022-09-25', '', '2022-11-15 10:44:52.280685', 456, NULL, 255),
	(1243, NULL, '', '2022-09-25', '', '2022-11-15 10:48:12.320639', 457, NULL, 256),
	(1244, NULL, '', '2022-09-25', '', '2022-11-15 10:54:11.771540', 458, NULL, 257),
	(1245, NULL, '', '2022-09-25', '', '2022-11-15 11:02:19.710255', 460, NULL, 259),
	(1246, NULL, '', '2022-09-25', '', '2022-11-15 11:05:53.030679', 461, NULL, 260),
	(1247, NULL, '\n\n1\n2\n3\n\n1\n2', '2022-12-31', '', '2022-11-15 11:08:47.773026', 462, NULL, 310),
	(1248, NULL, '', '2022-09-01', '', '2022-11-21 15:33:15.209446', 471, NULL, 75),
	(1249, NULL, '', '2022-10-14', '', '2022-11-21 15:36:02.049487', 472, NULL, 75),
	(1250, NULL, '', '2022-11-03', '', '2022-11-21 15:43:14.460267', 474, NULL, 308),
	(1251, NULL, '', '2022-09-30', '', '2022-11-23 15:17:46.391044', 478, NULL, 294),
	(1252, NULL, '	', '2022-09-30', '', '2022-11-23 15:22:48.022059', 479, NULL, 294),
	(1253, NULL, '', '2022-09-30', '', '2022-11-23 15:25:05.579859', 480, NULL, 299),
	(1254, NULL, '\n', '2022-09-30', '', '2022-11-23 15:27:40.482912', 481, NULL, 297),
	(1255, NULL, '	\n', '2022-09-30', '', '2022-11-24 08:42:24.706899', 484, NULL, 329),
	(1256, NULL, '	', '2022-09-30', '', '2022-11-24 08:44:33.390220', 485, NULL, 329),
	(1257, NULL, '1 2 3', '2022-11-24', '', '2022-11-24 14:52:35.203678', 489, NULL, 239),
	(1258, NULL, '1 2 3', '2022-11-24', '', '2022-11-24 14:54:46.188219', 490, NULL, 236),
	(1259, NULL, '2022715KTV7980\n', '2022-12-21', '//', '2022-11-27 09:38:46.630544', NULL, 7, 6),
	(1260, NULL, '22022715KTV7980', '2022-12-21', '//', '2022-11-27 09:40:28.647189', NULL, 8, 318);

INSERT INTO `fr_matter_form` (`id`, `status`, `update_time`, `year`, `user_id`) VALUES
	(1, NULL, NULL, 2022, 1),
	(2, NULL, '2022-08-31 09:23:09.515607', 2022, 2),
	(3, NULL, '2022-08-22 08:13:37.592326', 2022, 3),
	(4, NULL, '2022-08-12 14:52:30.810998', 2022, 4),
	(5, NULL, '2022-08-02 10:51:42.813860', 2022, 5),
	(6, NULL, '2022-08-06 14:04:09.985326', 2022, 6),
	(7, NULL, '2022-07-25 11:19:13.615817', 2022, 7),
	(8, NULL, '2022-08-08 07:42:17.357952', 2022, 8),
	(9, NULL, '2022-08-23 14:20:17.503012', 2022, 9),
	(10, NULL, '2022-08-12 10:54:36.444117', 2022, 10),
	(11, NULL, '2022-08-11 08:10:41.332593', 2022, 11),
	(12, NULL, '2022-08-03 08:53:32.477518', 2022, 12),
	(13, NULL, '2022-08-05 16:06:57.304177', 2022, 13),
	(14, NULL, '2022-08-12 10:53:57.081327', 2022, 14),
	(15, NULL, '2022-08-10 16:07:52.465067', 2022, 15),
	(16, NULL, '2022-08-09 14:38:25.509182', 2022, 16),
	(17, NULL, '2022-06-16 15:10:15.407846', 2022, 17),
	(18, NULL, '2022-08-10 16:06:53.993195', 2022, 18),
	(19, NULL, '2022-08-26 17:33:51.284465', 2022, 19),
	(20, NULL, '2022-08-16 12:13:19.031406', 2022, 20),
	(21, NULL, '2022-06-16 14:01:07.510173', 2022, 21),
	(28, NULL, '2022-07-25 12:33:55.104040', 2022, 28),
	(29, NULL, '2022-09-02 11:27:01.606435', 2022, 29),
	(30, NULL, '2022-09-13 15:09:58.475437', 2022, 30),
	(31, NULL, '2022-09-13 15:09:58.475437', 2022, 31),
	(40, NULL, '2022-09-13 15:12:51.503805', 2022, 40),
	(48, NULL, '2022-08-31 10:27:41.570834', 2022, 48),
	(49, NULL, '2022-08-31 10:27:41.586458', 2022, 49),
	(50, NULL, '2022-08-31 10:27:41.586458', 2022, 50),
	(75, NULL, '2022-08-22 22:13:14.775274', 2022, 75),
	(76, NULL, '2022-08-22 22:13:14.759652', 2022, 76),
	(77, NULL, '2022-08-22 22:13:14.790876', 2022, 77),
	(78, NULL, '2022-08-22 22:13:14.775274', 2022, 78),
	(98, NULL, '2022-08-24 09:42:25.472745', 2022, 98),
	(99, NULL, '2022-08-24 09:42:25.472745', 2022, 99),
	(101, NULL, '2022-08-24 09:42:25.472745', 2022, 101),
	(104, NULL, '2022-09-13 15:09:58.475437', 2022, 104),
	(110, NULL, '2022-08-24 09:42:25.472745', 2022, 110),
	(116, NULL, '2022-09-06 15:16:16.998387', 2022, 116),
	(117, NULL, '2022-09-06 15:16:16.998387', 2022, 117),
	(118, NULL, '2022-09-06 15:16:16.998387', 2022, 118),
	(134, NULL, '2022-08-29 09:37:02.773120', 2022, 134),
	(139, NULL, '2022-08-29 09:37:02.773120', 2022, 139),
	(143, NULL, '2022-08-24 15:38:03.387725', 2022, 143),
	(145, NULL, '2022-08-24 15:38:03.387725', 2022, 145),
	(155, NULL, '2022-08-23 16:03:41.904808', 2022, 155),
	(156, NULL, '2022-08-23 16:03:41.904808', 2022, 156),
	(158, NULL, '2022-08-23 16:03:41.904808', 2022, 158),
	(165, NULL, '2022-08-23 16:03:41.904808', 2022, 165),
	(172, NULL, '2022-08-31 15:39:59.084561', 2022, 172),
	(173, NULL, '2022-08-31 15:40:09.914790', 2022, 173),
	(174, NULL, '2022-08-31 15:40:09.914790', 2022, 174),
	(176, NULL, '2022-08-31 15:40:09.930419', 2022, 176),
	(186, NULL, '2022-08-31 09:15:55.951520', 2022, 186),
	(187, NULL, '2022-08-31 09:15:55.967146', 2022, 187),
	(202, NULL, '2022-08-31 14:18:55.481640', 2022, 202),
	(207, NULL, '2022-08-11 12:06:30.851758', 2022, 207),
	(208, NULL, '2022-08-02 10:08:24.040400', 2022, 208),
	(209, NULL, '2022-08-11 12:06:30.836160', 2022, 209),
	(215, NULL, '2022-08-06 18:48:30.975687', 2022, 215),
	(226, NULL, '2022-08-30 10:54:53.300602', 2022, 226),
	(236, NULL, '2022-08-29 11:59:47.814949', 2022, 236),
	(239, NULL, '2022-08-29 11:59:47.814949', 2022, 239),
	(241, NULL, '2022-11-08 16:34:45.654096', 2022, 241),
	(242, NULL, '2022-08-25 15:36:48.920004', 2022, 242),
	(243, NULL, '2022-08-25 15:36:48.920004', 2022, 243),
	(244, NULL, '2022-08-25 15:36:48.920004', 2022, 244),
	(245, NULL, '2022-08-25 15:36:48.920004', 2022, 245),
	(246, NULL, '2022-08-25 15:36:48.920004', 2022, 246),
	(247, NULL, '2022-08-25 15:36:48.935630', 2022, 247),
	(248, NULL, '2022-08-25 15:36:48.935630', 2022, 248),
	(249, NULL, '2022-08-25 15:36:48.935630', 2022, 249),
	(250, NULL, '2022-08-24 08:16:46.919688', 2022, 250),
	(251, NULL, '2022-08-24 08:16:46.919688', 2022, 251),
	(252, NULL, '2022-08-24 08:04:14.829016', 2022, 252),
	(253, NULL, '2022-08-24 08:15:13.809615', 2022, 253),
	(254, NULL, '2022-08-24 08:04:14.844641', 2022, 254),
	(255, NULL, '2022-08-22 21:49:53.862299', 2022, 255),
	(256, NULL, '2022-08-22 21:49:53.877925', 2022, 256),
	(257, NULL, '2022-08-22 21:49:53.877925', 2022, 257),
	(258, NULL, '2022-08-22 21:49:53.877925', 2022, 258),
	(259, NULL, '2022-08-22 21:49:53.893527', 2022, 259),
	(260, NULL, '2022-08-22 21:49:53.893527', 2022, 260),
	(261, NULL, '2022-09-04 16:45:06.517245', 2022, 261),
	(262, NULL, '2022-09-04 16:45:06.532869', 2022, 262),
	(263, NULL, '2022-09-04 16:45:06.532869', 2022, 263),
	(264, NULL, '2022-09-04 16:45:06.532869', 2022, 264),
	(265, NULL, '2022-09-04 16:45:06.532869', 2022, 265),
	(266, NULL, '2022-09-04 16:45:06.532869', 2022, 266),
	(267, NULL, '2022-08-29 10:00:01.572240', 2022, 267),
	(268, NULL, '2022-08-29 10:00:01.587867', 2022, 268),
	(269, NULL, '2022-08-29 10:00:01.587867', 2022, 269),
	(270, NULL, '2022-08-29 10:00:01.587867', 2022, 270),
	(271, NULL, '2022-08-29 10:00:01.603492', 2022, 271),
	(272, NULL, '2022-08-29 10:00:01.603492', 2022, 272),
	(273, NULL, '2022-08-25 14:20:54.150126', 2022, 273),
	(274, NULL, '2022-08-25 14:20:54.150126', 2022, 274),
	(275, NULL, '2022-08-25 14:20:54.165752', 2022, 275),
	(276, NULL, '2022-08-25 14:20:54.165752', 2022, 276),
	(277, NULL, '2022-08-25 14:20:54.165752', 2022, 277),
	(278, NULL, '2022-08-25 14:20:54.165752', 2022, 278),
	(279, NULL, '2022-08-30 10:54:53.316229', 2022, 279),
	(281, NULL, '2022-08-30 10:54:53.316229', 2022, 281),
	(282, NULL, '2022-08-30 10:54:53.316229', 2022, 282),
	(283, NULL, '2022-08-30 08:03:03.468769', 2022, 283),
	(284, NULL, '2022-08-30 08:03:03.468769', 2022, 284),
	(285, NULL, '2022-08-30 08:03:03.468769', 2022, 285),
	(286, NULL, '2022-08-30 08:03:03.468769', 2022, 286),
	(287, NULL, '2022-08-30 08:03:03.484390', 2022, 287),
	(288, NULL, '2022-09-03 08:12:40.556714', 2022, 288),
	(289, NULL, '2022-09-03 08:12:40.556714', 2022, 289),
	(290, NULL, '2022-09-03 08:12:40.556714', 2022, 290),
	(291, NULL, '2022-09-03 08:12:40.556714', 2022, 291),
	(292, NULL, '2022-09-03 08:12:40.572342', 2022, 292),
	(293, NULL, '2022-08-31 09:26:03.438846', 2022, 293),
	(294, NULL, '2022-08-31 09:26:03.438846', 2022, 294),
	(295, NULL, '2022-08-31 09:26:03.438846', 2022, 295),
	(296, NULL, '2022-08-31 09:26:03.438846', 2022, 296),
	(297, NULL, '2022-08-31 09:26:03.438846', 2022, 297),
	(298, NULL, '2022-08-31 09:26:03.454472', 2022, 298),
	(299, NULL, '2022-08-31 09:26:03.454472', 2022, 299),
	(301, NULL, '2022-09-02 16:49:53.694194', 2022, 301),
	(302, NULL, '2022-09-02 16:49:53.694194', 2022, 302),
	(303, NULL, '2022-09-02 16:49:53.694194', 2022, 303),
	(304, NULL, '2022-09-02 16:49:53.694194', 2022, 304),
	(305, NULL, '2022-09-13 15:09:58.475437', 2022, 305),
	(306, NULL, '2022-09-13 15:12:51.503805', 2022, 306),
	(307, NULL, '2022-08-31 10:27:41.586458', 2022, 307),
	(308, NULL, '2022-08-22 22:13:37.293125', 2022, 308),
	(309, NULL, '2022-08-24 09:42:25.488374', 2022, 309),
	(310, NULL, '2022-09-14 16:27:56.654852', 2022, 310),
	(311, NULL, '2022-08-24 15:38:03.403350', 2022, 311),
	(312, NULL, '2022-07-05 16:52:18.104401', 2022, 312),
	(313, NULL, '2022-08-31 15:39:59.100187', 2022, 313),
	(315, NULL, '2022-08-31 14:18:55.512898', 2022, 315),
	(317, NULL, '2022-08-11 12:06:30.836160', 2022, 317),
	(318, NULL, '2022-08-30 08:48:01.851903', 2022, 318),
	(319, NULL, '2022-08-29 12:00:10.789079', 2022, 319),
	(320, NULL, '2022-08-25 15:36:48.935630', 2022, 320),
	(321, NULL, '2022-08-22 16:09:18.694264', 2022, 321),
	(322, NULL, '2022-08-22 21:49:53.893527', 2022, 322),
	(323, NULL, '2022-09-04 16:44:34.630254', 2022, 323),
	(324, NULL, '2022-08-29 10:00:01.603492', 2022, 324),
	(325, NULL, '2022-08-25 14:20:54.165752', 2022, 325),
	(326, NULL, '2022-07-05 16:54:38.120840', 2022, 326),
	(327, NULL, '2022-08-30 08:03:03.484390', 2022, 327),
	(328, NULL, '2022-09-03 08:12:40.572342', 2022, 328),
	(329, NULL, '2022-08-31 09:26:03.454472', 2022, 329),
	(330, NULL, '2022-09-02 16:47:34.514313', 2022, 330),
	(331, NULL, '2022-08-25 15:36:48.935630', 2022, 331),
	(332, NULL, '2022-08-24 08:16:46.919688', 2022, 332),
	(333, NULL, '2022-08-22 21:49:53.909152', 2022, 333),
	(334, NULL, '2022-09-04 16:45:06.532869', 2022, 334),
	(335, NULL, '2022-08-29 10:00:01.619115', 2022, 335),
	(336, NULL, '2022-08-25 14:20:54.165752', 2022, 336),
	(337, NULL, '2022-08-30 10:54:53.331852', 2022, 337),
	(338, NULL, '2022-08-30 08:03:03.484390', 2022, 338),
	(339, NULL, '2022-09-03 08:12:40.572342', 2022, 339),
	(340, NULL, '2022-08-31 09:26:03.454472', 2022, 340),
	(341, NULL, '2022-09-02 16:49:53.709819', 2022, 341),
	(342, NULL, '2022-08-29 09:37:02.773120', 2022, 342),
	(343, NULL, '2022-08-31 09:15:55.967146', 2022, 343),
	(344, NULL, '2022-08-30 10:54:53.331852', 2022, 344),
	(345, NULL, '2022-08-30 10:54:53.331852', 2022, 345),
	(346, NULL, '2022-08-30 09:07:33.179657', 2022, 346);

INSERT INTO `fr_measure` (`id`, `code`, `content`, `matter_id`, `progress`) VALUES
	(1, NULL, '1\n2\n3', 1, NULL),
	(2, NULL, '1\n2\n3\n4', 2, NULL),
	(3, NULL, '123', 3, NULL),
	(4, NULL, '12.3', 4, NULL),
	(5, NULL, '123', 5, NULL),
	(6, NULL, '123', 6, NULL),
	(7, NULL, '123.', 7, NULL),
	(8, NULL, '"1\n2"', 8, NULL),
	(9, NULL, '1\n2', 9, NULL),
	(10, NULL, '', 18, '2013-20211587.58711482.8104.7871104.78712022816202022821302022122054.787120222022122021202217710727974.97312103441005690.8488280142185198305.51176920.2957960.89540.1140.42122.9810.4471.6152.07123.26 202129202212 '),
	(11, NULL, '2022', 18, '2013-20211587.58711482.8104.7871104.78712022816202022821302022122054.787120222022122021202217710727974.97312103441005690.8488280142185198305.51176920.2957960.89540.1140.42122.9810.4471.6152.07123.26 202129202212 '),
	(12, NULL, '', 18, '2013-20211587.58711482.8104.7871104.78712022816202022821302022122054.787120222022122021202217710727974.97312103441005690.8488280142185198305.51176920.2957960.89540.1140.42122.9810.4471.6152.07123.26 202129202212 '),
	(13, NULL, '', 18, '2013-20211587.58711482.8104.7871104.78712022816202022821302022122054.787120222022122021202217710727974.97312103441005690.8488280142185198305.51176920.2957960.89540.1140.42122.9810.4471.6152.07123.26\n202129202212\n'),
	(14, NULL, '', 19, '1587.58711482.8104.7871104.78712022816202022821302022122054.7871'),
	(15, NULL, '2022', 19, '2022920212022'),
	(16, NULL, '', 19, '2021202292022202129'),
	(17, NULL, '', 20, NULL),
	(18, NULL, '123', 21, '202221500'),
	(19, NULL, '12', 22, NULL),
	(20, NULL, '123', 23, NULL),
	(21, NULL, '12', 24, NULL),
	(22, NULL, '', 25, NULL),
	(23, NULL, '123', 26, NULL),
	(24, NULL, '123', 27, NULL),
	(25, NULL, '', 28, NULL),
	(26, NULL, '123', 29, NULL),
	(27, NULL, '123', 30, NULL),
	(28, NULL, '123', 35, NULL),
	(29, NULL, '12', 36, NULL),
	(30, NULL, '23', 37, NULL),
	(31, NULL, '12', 38, NULL),
	(32, NULL, '123', 39, NULL),
	(33, NULL, '', 40, NULL),
	(34, NULL, '12', 41, NULL),
	(39, NULL, '1.\n2.\n3.', 31, NULL),
	(40, NULL, '1.\n2.', 32, NULL),
	(41, NULL, '1.\n2.', 42, NULL),
	(42, NULL, '1.\n2.', 43, NULL),
	(43, NULL, '', 44, NULL),
	(44, NULL, '', 45, NULL),
	(45, NULL, '', 46, NULL),
	(46, NULL, '', 47, NULL),
	(58, NULL, '1.2.3.', 73, NULL),
	(59, NULL, '123', 74, NULL),
	(60, NULL, '1.2.3.', 75, NULL),
	(61, NULL, '1.2.', 76, NULL),
	(62, NULL, '1.2.', 77, NULL),
	(63, NULL, '123', 78, NULL),
	(64, NULL, '', 79, NULL),
	(65, NULL, '12', 80, NULL),
	(68, NULL, '', 82, NULL),
	(73, NULL, '', 83, NULL),
	(75, NULL, '123', 85, NULL),
	(83, NULL, '', 90, NULL),
	(84, NULL, '123', 91, NULL),
	(85, NULL, '123', 97, NULL),
	(86, NULL, '12 3', 92, NULL),
	(87, NULL, '12', 93, NULL),
	(88, NULL, '123', 94, NULL),
	(89, NULL, '123', 96, NULL),
	(90, NULL, '123', 95, NULL),
	(92, NULL, '', 64, NULL),
	(93, NULL, '', 65, NULL),
	(94, NULL, '', 66, NULL),
	(95, NULL, '12', 67, NULL),
	(96, NULL, '123', 70, NULL),
	(97, NULL, '123', 71, NULL),
	(98, NULL, '1', 105, NULL),
	(99, NULL, '1\n2.\n3.\n 25  10 ', 106, NULL),
	(100, NULL, '.\n2.\n3.\n4.', 107, NULL),
	(101, NULL, '1.5 \n3. 5\n4.37', 108, NULL),
	(102, NULL, '\n2.\n3.\n4.', 109, NULL),
	(103, NULL, '1.\n2.', 110, NULL),
	(104, NULL, '12', 111, NULL),
	(105, NULL, '123', 112, NULL),
	(106, NULL, '', 113, NULL),
	(107, NULL, '', 114, NULL),
	(108, NULL, '', 115, NULL),
	(109, NULL, '', 116, NULL),
	(110, NULL, '', 120, NULL),
	(111, NULL, '123', 117, NULL),
	(112, NULL, '8', 122, NULL),
	(113, NULL, '123', 123, NULL),
	(114, NULL, '', 124, NULL),
	(115, NULL, '', 125, NULL),
	(116, NULL, '123', 126, NULL),
	(117, NULL, '', 127, NULL),
	(118, NULL, '123', 128, NULL),
	(119, NULL, '123.', 137, NULL),
	(120, NULL, '123', 121, NULL),
	(121, NULL, '123', 129, NULL),
	(122, NULL, '123', 130, NULL),
	(123, NULL, '12', 131, NULL),
	(124, NULL, '123', 132, NULL),
	(125, NULL, '123', 133, NULL),
	(126, NULL, '123', 134, NULL),
	(127, NULL, '123', 135, NULL),
	(128, NULL, '123', 136, NULL),
	(129, NULL, '', 98, NULL),
	(130, NULL, '', 99, NULL),
	(131, NULL, '', 100, NULL),
	(132, NULL, '', 101, NULL),
	(133, NULL, '', 102, NULL),
	(134, NULL, '12', 33, NULL),
	(135, NULL, '212', 34, NULL),
	(136, NULL, '312', 48, NULL),
	(137, NULL, '123', 49, NULL),
	(138, NULL, '123', 50, NULL),
	(139, NULL, '612', 51, NULL),
	(140, NULL, '12', 52, NULL),
	(141, NULL, '1.2.3.', 142, NULL),
	(142, NULL, '1.82.3.', 143, NULL),
	(143, NULL, '1.2.3.', 144, NULL),
	(144, NULL, '1.2.3.', 145, NULL),
	(145, NULL, '1.2.3.', 146, NULL),
	(146, NULL, '1.i2.3.', 147, NULL),
	(147, NULL, '1.2.3.', 148, NULL),
	(148, NULL, '1.2.3.', 139, NULL),
	(149, NULL, '1.2.3.', 140, NULL),
	(150, NULL, '1.2.3.4.', 141, NULL),
	(151, NULL, '', 149, NULL),
	(152, NULL, '', 150, NULL),
	(153, NULL, '123', 118, NULL),
	(154, NULL, '123', 152, NULL),
	(162, NULL, '1234', 155, NULL),
	(163, NULL, '1234', 153, NULL),
	(164, NULL, '1234', 154, NULL),
	(165, NULL, '123', 156, NULL),
	(166, NULL, '123', 157, NULL),
	(167, NULL, '123.', 158, NULL),
	(168, NULL, '1234.', 159, NULL),
	(169, NULL, '1.2.3.4.', 160, NULL),
	(170, NULL, '1.2.3.', 161, NULL),
	(171, NULL, '1.2.3.', 162, NULL),
	(172, NULL, '1.2.3.', 163, NULL),
	(173, NULL, '1.2.3.', 164, NULL),
	(174, NULL, '1.2.3.', 165, NULL),
	(175, NULL, '', 167, NULL),
	(176, NULL, '', 173, NULL),
	(177, NULL, '', 174, NULL),
	(178, NULL, '', 175, NULL),
	(179, NULL, '', 176, NULL),
	(180, NULL, '', 177, NULL),
	(181, NULL, '', 178, NULL),
	(182, NULL, '', 179, NULL),
	(183, NULL, '', 180, NULL),
	(184, NULL, '', 181, NULL),
	(185, NULL, '', 182, NULL),
	(186, NULL, '', 183, NULL),
	(187, NULL, '', 184, NULL),
	(188, NULL, '', 185, NULL),
	(189, NULL, '', 186, NULL),
	(190, NULL, '', 187, NULL),
	(191, NULL, '1\n2\n3', 200, NULL),
	(192, NULL, '23', 194, NULL),
	(193, NULL, '1\n2\n3', 195, NULL),
	(194, NULL, '1\n2\n3', 196, NULL),
	(195, NULL, '1\n2\n3', 197, NULL),
	(196, NULL, '1\n2\n3', 199, NULL),
	(197, NULL, '1\n2\n3', 198, NULL),
	(198, NULL, '1;23', 204, NULL),
	(199, NULL, '123', 203, NULL),
	(200, NULL, '123', 205, NULL),
	(201, NULL, '123', 206, NULL),
	(202, NULL, '12', 207, NULL),
	(203, NULL, '123', 208, NULL),
	(204, NULL, '123.', 209, NULL),
	(206, NULL, '1;23', 225, NULL),
	(207, NULL, '123', 226, NULL),
	(208, NULL, '1234', 227, NULL),
	(209, NULL, '12 3', 228, NULL),
	(210, NULL, '12', 229, NULL),
	(211, NULL, '123,', 230, NULL),
	(212, NULL, '123.', 231, NULL),
	(213, NULL, '', 233, NULL),
	(214, NULL, '', 234, NULL),
	(215, NULL, '', 235, NULL),
	(216, NULL, '', 236, NULL),
	(217, NULL, '', 237, NULL),
	(218, NULL, '', 238, NULL),
	(219, NULL, '', 239, NULL),
	(221, NULL, '', 246, NULL),
	(222, NULL, '', 241, NULL),
	(223, NULL, '123', 243, NULL),
	(224, NULL, '12', 244, NULL),
	(225, NULL, '123', 245, NULL),
	(226, NULL, '', 247, NULL),
	(227, NULL, '', 248, NULL),
	(228, NULL, '', 249, NULL),
	(229, NULL, '123', 250, NULL),
	(230, NULL, '', 251, NULL),
	(231, NULL, '', 252, NULL),
	(232, NULL, '', 253, NULL),
	(233, NULL, '', 254, NULL),
	(234, NULL, '', 255, NULL),
	(235, NULL, '', 256, NULL),
	(236, NULL, '', 257, NULL),
	(237, NULL, '', 258, NULL),
	(238, NULL, '', 259, NULL),
	(239, NULL, '', 218, NULL),
	(240, NULL, '', 217, NULL),
	(241, NULL, '', 219, NULL),
	(242, NULL, '', 220, NULL),
	(243, NULL, '', 221, NULL),
	(244, NULL, '', 223, NULL),
	(245, NULL, '', 222, NULL),
	(246, NULL, '', 224, NULL),
	(247, NULL, '', 232, NULL),
	(249, NULL, '', 168, NULL),
	(250, NULL, '', 169, NULL),
	(251, NULL, '', 170, NULL),
	(252, NULL, '', 172, NULL),
	(253, NULL, '', 171, NULL),
	(254, NULL, '', 260, NULL),
	(256, NULL, '1.\n2.\n3.', 262, NULL),
	(257, NULL, '1.\n2.\n3.', 263, NULL),
	(258, NULL, '1.\n2.\n33.', 264, NULL),
	(259, NULL, '1.\n2.\n3.', 265, NULL),
	(260, NULL, '1.\n2.\n3.\n4.', 266, NULL),
	(261, NULL, '1.\n2.\n3.\n4.', 267, NULL),
	(262, NULL, '1.\n2.\n3.\n4.', 268, NULL),
	(263, NULL, '123', 269, NULL),
	(264, NULL, '1234', 270, NULL),
	(265, NULL, '12.3', 271, NULL),
	(266, NULL, '123', 272, NULL),
	(267, NULL, '123', 273, NULL),
	(268, NULL, '123', 274, NULL),
	(269, NULL, '123', 275, NULL),
	(270, NULL, '123\n', 276, NULL),
	(271, NULL, '123', 277, NULL),
	(272, NULL, '123.', 278, NULL),
	(275, NULL, '', 281, NULL),
	(276, NULL, '', 282, NULL),
	(277, NULL, '123', 283, NULL),
	(278, NULL, '123', 284, NULL),
	(279, NULL, '123', 285, NULL),
	(280, NULL, '1', 286, NULL),
	(281, NULL, '2', 286, NULL),
	(282, NULL, '3', 286, NULL),
	(283, NULL, '4', 286, NULL),
	(284, NULL, '', 287, NULL),
	(285, NULL, '1', 288, NULL),
	(286, NULL, '2', 288, NULL),
	(287, NULL, '', 290, NULL),
	(288, NULL, '', 291, NULL),
	(289, NULL, '', 292, NULL),
	(290, NULL, '1', 293, NULL),
	(291, NULL, '2', 293, NULL),
	(292, NULL, '1', 294, NULL),
	(293, NULL, '2', 294, NULL),
	(294, NULL, '3', 294, NULL),
	(295, NULL, '', 295, NULL),
	(296, NULL, '12', 296, NULL),
	(297, NULL, '12', 297, NULL),
	(298, NULL, '12.', 298, NULL),
	(299, NULL, '12', 299, NULL),
	(300, NULL, '123.', 300, NULL),
	(307, NULL, '12', 329, NULL),
	(308, NULL, '123', 330, NULL),
	(309, NULL, '12', 331, NULL),
	(310, NULL, '12', 332, NULL),
	(311, NULL, '123', 333, NULL),
	(312, NULL, '123', 334, NULL),
	(313, NULL, '123', 335, NULL),
	(314, NULL, '12', 336, NULL),
	(315, NULL, '123', 337, NULL),
	(316, NULL, '123', 338, NULL),
	(317, NULL, '123', 339, NULL),
	(318, NULL, '123', 340, NULL),
	(319, NULL, '123', 341, NULL),
	(320, NULL, '', 342, NULL),
	(321, NULL, '1234', 343, NULL),
	(322, NULL, '123 ', 344, NULL),
	(323, NULL, '123', 345, NULL),
	(324, NULL, '123', 346, NULL),
	(325, NULL, '123', 347, NULL),
	(326, NULL, '123', 348, NULL),
	(327, NULL, '123.', 349, NULL),
	(328, NULL, '123', 350, NULL),
	(329, NULL, '12', 351, NULL),
	(330, NULL, '123', 352, NULL),
	(331, NULL, '', 353, NULL),
	(332, NULL, '12', 354, NULL),
	(333, NULL, '12', 355, NULL),
	(334, NULL, '1.,2.', 356, NULL),
	(335, NULL, '', 357, NULL),
	(336, NULL, '1.2.', 358, NULL),
	(337, NULL, '1.2.3.', 359, NULL),
	(338, NULL, '1.2.3.', 360, NULL),
	(339, NULL, '1.2.3.', 361, NULL),
	(340, NULL, '123', 407, NULL),
	(341, NULL, '123', 408, NULL),
	(342, NULL, '123', 409, NULL),
	(343, NULL, '123', 410, NULL),
	(345, NULL, '', 389, NULL),
	(346, NULL, '', 390, NULL),
	(347, NULL, '', 391, NULL),
	(348, NULL, '', 392, NULL),
	(349, NULL, '', 393, NULL),
	(350, NULL, '', 394, NULL),
	(351, NULL, '', 395, NULL),
	(352, NULL, '', 396, NULL),
	(353, NULL, '1234', 382, NULL),
	(354, NULL, '', 383, NULL),
	(355, NULL, '123', 384, NULL),
	(356, NULL, '12', 385, NULL),
	(357, NULL, '', 386, NULL),
	(358, NULL, '', 387, NULL),
	(359, NULL, '', 388, NULL),
	(360, NULL, '', 369, NULL),
	(361, NULL, '', 370, NULL),
	(362, NULL, '', 371, NULL),
	(363, NULL, '\n', 372, NULL),
	(364, NULL, '', 373, NULL),
	(365, NULL, '', 374, NULL),
	(366, NULL, '1234', 375, NULL),
	(367, NULL, '12', 376, NULL),
	(368, NULL, '', 377, NULL),
	(369, NULL, '', 378, NULL),
	(370, NULL, '12', 379, NULL),
	(371, NULL, '', 380, NULL),
	(372, NULL, '', 498, NULL),
	(373, NULL, '1234', 499, NULL),
	(374, NULL, '123', 500, NULL),
	(375, NULL, '123', 501, NULL),
	(376, NULL, '123', 502, NULL),
	(377, NULL, '123', 503, NULL),
	(378, NULL, '123.', 504, NULL),
	(379, NULL, '1234', 505, NULL),
	(380, NULL, '12', 506, NULL),
	(381, NULL, '', 507, NULL),
	(382, NULL, '2', 508, NULL),
	(383, NULL, '12', 509, NULL),
	(384, NULL, '1234', 510, NULL),
	(385, NULL, '12', 511, NULL),
	(386, NULL, '1\n2\n', 512, NULL),
	(387, NULL, '1\n', 513, NULL),
	(388, NULL, '', 514, NULL),
	(389, NULL, '1\n2\n', 515, NULL),
	(390, NULL, '1\n2\n', 516, NULL),
	(391, NULL, '', 517, NULL),
	(392, NULL, '1\n2\n', 518, NULL),
	(393, NULL, '', 519, NULL),
	(394, NULL, '', 301, NULL),
	(395, NULL, '', 302, NULL),
	(396, NULL, '', 303, NULL),
	(397, NULL, '', 304, NULL),
	(398, NULL, '', 305, NULL),
	(399, NULL, '', 306, NULL),
	(400, NULL, '', 307, NULL),
	(401, NULL, '', 308, NULL),
	(402, NULL, '123', 521, NULL),
	(403, NULL, '12', 524, NULL),
	(404, NULL, '12', 525, NULL),
	(405, NULL, '12', 526, NULL),
	(406, NULL, '12', 528, NULL),
	(407, NULL, '123', 529, NULL),
	(408, NULL, '12', 527, NULL),
	(409, NULL, '12', 535, NULL),
	(410, NULL, '12', 530, NULL),
	(411, NULL, '123', 531, NULL),
	(412, NULL, '12', 532, NULL),
	(413, NULL, '123', 533, NULL),
	(414, NULL, '123', 534, NULL),
	(417, NULL, '123 ', 411, NULL),
	(418, NULL, '12', 412, NULL),
	(419, NULL, '', 536, NULL),
	(420, NULL, '', 536, NULL),
	(421, NULL, '', 537, NULL),
	(422, NULL, '', 537, NULL),
	(423, NULL, '', 537, NULL),
	(424, NULL, '', 538, NULL),
	(425, NULL, '', 538, NULL),
	(426, NULL, '', 538, NULL),
	(427, NULL, '', 539, NULL),
	(428, NULL, '', 539, NULL),
	(429, NULL, '', 540, NULL),
	(430, NULL, '', 540, NULL),
	(431, NULL, '', 541, NULL),
	(432, NULL, '', 541, NULL),
	(433, NULL, '12', 401, NULL),
	(434, NULL, '1', 402, NULL),
	(435, NULL, '2', 402, NULL),
	(436, NULL, '3', 402, NULL),
	(437, NULL, '', 403, NULL),
	(438, NULL, '123', 404, NULL),
	(439, NULL, '123', 405, NULL),
	(440, NULL, '12', 406, NULL),
	(441, NULL, '1', 415, NULL),
	(442, NULL, '2', 415, NULL),
	(443, NULL, '1', 416, NULL),
	(444, NULL, '2', 416, NULL),
	(445, NULL, '1', 417, NULL),
	(446, NULL, '2', 417, NULL),
	(447, NULL, '3', 417, NULL),
	(448, NULL, '4', 417, NULL),
	(449, NULL, '1', 418, NULL),
	(450, NULL, '2', 418, NULL),
	(451, NULL, '3', 418, NULL),
	(452, NULL, '1', 419, NULL),
	(453, NULL, '2', 419, NULL),
	(454, NULL, '1', 420, NULL),
	(455, NULL, '2', 420, NULL),
	(456, NULL, '1', 421, NULL),
	(457, NULL, '2', 421, NULL),
	(458, NULL, '1', 422, NULL),
	(459, NULL, '2', 422, NULL),
	(460, NULL, '3', 422, NULL),
	(461, NULL, '1', 423, NULL),
	(462, NULL, '2', 423, NULL),
	(463, NULL, '3', 423, NULL),
	(464, NULL, '1', 424, NULL),
	(465, NULL, '2', 424, NULL),
	(466, NULL, '1', 425, NULL),
	(467, NULL, '2', 425, NULL),
	(468, NULL, '3', 425, NULL),
	(469, NULL, '1', 426, NULL),
	(470, NULL, '2', 426, NULL),
	(471, NULL, '1', 427, NULL),
	(472, NULL, '2', 427, NULL),
	(473, NULL, '1', 428, NULL),
	(474, NULL, '2', 428, NULL),
	(475, NULL, '1', 429, NULL),
	(476, NULL, '2', 429, NULL),
	(477, NULL, '1', 430, NULL),
	(478, NULL, '2', 430, NULL),
	(479, NULL, '123', 542, NULL),
	(480, NULL, '123', 543, NULL),
	(481, NULL, '123.', 544, NULL),
	(482, NULL, '1234', 545, NULL),
	(483, NULL, '12.3', 546, NULL),
	(484, NULL, '123.', 547, NULL),
	(485, NULL, '123', 548, NULL),
	(486, NULL, '123', 549, NULL),
	(487, NULL, '123', 550, NULL),
	(488, NULL, '123', 551, NULL),
	(489, NULL, '123', 552, NULL),
	(490, NULL, '123.', 553, NULL),
	(491, NULL, '123', 554, NULL),
	(492, NULL, '1234', 555, NULL),
	(493, NULL, '123', 556, NULL),
	(494, NULL, '12.3', 557, NULL),
	(495, NULL, '123', 558, NULL),
	(496, NULL, '123', 559, NULL),
	(497, NULL, '123.', 560, NULL),
	(498, NULL, '1', 561, NULL),
	(499, NULL, '', 562, NULL),
	(500, NULL, '', 563, NULL),
	(501, NULL, '', 564, NULL),
	(502, NULL, '1 3', 565, NULL),
	(503, NULL, '', 566, NULL),
	(504, NULL, '1234', 567, NULL),
	(505, NULL, '12', 568, NULL),
	(506, NULL, '1923\n', 569, NULL),
	(507, NULL, '1\n2', 570, NULL),
	(508, NULL, '', 571, NULL),
	(509, NULL, '', 572, NULL),
	(510, NULL, '1\n2', 573, NULL),
	(511, NULL, '', 574, NULL),
	(512, NULL, '', 575, NULL),
	(513, NULL, '1 .2.', 576, NULL),
	(514, NULL, '123', 589, NULL),
	(515, NULL, '+ ', 588, NULL),
	(516, NULL, '13', 594, NULL),
	(517, NULL, '1.\n2.98%202265%\n3.15\n4.', 590, NULL),
	(518, NULL, '123', 591, NULL),
	(519, NULL, '123', 592, NULL),
	(520, NULL, '123.', 593, NULL),
	(521, NULL, '', 577, NULL),
	(522, NULL, '12', 578, NULL),
	(523, NULL, '12', 584, NULL),
	(524, NULL, '123', 585, NULL),
	(525, NULL, '123.', 586, NULL),
	(526, NULL, '12', 587, NULL),
	(527, NULL, '12', 595, NULL),
	(528, NULL, '', 596, NULL),
	(529, NULL, '', 597, NULL),
	(530, NULL, '13', 598, NULL),
	(531, NULL, '12', 599, NULL),
	(532, NULL, '123', 600, NULL),
	(533, NULL, '123.', 601, NULL),
	(534, NULL, '1', 602, NULL),
	(535, NULL, '', 603, NULL),
	(536, NULL, '', 604, NULL),
	(537, NULL, '12', 605, NULL),
	(538, NULL, '', 606, NULL),
	(539, NULL, '', 607, NULL),
	(540, NULL, ',1.', 608, NULL),
	(541, NULL, '', 609, NULL),
	(542, NULL, '', 610, NULL),
	(543, NULL, '', 611, NULL),
	(544, NULL, '1234', 612, NULL),
	(545, NULL, '', 613, NULL),
	(546, NULL, '1', 614, NULL),
	(547, NULL, '', 615, NULL),
	(548, NULL, '1.2.', 616, NULL),
	(549, NULL, '1', 617, NULL),
	(550, NULL, '1.', 618, NULL),
	(551, NULL, '1.2.KTV', 619, NULL),
	(552, NULL, '', 620, NULL),
	(553, NULL, '', 621, NULL),
	(554, NULL, '', 622, NULL),
	(555, NULL, '', 623, NULL),
	(556, NULL, '', 624, NULL),
	(557, NULL, '', 625, NULL),
	(558, NULL, '1', 626, NULL),
	(559, NULL, '12', 627, NULL),
	(560, NULL, '', 628, NULL),
	(561, NULL, '12', 629, NULL),
	(562, NULL, '1LED23', 630, NULL),
	(563, NULL, '', 631, NULL),
	(564, NULL, '12', 632, NULL),
	(565, NULL, '', 633, NULL),
	(566, NULL, '12', 634, NULL),
	(567, NULL, '12', 635, NULL),
	(568, NULL, '123', 636, NULL),
	(569, NULL, '123', 637, NULL),
	(570, NULL, '123', 638, NULL),
	(571, NULL, '12', 639, NULL),
	(572, NULL, '  ', 640, NULL),
	(573, NULL, '', 641, NULL),
	(574, NULL, '', 642, NULL),
	(575, NULL, '', 643, NULL),
	(576, NULL, '', 644, NULL),
	(577, NULL, '', 645, NULL),
	(578, NULL, '', 646, NULL),
	(579, NULL, '12345', 647, NULL),
	(580, NULL, '', 648, NULL),
	(581, NULL, '', 649, NULL),
	(582, NULL, '', 650, NULL),
	(583, NULL, '', 651, NULL),
	(584, NULL, '', 652, NULL),
	(585, NULL, '', 653, NULL),
	(586, NULL, '123', 654, NULL),
	(587, NULL, '12', 655, NULL),
	(588, NULL, '123', 656, NULL),
	(589, NULL, '12,3,', 657, NULL),
	(590, NULL, '12 ', 658, NULL),
	(592, NULL, '12', 661, NULL),
	(593, NULL, '123', 662, NULL),
	(594, NULL, '12.8', 663, NULL),
	(595, NULL, '12', 664, NULL),
	(596, NULL, '12', 665, NULL),
	(597, NULL, '123', 684, NULL),
	(598, NULL, '123', 675, NULL),
	(599, NULL, '123', 666, NULL),
	(600, NULL, '12', 685, NULL),
	(601, NULL, '12', 676, NULL),
	(602, NULL, '', 686, NULL),
	(603, NULL, '123.', 667, NULL),
	(604, NULL, '1234', 690, NULL),
	(605, NULL, '12', 677, NULL),
	(606, NULL, '12', 678, NULL),
	(607, NULL, '12', 687, NULL),
	(608, NULL, '12', 679, NULL),
	(609, NULL, '12', 691, NULL),
	(610, NULL, '123', 688, NULL),
	(611, NULL, '123', 680, NULL),
	(612, NULL, '123', 689, NULL),
	(613, NULL, '123', 692, NULL),
	(614, NULL, '12', 681, NULL),
	(615, NULL, '123', 693, NULL),
	(616, NULL, '123', 682, NULL),
	(617, NULL, '12', 694, NULL),
	(618, NULL, '123.', 683, NULL),
	(619, NULL, '12,,3.', 695, NULL),
	(620, NULL, '123', 668, NULL),
	(621, NULL, '12', 669, NULL),
	(623, NULL, '1234', 697, NULL),
	(625, NULL, '', 671, NULL),
	(626, NULL, '\n', 672, NULL),
	(627, NULL, '', 673, NULL),
	(628, NULL, '', 674, NULL),
	(629, NULL, '12.3', 703, NULL),
	(630, NULL, '', 704, NULL),
	(631, NULL, '.', 705, NULL),
	(632, NULL, '123.', 710, NULL),
	(633, NULL, '123', 706, NULL),
	(634, NULL, '12', 707, NULL),
	(635, NULL, '', 708, NULL),
	(636, NULL, '123.', 709, NULL),
	(637, NULL, '123\n', 711, NULL),
	(638, NULL, '12.', 712, NULL),
	(639, NULL, '123', 713, NULL),
	(640, NULL, '12', 714, NULL),
	(641, NULL, '', 715, NULL),
	(642, NULL, '', 716, NULL),
	(643, NULL, '123', 717, NULL),
	(644, NULL, '123', 718, NULL),
	(645, NULL, '123', 719, NULL),
	(646, NULL, '12', 720, NULL),
	(647, NULL, '12', 721, NULL),
	(648, NULL, '12', 722, NULL),
	(649, NULL, '123', 698, NULL),
	(650, NULL, '123', 699, NULL),
	(651, NULL, '123', 700, NULL),
	(652, NULL, '12.', 701, NULL),
	(653, NULL, '123.', 702, NULL),
	(654, NULL, '123', 723, NULL),
	(655, NULL, '123', 724, NULL),
	(656, NULL, '12', 725, NULL),
	(657, NULL, '123', 726, NULL),
	(658, NULL, '', 727, NULL),
	(659, NULL, '123.', 728, NULL),
	(660, NULL, '123', 729, NULL),
	(661, NULL, '123', 730, NULL),
	(662, NULL, '123', 731, NULL),
	(663, NULL, '123', 732, NULL),
	(664, NULL, '123', 733, NULL),
	(665, NULL, '123', 734, NULL),
	(666, NULL, '123', 735, NULL),
	(667, NULL, '1234', 736, NULL),
	(668, NULL, '123', 737, NULL),
	(669, NULL, '123', 738, NULL),
	(670, NULL, '123', 739, NULL),
	(673, NULL, '1', 742, NULL),
	(674, NULL, '2', 742, NULL),
	(675, NULL, '1', 743, NULL),
	(676, NULL, '2', 743, NULL),
	(677, NULL, '3', 743, NULL),
	(678, NULL, '1', 744, NULL),
	(679, NULL, '2,', 744, NULL),
	(680, NULL, '3', 744, NULL),
	(681, NULL, '1', 745, NULL),
	(682, NULL, '2', 745, NULL),
	(683, NULL, '1', 746, NULL),
	(684, NULL, '2', 746, NULL),
	(685, NULL, '3', 746, NULL),
	(686, NULL, '1', 747, NULL),
	(687, NULL, '2', 747, NULL),
	(688, NULL, '1', 748, NULL),
	(689, NULL, '2', 748, NULL),
	(690, NULL, '1', 749, NULL),
	(691, NULL, '23.', 749, NULL),
	(692, NULL, '', 741, NULL),
	(693, NULL, '2', 741, NULL),
	(694, NULL, '3', 741, NULL),
	(695, NULL, '123', 750, NULL),
	(696, NULL, '1', 751, NULL),
	(697, NULL, '123', 752, NULL),
	(698, NULL, '123', 753, NULL),
	(699, NULL, '123', 754, NULL),
	(700, NULL, '12', 755, NULL),
	(701, NULL, '12345', 757, NULL),
	(702, NULL, '123', 756, NULL),
	(703, NULL, '123', 758, NULL),
	(704, NULL, '12', 759, NULL),
	(705, NULL, '123', 760, NULL),
	(706, NULL, '123', 761, NULL),
	(707, NULL, '1.2.3.', 762, NULL),
	(708, NULL, '1.2', 763, NULL),
	(709, NULL, '1.23', 764, NULL),
	(710, NULL, '1.', 765, NULL),
	(711, NULL, '123', 767, NULL),
	(712, NULL, '1.2.', 766, NULL),
	(713, NULL, '1234', 768, NULL),
	(714, NULL, '12.3', 769, NULL),
	(715, NULL, '1234', 770, NULL),
	(716, NULL, '1.', 773, NULL),
	(717, NULL, '123', 771, NULL),
	(718, NULL, '123.', 772, NULL),
	(719, NULL, '123', 774, NULL),
	(720, NULL, '12', 775, NULL),
	(721, NULL, '12', 776, NULL),
	(722, NULL, '12', 777, NULL),
	(723, NULL, '12', 778, NULL),
	(724, NULL, '1.2.', 779, NULL),
	(725, NULL, '1.2.', 780, NULL),
	(726, NULL, '1.2.3.', 781, NULL),
	(727, NULL, '1.2.', 782, NULL),
	(728, NULL, '1.2.', 783, NULL),
	(729, NULL, '1.2', 784, NULL),
	(730, NULL, '12', 792, NULL),
	(731, NULL, '123', 793, NULL),
	(732, NULL, '123', 794, NULL),
	(733, NULL, '123', 795, NULL),
	(734, NULL, '123', 796, NULL),
	(735, NULL, '', 797, NULL),
	(736, NULL, '1', 785, NULL),
	(738, NULL, '1', 786, NULL),
	(739, NULL, '2', 786, NULL),
	(740, NULL, '3', 786, NULL),
	(741, NULL, '1', 787, NULL),
	(742, NULL, '2', 787, NULL),
	(743, NULL, '1', 788, NULL),
	(744, NULL, '2', 788, NULL),
	(745, NULL, '18', 789, NULL),
	(746, NULL, '2', 789, NULL),
	(747, NULL, '1', 790, NULL),
	(748, NULL, '2', 790, NULL),
	(749, NULL, '1', 791, NULL),
	(750, NULL, '2', 791, NULL),
	(751, NULL, '12', 798, NULL),
	(752, NULL, '12', 799, NULL),
	(753, NULL, '123', 800, NULL),
	(754, NULL, '12.3', 801, NULL),
	(755, NULL, '123', 802, NULL),
	(756, NULL, '123', 803, NULL),
	(757, NULL, '123.', 804, NULL),
	(758, NULL, '1\n', 805, NULL),
	(759, NULL, '2', 805, NULL),
	(760, NULL, '\n1', 806, NULL),
	(761, NULL, '2\n', 806, NULL),
	(762, NULL, '1', 807, NULL),
	(763, NULL, '2', 807, NULL),
	(764, NULL, '1\n', 808, NULL),
	(765, NULL, '2\n', 808, NULL),
	(766, NULL, '3', 808, NULL),
	(767, NULL, '1\n', 809, NULL),
	(768, NULL, '2', 809, NULL),
	(769, NULL, '1', 810, NULL),
	(770, NULL, '2', 810, NULL),
	(771, NULL, '2', 785, NULL),
	(772, NULL, '118\n2', 811, NULL),
	(776, NULL, '\n2', 817, NULL),
	(777, NULL, '12\n', 818, NULL),
	(778, NULL, '\n\n3\n', 819, NULL),
	(779, NULL, '\n\n3\n', 815, NULL),
	(780, NULL, '152423', 820, NULL),
	(781, NULL, '123', 821, NULL),
	(782, NULL, '12', 822, NULL),
	(783, NULL, '', 823, NULL),
	(784, NULL, '123', 824, NULL),
	(785, NULL, '123', 825, NULL),
	(786, NULL, '1234', 826, NULL),
	(787, NULL, '123', 827, NULL),
	(788, NULL, '123', 828, NULL),
	(789, NULL, '12,3,', 829, NULL),
	(790, NULL, '123.', 831, NULL),
	(791, NULL, '12 ', 830, NULL),
	(792, NULL, '12', 838, NULL),
	(793, NULL, '12', 839, NULL),
	(794, NULL, '1', 840, NULL),
	(795, NULL, '23', 841, NULL),
	(796, NULL, '12', 842, NULL),
	(797, NULL, '12,,3.', 843, NULL),
	(798, NULL, '123', 849, NULL),
	(799, NULL, '123', 848, NULL),
	(800, NULL, '12', 847, NULL),
	(801, NULL, '123', 846, NULL),
	(802, NULL, '12.', 845, NULL),
	(803, NULL, '23', 844, NULL),
	(804, NULL, '', 850, NULL),
	(805, NULL, '.', 851, NULL),
	(806, NULL, '23', 852, NULL),
	(807, NULL, '2', 853, NULL),
	(808, NULL, '', 854, NULL),
	(809, NULL, '23.', 855, NULL),
	(811, NULL, '1234', 864, NULL),
	(812, NULL, '123', 865, NULL),
	(813, NULL, '1234', 866, NULL),
	(814, NULL, '123', 867, NULL),
	(815, NULL, '123', 868, NULL),
	(816, NULL, '123', 869, NULL),
	(817, NULL, '123', 870, NULL),
	(818, NULL, '1.23', 871, NULL),
	(819, NULL, '12', 872, NULL),
	(820, NULL, '', 873, NULL),
	(821, NULL, '123.', 874, NULL),
	(822, NULL, '1234', 875, NULL),
	(823, NULL, '123', 876, NULL),
	(824, NULL, '123', 877, NULL),
	(825, NULL, '123', 878, NULL),
	(826, NULL, '123', 879, NULL),
	(827, NULL, '123', 880, NULL),
	(828, NULL, '1234', 882, NULL),
	(829, NULL, '123', 883, NULL),
	(830, NULL, '1234', 884, NULL),
	(831, NULL, '1234', 885, NULL),
	(832, NULL, '123', 886, NULL),
	(833, NULL, '1234', 887, NULL),
	(834, NULL, '1234', 888, NULL),
	(835, NULL, '123\n', 889, NULL),
	(836, NULL, '123\n', 890, NULL),
	(837, NULL, '123', 891, NULL),
	(838, NULL, '123', 892, NULL),
	(839, NULL, '123', 893, NULL),
	(840, NULL, '123', 894, NULL),
	(841, NULL, '123\n', 895, NULL),
	(842, NULL, '\n', 896, NULL),
	(843, NULL, '123', 897, NULL),
	(844, NULL, '1234', 898, NULL),
	(845, NULL, '', 899, NULL),
	(846, NULL, '', 901, NULL),
	(847, NULL, '', 902, NULL),
	(848, NULL, '', 903, NULL),
	(849, NULL, '', 908, NULL),
	(851, NULL, '', 904, NULL),
	(852, NULL, '', 905, NULL),
	(853, NULL, '', 906, NULL),
	(854, NULL, '', 907, NULL),
	(855, NULL, '', 188, NULL),
	(856, NULL, '', 189, NULL),
	(857, NULL, '', 190, NULL),
	(858, NULL, '', 192, NULL),
	(859, NULL, '', 193, NULL),
	(860, NULL, '', 910, NULL),
	(861, NULL, '', 911, NULL),
	(862, NULL, '', 912, NULL),
	(863, NULL, '', 913, NULL),
	(864, NULL, '1\n2\n3\n', 914, NULL),
	(865, NULL, '1\n2', 915, NULL),
	(866, NULL, '1\n2\n', 916, NULL),
	(867, NULL, '1 \n2 \n', 917, NULL),
	(868, NULL, '1 \n2 \n', 918, NULL),
	(869, NULL, '123', 919, NULL),
	(870, NULL, '', 925, NULL),
	(871, NULL, '1234', 920, NULL),
	(872, NULL, '1 \n2 \n', 926, NULL),
	(873, NULL, '123', 921, NULL),
	(874, NULL, '12', 922, NULL),
	(875, NULL, '123', 923, NULL),
	(876, NULL, '', 927, NULL),
	(877, NULL, '123', 924, NULL),
	(878, NULL, '', 928, NULL),
	(879, NULL, '1.2.3.', 929, NULL),
	(880, NULL, '1.2', 930, NULL),
	(881, NULL, '1.2', 931, NULL),
	(882, NULL, '1.', 932, NULL),
	(883, NULL, '1.2.', 933, NULL),
	(884, NULL, '123', 934, NULL),
	(885, NULL, '1\n2\n3', 936, NULL),
	(886, NULL, '1\n2\n3', 937, NULL),
	(887, NULL, '', 935, NULL),
	(888, NULL, '1\n2.3', 938, NULL),
	(889, NULL, '1\n2', 939, NULL),
	(890, NULL, '', 942, NULL),
	(891, NULL, '1\n2\n3', 940, NULL),
	(892, NULL, '1\n2\n3.', 941, NULL),
	(893, NULL, '', 943, NULL),
	(894, NULL, '', 944, NULL),
	(895, NULL, '', 945, NULL),
	(896, NULL, '', 946, NULL),
	(897, NULL, '', 947, NULL),
	(898, NULL, '1\n2\n3\n', 948, NULL),
	(899, NULL, '12,,,3', 949, NULL),
	(900, NULL, '12 33 ', 950, NULL),
	(901, NULL, '123', 951, NULL),
	(902, NULL, '12', 952, NULL),
	(903, NULL, '123', 953, NULL),
	(904, NULL, '123.', 954, NULL),
	(905, NULL, '1\n2\n3', 956, NULL),
	(906, NULL, '1\n2\n', 957, NULL),
	(907, NULL, ' ', 958, NULL),
	(908, NULL, '', 959, NULL),
	(909, NULL, '', 960, NULL),
	(910, NULL, '1\n2\n3\n4\n', 961, NULL),
	(911, NULL, '1\n2\n3\n', 967, NULL),
	(912, NULL, '1\n2\n3\n', 968, NULL),
	(913, NULL, '1\n2\n3\n', 969, NULL),
	(914, NULL, '1\n2\n3\n', 989, NULL),
	(915, NULL, '1\n2\n3\n', 990, NULL),
	(916, NULL, '1234', 991, NULL),
	(917, NULL, '', 994, NULL),
	(918, NULL, '1\n2\n3 \n', 1000, NULL),
	(919, NULL, '', 1001, NULL),
	(920, NULL, '', 1008, NULL),
	(921, NULL, '', 1009, NULL),
	(922, NULL, '12', 1010, NULL),
	(923, NULL, '', 1011, NULL),
	(924, NULL, '2', 1012, NULL),
	(925, NULL, '12', 1013, NULL),
	(926, NULL, ' ', 1014, NULL),
	(927, NULL, '', 1015, NULL),
	(928, NULL, '', 1016, NULL),
	(929, NULL, '', 1024, NULL),
	(930, NULL, '".', 1017, NULL),
	(931, NULL, '', 1023, NULL),
	(932, NULL, '', 1025, NULL),
	(933, NULL, '12', 1018, NULL),
	(934, NULL, '', 1026, NULL),
	(935, NULL, '12', 1019, NULL),
	(936, NULL, '123', 1020, NULL),
	(937, NULL, '123', 1021, NULL),
	(938, NULL, '123', 1022, NULL),
	(939, NULL, '123', 1027, NULL),
	(940, NULL, '1\n2\n3\n4\n', 955, NULL),
	(941, NULL, '', 1028, NULL),
	(942, NULL, '', 1029, NULL),
	(943, NULL, '', 1030, NULL),
	(944, NULL, '', 1031, NULL),
	(945, NULL, ' ', 1032, NULL),
	(946, NULL, '', 1033, NULL),
	(947, NULL, '', 1034, NULL),
	(948, NULL, '12', 1036, NULL),
	(949, NULL, '123', 1037, NULL),
	(950, NULL, '123', 1038, NULL),
	(951, NULL, '123', 1039, NULL),
	(952, NULL, '123', 1040, NULL),
	(953, NULL, '123', 1041, NULL),
	(954, NULL, '12', 1043, NULL),
	(955, NULL, '', 1042, NULL),
	(956, NULL, '123', 1044, NULL),
	(957, NULL, '', 1045, NULL),
	(958, NULL, '123', 1046, NULL),
	(959, NULL, '', 1047, NULL),
	(960, NULL, '', 1048, NULL),
	(961, NULL, '', 1049, NULL),
	(962, NULL, '', 1050, NULL),
	(963, NULL, '', 1051, NULL),
	(964, NULL, '', 1052, NULL),
	(965, NULL, '123.', 1053, NULL),
	(966, NULL, '23', 1054, NULL),
	(967, NULL, '', 1061, NULL),
	(970, NULL, '1.2.', 1062, NULL),
	(971, NULL, '1.2.3.', 1063, NULL),
	(972, NULL, '1.;', 1064, NULL),
	(973, NULL, '1.2.3.', 1065, NULL),
	(974, NULL, '1.23.4.', 1066, NULL),
	(975, NULL, '1.2.;3.', 1067, NULL),
	(976, NULL, '1.2.', 1068, NULL),
	(977, NULL, '1.2.', 1069, NULL),
	(978, NULL, '1.2.', 1071, NULL),
	(979, NULL, '1.2.3.', 1070, NULL),
	(980, NULL, '1.2.', 1072, NULL),
	(981, NULL, '1.2', 1073, NULL),
	(982, NULL, '', 1078, NULL),
	(983, NULL, 'A/B', 1080, NULL),
	(984, NULL, '', 1079, NULL),
	(985, NULL, '12', 1081, NULL),
	(986, NULL, '123', 1082, NULL),
	(987, '-null', '', 962, NULL),
	(988, NULL, '', 963, NULL),
	(989, NULL, '', 963, NULL),
	(990, NULL, '', 963, NULL),
	(991, NULL, '', 964, NULL),
	(992, NULL, '', 964, NULL),
	(993, NULL, '', 964, NULL),
	(994, NULL, '', 965, NULL),
	(995, NULL, '', 965, NULL),
	(996, NULL, '', 966, NULL),
	(997, NULL, '1\n2', 1084, NULL),
	(998, NULL, '1\n2\n3', 1083, NULL),
	(999, NULL, '1 \n2 ', 1085, NULL),
	(1000, NULL, '1 \n2 ', 1086, NULL),
	(1001, NULL, '', 1087, NULL),
	(1002, NULL, '1 \n2 ', 1088, NULL),
	(1003, NULL, '', 1089, NULL),
	(1004, NULL, '".', 1090, NULL),
	(1005, NULL, '', 1091, NULL),
	(1006, NULL, '1234', 1092, NULL),
	(1007, '-null', '1\n2\n3 ', 1093, NULL),
	(1008, NULL, '', 1094, NULL),
	(1009, '-null', '', 1095, NULL),
	(1010, NULL, '', 1096, NULL),
	(1011, NULL, '', 1097, NULL),
	(1012, NULL, '1\n2\n3', 1098, NULL),
	(1013, NULL, '1\n2', 1099, NULL),
	(1014, NULL, '1 \n2 ', 1100, NULL),
	(1015, NULL, '1 \n2 ', 1101, NULL),
	(1016, '-null', '', 1102, NULL),
	(1017, NULL, '1 \n2 ', 1103, NULL),
	(1018, NULL, '', 1104, NULL),
	(1019, NULL, '1.\n2.\n3.', 1075, NULL),
	(1020, '-null', '', 1055, NULL),
	(1021, NULL, '', 1056, NULL),
	(1022, '-null', '', 1057, NULL),
	(1023, NULL, '12', 1058, NULL),
	(1024, NULL, '123', 1059, NULL),
	(1025, NULL, '123.', 1060, NULL),
	(1026, NULL, '', 1105, NULL),
	(1027, NULL, '', 1106, NULL),
	(1028, NULL, '', 1108, NULL),
	(1029, '-null', '1\n2\n3\n4', 1114, NULL),
	(1030, NULL, '', 1109, NULL),
	(1031, NULL, '', 1110, NULL),
	(1032, NULL, '', 1111, NULL),
	(1033, NULL, '', 1112, NULL),
	(1034, NULL, '1\n2\n3', 1113, NULL),
	(1035, NULL, '1\n2\n3', 1119, NULL),
	(1036, NULL, '1\n2\n3', 1120, NULL),
	(1037, NULL, '1\n2', 1121, NULL),
	(1038, NULL, ' ', 1122, NULL),
	(1039, NULL, '', 1123, NULL),
	(1040, NULL, '', 1124, NULL),
	(1041, NULL, '', 1125, NULL),
	(1042, NULL, '1\n2\n3', 1115, NULL),
	(1043, NULL, '', 1116, NULL),
	(1044, NULL, '', 1117, NULL),
	(1046, NULL, '', 1118, NULL),
	(1047, NULL, '1\n2\n3', 1127, NULL),
	(1048, NULL, '1\n2\n3', 1131, NULL),
	(1049, NULL, '1\n2\n3', 1132, NULL),
	(1050, NULL, '', 1133, NULL),
	(1051, NULL, '1 .\n2.\n3.', 1126, NULL),
	(1052, NULL, '4.', 1126, NULL),
	(1053, NULL, '5. \n6.', 1126, NULL),
	(1054, NULL, '7.\n8.\n9.', 1126, NULL),
	(1055, NULL, '1.\n2.', 1128, NULL),
	(1056, NULL, '3.', 1128, NULL),
	(1057, NULL, '1.\n2.\n3.', 1129, NULL),
	(1058, NULL, '4.\n5.', 1129, NULL),
	(1059, NULL, '1.\n2., ', 1130, NULL),
	(1060, NULL, '3.', 1130, NULL),
	(1061, NULL, '1\n2\n3', 1135, NULL),
	(1062, NULL, '1\n2\n3', 1136, NULL),
	(1063, NULL, '1\n2', 1137, NULL),
	(1064, NULL, '1\n2\n3', 1138, NULL),
	(1065, NULL, '1.2.3.', 1139, NULL),
	(1066, NULL, ' ,,,', 1140, NULL),
	(1067, NULL, '', 1141, NULL),
	(1068, NULL, '12', 1142, NULL),
	(1069, NULL, '1.2.3.', 982, NULL),
	(1070, NULL, '1.2.3.', 983, NULL),
	(1071, NULL, '1.2.603.', 984, NULL),
	(1072, NULL, '1.2.', 985, NULL),
	(1073, NULL, '1.2.', 986, NULL),
	(1074, NULL, '1', 987, NULL),
	(1075, NULL, '12', 988, NULL),
	(1076, NULL, '12', 992, NULL),
	(1077, NULL, '', 993, NULL),
	(1078, NULL, '', 995, NULL),
	(1079, '-null', '1\n', 996, NULL),
	(1080, NULL, '12', 997, NULL),
	(1081, NULL, '2', 998, NULL),
	(1082, NULL, '', 999, NULL),
	(1083, NULL, '1', 1002, NULL),
	(1084, NULL, '12', 1003, NULL),
	(1085, NULL, '\n', 978, NULL),
	(1086, NULL, '', 976, NULL),
	(1087, NULL, '', 977, NULL),
	(1088, NULL, '', 979, NULL),
	(1089, NULL, '23.', 1004, NULL),
	(1090, NULL, '12', 980, NULL),
	(1091, NULL, '23', 1005, NULL),
	(1092, NULL, '12', 981, NULL),
	(1093, NULL, '23456', 1006, NULL),
	(1094, NULL, '23', 1007, NULL),
	(1095, NULL, '1.\n2', 970, NULL),
	(1096, NULL, '', 971, NULL),
	(1097, NULL, '', 972, NULL),
	(1098, NULL, '', 973, NULL),
	(1099, NULL, '\n', 974, NULL),
	(1100, NULL, '', 975, NULL),
	(1101, NULL, '1234', 1148, NULL),
	(1102, NULL, '12', 1149, NULL),
	(1103, NULL, '', 1150, NULL),
	(1104, NULL, '2', 1143, NULL),
	(1105, NULL, '12', 1144, NULL),
	(1106, NULL, ' ', 1145, NULL),
	(1107, NULL, '', 1146, NULL),
	(1108, NULL, '', 1147, NULL),
	(1109, '-null', '', 1175, NULL),
	(1110, NULL, '1', 1153, NULL),
	(1111, NULL, '', 1154, NULL),
	(1112, NULL, '', 1155, NULL),
	(1113, NULL, '', 1156, NULL),
	(1114, NULL, '', 1157, NULL),
	(1115, NULL, '', 1158, NULL),
	(1116, '-null', '', 1159, NULL),
	(1117, NULL, '', 1182, NULL),
	(1118, NULL, '', 1160, NULL),
	(1119, NULL, '', 1183, NULL),
	(1120, NULL, '123.', 1161, NULL),
	(1121, NULL, '', 1184, NULL),
	(1122, NULL, '2', 1185, NULL),
	(1123, NULL, '', 1186, NULL),
	(1124, NULL, '123', 1162, NULL),
	(1125, NULL, '123', 1163, NULL),
	(1126, NULL, '123', 1164, NULL),
	(1127, NULL, '1223', 1165, NULL),
	(1128, NULL, '123', 1166, NULL),
	(1129, NULL, '12', 1167, NULL),
	(1130, NULL, '12', 1168, NULL),
	(1131, NULL, '1\n2\n', 1181, NULL),
	(1132, NULL, '1\n', 1187, NULL),
	(1133, NULL, '', 1188, NULL),
	(1134, NULL, '1\n2\n', 1189, NULL),
	(1135, NULL, '1\n2\n', 1190, NULL),
	(1136, '-null', '', 1191, NULL),
	(1137, NULL, '1\n2\n', 1192, NULL),
	(1138, NULL, '', 1193, NULL),
	(1139, NULL, '1\n2', 1194, NULL),
	(1140, NULL, '1\n2\n3', 1195, NULL),
	(1141, NULL, '1\n2\n3', 1196, NULL),
	(1142, NULL, '1\n2\n3', 1197, NULL),
	(1143, NULL, '1\n2\n3', 1198, NULL),
	(1144, NULL, '2', 1169, NULL),
	(1145, NULL, '123', 1170, NULL),
	(1146, NULL, '12', 1171, NULL),
	(1148, NULL, '123.', 1174, NULL),
	(1149, NULL, '23', 1173, NULL),
	(1150, NULL, '123', 1172, NULL),
	(1151, NULL, '', 1199, NULL),
	(1152, NULL, '', 1200, NULL),
	(1153, NULL, '', 1201, NULL),
	(1154, NULL, '', 1202, NULL),
	(1155, NULL, '', 1203, NULL),
	(1156, NULL, '', 1204, NULL),
	(1157, NULL, '', 1205, NULL),
	(1158, NULL, '', 1209, NULL),
	(1159, '-null', '', 1210, NULL),
	(1160, NULL, '', 1211, NULL),
	(1161, NULL, '', 1206, NULL),
	(1162, NULL, '', 1207, NULL),
	(1163, NULL, '', 1208, NULL),
	(1164, NULL, '', 1212, NULL),
	(1165, '-null', '', 1213, NULL),
	(1166, '-null', ' ', 1214, NULL),
	(1167, NULL, '', 1215, NULL),
	(1168, NULL, '', 1216, NULL),
	(1169, NULL, '', 1217, NULL),
	(1170, NULL, '', 1259, NULL),
	(1171, NULL, '\n1\n2\n3\n1221', 1260, NULL);

INSERT INTO `fr_meeting` (`id`, `code`, `content`, `placement`, `start_time`, `status`, `type`, `user_id`) VALUES
	(1, 'HY001', '1. \n2. \n3. ', '', '2022-03-08 10:00:00.534000', 'FINISHED', '1', 1),
	(2, 'HY002', '1. \n2. \n3. ', '', '2022-07-22 14:58:03.239000', 'FINISHED', '1', 317),
	(3, 'HY003', '1. \n2. \n3. ', '', '2022-07-31 16:28:17.515000', 'FINISHED', '1', 324),
	(6, 'HY006', '1. \n2. \n3. ', '', '2022-08-05 15:28:24.771000', 'FINISHED', '1', 321),
	(11, 'HY009', '1. \n2. \n3. ', '', '2022-08-10 14:54:20.504000', 'FINISHED', '1', 320),
	(13, 'HY011', '1. \n2. \n3. ', '', '2022-08-03 08:33:27.233000', 'FINISHED', '1', 311),
	(14, 'HY012', '1. \n2. \n3. ', '', '2022-08-08 16:30:04.183000', 'FINISHED', '1', 329),
	(18, 'HY014', '1. \n2. \n3. ', '', '2022-08-08 14:19:18.578000', 'FINISHED', '1', 318),
	(19, 'HY015', '1. \n2. \n3. ', '', '2022-08-09 09:15:11.010000', 'FINISHED', '1', 325),
	(20, 'HY016', '1. \n2. \n3. ', '', '2022-08-08 09:28:34.106000', 'FINISHED', '1', 322),
	(21, 'HY001', '1. \n2. \n3. ', '', '2022-08-10 11:10:06.190000', 'FINISHED', '1', 306),
	(22, 'HY001', '1. \n2. \n3. ', '', '2022-08-09 15:07:06.331000', 'FINISHED', '1', 326),
	(23, 'HY001', '1. \n2. \n3. ', '', '2022-08-10 16:14:34.639000', 'FINISHED', '1', 315),
	(25, 'HY001', '1. \n2. \n3. ', '', '2022-08-12 16:18:57.528000', 'FINISHED', '1', 307),
	(27, 'HY001', '1. \n2. \n3. ', '', '2022-08-11 08:42:49.535000', 'FINISHED', '1', 343),
	(29, 'HY001', '1. \n2. \n3. \n', '', '2022-08-12 09:38:35.577000', 'FINISHED', '1', 319),
	(32, 'HY001', '1. \n2. \n3. ', '', '2022-08-11 09:31:16.299000', 'FINISHED', '1', 308),
	(33, 'HY001', '1. \n2. \n3. ', '', '2022-08-17 11:09:29.328000', 'FINISHED', '1', 342),
	(34, 'HY001', '1. \n2. \n3. ', '', '2022-08-12 14:12:39.771000', 'FINISHED', '1', 323),
	(35, 'HY001', '1. \n2. \n3. ', '', '2022-08-11 15:25:16.777000', 'FINISHED', '1', 312),
	(36, 'HY001', '1. \n2. \n3. ', '', '2022-08-13 20:40:55.851000', 'FINISHED', '1', 327),
	(37, 'HY001', '1. \n2. \n3. ', '', '2022-08-13 10:14:59.624000', NULL, '1', 316),
	(38, 'HY001', '1. \n2. \n3. ', '', '2022-08-15 10:55:49.422000', 'FINISHED', '1', 330),
	(39, 'HY001', '1. \n2. \n3. ', '', '2022-08-19 11:09:44.993000', 'FINISHED', '1', 310),
	(41, 'HY001', '1. \n2. \n3. ', '', '2022-08-18 08:23:00.424000', 'FINISHED', '1', 328),
	(44, 'HY001', '1. \n2. \n3. ', '', '2022-08-19 10:53:33.300000', 'FINISHED', '1', 313),
	(45, 'HY001', '1. \n2. \n3. ', '', '2022-08-19 12:26:11.449000', 'FINISHED', '1', 309),
	(47, 'HY001', '1. \n2. \n3. ', '', '2022-09-02 10:51:25.370000', NULL, '1', 305),
	(48, NULL, '1. \n2. \n3. ', '', '2022-11-05 15:34:47.507000', NULL, '1', 327);

INSERT INTO `fr_meeting_meeting_user` (`meeting_id`, `meeting_user_id`) VALUES
	(1, 1),
	(1, 2),
	(1, 3),
	(1, 4),
	(1, 5),
	(1, 6),
	(1, 7),
	(1, 8),
	(1, 9),
	(1, 10),
	(1, 11),
	(1, 12),
	(1, 13),
	(1, 14),
	(1, 15),
	(1, 16),
	(1, 17),
	(1, 18),
	(1, 19),
	(1, 20),
	(1, 21),
	(1, 22),
	(1, 28),
	(1, 29),
	(2, 207),
	(2, 208),
	(2, 209),
	(3, 324),
	(3, 335),
	(3, 267),
	(3, 268),
	(3, 269),
	(3, 270),
	(3, 271),
	(3, 272),
	(6, 321),
	(6, 332),
	(6, 250),
	(6, 251),
	(6, 252),
	(6, 253),
	(6, 254),
	(2, 317),
	(11, 320),
	(11, 331),
	(11, 242),
	(11, 243),
	(11, 244),
	(11, 245),
	(11, 246),
	(11, 247),
	(11, 248),
	(11, 249),
	(13, 143),
	(13, 145),
	(13, 311),
	(14, 329),
	(14, 340),
	(14, 293),
	(14, 294),
	(14, 296),
	(14, 295),
	(14, 297),
	(14, 298),
	(14, 299),
	(18, 318),
	(18, 215),
	(18, 346),
	(19, 325),
	(19, 336),
	(19, 273),
	(19, 274),
	(19, 275),
	(19, 276),
	(19, 277),
	(19, 278),
	(20, 322),
	(20, 333),
	(20, 256),
	(20, 257),
	(20, 258),
	(20, 259),
	(20, 260),
	(20, 255),
	(21, 40),
	(21, 41),
	(21, 42),
	(21, 44),
	(21, 45),
	(21, 46),
	(21, 306),
	(22, 337),
	(22, 279),
	(22, 280),
	(22, 281),
	(22, 282),
	(22, 344),
	(22, 345),
	(22, 226),
	(22, 326),
	(23, 315),
	(23, 202),
	(25, 307),
	(25, 48),
	(25, 49),
	(25, 50),
	(27, 343),
	(27, 187),
	(27, 186),
	(27, 188),
	(27, 191),
	(27, 192),
	(27, 193),
	(27, 194),
	(27, 195),
	(27, 196),
	(27, 197),
	(27, 198),
	(27, 199),
	(27, 200),
	(27, 201),
	(29, 319),
	(29, 236),
	(29, 239),
	(32, 308),
	(32, 75),
	(32, 76),
	(32, 77),
	(32, 78),
	(33, 342),
	(33, 134),
	(33, 139),
	(33, 135),
	(33, 136),
	(33, 137),
	(33, 138),
	(33, 140),
	(33, 141),
	(33, 142),
	(34, 323),
	(34, 334),
	(34, 261),
	(34, 262),
	(34, 263),
	(34, 264),
	(34, 265),
	(34, 266),
	(35, 156),
	(35, 158),
	(35, 165),
	(35, 312),
	(35, 155),
	(36, 327),
	(36, 338),
	(36, 283),
	(36, 284),
	(36, 285),
	(36, 286),
	(36, 287),
	(37, 203),
	(37, 204),
	(37, 205),
	(37, 206),
	(38, 330),
	(38, 341),
	(38, 300),
	(38, 301),
	(38, 302),
	(38, 303),
	(38, 304),
	(39, 310),
	(39, 116),
	(39, 117),
	(39, 118),
	(37, 316),
	(41, 328),
	(41, 339),
	(41, 288),
	(41, 289),
	(41, 290),
	(41, 291),
	(41, 292),
	(44, 313),
	(44, 172),
	(44, 173),
	(44, 174),
	(44, 176),
	(44, 175),
	(44, 177),
	(44, 178),
	(44, 179),
	(44, 180),
	(44, 181),
	(44, 182),
	(44, 183),
	(44, 184),
	(44, 185),
	(45, 309),
	(45, 98),
	(45, 99),
	(45, 100),
	(45, 101),
	(45, 102),
	(45, 103),
	(45, 105),
	(45, 106),
	(45, 107),
	(45, 108),
	(45, 109),
	(45, 110),
	(45, 111),
	(45, 112),
	(45, 114),
	(45, 115),
	(47, 305),
	(47, 30),
	(47, 31),
	(47, 104),
	(48, 338),
	(48, 283),
	(48, 284),
	(48, 285),
	(48, 286),
	(48, 287);

INSERT INTO `fr_meeting_sub_user` (`meeting_id`, `sub_user_id`) VALUES
	(16, 6),
	(21, 8),
	(23, 11),
	(25, 6),
	(27, 9),
	(32, 15),
	(33, 19),
	(39, 119),
	(39, 120),
	(39, 121),
	(39, 123),
	(39, 124),
	(39, 125),
	(39, 126),
	(39, 127),
	(39, 128),
	(39, 129),
	(39, 130),
	(39, 131),
	(39, 132),
	(44, 5);

INSERT INTO `fr_meeting_topic` (`id`, `create_time`, `status`, `meeting_id`, `user_id`) VALUES
	(1, '2022-06-22 09:25:25.743287', 'REVIEWED', 1, 2),
	(2, '2022-06-22 09:29:38.341030', 'REVIEWED', 1, 3),
	(3, '2022-06-22 09:32:17.458549', 'REVIEWED', 1, 4),
	(4, '2022-06-22 09:35:20.232671', 'REVIEWED', 1, 5),
	(5, '2022-06-22 09:37:47.976889', 'REVIEWED', 1, 6),
	(8, '2022-06-22 09:48:42.626897', 'REVIEWED', 1, 7),
	(9, '2022-06-22 09:53:56.881553', 'REVIEWED', 1, 8),
	(10, '2022-06-22 09:56:53.371732', 'REVIEWED', 1, 9),
	(11, '2022-06-22 10:00:18.093149', 'REVIEWED', 1, 10),
	(12, '2022-06-22 10:04:00.482007', 'REVIEWED', 1, 11),
	(13, '2022-06-22 10:06:25.733526', 'REVIEWED', 1, 12),
	(14, '2022-06-22 10:10:26.971789', 'REVIEWED', 1, 13),
	(15, '2022-06-22 10:12:57.058596', 'REVIEWED', 1, 14),
	(16, '2022-06-22 10:16:41.779079', 'REVIEWED', 1, 15),
	(17, '2022-06-22 10:18:50.317146', 'REVIEWED', 1, 16),
	(18, '2022-06-22 10:20:53.119294', 'REVIEWED', 1, 17),
	(19, '2022-06-22 10:22:46.547903', 'REVIEWED', 1, 18),
	(20, '2022-06-22 10:24:34.557985', 'REVIEWED', 1, 19),
	(21, '2022-06-22 10:26:28.599405', 'REVIEWED', 1, 20),
	(22, '2022-06-22 10:28:45.971753', 'REVIEWED', 1, 21),
	(23, '2022-07-21 16:03:18.308081', 'REVIEWED', 2, 207),
	(24, '2022-07-21 16:06:37.723352', 'REVIEWED', 2, 208),
	(25, '2022-07-21 16:08:28.565873', 'REVIEWED', 2, 209),
	(26, '2022-07-25 22:00:54.000000', 'REVIEWED', 1, 28),
	(28, '2022-07-26 16:55:44.349873', 'REVIEWED', 3, 268),
	(37, '2022-07-28 15:12:29.125562', 'REVIEWED', 3, 324),
	(38, '2022-07-28 16:48:11.508691', 'REVIEWED', 3, 335),
	(39, '2022-07-29 17:35:07.455571', 'REVIEWED', 3, 269),
	(40, '2022-07-29 17:39:18.370540', 'REVIEWED', 3, 271),
	(41, '2022-07-29 17:40:38.221964', 'REVIEWED', 3, 272),
	(42, '2022-07-29 17:49:10.111915', 'REVIEWED', 3, 270),
	(44, '2022-08-01 11:38:10.899424', 'REVIEWED', 3, 267),
	(45, '2022-08-03 08:39:43.752969', 'REVIEWED', 13, 311),
	(46, '2022-08-03 08:41:36.403956', 'REVIEWED', 13, 145),
	(47, '2022-08-03 08:43:13.846148', 'REVIEWED', 13, 143),
	(53, '2022-08-03 14:59:20.251602', 'REVIEWED', 6, 321),
	(54, '2022-08-03 15:12:43.992749', 'REVIEWED', 6, 332),
	(55, '2022-08-03 15:21:42.432676', 'REVIEWED', 6, 252),
	(57, '2022-08-03 15:32:25.020664', 'REVIEWED', 6, 254),
	(58, '2022-08-03 15:34:34.358972', 'REVIEWED', 6, 251),
	(59, '2022-08-03 16:07:55.856645', 'REVIEWED', 6, 253),
	(60, '2022-08-03 16:12:45.493076', 'REVIEWED', 6, 250),
	(61, '2022-08-04 09:27:58.526226', 'REVIEWED', 2, 317),
	(62, '2022-08-04 16:35:01.467134', 'REVIEWED', 14, 329),
	(63, '2022-08-04 16:37:16.102739', 'REVIEWED', 14, 340),
	(64, '2022-08-04 16:38:37.356250', 'REVIEWED', 14, 293),
	(65, '2022-08-04 16:40:15.757399', 'REVIEWED', 14, 294),
	(66, '2022-08-04 16:41:51.558609', 'REVIEWED', 14, 296),
	(67, '2022-08-04 16:43:17.002377', 'REVIEWED', 14, 295),
	(68, '2022-08-04 16:44:30.714275', 'REVIEWED', 14, 297),
	(69, '2022-08-04 16:45:39.905009', 'REVIEWED', 14, 298),
	(70, '2022-08-04 16:47:03.300929', 'REVIEWED', 14, 299),
	(73, '2022-08-05 15:22:35.963628', 'REVIEWED', 18, 346),
	(74, '2022-08-05 15:46:27.784098', 'REVIEWED', 18, 215),
	(75, '2022-08-05 16:13:23.999579', 'REVIEWED', 18, 318),
	(80, '2022-08-06 09:41:44.720743', 'REVIEWED', 20, 256),
	(81, '2022-08-06 09:42:16.628828', 'REVIEWED', 20, 257),
	(82, '2022-08-06 09:43:01.005041', 'REVIEWED', 20, 259),
	(83, '2022-08-06 09:43:27.056309', 'REVIEWED', 20, 258),
	(84, '2022-08-06 09:43:56.795997', 'REVIEWED', 20, 260),
	(85, '2022-08-06 09:44:26.178236', 'REVIEWED', 20, 333),
	(86, '2022-08-06 09:44:56.554015', 'REVIEWED', 20, 322),
	(87, '2022-08-06 09:45:57.215636', 'REVIEWED', 20, 255),
	(88, '2022-08-06 10:06:51.439846', 'REVIEWED', 19, 274),
	(89, '2022-08-06 10:17:55.051526', 'REVIEWED', 19, 336),
	(90, '2022-08-06 10:24:36.016386', 'REVIEWED', 19, 276),
	(91, '2022-08-06 10:28:06.339084', 'REVIEWED', 19, 275),
	(92, '2022-08-06 10:29:57.030343', 'REVIEWED', 19, 278),
	(93, '2022-08-06 10:31:15.129917', 'REVIEWED', 19, 325),
	(94, '2022-08-06 10:50:17.450565', 'REVIEWED', 19, 273),
	(95, '2022-08-06 10:52:17.153890', 'REVIEWED', 19, 277),
	(96, '2022-08-08 08:39:02.395028', 'REVIEWED', 11, 245),
	(97, '2022-08-08 08:41:51.568176', 'REVIEWED', 11, 331),
	(98, '2022-08-08 08:43:09.433411', 'REVIEWED', 11, 243),
	(99, '2022-08-08 08:52:12.328259', 'REVIEWED', 11, 248),
	(100, '2022-08-08 08:53:01.473173', 'REVIEWED', 11, 249),
	(101, '2022-08-08 08:53:05.880143', 'REVIEWED', 11, 247),
	(103, '2022-08-08 08:58:16.527650', 'REVIEWED', 11, 244),
	(104, '2022-08-08 10:03:32.191566', 'REVIEWED', 11, 246),
	(105, '2022-08-08 15:06:33.919022', 'REVIEWED', 22, 326),
	(106, '2022-08-08 15:07:38.140831', 'REVIEWED', 22, 282),
	(107, '2022-08-08 15:08:06.409704', 'REVIEWED', 21, 306),
	(108, '2022-08-08 15:14:18.827173', 'REVIEWED', 22, 281),
	(109, '2022-08-08 15:15:45.214625', 'REVIEWED', 22, 226),
	(110, '2022-08-08 15:16:38.408110', 'REVIEWED', 22, 345),
	(111, '2022-08-08 15:19:37.372609', 'REVIEWED', 22, 337),
	(113, '2022-08-08 15:33:50.093795', 'REVIEWED', 22, 279),
	(114, '2022-08-08 15:34:56.284704', 'REVIEWED', 22, 344),
	(115, '2022-08-08 15:37:34.481102', 'REVIEWED', 22, 280),
	(116, '2022-08-08 16:36:42.977330', 'REVIEWED', 21, 40),
	(117, '2022-08-08 16:46:26.955870', 'REVIEWED', 25, 307),
	(118, '2022-08-08 16:48:21.481701', 'REVIEWED', 23, 315),
	(119, '2022-08-08 16:50:30.005614', 'REVIEWED', 23, 202),
	(120, '2022-08-08 16:56:17.171919', 'REVIEWED', 25, 48),
	(121, '2022-08-09 09:29:46.788543', 'REVIEWED', 25, 50),
	(122, '2022-08-09 09:48:01.515764', 'REVIEWED', 25, 49),
	(123, '2022-08-09 09:48:01.515764', 'REVIEWED', 1, 29),
	(125, '2022-08-09 16:37:07.758196', 'REVIEWED', 11, 242),
	(126, '2022-08-09 16:49:00.541112', 'AWAITING_FIX', 11, 320),
	(127, '2022-08-10 08:57:01.039559', 'REVIEWED', 27, 343),
	(128, '2022-08-10 08:59:24.444183', 'REVIEWED', 27, 186),
	(129, '2022-08-10 09:02:11.774558', 'REVIEWED', 27, 187),
	(132, '2022-08-11 09:56:18.767082', 'REVIEWED', 32, 78),
	(133, '2022-08-11 10:03:12.032507', 'REVIEWED', 32, 308),
	(134, '2022-08-11 10:07:20.018216', 'REVIEWED', 32, 75),
	(135, '2022-08-11 10:14:06.262760', 'REVIEWED', 32, 77),
	(136, '2022-08-11 10:16:00.067340', 'REVIEWED', 32, 76),
	(140, '2022-08-11 14:24:11.694132', 'REVIEWED', 34, 323),
	(141, '2022-08-11 14:25:37.435376', 'REVIEWED', 34, 261),
	(142, '2022-08-11 14:31:01.383218', 'REVIEWED', 34, 262),
	(143, '2022-08-11 14:31:54.371591', 'REVIEWED', 34, 265),
	(144, '2022-08-11 14:32:36.740065', 'REVIEWED', 34, 264),
	(145, '2022-08-11 14:33:18.792214', 'REVIEWED', 34, 263),
	(146, '2022-08-11 14:34:02.967816', 'REVIEWED', 34, 266),
	(147, '2022-08-11 14:35:03.490124', 'REVIEWED', 34, 334),
	(148, '2022-08-11 15:20:45.952134', 'REVIEWED', 29, 319),
	(149, '2022-08-11 15:22:11.628551', 'REVIEWED', 29, 236),
	(150, '2022-08-11 15:23:09.990226', 'REVIEWED', 29, 239),
	(151, '2022-08-12 11:10:31.514321', 'REVIEWED', 35, 312),
	(152, '2022-08-12 11:12:13.758904', 'REVIEWED', 35, 155),
	(153, '2022-08-12 11:14:49.744574', 'REVIEWED', 35, 165),
	(154, '2022-08-12 11:15:42.019383', 'REVIEWED', 35, 156),
	(155, '2022-08-12 11:16:28.493095', 'REVIEWED', 35, 158),
	(156, '2022-08-12 15:13:06.449729', 'REVIEWED', 33, 342),
	(157, '2022-08-12 15:18:25.036335', 'REVIEWED', 33, 134),
	(158, '2022-08-12 15:19:31.014575', 'REVIEWED', 33, 139),
	(159, '2022-08-12 20:53:44.581699', 'REVIEWED', 36, 327),
	(160, '2022-08-12 20:55:08.446335', 'REVIEWED', 36, 287),
	(161, '2022-08-12 20:56:24.798181', 'REVIEWED', 36, 286),
	(162, '2022-08-12 20:57:48.196915', 'REVIEWED', 36, 284),
	(163, '2022-08-12 20:58:22.623360', 'REVIEWED', 36, 285),
	(164, '2022-08-12 21:06:53.977269', 'REVIEWED', 36, 338),
	(165, '2022-08-12 21:08:49.458762', 'REVIEWED', 36, 283),
	(166, '2022-08-13 10:20:35.255127', 'REVIEWED', 37, 203),
	(168, '2022-08-15 11:00:47.175701', 'REVIEWED', 38, 330),
	(169, '2022-08-15 11:01:07.504942', 'REVIEWED', 38, 304),
	(170, '2022-08-15 11:03:24.500770', 'REVIEWED', 38, 301),
	(171, '2022-08-15 11:03:39.470993', 'REVIEWED', 38, 303),
	(172, '2022-08-15 11:04:03.443441', 'REVIEWED', 38, 302),
	(173, '2022-08-15 11:05:40.112610', 'REVIEWED', 38, 300),
	(174, '2022-08-15 11:07:27.888280', 'REVIEWED', 38, 341),
	(175, '2022-08-15 11:14:18.943967', 'REVIEWED', 39, 310),
	(176, '2022-08-15 11:16:41.274510', 'REVIEWED', 39, 116),
	(177, '2022-08-15 11:23:43.454434', 'REVIEWED', 39, 117),
	(178, '2022-08-15 13:59:39.290643', 'REVIEWED', 39, 118),
	(179, '2022-08-16 09:32:58.345692', 'REVIEWED', 41, 328),
	(181, '2022-08-16 09:37:51.545784', 'REVIEWED', 41, 292),
	(183, '2022-08-16 09:45:22.523547', 'REVIEWED', 41, 339),
	(185, '2022-08-16 10:21:37.995850', 'REVIEWED', 41, 291),
	(186, '2022-08-16 10:23:12.594799', 'REVIEWED', 41, 290),
	(187, '2022-08-16 10:24:53.061208', 'REVIEWED', 41, 288),
	(188, '2022-08-18 11:58:36.557111', 'REVIEWED', 44, 313),
	(189, '2022-08-18 12:02:53.490593', 'REVIEWED', 44, 176),
	(190, '2022-08-18 12:04:36.780535', 'REVIEWED', 44, 173),
	(191, '2022-08-18 12:08:03.798312', 'REVIEWED', 44, 172),
	(192, '2022-08-18 12:11:18.611355', 'REVIEWED', 44, 174),
	(193, '2022-08-18 14:15:37.755834', 'REVIEWED', 45, 98),
	(194, '2022-08-18 14:24:38.588443', 'REVIEWED', 45, 309),
	(195, '2022-08-18 14:25:24.497079', 'REVIEWED', 45, 110),
	(196, '2022-08-18 14:29:22.296835', 'REVIEWED', 45, 99),
	(197, '2022-08-18 14:34:44.126214', 'REVIEWED', 45, 101),
	(200, '2022-09-02 10:54:36.379301', 'REVIEWED', 47, 104),
	(201, '2022-09-02 10:59:36.619008', 'REVIEWED', 47, 305),
	(202, '2022-09-02 11:14:53.813606', 'REVIEWED', 47, 30),
	(203, '2022-09-02 12:49:42.738886', 'REVIEWED', 47, 31);

INSERT INTO `fr_meeting_topic_task` (`id`, `content`, `is_matter`, `topic_id`) VALUES
	(1, '', NULL, 1),
	(2, '', NULL, 1),
	(3, '', NULL, 1),
	(4, '', NULL, 1),
	(5, '', NULL, 1),
	(6, '', NULL, 1),
	(7, '', NULL, 1),
	(8, '', NULL, 2),
	(9, '', NULL, 2),
	(10, '', NULL, 2),
	(11, '', NULL, 2),
	(12, '', NULL, 2),
	(13, '', NULL, 2),
	(14, '', NULL, 2),
	(15, '', NULL, 3),
	(16, '', NULL, 3),
	(17, '', NULL, 3),
	(18, '', NULL, 3),
	(19, '', NULL, 3),
	(20, '', NULL, 3),
	(21, '', NULL, 3),
	(22, '', NULL, 3),
	(23, '', NULL, 4),
	(24, '', NULL, 4),
	(25, '', NULL, 4),
	(26, '', NULL, 4),
	(27, '', NULL, 4),
	(28, '', NULL, 4),
	(29, '', NULL, 4),
	(30, '', NULL, 4),
	(31, '', NULL, 4),
	(32, '', NULL, 4),
	(33, '', NULL, 5),
	(34, '', NULL, 5),
	(35, '', NULL, 5),
	(36, '', NULL, 5),
	(37, '', NULL, 5),
	(38, '', NULL, 5),
	(39, '', NULL, 5),
	(40, '', NULL, 5),
	(43, '', NULL, 8),
	(44, '', NULL, 8),
	(45, '', NULL, 8),
	(46, '', NULL, 8),
	(47, '', NULL, 8),
	(48, '', NULL, 8),
	(49, '3+1', NULL, 8),
	(50, '', NULL, 8),
	(51, '', NULL, 8),
	(52, '', NULL, 8),
	(53, '', NULL, 9),
	(54, '', NULL, 9),
	(55, '', NULL, 9),
	(56, '', NULL, 9),
	(57, '', NULL, 9),
	(58, '', NULL, 9),
	(59, '', NULL, 9),
	(60, '', NULL, 9),
	(61, '', NULL, 9),
	(62, '', NULL, 9),
	(63, '', NULL, 10),
	(64, '', NULL, 10),
	(65, '', NULL, 10),
	(66, '', NULL, 10),
	(67, '', NULL, 10),
	(68, '', NULL, 10),
	(69, '', NULL, 10),
	(70, '', NULL, 10),
	(71, '', NULL, 10),
	(72, '', NULL, 10),
	(73, '', NULL, 11),
	(74, '', NULL, 11),
	(75, '', NULL, 11),
	(76, '', NULL, 11),
	(77, '', NULL, 11),
	(78, '', NULL, 11),
	(79, '', NULL, 11),
	(80, '', NULL, 11),
	(81, '', NULL, 11),
	(82, '', NULL, 12),
	(83, '', NULL, 12),
	(84, '', NULL, 12),
	(85, '', NULL, 12),
	(86, '', NULL, 12),
	(87, '', NULL, 12),
	(88, '', NULL, 12),
	(89, '', NULL, 12),
	(90, '', NULL, 13),
	(91, '', NULL, 13),
	(92, '', NULL, 13),
	(93, '', NULL, 13),
	(94, '', NULL, 13),
	(95, '', NULL, 13),
	(96, '', NULL, 13),
	(97, '', NULL, 13),
	(98, '', NULL, 14),
	(99, '', NULL, 14),
	(100, '', NULL, 14),
	(101, '', NULL, 14),
	(102, '', NULL, 14),
	(103, '', NULL, 14),
	(104, '', NULL, 15),
	(105, '', NULL, 15),
	(106, '', NULL, 15),
	(107, '', NULL, 15),
	(108, '', NULL, 15),
	(109, '', NULL, 15),
	(110, '', NULL, 15),
	(111, '', NULL, 15),
	(112, '', NULL, 16),
	(113, '', NULL, 16),
	(114, '', NULL, 16),
	(115, '', NULL, 16),
	(116, '', NULL, 16),
	(117, '', NULL, 16),
	(118, '', NULL, 16),
	(119, '', NULL, 16),
	(120, '', NULL, 16),
	(121, '', NULL, 17),
	(122, '', NULL, 17),
	(123, '', NULL, 17),
	(124, '', NULL, 17),
	(125, '', NULL, 17),
	(126, '', NULL, 17),
	(127, '', NULL, 17),
	(128, '', NULL, 18),
	(129, '', NULL, 18),
	(130, '', NULL, 18),
	(131, '', NULL, 18),
	(132, '', NULL, 18),
	(133, '', NULL, 18),
	(134, '', NULL, 18),
	(135, '', NULL, 19),
	(136, '', NULL, 19),
	(137, '', NULL, 19),
	(138, '', NULL, 19),
	(139, '', NULL, 19),
	(140, '', NULL, 19),
	(141, '', NULL, 19),
	(142, '', NULL, 20),
	(143, '', NULL, 20),
	(144, '', NULL, 20),
	(145, '', NULL, 20),
	(146, '', NULL, 20),
	(147, '', NULL, 20),
	(148, '', NULL, 20),
	(149, '', NULL, 21),
	(150, '', NULL, 21),
	(151, '', NULL, 21),
	(152, '', NULL, 21),
	(153, '', NULL, 21),
	(154, '', NULL, 21),
	(155, '', NULL, 21),
	(156, '', NULL, 22),
	(157, '', NULL, 22),
	(158, '', NULL, 22),
	(159, '', NULL, 22),
	(160, '', NULL, 22),
	(161, '', NULL, 22),
	(162, '', NULL, 22),
	(163, '', NULL, 22),
	(164, '1 ', NULL, 23),
	(165, '2', NULL, 23),
	(166, '31,', NULL, 23),
	(167, '4', NULL, 23),
	(168, '5 ', NULL, 23),
	(169, '', NULL, 24),
	(170, '', NULL, 24),
	(171, '', NULL, 24),
	(172, '', NULL, 24),
	(173, '', NULL, 25),
	(174, '', NULL, 25),
	(175, '', NULL, 25),
	(176, '', b'0', 26),
	(177, '', b'0', 26),
	(178, '', b'0', 26),
	(179, '', b'0', 26),
	(180, '3+1', b'0', 26),
	(181, '', b'0', 26),
	(183, '1', NULL, 28),
	(184, '2', NULL, 28),
	(185, '3', NULL, 28),
	(186, '4', NULL, 28),
	(187, '5', NULL, 28),
	(188, '6', NULL, 28),
	(217, '1', NULL, 37),
	(218, '2', NULL, 37),
	(219, '3', NULL, 37),
	(220, '4', NULL, 37),
	(221, '5', NULL, 37),
	(222, '6', NULL, 37),
	(223, '1', NULL, 38),
	(224, '2', NULL, 38),
	(225, '3', NULL, 38),
	(226, '4', NULL, 38),
	(227, '5', NULL, 38),
	(228, '', NULL, 39),
	(229, '', NULL, 39),
	(230, '', NULL, 39),
	(231, '', NULL, 39),
	(232, '', NULL, 40),
	(233, '', NULL, 40),
	(234, '', NULL, 40),
	(235, '', NULL, 40),
	(236, '', NULL, 40),
	(237, '1', NULL, 41),
	(238, '2', NULL, 41),
	(239, '3', NULL, 41),
	(240, '4', NULL, 41),
	(241, '5', NULL, 41),
	(242, '6', NULL, 41),
	(243, '1', NULL, 42),
	(244, '2', NULL, 42),
	(245, '3', NULL, 42),
	(246, '4', NULL, 42),
	(247, '5', NULL, 42),
	(248, '6', NULL, 42),
	(252, '', NULL, 39),
	(253, '1', NULL, 44),
	(254, '2', NULL, 44),
	(255, '3', NULL, 44),
	(256, '4', NULL, 44),
	(257, '5', NULL, 44),
	(258, '1. ', NULL, 45),
	(259, '2', NULL, 45),
	(260, '3', NULL, 45),
	(261, '4', NULL, 45),
	(262, '5 ', NULL, 45),
	(263, '1', NULL, 46),
	(264, '2', NULL, 46),
	(265, '3', NULL, 46),
	(266, '4', NULL, 46),
	(267, '5', NULL, 46),
	(268, '1', NULL, 47),
	(269, '2', NULL, 47),
	(270, '3', NULL, 47),
	(271, '4', NULL, 47),
	(290, '1.', NULL, 53),
	(291, '2.', NULL, 53),
	(292, '3.1', NULL, 53),
	(293, '4.', NULL, 53),
	(294, '5.', NULL, 53),
	(295, '6.', NULL, 53),
	(296, '1.', NULL, 54),
	(297, '2.', NULL, 54),
	(298, '3.', NULL, 54),
	(299, '4.', NULL, 54),
	(300, '5.', NULL, 54),
	(301, '6.', NULL, 54),
	(302, '7..', NULL, 54),
	(303, '8.', NULL, 54),
	(304, '9.', NULL, 54),
	(305, '1', NULL, 55),
	(306, '2', NULL, 55),
	(307, '31', NULL, 55),
	(308, '4', NULL, 55),
	(309, '5', NULL, 55),
	(310, '6', NULL, 55),
	(311, '7', NULL, 55),
	(312, '8', NULL, 55),
	(313, '9', NULL, 55),
	(317, '1.', NULL, 57),
	(318, '2.1', NULL, 57),
	(319, '3.', NULL, 57),
	(320, '4.', NULL, 57),
	(321, '5.', NULL, 57),
	(322, '6.', NULL, 57),
	(323, '7.', NULL, 57),
	(324, '8.', NULL, 57),
	(325, '', NULL, 58),
	(326, '1', NULL, 58),
	(327, '2', NULL, 58),
	(328, '3', NULL, 58),
	(329, '4', NULL, 58),
	(330, '5', NULL, 58),
	(331, '1.', NULL, 59),
	(332, '2.1', NULL, 59),
	(333, '3.', NULL, 59),
	(334, '4.', NULL, 59),
	(335, '5.', NULL, 59),
	(336, '6.', NULL, 59),
	(337, '7.', NULL, 59),
	(338, '8.', NULL, 59),
	(339, '1. ', NULL, 60),
	(340, '2.', NULL, 60),
	(341, '3.', NULL, 60),
	(342, '4.', NULL, 60),
	(343, '5.', NULL, 60),
	(344, '6.', NULL, 60),
	(345, '7.1,', NULL, 60),
	(346, '8.', NULL, 60),
	(347, NULL, NULL, 44),
	(348, NULL, NULL, 44),
	(349, NULL, NULL, 44),
	(350, NULL, NULL, 44),
	(351, NULL, NULL, 44),
	(352, '1', NULL, 61),
	(353, '2', NULL, 61),
	(354, '31', NULL, 61),
	(355, '4', NULL, 61),
	(356, '5', NULL, 61),
	(357, '', NULL, 62),
	(358, '', NULL, 62),
	(359, '', NULL, 62),
	(360, '', NULL, 62),
	(361, '', NULL, 62),
	(362, '', NULL, 63),
	(363, '', NULL, 63),
	(364, '', NULL, 63),
	(365, '', NULL, 63),
	(366, '', NULL, 63),
	(367, '', NULL, 63),
	(368, '', NULL, 63),
	(369, '', NULL, 63),
	(370, '', NULL, 63),
	(371, '', NULL, 64),
	(372, '', NULL, 64),
	(373, '', NULL, 64),
	(374, '', NULL, 64),
	(375, '1,', NULL, 64),
	(376, '', NULL, 64),
	(377, '', NULL, 65),
	(378, '', NULL, 65),
	(379, '', NULL, 65),
	(380, '', NULL, 65),
	(381, '', NULL, 65),
	(382, '', NULL, 65),
	(383, '', NULL, 66),
	(384, '', NULL, 66),
	(385, '', NULL, 66),
	(386, '', NULL, 66),
	(387, '', NULL, 66),
	(388, '', NULL, 66),
	(389, '', NULL, 66),
	(390, '', NULL, 67),
	(391, '', NULL, 67),
	(392, '', NULL, 67),
	(393, '', NULL, 67),
	(394, '', NULL, 67),
	(395, '', NULL, 67),
	(396, '', NULL, 68),
	(397, '', NULL, 68),
	(398, '1', NULL, 68),
	(399, '', NULL, 68),
	(400, '', NULL, 68),
	(401, '', NULL, 68),
	(402, '1', NULL, 69),
	(403, '', NULL, 69),
	(404, '', NULL, 69),
	(405, '', NULL, 69),
	(406, '', NULL, 69),
	(407, '', NULL, 70),
	(408, '1', NULL, 70),
	(409, '', NULL, 70),
	(410, '', NULL, 70),
	(411, '', NULL, 70),
	(412, '', NULL, 70),
	(413, '1.', NULL, 71),
	(414, '2.', NULL, 71),
	(415, '3.', NULL, 71),
	(416, '4.', NULL, 71),
	(417, '1', NULL, 73),
	(418, '1', NULL, 74),
	(422, '1. ', NULL, 75),
	(427, '1 2 3 4 5', NULL, 80),
	(428, '1 2 3 4 5 6', NULL, 81),
	(429, '1 2 31 4 5 6', NULL, 82),
	(430, '1 2 3 4', NULL, 83),
	(431, '11 2 3 4 5 6', NULL, 84),
	(432, '1 2 3 4 5 6 7 8 9', NULL, 85),
	(433, '1 2 3 4 5 5', NULL, 86),
	(434, '1 2 3 4 51,', NULL, 87),
	(435, ' 1 2 3 41  1 2 3 4  1', NULL, 88),
	(436, '1 2 3 4 5 6 7', NULL, 89),
	(437, '  1.  2. 3. 4.   ', NULL, 90),
	(438, ' 11 2 3 4 5  1 2', NULL, 91),
	(439, '  1 21  3 4 5 6 ;;;;;           7 ', NULL, 92),
	(440, ' 1 2 3 4 5 6', NULL, 93);
INSERT INTO `fr_meeting_topic_task` (`id`, `content`, `is_matter`, `topic_id`) VALUES
	(441, ' 1 2 3 4 5 6', NULL, 94),
	(442, '  1 21  3 4 5 6 7  8', NULL, 95),
	(443, '1 2 31 4', NULL, 96),
	(444, '1 2 3 4 5 6 7 8. 9 10 11', NULL, 97),
	(445, '11 2 3 4', NULL, 98),
	(446, '11 2 3 4 5', NULL, 99),
	(447, '1 2 3', NULL, 100),
	(448, '1 21 3 4', NULL, 101),
	(458, '1 2 3 4', NULL, 103),
	(459, '1 2 3, 4 5', NULL, 105),
	(460, '1 2 3 4 5 6', NULL, 106),
	(461, '1.2.3.', NULL, 107),
	(462, '1 2 3', NULL, 108),
	(463, '1 2 3 4', NULL, 109),
	(464, '1 2 3', NULL, 110),
	(465, '1 2 3 4 5 6 7 8', NULL, 111),
	(466, '1 2 3 4', NULL, 114),
	(467, '1 2 3 4 5', NULL, 115),
	(468, '1 2 3 4', NULL, 113),
	(469, '1', NULL, 117),
	(470, '2', NULL, 117),
	(471, '31', NULL, 117),
	(472, '4', NULL, 117),
	(473, '5', NULL, 117),
	(474, '', NULL, 118),
	(475, '', NULL, 118),
	(476, '', NULL, 118),
	(477, '', NULL, 119),
	(478, '', NULL, 119),
	(479, '', NULL, 119),
	(480, '1', NULL, 120),
	(481, '2', NULL, 120),
	(482, '31,', NULL, 120),
	(483, '4', NULL, 120),
	(484, '5', NULL, 120),
	(485, '', NULL, 116),
	(486, '', NULL, 116),
	(487, '', NULL, 116),
	(488, '1.', NULL, 121),
	(489, '2.1', NULL, 121),
	(490, '3.', NULL, 121),
	(491, '4.', NULL, 121),
	(492, '1.', NULL, 122),
	(493, '2.1', NULL, 122),
	(494, '3.', NULL, 122),
	(495, '', NULL, 122),
	(496, '1 .', NULL, 123),
	(497, '10.', NULL, 123),
	(498, '13.', NULL, 123),
	(499, '17.', NULL, 123),
	(506, '11 2   3   4   5 6', NULL, 104),
	(507, ' 1 2 31 4 5.', NULL, 125),
	(508, '1 2 3 3 5 6++++ 7 8', NULL, 126),
	(509, '1. ', NULL, 127),
	(510, '2', NULL, 127),
	(511, '3', NULL, 127),
	(512, '4', NULL, 127),
	(513, '5', NULL, 127),
	(514, '6', NULL, 127),
	(515, '7', NULL, 127),
	(516, '8', NULL, 127),
	(517, '9 ', NULL, 127),
	(518, '1', NULL, 128),
	(519, '2 ', NULL, 128),
	(520, '3', NULL, 128),
	(521, '4', NULL, 128),
	(522, '1', NULL, 129),
	(523, '2', NULL, 129),
	(524, '3', NULL, 129),
	(525, '4', NULL, 129),
	(526, '5', NULL, 129),
	(532, '', NULL, 132),
	(533, '', NULL, 132),
	(534, '', NULL, 132),
	(535, '', NULL, 133),
	(536, '', NULL, 133),
	(537, '', NULL, 133),
	(538, '', NULL, 133),
	(539, '', NULL, 133),
	(540, '', NULL, 133),
	(541, '', NULL, 134),
	(542, '', NULL, 134),
	(543, '', NULL, 134),
	(544, '', NULL, 134),
	(545, '', NULL, 135),
	(546, '', NULL, 135),
	(547, '', NULL, 135),
	(548, '', NULL, 135),
	(549, '', NULL, 135),
	(550, '', NULL, 135),
	(551, '', NULL, 135),
	(552, '', NULL, 135),
	(553, '', NULL, 135),
	(554, '', NULL, 135),
	(555, '', NULL, 136),
	(556, '', NULL, 136),
	(557, '', NULL, 136),
	(558, '', NULL, 136),
	(580, '1 2 3 4 5 5', NULL, 140),
	(581, '1 2 3 3 51,', NULL, 141),
	(582, ' 1 2 3 4 5', NULL, 142),
	(583, '1 2 3', NULL, 143),
	(584, ' 1 2 3 4 5', NULL, 144),
	(585, '1 2 3 4', NULL, 145),
	(586, '1 2 3 4', NULL, 146),
	(587, '1. 2. 3. 4. 5. 6. 7. 8. 9. 10. 11. 12. 13. ', NULL, 147),
	(588, '1', NULL, 148),
	(589, '2', NULL, 148),
	(590, '3', NULL, 148),
	(591, '4', NULL, 148),
	(592, '5', NULL, 148),
	(593, '1', NULL, 149),
	(594, '2', NULL, 149),
	(595, '3', NULL, 149),
	(596, '4', NULL, 149),
	(597, '5', NULL, 149),
	(598, '1', NULL, 150),
	(599, '2', NULL, 150),
	(600, '3', NULL, 150),
	(601, ', ', NULL, 151),
	(602, '   ', NULL, 151),
	(603, '', NULL, 151),
	(604, '', NULL, 151),
	(605, '', NULL, 151),
	(606, '', NULL, 151),
	(626, ' ', NULL, 152),
	(627, ' ', NULL, 152),
	(628, '', NULL, 152),
	(629, '', NULL, 152),
	(630, ' ', NULL, 152),
	(631, ' ', NULL, 153),
	(632, '  ', NULL, 153),
	(633, '', NULL, 153),
	(634, '  ', NULL, 153),
	(635, ' ', NULL, 154),
	(636, '', NULL, 154),
	(637, '10  ', NULL, 154),
	(638, '   ', NULL, 154),
	(639, ' ', NULL, 154),
	(640, '', NULL, 155),
	(641, '', NULL, 155),
	(642, '  ', NULL, 155),
	(643, '', NULL, 155),
	(644, ' ', NULL, 155),
	(645, '1.', NULL, 156),
	(646, '2.', NULL, 156),
	(647, '3.', NULL, 156),
	(648, '4.', NULL, 156),
	(649, '1', NULL, 157),
	(650, '2', NULL, 157),
	(651, '3', NULL, 157),
	(652, '4', NULL, 157),
	(653, '5', NULL, 157),
	(654, '1', NULL, 158),
	(655, '2', NULL, 158),
	(656, '3', NULL, 158),
	(657, '4', NULL, 158),
	(658, '  1 2 3 4 5 6 7', NULL, 159),
	(659, '1 2 31 4 5 6', NULL, 160),
	(660, '1 21 3 4 5 6 7', NULL, 161),
	(661, '1 2 3 4 5 6', NULL, 162),
	(662, '11 2 3 4 5 6', NULL, 163),
	(663, '1 2 3 4 5 6 7 8 9', NULL, 164),
	(664, '', NULL, 166),
	(665, '', NULL, 166),
	(666, '', NULL, 166),
	(675, '1\n2\n3\n4\n51,\n6\n7', NULL, 165),
	(687, '', NULL, 168),
	(688, '', NULL, 168),
	(689, '', NULL, 168),
	(690, '', NULL, 168),
	(691, ' ', NULL, 168),
	(692, '  ', NULL, 168),
	(693, '1', NULL, 169),
	(694, '2', NULL, 169),
	(695, '3', NULL, 169),
	(696, '1', NULL, 170),
	(697, '2', NULL, 170),
	(698, '31', NULL, 170),
	(699, '4', NULL, 170),
	(700, '1', NULL, 171),
	(701, '2', NULL, 171),
	(702, '3', NULL, 171),
	(703, '4', NULL, 171),
	(704, '1', NULL, 172),
	(705, '21', NULL, 172),
	(706, '3', NULL, 172),
	(707, '4', NULL, 172),
	(708, '', NULL, 173),
	(709, '', NULL, 173),
	(710, '', NULL, 173),
	(711, '4', NULL, 173),
	(712, '1.', NULL, 174),
	(713, '2.', NULL, 174),
	(714, '3.', NULL, 174),
	(715, '4.', NULL, 174),
	(716, '5.', NULL, 174),
	(717, '6.', NULL, 174),
	(718, '7.', NULL, 174),
	(719, '8.', NULL, 174),
	(720, '9.()', NULL, 174),
	(721, '', NULL, 175),
	(722, '', NULL, 175),
	(723, '', NULL, 175),
	(724, '', NULL, 175),
	(725, '', NULL, 175),
	(726, '', NULL, 176),
	(727, '', NULL, 176),
	(728, '', NULL, 176),
	(729, '', NULL, 176),
	(730, '', NULL, 176),
	(731, '', NULL, 177),
	(732, '', NULL, 177),
	(733, '', NULL, 177),
	(734, '', NULL, 178),
	(735, '', NULL, 178),
	(736, '', NULL, 178),
	(737, '1', NULL, 179),
	(738, '2', NULL, 179),
	(739, '31', NULL, 179),
	(740, '4', NULL, 179),
	(741, '5', NULL, 179),
	(742, '6', NULL, 179),
	(747, '1', NULL, 181),
	(748, '21', NULL, 181),
	(749, '3', NULL, 181),
	(750, '4.', NULL, 181),
	(751, '5', NULL, 181),
	(752, '6', NULL, 181),
	(757, '1', NULL, 183),
	(758, '2', NULL, 183),
	(759, '3', NULL, 183),
	(760, '4', NULL, 183),
	(761, '5', NULL, 183),
	(762, '6', NULL, 183),
	(763, '7.', NULL, 183),
	(764, '8', NULL, 183),
	(765, '9', NULL, 183),
	(769, '1', NULL, 185),
	(770, '2', NULL, 185),
	(771, '31', NULL, 185),
	(772, '4', NULL, 185),
	(773, '5', NULL, 185),
	(774, '6', NULL, 185),
	(775, '7', NULL, 185),
	(776, '8', NULL, 185),
	(777, '1', NULL, 186),
	(778, '21', NULL, 186),
	(779, '3', NULL, 186),
	(780, '4', NULL, 186),
	(781, '5', NULL, 186),
	(782, '6', NULL, 186),
	(783, '7', NULL, 186),
	(784, '8', NULL, 186),
	(785, '1 ', NULL, 187),
	(786, '2', NULL, 187),
	(787, '3', NULL, 187),
	(788, '4', NULL, 187),
	(789, '5', NULL, 187),
	(790, '6', NULL, 187),
	(791, '71,', NULL, 187),
	(792, '8', NULL, 187),
	(793, '1', NULL, 188),
	(794, '2', NULL, 188),
	(795, '3', NULL, 188),
	(796, '4', NULL, 188),
	(797, '5,', NULL, 188),
	(798, '6,', NULL, 188),
	(799, '7', NULL, 188),
	(800, '8', NULL, 188),
	(801, '1', NULL, 189),
	(802, '2', NULL, 189),
	(803, '3', NULL, 189),
	(804, '1', NULL, 190),
	(805, '2', NULL, 190),
	(806, '3', NULL, 190),
	(807, '1', NULL, 191),
	(808, '2', NULL, 191),
	(809, '3', NULL, 191),
	(810, '4', NULL, 191),
	(811, '1', NULL, 192),
	(812, '2', NULL, 192),
	(813, '', NULL, 193),
	(814, '', NULL, 193),
	(815, '', NULL, 193),
	(816, '', NULL, 193),
	(817, '', NULL, 194),
	(818, '', NULL, 194),
	(819, '', NULL, 194),
	(820, '', NULL, 194),
	(821, '', NULL, 194),
	(822, '', NULL, 194),
	(823, '1+', NULL, 195),
	(824, ' 2', NULL, 195),
	(825, '3', NULL, 195),
	(826, '4', NULL, 195),
	(829, '', NULL, 196),
	(830, ' ', NULL, 196),
	(831, '', NULL, 196),
	(832, '  ', NULL, 196),
	(833, '', NULL, 196),
	(834, '', NULL, 197),
	(835, ' ', NULL, 197),
	(836, '', NULL, 197),
	(837, '   ', NULL, 197),
	(839, '                ', NULL, 200),
	(840, '123', NULL, 201),
	(841, '123', NULL, 202),
	(842, '      ', NULL, 203);




INSERT INTO `fr_ordinal_form` (`id`, `code`, `content1`, `content2`, `content3`, `content4`, `content5`, `content6`, `content7`, `content8`, `content9`, `create_time`, `form_type`, `integer1`, `long_content1`, `long_content2`, `long_content3`, `time1`, `time2`, `time3`, `update_time`, `dest_user_id`, `single_user1_id`, `single_user2_id`) VALUES
	(1, NULL, '', '', '', NULL, NULL, NULL, NULL, NULL, NULL, '2022-06-28 15:53:48.085664', 'INSPECT', NULL, '419202CD35', '19\n2D6\n', NULL, '2022-04-19 00:00:00.000000', NULL, NULL, '2022-06-28 15:53:48.085664', 17, 1, NULL);
INSERT INTO `fr_ordinal_form` (`id`, `code`, `content1`, `content2`, `content3`, `content4`, `content5`, `content6`, `content7`, `content8`, `content9`, `create_time`, `form_type`, `integer1`, `long_content1`, `long_content2`, `long_content3`, `time1`, `time2`, `time3`, `update_time`, `dest_user_id`, `single_user1_id`, `single_user2_id`) VALUES
	(2, NULL, '', '', NULL, '', '', '', NULL, NULL, NULL, '2022-06-29 13:20:52.067000', 'THREE', 3, '', '15063006300350040350019', NULL, '2022-06-05 00:00:00.000000', NULL, NULL, '2022-08-29 12:30:46.355746', 21, NULL, NULL),
	(3, NULL, '', '/', '', NULL, NULL, NULL, NULL, NULL, NULL, '2022-06-29 13:22:46.368255', 'PERSONAL', NULL, '2022416/172828002022420FDH0386', NULL, NULL, '2022-04-24 13:22:30.569000', NULL, NULL, '2022-06-29 13:22:46.368255', 3, NULL, NULL),
	(4, NULL, '2022-04', '', '8', '', NULL, NULL, NULL, NULL, NULL, '2022-07-11 10:12:46.556740', 'LEARNING', NULL, '10', NULL, NULL, NULL, NULL, NULL, '2022-07-11 10:12:46.556740', 7, NULL, NULL),
	(5, NULL, '2022-05', '', '8', '', NULL, NULL, NULL, NULL, NULL, '2022-07-11 10:16:21.413356', 'LEARNING', NULL, '8', NULL, NULL, NULL, NULL, NULL, '2022-07-11 10:16:21.413356', 7, NULL, NULL),
	(6, NULL, '2022-06', '', '', '', NULL, NULL, NULL, NULL, NULL, '2022-07-11 10:17:58.098000', 'LEARNING', NULL, '', NULL, NULL, NULL, NULL, NULL, '2022-07-11 10:17:58.098000', 9, NULL, NULL),
	(7, NULL, '', '', NULL, NULL, NULL, NULL, NULL, NULL, NULL, '2022-07-11 10:26:17.912568', 'DISPOSAL', NULL, '1\n22022\n3\n', NULL, NULL, '2022-05-25 00:00:00.000000', '2022-05-25 00:00:00.000000', NULL, '2022-07-11 10:26:17.912568', 21, 21, 155),
	(8, NULL, '', '', NULL, NULL, NULL, NULL, NULL, NULL, NULL, '2022-07-11 10:28:08.664788', 'DISPOSAL', NULL, '1\n22022\n3\n', NULL, NULL, '2022-05-25 00:00:00.000000', '2022-05-25 00:00:00.000000', NULL, '2022-07-11 10:28:08.664788', 21, 21, 157),
	(9, NULL, '', '', NULL, NULL, NULL, NULL, NULL, NULL, NULL, '2022-07-11 10:29:32.452779', 'DISPOSAL', NULL, '1\n22022\n', NULL, NULL, '2022-05-25 00:00:00.000000', '2022-05-25 00:00:00.000000', NULL, '2022-07-11 10:29:32.452779', 21, 21, 161),
	(10, NULL, '', '', NULL, NULL, NULL, NULL, NULL, NULL, NULL, '2022-07-11 10:31:55.287646', 'DISPOSAL', NULL, '1\n2\n3\n', NULL, NULL, '2022-01-11 00:00:00.000000', '2022-01-11 00:00:00.000000', NULL, '2022-07-11 10:31:55.287646', 17, 17, 123),
	(11, NULL, '2022-07', '', '', '', NULL, NULL, NULL, NULL, NULL, '2022-07-29 16:38:02.034015', 'LEARNING', NULL, '', NULL, NULL, NULL, NULL, NULL, '2022-07-29 16:38:02.034015', 215, NULL, NULL),
	(12, NULL, '', NULL, '', NULL, NULL, NULL, NULL, NULL, NULL, '2022-07-30 10:44:49.270527', 'INSPECT', NULL, '12223', NULL, NULL, '2022-07-29 00:00:00.000000', NULL, NULL, '2022-07-30 10:44:49.270527', 16, 98, NULL),
	(13, NULL, '2022-08', '', '', '', NULL, NULL, NULL, NULL, NULL, '2022-08-02 11:22:41.465540', 'LEARNING', NULL, '20215', NULL, NULL, NULL, NULL, NULL, '2022-08-02 11:22:41.465540', 1, NULL, NULL),
	(14, NULL, '', NULL, '', NULL, NULL, NULL, NULL, NULL, NULL, '2022-08-06 18:48:30.991337', 'INSPECT', NULL, '', NULL, NULL, '2022-08-06 00:00:00.000000', NULL, NULL, '2022-08-06 18:48:30.991337', 215, 5, NULL),
	(15, NULL, '2022-08', '', '', '', NULL, NULL, NULL, NULL, NULL, '2022-08-09 14:10:50.653044', 'LEARNING', NULL, '1  [2022]12 2022\n2  [2022]13 2022\n32022112022', NULL, NULL, NULL, NULL, NULL, '2022-08-09 14:10:50.653044', 76, NULL, NULL),
	(16, NULL, '2022-07', '3', '', '', NULL, NULL, NULL, NULL, NULL, '2022-08-10 17:52:34.681998', 'LEARNING', NULL, ' [2022]12 2022', NULL, NULL, NULL, NULL, NULL, '2022-08-10 17:52:34.681998', 308, NULL, NULL),
	(17, NULL, '2022-08', '', '2022', '', NULL, NULL, NULL, NULL, NULL, '2022-08-10 17:54:26.583935', 'LEARNING', NULL, ' [2022]13 2022', NULL, NULL, NULL, NULL, NULL, '2022-08-10 17:54:26.583935', 308, NULL, NULL),
	(18, NULL, '', '/', '524', '', 'G524', '', 'G524', NULL, NULL, '2022-08-12 08:59:34.446000', 'CLUB', 4, '123456', '1 2 3', 'G524', '2022-08-11 00:00:00.000000', NULL, NULL, '2022-09-21 07:51:17.572514', 328, NULL, NULL),
	(19, NULL, '', '', '524', '', 'G524', '', '10', NULL, NULL, '2022-08-12 21:22:19.439000', 'CLUB', 4, '1.2.3.4.1.2.3.', '524', 'G524', '2022-08-11 00:00:00.000000', NULL, NULL, '2022-09-16 07:52:10.013145', 327, NULL, NULL),
	(20, NULL, '', '/', '', '', 'G524', '', '5241', NULL, NULL, '2022-08-15 10:30:30.011000', 'CLUB', 4, '', 'G524910915918', '', '2022-08-12 00:00:00.000000', NULL, NULL, '2022-09-21 07:59:16.408663', 326, NULL, NULL),
	(21, NULL, '', '/', '', '', 'G524', '', '', NULL, NULL, '2022-08-16 16:02:24.586000', 'CLUB', 3, '', '8166411082', NULL, '2022-08-16 00:00:00.000000', NULL, NULL, '2022-09-27 16:52:59.403252', 322, NULL, NULL),
	(22, NULL, '2022-08', '', '', '', NULL, NULL, NULL, NULL, NULL, '2022-08-23 14:50:35.587744', 'LEARNING', NULL, '', NULL, NULL, NULL, NULL, NULL, '2022-08-23 14:50:35.587744', 1, NULL, NULL),
	(43, NULL, '', '/', '524', '  ', 'G524', '', '', NULL, NULL, '2022-08-23 22:14:19.248000', 'CLUB', 3, '123', '112', NULL, '2022-08-14 00:00:00.000000', NULL, NULL, '2022-09-26 15:09:29.645050', 324, NULL, NULL),
	(45, NULL, '', '', NULL, '', '', '', NULL, NULL, NULL, '2022-08-26 10:00:58.831000', 'THREE', 3, '', '	', NULL, '2022-08-26 00:00:00.000000', NULL, NULL, '2022-08-29 12:39:38.827487', 7, NULL, NULL),
	(48, NULL, '', '', NULL, '', '', '', NULL, NULL, NULL, '2022-08-29 12:13:08.398000', 'THREE', 3, '', '', NULL, '2022-08-26 00:00:00.000000', NULL, NULL, '2022-08-29 12:29:16.206188', 7, NULL, NULL),
	(49, NULL, '', '', NULL, '', '', '', NULL, NULL, NULL, '2022-08-29 14:06:01.922000', 'THREE', 3, '633', '\n\n    \n    ', NULL, '2022-08-30 00:00:00.000000', NULL, NULL, '2022-09-16 17:10:01.111372', 16, NULL, NULL),
	(50, NULL, '', '/', '524', '  ', '', '', 'G524', NULL, NULL, '2022-08-30 16:44:43.081000', 'CLUB', 4, '1.5242.3.4', NULL, '', '2022-08-15 00:00:00.000000', NULL, NULL, '2022-09-16 17:00:59.090309', 325, NULL, NULL),
	(52, NULL, '', '/', '524', ' ', 'G524', '524', '', NULL, NULL, '2022-08-30 17:02:31.437000', 'CLUB', 4, 'G524', '1 23', '', '2022-08-14 00:00:00.000000', NULL, NULL, '2022-09-21 08:09:53.383458', 330, NULL, NULL),
	(53, NULL, '', '', NULL, '', '', '200711', NULL, NULL, NULL, '2022-08-31 14:49:29.602000', 'THREE', 3, '200711200711', '', NULL, '2022-08-30 00:00:00.000000', NULL, NULL, '2022-09-19 14:06:14.572989', 8, NULL, NULL),
	(54, NULL, '', '', NULL, '', '', '', NULL, NULL, NULL, '2022-08-31 14:52:35.137000', 'THREE', 3, '', '\n\n', NULL, '2022-08-22 00:00:00.000000', NULL, NULL, '2022-09-19 14:02:40.387207', 8, NULL, NULL),
	(55, NULL, '', '', NULL, '', '', '', NULL, NULL, NULL, '2022-08-31 14:54:42.228000', 'THREE', 3, '', '\n\n', NULL, '2022-08-22 00:00:00.000000', NULL, NULL, '2022-09-19 14:14:56.826173', 8, NULL, NULL),
	(56, NULL, '', '', NULL, '', '', '', NULL, NULL, NULL, '2022-08-31 14:56:01.155000', 'THREE', 3, '', '\n\n', NULL, '2022-08-22 00:00:00.000000', NULL, NULL, '2022-09-19 14:19:51.564269', 8, NULL, NULL),
	(57, NULL, '', '', NULL, '', '', '', NULL, NULL, NULL, '2022-08-31 14:57:21.039000', 'THREE', 3, '224', '\n', NULL, '2022-08-22 00:00:00.000000', NULL, NULL, '2022-09-19 14:22:34.842567', 8, NULL, NULL),
	(58, NULL, '', '', NULL, '', '', '3380%', NULL, NULL, NULL, '2022-08-31 14:59:22.587000', 'THREE', 3, '980%', '\n\n', NULL, '2022-08-22 00:00:00.000000', NULL, NULL, '2022-09-19 14:35:42.239218', 8, NULL, NULL),
	(59, NULL, '', '', NULL, '', '', ' ', NULL, NULL, NULL, '2022-08-31 15:00:09.236000', 'THREE', 3, '', '\n\n', NULL, '2022-08-30 00:00:00.000000', NULL, NULL, '2022-09-19 14:44:05.099892', 8, NULL, NULL),
	(60, NULL, '', '', NULL, '', '', '', NULL, NULL, NULL, '2022-08-31 15:00:50.151000', 'THREE', 3, '<>', '\n\n', NULL, '2022-08-30 00:00:00.000000', NULL, NULL, '2022-09-19 15:31:36.123276', 8, NULL, NULL),
	(61, NULL, '', NULL, NULL, NULL, NULL, NULL, NULL, NULL, NULL, '2022-09-04 17:15:10.238836', 'QUESTION', NULL, '', NULL, NULL, '2022-09-04 00:00:00.000000', NULL, NULL, '2022-09-04 17:15:10.238836', 40, 8, NULL),
	(62, NULL, '', NULL, NULL, NULL, NULL, NULL, NULL, NULL, NULL, '2022-09-04 17:16:25.447600', 'QUESTION', NULL, '', NULL, NULL, '2022-09-04 00:00:00.000000', NULL, NULL, '2022-09-04 17:16:25.447600', 40, 8, NULL),
	(64, NULL, '', NULL, NULL, NULL, NULL, NULL, NULL, NULL, NULL, '2022-09-08 08:25:46.269135', 'QUESTION', NULL, '', NULL, NULL, '2022-09-07 00:00:00.000000', NULL, NULL, '2022-09-08 08:25:46.269135', 208, 207, NULL),
	(66, NULL, '', NULL, NULL, NULL, NULL, NULL, NULL, NULL, NULL, '2022-09-08 14:09:05.533177', 'QUESTION', NULL, '', NULL, NULL, '2022-09-06 00:00:00.000000', NULL, NULL, '2022-09-08 14:09:05.533177', 209, 207, NULL),
	(67, NULL, '', NULL, NULL, NULL, NULL, NULL, NULL, NULL, NULL, '2022-09-09 10:25:03.866863', 'QUESTION', NULL, '', NULL, NULL, '2022-09-09 00:00:00.000000', NULL, NULL, '2022-09-09 10:25:03.866863', 41, 7, NULL),
	(68, NULL, '', '', '', '', '', NULL, NULL, NULL, NULL, '2022-09-09 16:08:14.975154', 'TALKING', NULL, '1.2.', NULL, NULL, '2022-09-04 00:00:00.000000', NULL, NULL, '2022-09-09 16:08:14.975154', 30, 5, NULL),
	(69, NULL, '', NULL, NULL, NULL, NULL, NULL, NULL, NULL, NULL, '2022-09-13 09:13:20.361560', 'QUESTION', NULL, '', NULL, NULL, '2022-09-08 00:00:00.000000', NULL, NULL, '2022-09-13 09:13:20.361560', 31, 30, NULL),
	(70, NULL, '', NULL, NULL, NULL, NULL, NULL, NULL, NULL, NULL, '2022-09-13 09:14:50.852915', 'QUESTION', NULL, '', NULL, NULL, '2022-09-09 00:00:00.000000', NULL, NULL, '2022-09-13 09:14:50.852915', 104, 30, NULL),
	(71, NULL, '', NULL, NULL, NULL, NULL, NULL, NULL, NULL, NULL, '2022-09-13 09:24:10.925495', 'QUESTION', NULL, '2022', NULL, NULL, '2022-09-07 00:00:00.000000', NULL, NULL, '2022-09-13 09:24:10.925495', 346, 215, NULL),
	(72, NULL, '', NULL, NULL, NULL, NULL, NULL, NULL, NULL, NULL, '2022-09-13 14:36:49.135037', 'QUESTION', NULL, '123', NULL, NULL, '2022-09-01 00:00:00.000000', NULL, NULL, '2022-09-13 14:36:49.135037', 145, 143, NULL),
	(73, NULL, '', NULL, NULL, NULL, NULL, NULL, NULL, NULL, NULL, '2022-09-13 14:39:48.603847', 'QUESTION', NULL, '1\n2\n3\n4', NULL, NULL, '2022-09-07 00:00:00.000000', NULL, NULL, '2022-09-13 14:39:48.603847', 143, 3, NULL),
	(74, NULL, '', NULL, NULL, NULL, NULL, NULL, NULL, NULL, NULL, '2022-09-13 15:13:07.459302', 'QUESTION', NULL, '', NULL, NULL, '2022-09-07 00:00:00.000000', NULL, NULL, '2022-09-13 15:13:07.459302', 165, 155, NULL),
	(75, NULL, '', NULL, NULL, NULL, NULL, NULL, NULL, NULL, NULL, '2022-09-13 15:14:21.339386', 'QUESTION', NULL, '', NULL, NULL, '2022-09-07 00:00:00.000000', NULL, NULL, '2022-09-13 15:14:21.339386', 158, 155, NULL),
	(76, NULL, '', NULL, NULL, NULL, NULL, NULL, NULL, NULL, NULL, '2022-09-13 15:14:58.890552', 'QUESTION', NULL, '', NULL, NULL, '2022-09-07 00:00:00.000000', NULL, NULL, '2022-09-13 15:14:58.890552', 156, 155, NULL),
	(77, NULL, '', NULL, NULL, NULL, NULL, NULL, NULL, NULL, NULL, '2022-09-13 15:19:38.069443', 'QUESTION', NULL, '1.2.3.4.', NULL, NULL, '2022-09-08 00:00:00.000000', NULL, NULL, '2022-09-13 15:19:38.069443', 134, 19, NULL),
	(78, NULL, '', NULL, NULL, NULL, NULL, NULL, NULL, NULL, NULL, '2022-09-13 15:20:31.317795', 'QUESTION', NULL, '\n\n\n \n\n\n', NULL, NULL, '2022-09-13 00:00:00.000000', NULL, NULL, '2022-09-13 15:20:31.317795', 245, 242, NULL),
	(79, NULL, '', NULL, NULL, NULL, NULL, NULL, NULL, NULL, NULL, '2022-09-13 15:23:27.247113', 'QUESTION', NULL, '\n\n \n    ', NULL, NULL, '2022-09-13 00:00:00.000000', NULL, NULL, '2022-09-13 15:23:27.247113', 244, 242, NULL),
	(80, NULL, '', NULL, NULL, NULL, NULL, NULL, NULL, NULL, NULL, '2022-09-13 15:25:23.961496', 'QUESTION', NULL, '\n	\n	\n	\n	\n\n\n	', NULL, NULL, '2022-09-13 00:00:00.000000', NULL, NULL, '2022-09-13 15:25:23.961496', 246, 242, NULL),
	(81, NULL, '', NULL, NULL, NULL, NULL, NULL, NULL, NULL, NULL, '2022-09-13 15:26:17.385173', 'QUESTION', NULL, '1.2.3.4.', NULL, NULL, '2022-09-08 00:00:00.000000', NULL, NULL, '2022-09-13 15:26:17.385173', 139, 19, NULL),
	(82, NULL, '', NULL, NULL, NULL, NULL, NULL, NULL, NULL, NULL, '2022-09-13 15:28:18.776697', 'QUESTION', NULL, '', NULL, NULL, '2022-09-12 00:00:00.000000', NULL, NULL, '2022-09-13 15:28:18.776697', 187, 186, NULL),
	(83, NULL, '', '', NULL, NULL, NULL, NULL, NULL, NULL, NULL, '2022-09-13 15:31:28.078846', 'DISPOSAL', NULL, '', NULL, NULL, '2022-09-13 00:00:00.000000', '2022-09-13 00:00:00.000000', NULL, '2022-09-13 15:31:28.078846', 207, 207, 208),
	(84, NULL, '', NULL, NULL, NULL, NULL, NULL, NULL, NULL, NULL, '2022-09-13 15:47:37.075349', 'QUESTION', NULL, '1\n2\n3\n4  ', NULL, NULL, '2022-09-13 00:00:00.000000', NULL, NULL, '2022-09-13 15:47:37.075349', 76, 75, NULL),
	(85, NULL, '', NULL, NULL, NULL, NULL, NULL, NULL, NULL, NULL, '2022-09-13 15:48:50.102256', 'QUESTION', NULL, '1\n2\n3\n4  ', NULL, NULL, '2022-09-13 00:00:00.000000', NULL, NULL, '2022-09-13 15:48:50.102256', 77, 75, NULL),
	(86, NULL, '', NULL, NULL, NULL, NULL, NULL, NULL, NULL, NULL, '2022-09-13 15:50:11.139091', 'QUESTION', NULL, '1\n2\n3\n4  ', NULL, NULL, '2022-09-13 00:00:00.000000', NULL, NULL, '2022-09-13 15:50:11.139091', 78, 75, NULL),
	(87, NULL, '', NULL, NULL, NULL, NULL, NULL, NULL, NULL, NULL, '2022-09-13 15:51:16.423969', 'QUESTION', NULL, '1\n2\n3\n4  ', NULL, NULL, '2022-09-13 00:00:00.000000', NULL, NULL, '2022-09-13 15:51:16.423969', 75, 15, NULL),
	(88, NULL, '', NULL, NULL, NULL, NULL, NULL, NULL, NULL, NULL, '2022-09-13 21:08:42.103104', 'QUESTION', NULL, '', NULL, NULL, '2022-09-13 00:00:00.000000', NULL, NULL, '2022-09-13 21:08:42.103104', 284, 283, NULL),
	(90, NULL, '', NULL, NULL, NULL, NULL, NULL, NULL, NULL, NULL, '2022-09-13 21:11:22.870362', 'QUESTION', NULL, '', NULL, NULL, '2022-09-13 00:00:00.000000', NULL, NULL, '2022-09-13 21:11:22.870362', 286, 283, NULL),
	(91, NULL, '', NULL, NULL, NULL, NULL, NULL, NULL, NULL, NULL, '2022-09-13 21:12:08.950123', 'QUESTION', NULL, '', NULL, NULL, '2022-09-13 00:00:00.000000', NULL, NULL, '2022-09-13 21:12:08.950123', 287, 283, NULL),
	(92, NULL, '', NULL, NULL, NULL, NULL, NULL, NULL, NULL, NULL, '2022-09-13 21:19:03.874761', 'QUESTION', NULL, '', NULL, NULL, '2022-09-13 00:00:00.000000', NULL, NULL, '2022-09-13 21:19:03.874761', 285, 283, NULL),
	(93, NULL, '', NULL, NULL, NULL, NULL, NULL, NULL, NULL, NULL, '2022-09-13 21:28:15.583911', 'QUESTION', NULL, '1.\n2.\n3.', NULL, NULL, '2022-09-07 00:00:00.000000', NULL, NULL, '2022-09-13 21:28:15.583911', 251, 250, NULL),
	(94, NULL, '', NULL, NULL, NULL, NULL, NULL, NULL, NULL, NULL, '2022-09-13 21:31:37.362195', 'QUESTION', NULL, '1\n2\n3', NULL, NULL, '2022-09-07 00:00:00.000000', NULL, NULL, '2022-09-13 21:31:37.362195', 252, 250, NULL),
	(95, NULL, '', NULL, NULL, NULL, NULL, NULL, NULL, NULL, NULL, '2022-09-13 21:38:12.917517', 'QUESTION', NULL, '1.\n2.\n3.', NULL, NULL, '2022-09-07 00:00:00.000000', NULL, NULL, '2022-09-13 21:38:12.917517', 254, 250, NULL),
	(96, NULL, '', NULL, NULL, NULL, NULL, NULL, NULL, NULL, NULL, '2022-09-13 21:42:47.251088', 'QUESTION', NULL, '1.2.3.\n1.2.3.\n', NULL, NULL, '2022-09-07 00:00:00.000000', NULL, NULL, '2022-09-13 21:42:47.251088', 253, 250, NULL),
	(97, NULL, '', NULL, NULL, NULL, NULL, NULL, NULL, NULL, NULL, '2022-09-14 08:34:22.943785', 'QUESTION', NULL, '', NULL, NULL, '2022-09-04 00:00:00.000000', NULL, NULL, '2022-09-14 08:34:22.943785', 75, 15, NULL),
	(98, NULL, '', NULL, NULL, NULL, NULL, NULL, NULL, NULL, NULL, '2022-09-14 08:40:52.955295', 'QUESTION', NULL, '', NULL, NULL, '2022-09-04 00:00:00.000000', NULL, NULL, '2022-09-14 08:40:52.955295', 75, 15, NULL),
	(99, NULL, '', NULL, NULL, NULL, NULL, NULL, NULL, NULL, NULL, '2022-09-14 09:59:37.379630', 'QUESTION', NULL, '', NULL, NULL, '2022-09-13 00:00:00.000000', NULL, NULL, '2022-09-14 09:59:37.379630', 155, 21, NULL),
	(100, NULL, '', NULL, NULL, NULL, NULL, NULL, NULL, NULL, NULL, '2022-09-14 10:18:16.659234', 'QUESTION', NULL, ' ', NULL, NULL, '2022-09-06 00:00:00.000000', NULL, NULL, '2022-09-14 10:18:16.659234', 207, 15, NULL),
	(101, NULL, '', NULL, NULL, NULL, NULL, NULL, NULL, NULL, NULL, '2022-09-14 14:48:40.138958', 'QUESTION', NULL, '\n\n\n\n\n\n', NULL, NULL, '2022-09-14 00:00:00.000000', NULL, NULL, '2022-09-14 14:48:40.138958', 296, 293, NULL),
	(102, NULL, '', NULL, NULL, NULL, NULL, NULL, NULL, NULL, NULL, '2022-09-14 14:53:01.318915', 'QUESTION', NULL, '\n\n\n\n\n', NULL, NULL, '2022-09-14 00:00:00.000000', NULL, NULL, '2022-09-14 14:53:01.318915', 297, 293, NULL),
	(103, NULL, '', NULL, NULL, NULL, NULL, NULL, NULL, NULL, NULL, '2022-09-14 15:10:34.475610', 'QUESTION', NULL, '\n\n\n\n\n\n', NULL, NULL, '2022-09-14 00:00:00.000000', NULL, NULL, '2022-09-14 15:10:34.475610', 295, 293, NULL),
	(104, NULL, '', NULL, NULL, NULL, NULL, NULL, NULL, NULL, NULL, '2022-09-14 15:34:44.034538', 'QUESTION', NULL, ':\n:\n:\n:\n:\n', NULL, NULL, '2022-09-14 00:00:00.000000', NULL, NULL, '2022-09-14 15:34:44.034538', 294, 293, NULL),
	(105, NULL, '', NULL, NULL, NULL, NULL, NULL, NULL, NULL, NULL, '2022-09-14 16:24:02.793150', 'QUESTION', NULL, '\n', NULL, NULL, '2022-09-09 00:00:00.000000', NULL, NULL, '2022-09-14 16:24:02.793150', 262, 261, NULL),
	(106, NULL, '', NULL, NULL, NULL, NULL, NULL, NULL, NULL, NULL, '2022-09-14 16:27:07.802024', 'QUESTION', NULL, '\n', NULL, NULL, '2022-09-13 00:00:00.000000', NULL, NULL, '2022-09-14 16:27:07.802024', 263, 261, NULL),
	(107, NULL, '', NULL, NULL, NULL, NULL, NULL, NULL, NULL, NULL, '2022-09-14 16:28:36.973560', 'QUESTION', NULL, '\n', NULL, NULL, '2022-09-14 00:00:00.000000', NULL, NULL, '2022-09-14 16:28:36.973560', 264, 261, NULL),
	(108, NULL, '', NULL, NULL, NULL, NULL, NULL, NULL, NULL, NULL, '2022-09-14 16:29:36.415676', 'QUESTION', NULL, '\n', NULL, NULL, '2022-09-14 00:00:00.000000', NULL, NULL, '2022-09-14 16:29:36.415676', 265, 261, NULL),
	(109, NULL, '', NULL, NULL, NULL, NULL, NULL, NULL, NULL, NULL, '2022-09-14 16:30:39.032830', 'QUESTION', NULL, '\n', NULL, NULL, '2022-09-13 00:00:00.000000', NULL, NULL, '2022-09-14 16:30:39.032830', 266, 261, NULL),
	(110, NULL, '', NULL, NULL, NULL, NULL, NULL, NULL, NULL, NULL, '2022-09-14 16:31:18.520913', 'QUESTION', NULL, '', NULL, NULL, '2022-09-13 00:00:00.000000', NULL, NULL, '2022-09-14 16:31:18.520913', 117, 116, NULL),
	(111, NULL, '', NULL, NULL, NULL, NULL, NULL, NULL, NULL, NULL, '2022-09-14 16:32:13.977201', 'QUESTION', NULL, '2022', NULL, NULL, '2022-09-06 00:00:00.000000', NULL, NULL, '2022-09-14 16:32:13.977201', 118, 116, NULL),
	(112, NULL, '', NULL, NULL, NULL, NULL, NULL, NULL, NULL, NULL, '2022-09-14 16:55:47.848392', 'QUESTION', NULL, '\n\n\n\n\n\n\n\n', NULL, NULL, '2022-09-14 00:00:00.000000', NULL, NULL, '2022-09-14 16:55:47.848392', 298, 293, NULL),
	(113, NULL, '', NULL, NULL, NULL, NULL, NULL, NULL, NULL, NULL, '2022-09-14 16:57:01.163976', 'QUESTION', NULL, ',\n\n\n', NULL, NULL, '2022-09-14 00:00:00.000000', NULL, NULL, '2022-09-14 16:57:01.163976', 299, 293, NULL),
	(114, NULL, '', NULL, NULL, NULL, NULL, NULL, NULL, NULL, NULL, '2022-09-14 18:24:54.395071', 'QUESTION', NULL, '1\n2\n', NULL, NULL, '2022-09-09 00:00:00.000000', NULL, NULL, '2022-09-14 18:24:54.395071', 239, 236, NULL),
	(115, NULL, '', NULL, NULL, NULL, NULL, NULL, NULL, NULL, NULL, '2022-09-14 18:26:06.920031', 'QUESTION', NULL, '\n\n\n\n\n\n\n', NULL, NULL, '2022-09-14 00:00:00.000000', NULL, NULL, '2022-09-14 18:26:06.920031', 289, 288, NULL),
	(116, NULL, '', NULL, NULL, NULL, NULL, NULL, NULL, NULL, NULL, '2022-09-14 18:27:12.053576', 'QUESTION', NULL, '\n\n\n\n\n\n\n\n', NULL, NULL, '2022-09-14 00:00:00.000000', NULL, NULL, '2022-09-14 18:27:12.053576', 290, 288, NULL),
	(117, NULL, '', NULL, NULL, NULL, NULL, NULL, NULL, NULL, NULL, '2022-09-14 18:27:56.977464', 'QUESTION', NULL, ' \n\n\n\n  \n', NULL, NULL, '2022-09-14 00:00:00.000000', NULL, NULL, '2022-09-14 18:27:56.977464', 291, 288, NULL),
	(118, NULL, '', NULL, NULL, NULL, NULL, NULL, NULL, NULL, NULL, '2022-09-14 18:29:40.190074', 'QUESTION', NULL, '\n\n\n\n\n\n\n\n\n', NULL, NULL, '2022-09-14 00:00:00.000000', NULL, NULL, '2022-09-14 18:29:40.190074', 292, 288, NULL),
	(119, NULL, '', NULL, NULL, NULL, NULL, NULL, NULL, NULL, NULL, '2022-09-14 19:10:20.152784', 'QUESTION', NULL, '2022', NULL, NULL, '2022-09-13 00:00:00.000000', NULL, NULL, '2022-09-14 19:10:20.152784', 72, 48, NULL),
	(120, NULL, '', NULL, NULL, NULL, NULL, NULL, NULL, NULL, NULL, '2022-09-14 19:11:03.407053', 'QUESTION', NULL, '2022', NULL, NULL, '2022-09-13 00:00:00.000000', NULL, NULL, '2022-09-14 19:11:03.407053', 50, 48, NULL),
	(122, NULL, '', NULL, NULL, NULL, NULL, NULL, NULL, NULL, NULL, '2022-09-15 09:38:50.416301', 'QUESTION', NULL, '1\n2.', NULL, NULL, '2022-09-13 00:00:00.000000', NULL, NULL, '2022-09-15 09:38:50.416301', 29, 13, NULL),
	(123, NULL, '', NULL, NULL, NULL, NULL, NULL, NULL, NULL, NULL, '2022-09-15 09:39:58.890523', 'QUESTION', NULL, '1\n2.', NULL, NULL, '2022-09-09 00:00:00.000000', NULL, NULL, '2022-09-15 09:39:58.890523', 29, 13, NULL),
	(124, NULL, '', NULL, NULL, NULL, NULL, NULL, NULL, NULL, NULL, '2022-09-15 09:41:04.929104', 'QUESTION', NULL, '1\n2.', NULL, NULL, '2022-09-09 00:00:00.000000', NULL, NULL, '2022-09-15 09:41:04.929104', 29, 13, NULL),
	(125, NULL, '', NULL, NULL, NULL, NULL, NULL, NULL, NULL, NULL, '2022-09-15 09:42:22.433855', 'QUESTION', NULL, '1.\n2.', NULL, NULL, '2022-09-13 00:00:00.000000', NULL, NULL, '2022-09-15 09:42:22.433855', 29, 13, NULL),
	(126, NULL, '', NULL, NULL, NULL, NULL, NULL, NULL, NULL, NULL, '2022-09-15 11:28:25.876350', 'QUESTION', NULL, 'T', NULL, NULL, '2022-09-15 00:00:00.000000', NULL, NULL, '2022-09-15 11:28:25.876350', 31, 14, NULL),
	(127, NULL, '', NULL, NULL, NULL, NULL, NULL, NULL, NULL, NULL, '2022-09-15 11:30:50.909678', 'QUESTION', NULL, '', NULL, NULL, '2022-09-15 00:00:00.000000', NULL, NULL, '2022-09-15 11:30:50.909678', 31, 4, NULL),
	(128, NULL, '', '', '212', '', '', NULL, NULL, NULL, NULL, '2022-09-15 11:42:49.780242', 'TALKING', NULL, '1\n2\n3\n4\n', NULL, NULL, '2022-09-14 00:00:00.000000', NULL, NULL, '2022-09-15 11:42:49.780242', 98, 16, NULL),
	(129, NULL, '', NULL, NULL, NULL, NULL, NULL, NULL, NULL, NULL, '2022-09-15 13:59:13.608815', 'QUESTION', NULL, '1\n2\n3\n4\n', NULL, NULL, '2022-09-14 00:00:00.000000', NULL, NULL, '2022-09-15 13:59:13.608815', 98, 16, NULL),
	(130, NULL, '', '/', '', '', 'G524', '524', '', NULL, NULL, '2022-09-15 14:45:13.518000', 'CLUB', 4, '', '1 23 ', '', '2022-08-14 00:00:00.000000', NULL, NULL, '2022-09-16 17:02:06.954097', 323, NULL, NULL),
	(131, NULL, '', NULL, NULL, NULL, NULL, NULL, NULL, NULL, NULL, '2022-09-15 15:06:19.314128', 'QUESTION', NULL, '123456\n\n', NULL, NULL, '2022-09-11 00:00:00.000000', NULL, NULL, '2022-09-15 15:06:19.314128', 257, 255, NULL),
	(132, NULL, '', NULL, NULL, NULL, NULL, NULL, NULL, NULL, NULL, '2022-09-15 15:07:38.369519', 'QUESTION', NULL, '\n', NULL, NULL, '2022-09-11 00:00:00.000000', NULL, NULL, '2022-09-15 15:07:38.369519', 256, 255, NULL),
	(133, NULL, '', NULL, NULL, NULL, NULL, NULL, NULL, NULL, NULL, '2022-09-15 15:08:45.207292', 'QUESTION', NULL, '123456\n\n', NULL, NULL, '2022-09-11 00:00:00.000000', NULL, NULL, '2022-09-15 15:08:45.207292', 258, 255, NULL),
	(134, NULL, '', NULL, NULL, NULL, NULL, NULL, NULL, NULL, NULL, '2022-09-15 15:10:09.342363', 'QUESTION', NULL, '123\n\n', NULL, NULL, '2022-09-11 00:00:00.000000', NULL, NULL, '2022-09-15 15:10:09.342363', 259, 255, NULL),
	(135, NULL, '', NULL, NULL, NULL, NULL, NULL, NULL, NULL, NULL, '2022-09-15 15:11:02.005127', 'QUESTION', NULL, '1234\n\n', NULL, NULL, '2022-09-11 00:00:00.000000', NULL, NULL, '2022-09-15 15:11:02.005127', 260, 255, NULL),
	(136, NULL, '', NULL, NULL, NULL, NULL, NULL, NULL, NULL, NULL, '2022-09-15 15:18:18.571026', 'QUESTION', NULL, '', NULL, NULL, '2022-09-15 00:00:00.000000', NULL, NULL, '2022-09-15 15:18:18.571026', 274, 273, NULL),
	(137, NULL, '', NULL, NULL, NULL, NULL, NULL, NULL, NULL, NULL, '2022-09-15 15:19:59.046390', 'QUESTION', NULL, '', NULL, NULL, '2022-09-15 00:00:00.000000', NULL, NULL, '2022-09-15 15:19:59.046390', 275, 273, NULL),
	(138, NULL, '', NULL, NULL, NULL, NULL, NULL, NULL, NULL, NULL, '2022-09-15 15:21:05.222391', 'QUESTION', NULL, '', NULL, NULL, '2022-09-15 00:00:00.000000', NULL, NULL, '2022-09-15 15:21:05.222391', 277, 273, NULL),
	(139, NULL, '', NULL, NULL, NULL, NULL, NULL, NULL, NULL, NULL, '2022-09-15 15:21:37.586449', 'QUESTION', NULL, '', NULL, NULL, '2022-09-15 00:00:00.000000', NULL, NULL, '2022-09-15 15:21:37.586449', 278, 273, NULL),
	(140, NULL, '', NULL, NULL, NULL, NULL, NULL, NULL, NULL, NULL, '2022-09-15 15:23:30.139765', 'QUESTION', NULL, '', NULL, NULL, '2022-09-15 00:00:00.000000', NULL, NULL, '2022-09-15 15:23:30.139765', 276, 273, NULL),
	(141, NULL, '', NULL, NULL, NULL, NULL, NULL, NULL, NULL, NULL, '2022-09-15 15:29:55.836640', 'QUESTION', NULL, '', NULL, NULL, '2022-09-14 00:00:00.000000', NULL, NULL, '2022-09-15 15:29:55.836640', 176, 172, NULL),
	(142, NULL, '', NULL, NULL, NULL, NULL, NULL, NULL, NULL, NULL, '2022-09-15 15:38:03.447860', 'QUESTION', NULL, '1.2.3.4.5.\n', NULL, NULL, '2022-09-14 00:00:00.000000', NULL, NULL, '2022-09-15 15:38:03.447860', 173, 172, NULL),
	(144, NULL, '', NULL, NULL, NULL, NULL, NULL, NULL, NULL, NULL, '2022-09-15 15:52:07.865711', 'QUESTION', NULL, '(1)::\n(2) (3):;', NULL, NULL, '2022-09-14 00:00:00.000000', NULL, NULL, '2022-09-15 15:52:07.865711', 174, 172, NULL),
	(146, NULL, '', NULL, NULL, NULL, NULL, NULL, NULL, NULL, NULL, '2022-09-15 16:10:25.315352', 'QUESTION', NULL, '2022', NULL, NULL, '2022-09-12 00:00:00.000000', NULL, NULL, '2022-09-15 16:10:25.315352', 281, 279, NULL),
	(147, NULL, '', NULL, NULL, NULL, NULL, NULL, NULL, NULL, NULL, '2022-09-15 16:11:50.873431', 'QUESTION', NULL, '2022', NULL, NULL, '2022-09-12 00:00:00.000000', NULL, NULL, '2022-09-15 16:11:50.873431', 282, 279, NULL),
	(148, NULL, '', NULL, NULL, NULL, NULL, NULL, NULL, NULL, NULL, '2022-09-15 16:14:09.260052', 'QUESTION', NULL, '2022', NULL, NULL, '2022-09-12 00:00:00.000000', NULL, NULL, '2022-09-15 16:14:09.260052', 344, 279, NULL),
	(149, NULL, '', NULL, NULL, NULL, NULL, NULL, NULL, NULL, NULL, '2022-09-15 16:15:16.719806', 'QUESTION', NULL, '2022', NULL, NULL, '2022-09-12 00:00:00.000000', NULL, NULL, '2022-09-15 16:15:16.719806', 345, 279, NULL),
	(150, NULL, '', NULL, NULL, NULL, NULL, NULL, NULL, NULL, NULL, '2022-09-15 16:16:17.789257', 'QUESTION', NULL, '2022', NULL, NULL, '2022-09-12 00:00:00.000000', NULL, NULL, '2022-09-15 16:16:17.789257', 226, 279, NULL),
	(151, NULL, '', NULL, NULL, NULL, NULL, NULL, NULL, NULL, NULL, '2022-09-15 16:23:22.399994', 'QUESTION', NULL, '\n     \n\n   ', NULL, NULL, '2022-09-14 00:00:00.000000', NULL, NULL, '2022-09-15 16:23:22.399994', 102, 98, NULL),
	(152, NULL, '', NULL, NULL, NULL, NULL, NULL, NULL, NULL, NULL, '2022-09-15 16:24:36.437118', 'QUESTION', NULL, '1\n2\n3 \n4', NULL, NULL, '2022-09-14 00:00:00.000000', NULL, NULL, '2022-09-15 16:24:36.437118', 110, 98, NULL),
	(153, NULL, '', NULL, NULL, NULL, NULL, NULL, NULL, NULL, NULL, '2022-09-15 16:26:24.604771', 'QUESTION', NULL, '\n  \n\n  ', NULL, NULL, '2022-09-14 00:00:00.000000', NULL, NULL, '2022-09-15 16:26:24.604771', 101, 98, NULL),
	(154, NULL, '', NULL, NULL, NULL, NULL, NULL, NULL, NULL, NULL, '2022-09-15 16:48:09.871336', 'QUESTION', NULL, '\n\n', NULL, NULL, '2022-09-14 00:00:00.000000', NULL, NULL, '2022-09-15 16:48:09.871336', 99, 98, NULL),
	(155, NULL, '', NULL, NULL, NULL, NULL, NULL, NULL, NULL, NULL, '2022-09-15 17:03:21.065546', 'QUESTION', NULL, '\n    \n\n    \n\n    \n\n    ', NULL, NULL, '2022-09-14 00:00:00.000000', NULL, NULL, '2022-09-15 17:03:21.065546', 302, 301, NULL),
	(156, NULL, '', NULL, NULL, NULL, NULL, NULL, NULL, NULL, NULL, '2022-09-15 17:04:31.774205', 'QUESTION', NULL, '\n\n\n\n    \n\n    ', NULL, NULL, '2022-09-14 00:00:00.000000', NULL, NULL, '2022-09-15 17:04:31.774205', 303, 301, NULL),
	(157, NULL, '', NULL, NULL, NULL, NULL, NULL, NULL, NULL, NULL, '2022-09-15 17:05:39.062081', 'QUESTION', NULL, '\n    \n\n    \n\n    \n\n    .', NULL, NULL, '2022-09-14 00:00:00.000000', NULL, NULL, '2022-09-15 17:05:39.062081', 304, 301, NULL),
	(158, NULL, '', NULL, NULL, NULL, NULL, NULL, NULL, NULL, NULL, '2022-09-15 17:12:30.658864', 'QUESTION', NULL, '', NULL, NULL, '2022-09-15 00:00:00.000000', NULL, NULL, '2022-09-15 17:12:30.658864', 172, 20, NULL),
	(159, NULL, '', '/', '524	', '	', 'G524', '', '', NULL, NULL, '2022-09-16 15:37:42.617000', 'CLUB', 4, '1 2 3abc\n', '1 2 3	', '', '2022-08-17 00:00:00.000000', NULL, NULL, '2022-09-16 17:04:19.548710', 329, NULL, NULL),
	(160, NULL, '', NULL, NULL, NULL, NULL, NULL, NULL, NULL, NULL, '2022-09-19 15:46:16.323749', 'QUESTION', NULL, '', NULL, NULL, '2022-09-13 00:00:00.000000', NULL, NULL, '2022-09-19 15:46:16.323749', 3, 2, NULL),
	(161, NULL, '', NULL, NULL, NULL, NULL, NULL, NULL, NULL, NULL, '2022-09-19 15:48:45.398191', 'QUESTION', NULL, '', NULL, NULL, '2022-09-14 00:00:00.000000', NULL, NULL, '2022-09-19 15:48:45.398191', 4, 2, NULL),
	(162, NULL, '', NULL, NULL, NULL, NULL, NULL, NULL, NULL, NULL, '2022-09-19 15:49:30.494372', 'QUESTION', NULL, '', NULL, NULL, '2022-09-13 00:00:00.000000', NULL, NULL, '2022-09-19 15:49:30.494372', 5, 2, NULL),
	(163, NULL, '', NULL, NULL, NULL, NULL, NULL, NULL, NULL, NULL, '2022-09-19 15:50:15.358366', 'QUESTION', NULL, '', NULL, NULL, '2022-09-13 00:00:00.000000', NULL, NULL, '2022-09-19 15:50:15.358366', 6, 2, NULL),
	(164, NULL, '', NULL, NULL, NULL, NULL, NULL, NULL, NULL, NULL, '2022-09-19 15:50:54.909448', 'QUESTION', NULL, '', NULL, NULL, '2022-09-13 00:00:00.000000', NULL, NULL, '2022-09-19 15:50:54.909448', 7, 2, NULL),
	(165, NULL, '', NULL, NULL, NULL, NULL, NULL, NULL, NULL, NULL, '2022-09-19 15:51:34.632764', 'QUESTION', NULL, '', NULL, NULL, '2022-09-13 00:00:00.000000', NULL, NULL, '2022-09-19 15:51:34.632764', 8, 2, NULL),
	(166, NULL, '', NULL, NULL, NULL, NULL, NULL, NULL, NULL, NULL, '2022-09-19 15:52:41.091305', 'QUESTION', NULL, '\n', NULL, NULL, '2022-09-13 00:00:00.000000', NULL, NULL, '2022-09-19 15:52:41.091305', 9, 2, NULL),
	(167, NULL, '', NULL, NULL, NULL, NULL, NULL, NULL, NULL, NULL, '2022-09-19 15:53:31.127125', 'QUESTION', NULL, '', NULL, NULL, '2022-09-13 00:00:00.000000', NULL, NULL, '2022-09-19 15:53:31.127125', 10, 2, NULL),
	(168, NULL, '', NULL, NULL, NULL, NULL, NULL, NULL, NULL, NULL, '2022-09-19 15:54:41.773878', 'QUESTION', NULL, '\n', NULL, NULL, '2022-09-14 00:00:00.000000', NULL, NULL, '2022-09-19 15:54:41.773878', 11, 2, NULL),
	(169, NULL, '', NULL, NULL, NULL, NULL, NULL, NULL, NULL, NULL, '2022-09-19 15:55:40.590968', 'QUESTION', NULL, '\n', NULL, NULL, '2022-09-13 00:00:00.000000', NULL, NULL, '2022-09-19 15:55:40.590968', 12, 2, NULL),
	(170, NULL, '', NULL, NULL, NULL, NULL, NULL, NULL, NULL, NULL, '2022-09-19 15:56:29.722957', 'QUESTION', NULL, '\n', NULL, NULL, '2022-09-13 00:00:00.000000', NULL, NULL, '2022-09-19 15:56:29.722957', 13, 2, NULL),
	(171, NULL, '', NULL, NULL, NULL, NULL, NULL, NULL, NULL, NULL, '2022-09-19 16:32:26.721166', 'QUESTION', NULL, '', NULL, NULL, '2022-09-13 00:00:00.000000', NULL, NULL, '2022-09-19 16:32:26.721166', 14, 2, NULL),
	(172, NULL, '', NULL, NULL, NULL, NULL, NULL, NULL, NULL, NULL, '2022-09-19 16:33:20.567440', 'QUESTION', NULL, '', NULL, NULL, '2022-09-13 00:00:00.000000', NULL, NULL, '2022-09-19 16:33:20.567440', 15, 2, NULL),
	(173, NULL, '', NULL, NULL, NULL, NULL, NULL, NULL, NULL, NULL, '2022-09-19 16:34:14.508941', 'QUESTION', NULL, '\n', NULL, NULL, '2022-09-15 00:00:00.000000', NULL, NULL, '2022-09-19 16:34:14.508941', 16, 2, NULL),
	(174, NULL, '', NULL, NULL, NULL, NULL, NULL, NULL, NULL, NULL, '2022-09-19 16:35:03.697986', 'QUESTION', NULL, '', NULL, NULL, '2022-09-13 00:00:00.000000', NULL, NULL, '2022-09-19 16:35:03.697986', 17, 2, NULL),
	(175, NULL, '', NULL, NULL, NULL, NULL, NULL, NULL, NULL, NULL, '2022-09-19 16:35:50.888207', 'QUESTION', NULL, '', NULL, NULL, '2022-09-13 00:00:00.000000', NULL, NULL, '2022-09-19 16:35:50.888207', 18, 2, NULL),
	(176, NULL, '', NULL, NULL, NULL, NULL, NULL, NULL, NULL, NULL, '2022-09-19 16:36:42.656743', 'QUESTION', NULL, '\n', NULL, NULL, '2022-09-13 00:00:00.000000', NULL, NULL, '2022-09-19 16:36:42.656743', 19, 2, NULL),
	(177, NULL, '', NULL, NULL, NULL, NULL, NULL, NULL, NULL, NULL, '2022-09-19 16:37:48.004559', 'QUESTION', NULL, '', NULL, NULL, '2022-09-13 00:00:00.000000', NULL, NULL, '2022-09-19 16:37:48.004559', 20, 2, NULL),
	(178, NULL, '', NULL, NULL, NULL, NULL, NULL, NULL, NULL, NULL, '2022-09-19 16:38:35.335354', 'QUESTION', NULL, '', NULL, NULL, '2022-09-13 00:00:00.000000', NULL, NULL, '2022-09-19 16:38:35.335354', 21, 2, NULL),
	(179, NULL, '', NULL, NULL, NULL, NULL, NULL, NULL, NULL, NULL, '2022-09-19 16:39:47.808114', 'QUESTION', NULL, '', NULL, NULL, '2022-09-13 00:00:00.000000', NULL, NULL, '2022-09-19 16:39:47.808114', 242, 2, NULL),
	(180, NULL, '', NULL, NULL, NULL, NULL, NULL, NULL, NULL, NULL, '2022-09-19 16:40:32.294548', 'QUESTION', NULL, '\n', NULL, NULL, '2022-09-13 00:00:00.000000', NULL, NULL, '2022-09-19 16:40:32.294548', 250, 2, NULL),
	(181, NULL, '', NULL, NULL, NULL, NULL, NULL, NULL, NULL, NULL, '2022-09-19 16:41:25.999932', 'QUESTION', NULL, '', NULL, NULL, '2022-09-13 00:00:00.000000', NULL, NULL, '2022-09-19 16:41:25.999932', 255, 2, NULL),
	(182, NULL, '', NULL, NULL, NULL, NULL, NULL, NULL, NULL, NULL, '2022-09-19 16:42:30.504405', 'QUESTION', NULL, '', NULL, NULL, '2022-09-13 00:00:00.000000', NULL, NULL, '2022-09-19 16:42:30.504405', 261, 2, NULL),
	(183, NULL, '', NULL, NULL, NULL, NULL, NULL, NULL, NULL, NULL, '2022-09-19 16:43:11.476056', 'QUESTION', NULL, '\n', NULL, NULL, '2022-09-13 00:00:00.000000', NULL, NULL, '2022-09-19 16:43:11.476056', 267, 2, NULL),
	(184, NULL, '', NULL, NULL, NULL, NULL, NULL, NULL, NULL, NULL, '2022-09-19 16:43:58.821274', 'QUESTION', NULL, '', NULL, NULL, '2022-09-13 00:00:00.000000', NULL, NULL, '2022-09-19 16:43:58.821274', 273, 2, NULL),
	(185, NULL, '', NULL, NULL, NULL, NULL, NULL, NULL, NULL, NULL, '2022-09-19 16:44:55.012636', 'QUESTION', NULL, '', NULL, NULL, '2022-09-13 00:00:00.000000', NULL, NULL, '2022-09-19 16:44:55.012636', 279, 2, NULL),
	(186, NULL, '', NULL, NULL, NULL, NULL, NULL, NULL, NULL, NULL, '2022-09-19 16:45:33.109598', 'QUESTION', NULL, '\nG524', NULL, NULL, '2022-09-13 00:00:00.000000', NULL, NULL, '2022-09-19 16:45:33.109598', 283, 2, NULL),
	(187, NULL, '', NULL, NULL, NULL, NULL, NULL, NULL, NULL, NULL, '2022-09-19 16:46:12.659912', 'QUESTION', NULL, 'G524', NULL, NULL, '2022-09-13 00:00:00.000000', NULL, NULL, '2022-09-19 16:46:12.659912', 288, 2, NULL),
	(188, NULL, '', NULL, NULL, NULL, NULL, NULL, NULL, NULL, NULL, '2022-09-19 16:46:57.133912', 'QUESTION', NULL, '', NULL, NULL, '2022-09-13 00:00:00.000000', NULL, NULL, '2022-09-19 16:46:57.133912', 293, 2, NULL),
	(189, NULL, '', NULL, NULL, NULL, NULL, NULL, NULL, NULL, NULL, '2022-09-19 16:47:33.684748', 'QUESTION', NULL, '\n', NULL, NULL, '2022-09-13 00:00:00.000000', NULL, NULL, '2022-09-19 16:47:33.684748', 301, 2, NULL),
	(190, NULL, '', NULL, NULL, NULL, NULL, NULL, NULL, NULL, NULL, '2022-09-21 14:30:45.575103', 'QUESTION', NULL, '', NULL, NULL, '2022-09-20 00:00:00.000000', NULL, NULL, '2022-09-21 14:30:45.575103', 268, 267, NULL),
	(191, NULL, '', NULL, NULL, NULL, NULL, NULL, NULL, NULL, NULL, '2022-09-22 10:21:38.743830', 'QUESTION', NULL, '', NULL, NULL, '2022-09-20 00:00:00.000000', NULL, NULL, '2022-09-22 10:21:38.743830', 269, 267, NULL),
	(196, NULL, '', NULL, NULL, NULL, NULL, NULL, NULL, NULL, NULL, '2022-09-22 15:10:46.098365', 'QUESTION', NULL, '', NULL, NULL, '2022-09-20 00:00:00.000000', NULL, NULL, '2022-09-22 15:10:46.098365', 271, 267, NULL),
	(197, NULL, '', NULL, NULL, NULL, NULL, NULL, NULL, NULL, NULL, '2022-09-26 11:01:27.487005', 'QUESTION', NULL, '', NULL, NULL, '2022-09-14 00:00:00.000000', NULL, NULL, '2022-09-26 11:01:27.487005', 48, 6, NULL),
	(198, NULL, '', NULL, NULL, NULL, NULL, NULL, NULL, NULL, NULL, '2022-09-26 11:02:47.526552', 'QUESTION', NULL, '', NULL, NULL, '2022-09-14 00:00:00.000000', NULL, NULL, '2022-09-26 11:02:47.526552', 202, 6, NULL),
	(199, NULL, '', NULL, NULL, NULL, NULL, NULL, NULL, NULL, NULL, '2022-09-26 11:04:00.004475', 'QUESTION', NULL, '', NULL, NULL, '2022-09-14 00:00:00.000000', NULL, NULL, '2022-09-26 11:04:00.004475', 215, 6, NULL),
	(200, NULL, '', NULL, NULL, NULL, NULL, NULL, NULL, NULL, NULL, '2022-09-26 11:04:54.839647', 'QUESTION', NULL, '', NULL, NULL, '2022-09-14 00:00:00.000000', NULL, NULL, '2022-09-26 11:04:54.839647', 49, 6, NULL),
	(201, NULL, '', NULL, NULL, NULL, NULL, NULL, NULL, NULL, NULL, '2022-09-26 13:42:27.329406', 'QUESTION', NULL, '1\n2\n3\n', NULL, NULL, '2022-09-02 00:00:00.000000', NULL, NULL, '2022-09-26 13:42:27.329406', 116, 17, NULL),
	(202, NULL, '', NULL, NULL, NULL, NULL, NULL, NULL, NULL, NULL, '2022-09-26 14:13:02.441495', 'QUESTION', NULL, '1\n2\n', NULL, NULL, '2022-09-04 00:00:00.000000', NULL, NULL, '2022-09-26 14:13:02.441495', 30, 5, NULL),
	(203, NULL, '', NULL, NULL, NULL, NULL, NULL, NULL, NULL, NULL, '2022-09-26 14:35:12.646051', 'QUESTION', NULL, '', NULL, NULL, '2022-09-20 00:00:00.000000', NULL, NULL, '2022-09-26 14:35:12.646051', 270, 267, NULL),
	(204, NULL, '', NULL, NULL, NULL, NULL, NULL, NULL, NULL, NULL, '2022-09-26 16:34:15.150579', 'QUESTION', NULL, '12345', NULL, NULL, '2022-09-14 00:00:00.000000', NULL, NULL, '2022-09-26 16:34:15.150579', 215, 12, NULL),
	(205, NULL, '', NULL, NULL, NULL, NULL, NULL, NULL, NULL, NULL, '2022-09-26 16:44:57.277877', 'QUESTION', NULL, '', NULL, NULL, '2022-09-15 00:00:00.000000', NULL, NULL, '2022-09-26 16:44:57.277877', 172, 18, NULL),
	(206, NULL, '', NULL, NULL, NULL, NULL, NULL, NULL, NULL, NULL, '2022-09-26 16:45:59.444448', 'QUESTION', NULL, '\n', NULL, NULL, '2022-09-15 00:00:00.000000', NULL, NULL, '2022-09-26 16:45:59.444448', 173, 18, NULL),
	(207, NULL, '2022', '', NULL, NULL, NULL, NULL, NULL, NULL, NULL, '2022-09-26 16:47:08.401828', 'THREE', 1, '20227', NULL, NULL, NULL, NULL, NULL, '2022-09-26 16:47:08.401828', 12, NULL, NULL),
	(208, NULL, '', NULL, NULL, NULL, NULL, NULL, NULL, NULL, NULL, '2022-09-26 19:43:08.323861', 'QUESTION', NULL, '', NULL, NULL, '2022-09-12 00:00:00.000000', NULL, NULL, '2022-09-26 19:43:08.323861', 236, 17, NULL),
	(213, NULL, '2022-09', '', '', '', NULL, NULL, NULL, NULL, NULL, '2022-09-30 08:34:21.813283', 'LEARNING', NULL, '7 9 47', NULL, NULL, NULL, NULL, NULL, '2022-09-30 08:34:21.813283', 1, NULL, NULL),
	(214, NULL, '', '', NULL, NULL, NULL, NULL, NULL, NULL, NULL, '2022-09-30 11:20:20.308649', 'DISPOSAL', NULL, '20227KTV', NULL, NULL, '2022-09-28 00:00:00.000000', '2022-09-28 00:00:00.000000', NULL, '2022-09-30 11:20:20.308649', 11, 11, 223),
	(215, NULL, '', '', NULL, NULL, NULL, NULL, NULL, NULL, NULL, '2022-09-30 11:33:22.496965', 'DISPOSAL', NULL, '20227KTV', NULL, NULL, '2022-09-28 00:00:00.000000', '2022-09-28 00:00:00.000000', NULL, '2022-09-30 11:33:22.496965', 11, 11, 231),
	(216, NULL, '', '', NULL, NULL, NULL, NULL, NULL, NULL, NULL, '2022-09-30 11:37:37.039734', 'DISPOSAL', NULL, '20227KTV', NULL, NULL, '2022-09-28 00:00:00.000000', '2022-09-28 00:00:00.000000', NULL, '2022-09-30 11:37:37.039734', 11, 11, 222),
	(217, NULL, '', '', NULL, NULL, NULL, NULL, NULL, NULL, NULL, '2022-09-30 14:00:15.085139', 'DISPOSAL', NULL, '20227KTV', NULL, NULL, '2022-09-28 00:00:00.000000', '2022-09-28 00:00:00.000000', NULL, '2022-09-30 14:00:15.085139', 215, 12, 222),
	(218, NULL, '', '', NULL, NULL, NULL, NULL, NULL, NULL, NULL, '2022-09-30 14:02:36.967930', 'DISPOSAL', NULL, '20227KTV', NULL, NULL, '2022-09-28 00:00:00.000000', '2022-09-28 00:00:00.000000', NULL, '2022-09-30 14:02:36.967930', 215, 11, 223),
	(219, NULL, '', '', NULL, NULL, NULL, NULL, NULL, NULL, NULL, '2022-09-30 14:04:32.517939', 'DISPOSAL', NULL, '20227KTV', NULL, NULL, '2022-09-28 00:00:00.000000', '2022-09-28 00:00:00.000000', NULL, '2022-09-30 14:04:32.517939', 215, 11, 231),
	(223, NULL, '', NULL, NULL, NULL, NULL, NULL, NULL, NULL, NULL, '2022-10-08 15:07:07.069910', 'QUESTION', NULL, '', NULL, NULL, '2022-09-26 00:00:00.000000', NULL, NULL, '2022-10-08 15:07:07.069910', 272, 267, NULL),
	(224, NULL, '2022-09', '', '', '', NULL, NULL, NULL, NULL, NULL, '2022-10-10 09:21:46.315685', 'LEARNING', NULL, '123', NULL, NULL, NULL, NULL, NULL, '2022-10-10 09:21:46.315685', 308, NULL, NULL),
	(225, NULL, '', NULL, NULL, NULL, NULL, NULL, NULL, NULL, NULL, '2022-10-10 10:02:35.141359', 'QUESTION', NULL, '', NULL, NULL, '2022-09-12 00:00:00.000000', NULL, NULL, '2022-10-10 10:02:35.141359', 31, 10, NULL),
	(226, NULL, '', NULL, NULL, NULL, NULL, NULL, NULL, NULL, NULL, '2022-10-10 10:08:20.860120', 'QUESTION', NULL, '', NULL, NULL, '2022-09-12 00:00:00.000000', NULL, NULL, '2022-10-10 10:08:20.860120', 172, 10, NULL),
	(227, NULL, '2022-08', '', '2022 ', '', NULL, NULL, NULL, NULL, NULL, '2022-10-10 13:56:52.667583', 'LEARNING', NULL, ' ', NULL, NULL, NULL, NULL, NULL, '2022-10-10 13:56:52.667583', 327, NULL, NULL),
	(228, NULL, '2022-09', '', '2022', '', NULL, NULL, NULL, NULL, NULL, '2022-10-10 13:58:45.284082', 'LEARNING', NULL, '2022', NULL, NULL, NULL, NULL, NULL, '2022-10-10 13:58:45.284082', 327, NULL, NULL),
	(229, NULL, '2022-10', '', '', '', NULL, NULL, NULL, NULL, NULL, '2022-10-10 14:04:50.352470', 'LEARNING', NULL, '109\n\n\n\n1382\n22425\n3\n4\n523\n6\n7\n\n1\n2\n38162415\n4241031\n5\n\n\n524\n624224224241\n7302487100%\n8', NULL, NULL, NULL, NULL, NULL, '2022-10-10 14:04:50.352470', 327, NULL, NULL),
	(230, NULL, '2022-10', '', '', '', NULL, NULL, NULL, NULL, NULL, '2022-10-10 14:07:06.716550', 'LEARNING', NULL, '1\n2', NULL, NULL, NULL, NULL, NULL, '2022-10-10 14:07:06.716550', 310, NULL, NULL),
	(232, NULL, '2022-08', '', ' ', '', NULL, NULL, NULL, NULL, NULL, '2022-10-11 14:41:40.977816', 'LEARNING', NULL, '', NULL, NULL, NULL, NULL, NULL, '2022-10-11 14:41:40.977816', 343, NULL, NULL),
	(233, NULL, '2022-09', '', '  ', '', NULL, NULL, NULL, NULL, NULL, '2022-10-11 14:46:42.180688', 'LEARNING', NULL, '  ', NULL, NULL, NULL, NULL, NULL, '2022-10-11 14:46:42.180688', 343, NULL, NULL),
	(234, NULL, '2022-08', '', ' ', '', NULL, NULL, NULL, NULL, NULL, '2022-10-11 15:10:40.949181', 'LEARNING', NULL, '', NULL, NULL, NULL, NULL, NULL, '2022-10-11 15:10:40.949181', 343, NULL, NULL),
	(235, NULL, '2022-09', '', '', '', NULL, NULL, NULL, NULL, NULL, '2022-10-11 15:20:00.188795', 'LEARNING', NULL, '', NULL, NULL, NULL, NULL, NULL, '2022-10-11 15:20:00.188795', 343, NULL, NULL),
	(236, NULL, '', '', NULL, NULL, NULL, NULL, NULL, NULL, NULL, '2022-10-11 15:52:13.169671', 'THREE', 1, '', NULL, NULL, NULL, NULL, NULL, '2022-10-11 15:52:13.169671', 5, NULL, NULL),
	(237, NULL, '', '', NULL, NULL, NULL, NULL, NULL, NULL, NULL, '2022-10-11 15:53:45.725201', 'THREE', 1, '', NULL, NULL, NULL, NULL, NULL, '2022-10-11 15:53:45.725201', 5, NULL, NULL),
	(238, NULL, '', '', NULL, NULL, NULL, NULL, NULL, NULL, NULL, '2022-10-11 15:55:27.369468', 'THREE', 1, '', NULL, NULL, NULL, NULL, NULL, '2022-10-11 15:55:27.369468', 5, NULL, NULL),
	(239, NULL, '2022-08', '', '2022', '', NULL, NULL, NULL, NULL, NULL, '2022-10-12 08:50:44.642961', 'LEARNING', NULL, '2022', NULL, NULL, NULL, NULL, NULL, '2022-10-12 08:50:44.642961', 320, NULL, NULL),
	(240, NULL, '2022-09', '', '2022', '', NULL, NULL, NULL, NULL, NULL, '2022-10-12 09:00:59.931910', 'LEARNING', NULL, '2022', NULL, NULL, NULL, NULL, NULL, '2022-10-12 09:00:59.931910', 320, NULL, NULL),
	(241, NULL, '2022-10', '', '', '', NULL, NULL, NULL, NULL, NULL, '2022-10-12 09:18:01.782929', 'LEARNING', NULL, '5', NULL, NULL, NULL, NULL, NULL, '2022-10-12 09:18:01.782929', 320, NULL, NULL),
	(242, NULL, '', '', '', '', '', NULL, NULL, NULL, NULL, '2022-10-12 10:12:20.930066', 'TALKING', NULL, '', NULL, NULL, '2022-10-11 00:00:00.000000', NULL, NULL, '2022-10-12 10:12:20.930066', 172, 5, NULL),
	(243, NULL, '2022-08', '', '', '', NULL, NULL, NULL, NULL, NULL, '2022-10-12 10:54:01.551726', 'LEARNING', NULL, '', NULL, NULL, NULL, NULL, NULL, '2022-10-12 10:54:01.551726', 318, NULL, NULL),
	(244, NULL, '2022-09', '', '', '', NULL, NULL, NULL, NULL, NULL, '2022-10-12 10:55:37.540651', 'LEARNING', NULL, '', NULL, NULL, NULL, NULL, NULL, '2022-10-12 10:55:37.540651', 318, NULL, NULL),
	(245, NULL, '2022-10', '', '', '', NULL, NULL, NULL, NULL, NULL, '2022-10-12 10:59:04.165402', 'LEARNING', NULL, '', NULL, NULL, NULL, NULL, NULL, '2022-10-12 10:59:04.165402', 318, NULL, NULL),
	(247, NULL, '', '', '', '', '', NULL, NULL, NULL, NULL, '2022-10-13 13:42:49.151275', 'TALKING', NULL, '"\n', NULL, NULL, '2022-03-01 00:00:00.000000', NULL, NULL, '2022-10-13 13:42:49.151275', 277, 273, NULL),
	(248, NULL, '', '', NULL, NULL, NULL, NULL, NULL, NULL, NULL, '2022-10-13 13:53:54.297018', 'THREE', 1, '', NULL, NULL, NULL, NULL, NULL, '2022-10-13 13:53:54.297018', 10, NULL, NULL),
	(249, NULL, '', '', NULL, NULL, NULL, NULL, NULL, NULL, NULL, '2022-10-13 13:57:56.483641', 'THREE', 1, '', NULL, NULL, NULL, NULL, NULL, '2022-10-13 13:57:56.483641', 10, NULL, NULL),
	(250, NULL, '', '', NULL, NULL, NULL, NULL, NULL, NULL, NULL, '2022-10-13 14:56:13.351162', 'THREE', 1, '', NULL, NULL, NULL, NULL, NULL, '2022-10-13 14:56:13.351162', 20, NULL, NULL),
	(251, NULL, '', '', '', '', '', NULL, NULL, NULL, NULL, '2022-10-13 16:31:56.440641', 'TALKING', NULL, '1\n2\n3\n', NULL, NULL, '2022-10-13 00:00:00.000000', NULL, NULL, '2022-10-13 16:31:56.440641', 283, 7, NULL),
	(252, NULL, '', '', '', '', '', NULL, NULL, NULL, NULL, '2022-10-13 16:33:35.557492', 'TALKING', NULL, '1\n2\n3', NULL, NULL, '2022-10-13 00:00:00.000000', NULL, NULL, '2022-10-13 16:33:35.557492', 293, 7, NULL),
	(253, NULL, '2022-10', '', '', '', NULL, NULL, NULL, NULL, NULL, '2022-10-14 09:07:52.244575', 'LEARNING', NULL, '    ', NULL, NULL, NULL, NULL, NULL, '2022-10-14 09:07:52.244575', 317, NULL, NULL),
	(254, NULL, '2022-10', '', '', '', NULL, NULL, NULL, NULL, NULL, '2022-10-14 09:16:41.840764', 'LEARNING', NULL, '\n\n1  \n2  \n3', NULL, NULL, NULL, NULL, NULL, '2022-10-14 09:16:41.840764', 330, NULL, NULL),
	(255, NULL, '2022-08', '', '', '', NULL, NULL, NULL, NULL, NULL, '2022-10-14 09:21:32.029883', 'LEARNING', NULL, '1990', NULL, NULL, NULL, NULL, NULL, '2022-10-14 09:21:32.029883', 317, NULL, NULL),
	(256, NULL, '2022-08', '', '', '', NULL, NULL, NULL, NULL, NULL, '2022-10-14 09:38:08.902377', 'LEARNING', NULL, '\n', NULL, NULL, NULL, NULL, NULL, '2022-10-14 09:38:08.902377', 306, NULL, NULL),
	(257, NULL, '2022-09', '', '', '', NULL, NULL, NULL, NULL, NULL, '2022-10-14 09:38:26.980968', 'LEARNING', NULL, '', NULL, NULL, NULL, NULL, NULL, '2022-10-14 09:38:26.980968', 317, NULL, NULL),
	(258, NULL, '2022-08', '301', '', '', NULL, NULL, NULL, NULL, NULL, '2022-10-14 09:47:15.565590', 'LEARNING', NULL, '', NULL, NULL, NULL, NULL, NULL, '2022-10-14 09:47:15.565590', 305, NULL, NULL),
	(259, NULL, '2022-09', '315', '', '', NULL, NULL, NULL, NULL, NULL, '2022-10-14 09:51:33.902881', 'LEARNING', NULL, '', NULL, NULL, NULL, NULL, NULL, '2022-10-14 09:51:33.902881', 305, NULL, NULL),
	(260, NULL, '2022-08', '315', '', '', NULL, NULL, NULL, NULL, NULL, '2022-10-14 10:01:04.522540', 'LEARNING', NULL, '', NULL, NULL, NULL, NULL, NULL, '2022-10-14 10:01:04.522540', 305, NULL, NULL),
	(261, NULL, '2022-09', '315', '', '', NULL, NULL, NULL, NULL, NULL, '2022-10-14 10:05:59.601126', 'LEARNING', NULL, '', NULL, NULL, NULL, NULL, NULL, '2022-10-14 10:05:59.601126', 305, NULL, NULL),
	(262, NULL, '2022-09', '', '', '', NULL, NULL, NULL, NULL, NULL, '2022-10-14 10:17:46.243954', 'LEARNING', NULL, '\n\n1201620215 134831202112\n220211240202112\n32017611 3000 20223 \n', NULL, NULL, NULL, NULL, NULL, '2022-10-14 10:17:46.243954', 306, NULL, NULL),
	(263, NULL, '2022-08', '', '', '', NULL, NULL, NULL, NULL, NULL, '2022-10-14 14:12:14.797858', 'LEARNING', NULL, '\n\n', NULL, NULL, NULL, NULL, NULL, '2022-10-14 14:12:14.797858', 315, NULL, NULL),
	(264, NULL, '2022-09', '', '', '', NULL, NULL, NULL, NULL, NULL, '2022-10-14 14:14:15.164272', 'LEARNING', NULL, '', NULL, NULL, NULL, NULL, NULL, '2022-10-14 14:14:15.164272', 315, NULL, NULL),
	(265, NULL, '2022-10', '', '', '', NULL, NULL, NULL, NULL, NULL, '2022-10-14 14:19:39.333604', 'LEARNING', NULL, '', NULL, NULL, NULL, NULL, NULL, '2022-10-14 14:19:39.333604', 315, NULL, NULL),
	(266, NULL, '2022-08', '', '', '', NULL, NULL, NULL, NULL, NULL, '2022-10-14 14:43:03.876097', 'LEARNING', NULL, '  ', NULL, NULL, NULL, NULL, NULL, '2022-10-14 14:43:03.876097', 315, NULL, NULL),
	(267, NULL, '2022-09', '', '', '', NULL, NULL, NULL, NULL, NULL, '2022-10-14 14:43:47.957354', 'LEARNING', NULL, '', NULL, NULL, NULL, NULL, NULL, '2022-10-14 14:43:47.957354', 315, NULL, NULL),
	(268, NULL, '2022-08', '', '', '', NULL, NULL, NULL, NULL, NULL, '2022-10-14 15:44:58.754701', 'LEARNING', NULL, '', NULL, NULL, NULL, NULL, NULL, '2022-10-14 15:44:58.754701', 319, NULL, NULL),
	(269, NULL, '2022-10', '315', '2022', '', NULL, NULL, NULL, NULL, NULL, '2022-10-14 15:58:36.790448', 'LEARNING', NULL, '2022', NULL, NULL, NULL, NULL, NULL, '2022-10-14 15:58:36.790448', 305, NULL, NULL),
	(270, NULL, '2022-09', '', '', '', NULL, NULL, NULL, NULL, NULL, '2022-10-14 16:04:42.484723', 'LEARNING', NULL, '\n\n20148182017929\n', NULL, NULL, NULL, NULL, NULL, '2022-10-14 16:04:42.484723', 319, NULL, NULL),
	(271, NULL, '2022-08', '', '2022', '', NULL, NULL, NULL, NULL, NULL, '2022-10-15 09:43:48.841622', 'LEARNING', NULL, ' ', NULL, NULL, NULL, NULL, NULL, '2022-10-15 09:43:48.841622', 309, NULL, NULL),
	(272, NULL, '2022-09', '', '', '', NULL, NULL, NULL, NULL, NULL, '2022-10-15 09:48:17.509499', 'LEARNING', NULL, '', NULL, NULL, NULL, NULL, NULL, '2022-10-15 09:48:17.509499', 309, NULL, NULL),
	(273, NULL, '2022-08', '', '2022', '', NULL, NULL, NULL, NULL, NULL, '2022-10-15 09:53:48.461369', 'LEARNING', NULL, '2022', NULL, NULL, NULL, NULL, NULL, '2022-10-15 09:53:48.461369', 312, NULL, NULL),
	(274, NULL, '2022-10', '', '', '', NULL, NULL, NULL, NULL, NULL, '2022-10-15 09:59:51.708632', 'LEARNING', NULL, '10', NULL, NULL, NULL, NULL, NULL, '2022-10-15 09:59:51.708632', 309, NULL, NULL),
	(275, NULL, '2022-09', '', '', '', NULL, NULL, NULL, NULL, NULL, '2022-10-15 10:38:47.794124', 'LEARNING', NULL, '', NULL, NULL, NULL, NULL, NULL, '2022-10-15 10:38:47.794124', 312, NULL, NULL),
	(276, NULL, '2022-10', '', '', '', NULL, NULL, NULL, NULL, NULL, '2022-10-15 10:44:49.595142', 'LEARNING', NULL, '', NULL, NULL, NULL, NULL, NULL, '2022-10-15 10:44:49.595142', 312, NULL, NULL),
	(277, NULL, '', '', '', '', '', NULL, NULL, NULL, NULL, '2022-10-15 11:34:38.184588', 'TALKING', NULL, '1\n2\n3', NULL, NULL, '2022-10-15 00:00:00.000000', NULL, NULL, '2022-10-15 11:34:38.184588', 242, 7, NULL),
	(278, NULL, '', '', '', '', '', NULL, NULL, NULL, NULL, '2022-10-15 11:39:06.723878', 'TALKING', NULL, '1\n2\n3\n4', NULL, NULL, '2022-10-15 00:00:00.000000', NULL, NULL, '2022-10-15 11:39:06.723878', 116, 7, NULL),
	(279, NULL, '', '', '', '', '', NULL, NULL, NULL, NULL, '2022-10-15 11:41:28.934561', 'TALKING', NULL, '1\n2\n3\n4', NULL, NULL, '2022-10-15 00:00:00.000000', NULL, NULL, '2022-10-15 11:41:28.934561', 40, 7, NULL),
	(280, NULL, '', '', '', '', '', NULL, NULL, NULL, NULL, '2022-10-15 11:43:34.626383', 'TALKING', NULL, '1\n2\n3\n4', NULL, NULL, '2022-10-15 00:00:00.000000', NULL, NULL, '2022-10-15 11:43:34.626383', 31, 7, NULL),
	(281, NULL, '', '', '', '', '', NULL, NULL, NULL, NULL, '2022-10-15 11:45:13.301209', 'TALKING', NULL, '1\n2\n3\n4', NULL, NULL, '2022-10-15 00:00:00.000000', NULL, NULL, '2022-10-15 11:45:13.301209', 78, 7, NULL),
	(282, NULL, '', '', '', '', '', NULL, NULL, NULL, NULL, '2022-10-15 11:46:25.634059', 'TALKING', NULL, '\n1\n2\n3\n4', NULL, NULL, '2022-10-15 00:00:00.000000', NULL, NULL, '2022-10-15 11:46:25.634059', 77, 7, NULL),
	(283, NULL, '', '', '', '', '', NULL, NULL, NULL, NULL, '2022-10-15 11:47:59.093072', 'TALKING', NULL, '1\n2\n3\n4', NULL, NULL, '2022-10-15 00:00:00.000000', NULL, NULL, '2022-10-15 11:47:59.093072', 165, 7, NULL),
	(284, NULL, '', '', '', '', '', NULL, NULL, NULL, NULL, '2022-10-15 11:49:30.427595', 'TALKING', NULL, '1\n2\n3\n4', NULL, NULL, '2022-10-15 00:00:00.000000', NULL, NULL, '2022-10-15 11:49:30.427595', 174, 7, NULL),
	(285, NULL, '', '', '', '', '', NULL, NULL, NULL, NULL, '2022-10-15 14:01:09.797586', 'TALKING', NULL, '1\n2\n3\n4', NULL, NULL, '2022-10-15 00:00:00.000000', NULL, NULL, '2022-10-15 14:01:09.797586', 139, 7, NULL),
	(286, NULL, '', '', '', '', '', NULL, NULL, NULL, NULL, '2022-10-15 14:03:25.072109', 'TALKING', NULL, '1\n2\n3\n4', NULL, NULL, '2022-10-15 00:00:00.000000', NULL, NULL, '2022-10-15 14:03:25.072109', 245, 7, NULL),
	(287, NULL, '', '', '', '', '', NULL, NULL, NULL, NULL, '2022-10-15 14:09:45.925015', 'TALKING', NULL, '1\n2\n3\n4', NULL, NULL, '2022-10-15 00:00:00.000000', NULL, NULL, '2022-10-15 14:09:45.925015', 46, 7, NULL),
	(288, NULL, '2022-08', '', '', '', NULL, NULL, NULL, NULL, NULL, '2022-10-15 17:55:31.068527', 'LEARNING', NULL, '', NULL, NULL, NULL, NULL, NULL, '2022-10-15 17:55:31.068527', 326, NULL, NULL),
	(289, NULL, '2022-09', '', '', '', NULL, NULL, NULL, NULL, NULL, '2022-10-15 17:59:52.069070', 'LEARNING', NULL, '', NULL, NULL, NULL, NULL, NULL, '2022-10-15 17:59:52.069070', 326, NULL, NULL),
	(290, NULL, '2022-10', '', '', '', NULL, NULL, NULL, NULL, NULL, '2022-10-15 18:02:26.187273', 'LEARNING', NULL, '\n\n\n\n\n\n', NULL, NULL, NULL, NULL, NULL, '2022-10-15 18:02:26.187273', 326, NULL, NULL),
	(291, NULL, '2022-08', '', '', '', NULL, NULL, NULL, NULL, NULL, '2022-10-15 18:21:43.424830', 'LEARNING', NULL, '21', NULL, NULL, NULL, NULL, NULL, '2022-10-15 18:21:43.424830', 326, NULL, NULL),
	(292, NULL, '', '', '', '', '', NULL, NULL, NULL, NULL, '2022-10-15 19:35:43.982824', 'TALKING', NULL, '123', NULL, NULL, '2022-10-13 00:00:00.000000', NULL, NULL, '2022-10-15 19:35:43.982824', 271, 267, NULL),
	(293, NULL, '', '', '307', '', '1.141 2. 3.29 4.', NULL, NULL, NULL, NULL, '2022-10-16 16:26:46.222581', 'TALKING', NULL, '1.\n2.11\n3.', NULL, NULL, '2022-10-16 00:00:00.000000', NULL, NULL, '2022-10-16 16:26:46.222581', 48, 11, NULL),
	(294, NULL, '2022-08', '1', '', '', NULL, NULL, NULL, NULL, NULL, '2022-10-17 08:40:36.915287', 'LEARNING', NULL, '', NULL, NULL, NULL, NULL, NULL, '2022-10-17 08:40:36.915287', 307, NULL, NULL),
	(295, NULL, '2022-09', '1', '', '', NULL, NULL, NULL, NULL, NULL, '2022-10-17 08:45:14.721531', 'LEARNING', NULL, '', NULL, NULL, NULL, NULL, NULL, '2022-10-17 08:45:14.721531', 307, NULL, NULL),
	(296, NULL, '2022-10', '1', '', '', NULL, NULL, NULL, NULL, NULL, '2022-10-17 08:47:19.163666', 'LEARNING', NULL, '', NULL, NULL, NULL, NULL, NULL, '2022-10-17 08:47:19.163666', 307, NULL, NULL),
	(297, NULL, '2022-08', '', '', '', NULL, NULL, NULL, NULL, NULL, '2022-10-17 08:58:32.505550', 'LEARNING', NULL, '\n\n\n', NULL, NULL, NULL, NULL, NULL, '2022-10-17 08:58:32.505550', 313, NULL, NULL),
	(298, NULL, '2022-09', '', '', '', NULL, NULL, NULL, NULL, NULL, '2022-10-17 09:06:46.835176', 'LEARNING', NULL, '4070971705000', NULL, NULL, NULL, NULL, NULL, '2022-10-17 09:06:46.835176', 313, NULL, NULL),
	(299, NULL, '2022-10', '', '', '', NULL, NULL, NULL, NULL, NULL, '2022-10-17 09:12:47.289555', 'LEARNING', NULL, '15', NULL, NULL, NULL, NULL, NULL, '2022-10-17 09:12:47.289555', 313, NULL, NULL),
	(300, NULL, '2022-08', '', '', '', NULL, NULL, NULL, NULL, NULL, '2022-10-17 09:56:21.367856', 'LEARNING', NULL, '\n\n\n\n\n\n', NULL, NULL, NULL, NULL, NULL, '2022-10-17 09:56:21.367856', 342, NULL, NULL),
	(301, NULL, '2022-10', '', '', '', NULL, NULL, NULL, NULL, NULL, '2022-10-17 10:04:50.921072', 'LEARNING', NULL, '\n', NULL, NULL, NULL, NULL, NULL, '2022-10-17 10:04:50.921072', 342, NULL, NULL),
	(302, NULL, '2022-09', '', '', '', NULL, NULL, NULL, NULL, NULL, '2022-10-17 10:26:55.824810', 'LEARNING', NULL, ' 202231', NULL, NULL, NULL, NULL, NULL, '2022-10-17 10:26:55.824810', 330, NULL, NULL),
	(303, NULL, '2022-08', '', '', '', NULL, NULL, NULL, NULL, NULL, '2022-10-17 10:33:02.890210', 'LEARNING', NULL, '118', NULL, NULL, NULL, NULL, NULL, '2022-10-17 10:33:02.890210', 330, NULL, NULL),
	(304, NULL, '2022-09', '', '', '', NULL, NULL, NULL, NULL, NULL, '2022-10-17 10:33:51.502198', 'LEARNING', NULL, '\n\n\n\n\n', NULL, NULL, NULL, NULL, NULL, '2022-10-17 10:33:51.502198', 342, NULL, NULL),
	(305, NULL, '2022-10', '', '', '', NULL, NULL, NULL, NULL, NULL, '2022-10-17 11:01:42.853740', 'LEARNING', NULL, '', NULL, NULL, NULL, NULL, NULL, '2022-10-17 11:01:42.853740', 324, NULL, NULL),
	(306, NULL, '2022-09', '', '', '', NULL, NULL, NULL, NULL, NULL, '2022-10-17 11:25:55.893794', 'LEARNING', NULL, '', NULL, NULL, NULL, NULL, NULL, '2022-10-17 11:25:55.893794', 324, NULL, NULL),
	(307, NULL, '2022-10', '', '', '', NULL, NULL, NULL, NULL, NULL, '2022-10-17 14:09:00.012293', 'LEARNING', NULL, '', NULL, NULL, NULL, NULL, NULL, '2022-10-17 14:09:00.012293', 319, NULL, NULL),
	(308, NULL, '2022-09', '', '', '', NULL, NULL, NULL, NULL, NULL, '2022-10-17 14:30:18.596211', 'LEARNING', NULL, '<', NULL, NULL, NULL, NULL, NULL, '2022-10-17 14:30:18.596211', 325, NULL, NULL),
	(309, NULL, '2022-10', '', '', '', NULL, NULL, NULL, NULL, NULL, '2022-10-17 14:41:22.781655', 'LEARNING', NULL, '', NULL, NULL, NULL, NULL, NULL, '2022-10-17 14:41:22.781655', 325, NULL, NULL),
	(310, NULL, '2022-08', '', '', '', NULL, NULL, NULL, NULL, NULL, '2022-10-17 15:10:02.917939', 'LEARNING', NULL, '', NULL, NULL, NULL, NULL, NULL, '2022-10-17 15:10:02.917939', 322, NULL, NULL),
	(315, NULL, '2022-09', '', '', '', NULL, NULL, NULL, NULL, NULL, '2022-10-17 15:21:45.357737', 'LEARNING', NULL, '', NULL, NULL, NULL, NULL, NULL, '2022-10-17 15:21:45.357737', 322, NULL, NULL),
	(316, NULL, '2022-08', '', '', '', NULL, NULL, NULL, NULL, NULL, '2022-10-17 15:38:20.280158', 'LEARNING', NULL, '  4', NULL, NULL, NULL, NULL, NULL, '2022-10-17 15:38:20.280158', 321, NULL, NULL),
	(317, NULL, '2022-08', '', '', '', NULL, NULL, NULL, NULL, NULL, '2022-10-17 15:39:37.751981', 'LEARNING', NULL, ',1.2.3.4.5.', NULL, NULL, NULL, NULL, NULL, '2022-10-17 15:39:37.751981', 311, NULL, NULL),
	(318, NULL, '2022-09', '', '', '', NULL, NULL, NULL, NULL, NULL, '2022-10-17 15:41:39.585021', 'LEARNING', NULL, '5781620', NULL, NULL, NULL, NULL, NULL, '2022-10-17 15:41:39.585021', 321, NULL, NULL),
	(319, NULL, '2022-10', '', '', '', NULL, NULL, NULL, NULL, NULL, '2022-10-17 15:42:40.651466', 'LEARNING', NULL, '24', NULL, NULL, NULL, NULL, NULL, '2022-10-17 15:42:40.651466', 322, NULL, NULL),
	(320, NULL, '2022-10', '', '', '', NULL, NULL, NULL, NULL, NULL, '2022-10-17 15:47:26.163839', 'LEARNING', NULL, '', NULL, NULL, NULL, NULL, NULL, '2022-10-17 15:47:26.163839', 321, NULL, NULL),
	(321, NULL, '2022-09', '', '', '', NULL, NULL, NULL, NULL, NULL, '2022-10-17 15:55:58.672666', 'LEARNING', NULL, '', NULL, NULL, NULL, NULL, NULL, '2022-10-17 15:55:58.672666', 311, NULL, NULL),
	(322, NULL, '2022-08', '', '', '', NULL, NULL, NULL, NULL, NULL, '2022-10-17 16:03:18.254263', 'LEARNING', NULL, '--', NULL, NULL, NULL, NULL, NULL, '2022-10-17 16:03:18.254263', 324, NULL, NULL),
	(323, NULL, '2022-10', '', '', '', NULL, NULL, NULL, NULL, NULL, '2022-10-17 16:06:22.372534', 'LEARNING', NULL, '1.2.3.4.', NULL, NULL, NULL, NULL, NULL, '2022-10-17 16:06:22.372534', 311, NULL, NULL),
	(324, NULL, '2022-08', '', '', '', NULL, NULL, NULL, NULL, NULL, '2022-10-17 16:15:43.825713', 'LEARNING', NULL, '', NULL, NULL, NULL, NULL, NULL, '2022-10-17 16:15:43.825713', 325, NULL, NULL),
	(325, NULL, '', '', '', '', '13', NULL, NULL, NULL, NULL, '2022-10-18 10:52:13.337852', 'TALKING', NULL, '123', NULL, NULL, '2022-10-17 00:00:00.000000', NULL, NULL, '2022-10-18 10:52:13.337852', 264, 261, NULL),
	(326, NULL, '', '306', NULL, NULL, NULL, NULL, NULL, NULL, NULL, '2022-10-20 13:45:18.032576', 'DISPOSAL', NULL, '916', NULL, NULL, '2022-10-20 00:00:00.000000', '2022-10-20 00:00:00.000000', NULL, '2022-10-20 13:45:18.032576', 16, 16, 207),
	(327, NULL, '', '306', NULL, NULL, NULL, NULL, NULL, NULL, NULL, '2022-10-20 13:46:24.785855', 'DISPOSAL', NULL, '916', NULL, NULL, '2022-10-20 00:00:00.000000', '2022-10-20 00:00:00.000000', NULL, '2022-10-20 13:46:24.785855', 16, 16, 250),
	(328, NULL, '2022-08', '', '', '', NULL, NULL, NULL, NULL, NULL, '2022-10-20 15:17:06.615748', 'LEARNING', NULL, '', NULL, NULL, NULL, NULL, NULL, '2022-10-20 15:17:06.615748', 329, NULL, NULL),
	(329, NULL, '2022-09', '', '50', '', NULL, NULL, NULL, NULL, NULL, '2022-10-20 15:18:24.824398', 'LEARNING', NULL, '50', NULL, NULL, NULL, NULL, NULL, '2022-10-20 15:18:24.824398', 329, NULL, NULL),
	(330, NULL, '2022-10', '', '51 ', '', NULL, NULL, NULL, NULL, NULL, '2022-10-20 15:23:22.011065', 'LEARNING', NULL, '51 ', NULL, NULL, NULL, NULL, NULL, '2022-10-20 15:23:22.011065', 329, NULL, NULL),
	(331, NULL, '2022-08', '', '', '', NULL, NULL, NULL, NULL, NULL, '2022-10-20 16:12:55.137503', 'LEARNING', NULL, '', NULL, NULL, NULL, NULL, NULL, '2022-10-20 16:12:55.137503', 310, NULL, NULL),
	(332, NULL, '2022-09', '', '', '', NULL, NULL, NULL, NULL, NULL, '2022-10-20 16:18:24.282067', 'LEARNING', NULL, '', NULL, NULL, NULL, NULL, NULL, '2022-10-20 16:18:24.282067', 310, NULL, NULL),
	(333, NULL, '', '306', NULL, NULL, NULL, NULL, NULL, NULL, NULL, '2022-10-26 10:00:02.056287', 'DISPOSAL', NULL, '916', NULL, NULL, '2022-10-20 00:00:00.000000', '2022-10-20 00:00:00.000000', NULL, '2022-10-26 10:00:02.056287', 16, 16, 75),
	(334, NULL, '2022-08', '', '', '', NULL, NULL, NULL, NULL, NULL, '2022-10-31 10:59:04.265703', 'LEARNING', NULL, '', NULL, NULL, NULL, NULL, NULL, '2022-10-31 10:59:04.265703', 328, NULL, NULL),
	(335, NULL, '2022-09', '', '', '', NULL, NULL, NULL, NULL, NULL, '2022-10-31 11:01:34.897231', 'LEARNING', NULL, '', NULL, NULL, NULL, NULL, NULL, '2022-10-31 11:01:34.897231', 328, NULL, NULL),
	(336, NULL, '2022-10', '', '', '', NULL, NULL, NULL, NULL, NULL, '2022-10-31 11:06:36.596579', 'LEARNING', NULL, '', NULL, NULL, NULL, NULL, NULL, '2022-10-31 11:06:36.596579', 328, NULL, NULL),
	(340, NULL, '', '', '', '', '', NULL, NULL, NULL, NULL, '2022-10-31 20:21:17.310400', 'TALKING', NULL, '1.\n2.\n3.', NULL, NULL, '2022-09-09 00:00:00.000000', NULL, NULL, '2022-10-31 20:21:17.310400', 255, 8, NULL),
	(341, NULL, '', '', '', '', '', NULL, NULL, NULL, NULL, '2022-10-31 20:22:52.001542', 'TALKING', NULL, '1.\n2.\n3.', NULL, NULL, '2022-09-08 00:00:00.000000', NULL, NULL, '2022-10-31 20:22:52.001542', 279, 8, NULL),
	(342, NULL, '', '', '', '', '', NULL, NULL, NULL, NULL, '2022-10-31 20:24:14.239715', 'TALKING', NULL, '1.\n2.\n3.', NULL, NULL, '2022-09-07 00:00:00.000000', NULL, NULL, '2022-10-31 20:24:14.239715', 288, 8, NULL),
	(343, NULL, '', '', NULL, NULL, NULL, NULL, NULL, NULL, NULL, '2022-11-01 14:19:39.101671', 'THREE', 1, '', NULL, NULL, NULL, NULL, NULL, '2022-11-01 14:19:39.101671', 8, NULL, NULL),
	(344, NULL, '', '', NULL, NULL, NULL, NULL, NULL, NULL, NULL, '2022-11-01 14:20:46.510430', 'THREE', 1, '', NULL, NULL, NULL, NULL, NULL, '2022-11-01 14:20:46.510430', 8, NULL, NULL),
	(345, NULL, '', '', NULL, NULL, NULL, NULL, NULL, NULL, NULL, '2022-11-02 09:07:47.195495', 'THREE', 1, '20225', NULL, NULL, NULL, NULL, NULL, '2022-11-02 09:07:47.195495', 22, NULL, NULL),
	(346, NULL, '2021', '', NULL, NULL, NULL, NULL, NULL, NULL, NULL, '2022-11-02 09:09:11.075639', 'THREE', 1, '2021', NULL, NULL, NULL, NULL, NULL, '2022-11-02 09:09:11.075639', 22, NULL, NULL),
	(347, NULL, '', NULL, NULL, NULL, NULL, NULL, NULL, NULL, NULL, '2022-11-02 09:29:03.517975', 'INSPECT', NULL, '', NULL, NULL, '2022-09-01 00:00:00.000000', NULL, NULL, '2022-11-02 09:29:03.517975', 315, 202, NULL),
	(354, NULL, '', NULL, NULL, NULL, NULL, NULL, NULL, NULL, NULL, '2022-11-03 13:46:57.970762', 'INSPECT', NULL, '\n', '', NULL, '2022-08-15 00:00:00.000000', NULL, NULL, '2022-11-03 13:46:57.970762', 311, 311, NULL),
	(355, NULL, '', '', NULL, NULL, NULL, NULL, NULL, NULL, NULL, '2022-11-03 13:58:03.125408', 'THREE', 1, '', NULL, NULL, NULL, NULL, NULL, '2022-11-03 13:58:03.125408', 17, NULL, NULL),
	(356, NULL, '', NULL, '', NULL, NULL, NULL, NULL, NULL, NULL, '2022-11-03 14:10:29.904311', 'INSPECT', NULL, '\n', '', NULL, '2022-08-15 00:00:00.000000', NULL, NULL, '2022-11-03 14:10:29.904311', 311, 143, NULL),
	(357, NULL, '', NULL, '', NULL, NULL, NULL, NULL, NULL, NULL, '2022-11-03 14:12:38.332790', 'INSPECT', NULL, '\n', '', NULL, '2022-08-15 00:00:00.000000', NULL, NULL, '2022-11-03 14:12:38.332790', 311, 145, NULL),
	(359, NULL, '2022-10', '', ' ', '', NULL, NULL, NULL, NULL, NULL, '2022-11-04 09:41:00.321579', 'LEARNING', NULL, ' ', NULL, NULL, NULL, NULL, NULL, '2022-11-04 09:41:00.321579', 343, NULL, NULL),
	(360, NULL, '', NULL, NULL, NULL, NULL, NULL, NULL, NULL, NULL, '2022-11-04 09:46:54.290772', 'INSPECT', NULL, '', NULL, NULL, '2022-09-30 00:00:00.000000', NULL, NULL, '2022-11-04 09:46:54.290772', 343, 343, NULL),
	(361, NULL, '', NULL, NULL, NULL, NULL, NULL, NULL, NULL, NULL, '2022-11-04 09:49:02.107391', 'INSPECT', NULL, '', NULL, NULL, '2022-09-16 00:00:00.000000', NULL, NULL, '2022-11-04 09:49:02.107391', 186, 186, NULL),
	(362, NULL, '', NULL, NULL, NULL, NULL, NULL, NULL, NULL, NULL, '2022-11-04 09:50:07.796547', 'INSPECT', NULL, '', NULL, NULL, '2022-09-30 00:00:00.000000', NULL, NULL, '2022-11-04 09:50:07.796547', 187, 187, NULL),
	(363, NULL, '', NULL, NULL, NULL, NULL, NULL, NULL, NULL, NULL, '2022-11-07 09:10:36.988244', 'INSPECT', NULL, '', NULL, NULL, '2022-10-02 00:00:00.000000', NULL, NULL, '2022-11-07 09:10:36.988244', 327, 327, NULL),
	(364, NULL, '425', NULL, NULL, NULL, NULL, NULL, NULL, NULL, NULL, '2022-11-07 09:22:54.742507', 'INSPECT', NULL, 'G524', '', NULL, '2022-08-01 00:00:00.000000', NULL, NULL, '2022-11-07 09:22:54.742507', 327, 327, NULL),
	(365, NULL, '', NULL, '', NULL, NULL, NULL, NULL, NULL, NULL, '2022-11-07 11:00:17.616471', 'INSPECT', NULL, '', NULL, NULL, '2022-09-30 00:00:00.000000', NULL, NULL, '2022-11-07 11:00:17.616471', 320, 320, NULL),
	(367, NULL, '', NULL, NULL, NULL, NULL, NULL, NULL, NULL, NULL, '2022-11-08 08:48:57.447090', 'INSPECT', NULL, '', NULL, NULL, '2022-09-14 00:00:00.000000', NULL, NULL, '2022-11-08 08:48:57.447090', 342, 19, NULL),
	(368, NULL, '', NULL, NULL, NULL, NULL, NULL, NULL, NULL, NULL, '2022-11-08 09:05:46.247639', 'INSPECT', NULL, '', NULL, NULL, '2022-09-12 00:00:00.000000', NULL, NULL, '2022-11-08 09:05:46.247639', 134, 19, NULL),
	(369, NULL, '', NULL, NULL, NULL, NULL, NULL, NULL, NULL, NULL, '2022-11-08 09:12:09.273330', 'INSPECT', NULL, '', NULL, NULL, '2022-09-16 00:00:00.000000', NULL, NULL, '2022-11-08 09:12:09.273330', 139, 19, NULL),
	(370, NULL, '2022-11', '', '', '', NULL, NULL, NULL, NULL, NULL, '2022-11-08 09:27:54.717596', 'LEARNING', NULL, '\n\n\n  \n\n\n\n', NULL, NULL, NULL, NULL, NULL, '2022-11-08 09:27:54.717596', 342, NULL, NULL),
	(371, NULL, '', NULL, '', NULL, NULL, NULL, NULL, NULL, NULL, '2022-11-08 10:17:35.733405', 'INSPECT', NULL, '24', NULL, NULL, '2022-09-28 00:00:00.000000', NULL, NULL, '2022-11-08 10:17:35.733405', 309, 98, NULL),
	(372, NULL, '2022-10', '', '', '', NULL, NULL, NULL, NULL, NULL, '2022-11-08 10:24:20.875516', 'LEARNING', NULL, '1234', NULL, NULL, NULL, NULL, NULL, '2022-11-08 10:24:20.875516', 323, NULL, NULL),
	(373, NULL, '', NULL, '', NULL, NULL, NULL, NULL, NULL, NULL, '2022-11-08 10:31:10.393988', 'INSPECT', NULL, '1\n2', '', NULL, '2022-09-15 00:00:00.000000', NULL, NULL, '2022-11-08 10:31:10.393988', 98, 98, NULL),
	(374, NULL, '', NULL, '', NULL, NULL, NULL, NULL, NULL, NULL, '2022-11-08 10:43:39.342159', 'INSPECT', NULL, '', '', NULL, '2022-09-23 00:00:00.000000', NULL, NULL, '2022-11-08 10:43:39.342159', 312, 312, NULL),
	(376, NULL, '', NULL, '', NULL, NULL, NULL, NULL, NULL, NULL, '2022-11-08 10:47:32.246688', 'INSPECT', NULL, '15\n25\n35\n', NULL, NULL, '2022-09-15 00:00:00.000000', NULL, NULL, '2022-11-08 10:47:32.246688', 319, 319, NULL),
	(377, NULL, '', NULL, '', NULL, NULL, NULL, NULL, NULL, NULL, '2022-11-08 10:50:17.380497', 'INSPECT', NULL, '', NULL, NULL, '2022-08-18 00:00:00.000000', NULL, NULL, '2022-11-08 10:50:17.380497', 331, 331, NULL),
	(378, NULL, '', NULL, NULL, NULL, NULL, NULL, NULL, NULL, NULL, '2022-11-08 11:22:23.889245', 'INSPECT', NULL, '', '', NULL, '2022-11-23 00:00:00.000000', NULL, NULL, '2022-11-08 11:22:23.889245', 312, 155, NULL),
	(379, NULL, '', NULL, NULL, NULL, NULL, NULL, NULL, NULL, NULL, '2022-11-08 11:26:24.610187', 'INSPECT', NULL, '', '', NULL, '2022-11-23 00:00:00.000000', NULL, NULL, '2022-11-08 11:26:24.610187', 312, 156, NULL),
	(380, NULL, '', NULL, NULL, NULL, NULL, NULL, NULL, NULL, NULL, '2022-11-08 11:27:49.427507', 'INSPECT', NULL, '', '', NULL, '2022-11-23 00:00:00.000000', NULL, NULL, '2022-11-08 11:27:49.427507', 312, 158, NULL),
	(381, NULL, '', NULL, NULL, NULL, NULL, NULL, NULL, NULL, NULL, '2022-11-08 11:28:57.402998', 'INSPECT', NULL, '', '', NULL, '2022-11-23 00:00:00.000000', NULL, NULL, '2022-11-08 11:28:57.402998', 312, 165, NULL),
	(382, NULL, '', NULL, NULL, NULL, NULL, NULL, NULL, NULL, NULL, '2022-11-08 14:08:01.174557', 'INSPECT', NULL, '', NULL, NULL, '2022-10-20 00:00:00.000000', NULL, NULL, '2022-11-08 14:08:01.174557', 208, 208, NULL),
	(383, NULL, '2022-08', '', '', '', NULL, NULL, NULL, NULL, NULL, '2022-11-08 14:46:51.296594', 'LEARNING', NULL, '', NULL, NULL, NULL, NULL, NULL, '2022-11-08 14:46:51.296594', 323, NULL, NULL),
	(384, NULL, '2022-09', '', '', '', NULL, NULL, NULL, NULL, NULL, '2022-11-08 15:15:25.360838', 'LEARNING', NULL, '', NULL, NULL, NULL, NULL, NULL, '2022-11-08 15:15:25.360838', 323, NULL, NULL),
	(385, NULL, '', NULL, '', NULL, NULL, NULL, NULL, NULL, NULL, '2022-11-08 16:34:45.654096', 'INSPECT', NULL, '50%', '', NULL, '2022-09-23 00:00:00.000000', NULL, NULL, '2022-11-08 16:34:45.654096', 241, 326, NULL),
	(386, NULL, '', NULL, '', NULL, NULL, NULL, NULL, NULL, NULL, '2022-11-08 16:44:28.646441', 'INSPECT', NULL, '2013-2021', '104.78712022816202022821302022122054.7871', NULL, '2022-08-05 00:00:00.000000', NULL, NULL, '2022-11-08 16:44:28.646441', 28, 337, NULL),
	(387, NULL, '', NULL, '', NULL, NULL, NULL, NULL, NULL, NULL, '2022-11-08 16:49:24.343775', 'INSPECT', NULL, '', NULL, NULL, '2022-09-11 00:00:00.000000', NULL, NULL, '2022-11-08 16:49:24.343775', 337, 279, NULL),
	(388, NULL, '5', NULL, '5', NULL, NULL, NULL, NULL, NULL, NULL, '2022-11-08 16:53:09.353358', 'INSPECT', NULL, '', NULL, NULL, '2022-08-26 00:00:00.000000', NULL, NULL, '2022-11-08 16:53:09.353358', 279, 282, NULL),
	(389, NULL, '2022-11', '', '', '', NULL, NULL, NULL, NULL, NULL, '2022-11-08 16:58:20.255836', 'LEARNING', NULL, '', NULL, NULL, NULL, NULL, NULL, '2022-11-08 16:58:20.255836', 326, NULL, NULL),
	(390, NULL, '', NULL, '', NULL, NULL, NULL, NULL, NULL, NULL, '2022-11-09 09:54:11.664183', 'INSPECT', NULL, '', '', NULL, '2022-09-14 00:00:00.000000', NULL, NULL, '2022-11-09 09:54:11.664183', 320, 245, NULL),
	(391, NULL, '', NULL, '', NULL, NULL, NULL, NULL, NULL, NULL, '2022-11-09 11:54:31.893969', 'INSPECT', NULL, '', NULL, NULL, '2022-09-30 00:00:00.000000', NULL, NULL, '2022-11-09 11:54:31.893969', 325, 325, NULL),
	(392, NULL, 'X', NULL, 'X', NULL, NULL, NULL, NULL, NULL, NULL, '2022-11-09 14:57:14.410040', 'INSPECT', NULL, 'X', NULL, NULL, '2022-08-25 00:00:00.000000', NULL, NULL, '2022-11-09 14:57:14.410040', 293, 296, NULL),
	(393, NULL, '', NULL, '	', NULL, NULL, NULL, NULL, NULL, NULL, '2022-11-09 15:01:06.830430', 'INSPECT', NULL, '', NULL, NULL, '2022-09-09 00:00:00.000000', NULL, NULL, '2022-11-09 15:01:06.830430', 340, 293, NULL),
	(394, NULL, '', NULL, '', NULL, NULL, NULL, NULL, NULL, NULL, '2022-11-09 15:07:10.358236', 'INSPECT', NULL, '60%', NULL, NULL, '2022-10-10 00:00:00.000000', NULL, NULL, '2022-11-09 15:07:10.358236', 241, 295, NULL),
	(395, NULL, '', NULL, '', NULL, NULL, NULL, NULL, NULL, NULL, '2022-11-10 08:48:12.071929', 'INSPECT', NULL, '', NULL, NULL, '2022-09-11 00:00:00.000000', NULL, NULL, '2022-11-10 08:48:12.071929', 328, 339, NULL),
	(396, NULL, '', NULL, '', NULL, NULL, NULL, NULL, NULL, NULL, '2022-11-10 08:54:35.618667', 'INSPECT', NULL, '', NULL, NULL, '2022-09-29 00:00:00.000000', NULL, NULL, '2022-11-10 08:54:35.618667', 328, 288, NULL),
	(397, NULL, '', NULL, '', NULL, NULL, NULL, NULL, NULL, NULL, '2022-11-10 09:08:38.543463', 'INSPECT', NULL, '', NULL, NULL, '2022-08-26 00:00:00.000000', NULL, NULL, '2022-11-10 09:08:38.543463', 242, 242, NULL),
	(398, NULL, '', NULL, '', NULL, NULL, NULL, NULL, NULL, NULL, '2022-11-10 09:17:42.657940', 'INSPECT', NULL, '', NULL, NULL, '2022-09-14 00:00:00.000000', NULL, NULL, '2022-11-10 09:17:42.657940', 281, 281, NULL),
	(399, NULL, '', NULL, NULL, NULL, NULL, NULL, NULL, NULL, NULL, '2022-11-10 09:20:26.181007', 'INSPECT', NULL, '', '', NULL, '2022-09-10 00:00:00.000000', NULL, NULL, '2022-11-10 09:20:26.181007', 344, 344, NULL),
	(400, NULL, '', NULL, '', NULL, NULL, NULL, NULL, NULL, NULL, '2022-11-10 09:22:47.217011', 'INSPECT', NULL, '', NULL, NULL, '2022-08-13 00:00:00.000000', NULL, NULL, '2022-11-10 09:22:47.217011', 345, 345, NULL),
	(401, NULL, '', NULL, '', NULL, NULL, NULL, NULL, NULL, NULL, '2022-11-10 09:30:12.311216', 'INSPECT', NULL, '', '', NULL, '2021-09-09 00:00:00.000000', NULL, NULL, '2022-11-10 09:30:12.311216', 226, 226, NULL),
	(402, NULL, '', NULL, '', NULL, NULL, NULL, NULL, NULL, NULL, '2022-11-10 14:25:09.774197', 'INSPECT', NULL, '1.2.', '2022.11.10', NULL, '2022-11-09 00:00:00.000000', NULL, NULL, '2022-11-10 14:25:09.774197', 254, 332, NULL),
	(403, NULL, '', NULL, '', NULL, NULL, NULL, NULL, NULL, NULL, '2022-11-10 14:38:36.068786', 'INSPECT', NULL, '1.2.', NULL, NULL, '2022-09-10 00:00:00.000000', NULL, NULL, '2022-11-10 14:38:36.068786', 321, 321, NULL),
	(404, NULL, '"', NULL, '', NULL, NULL, NULL, NULL, NULL, NULL, '2022-11-10 14:44:01.883256', 'INSPECT', NULL, '1.', NULL, NULL, '2022-09-16 00:00:00.000000', NULL, NULL, '2022-11-10 14:44:01.883256', 332, 332, NULL),
	(405, NULL, '', NULL, '', NULL, NULL, NULL, NULL, NULL, NULL, '2022-11-10 14:49:01.480429', 'INSPECT', NULL, '', NULL, NULL, '2022-09-21 00:00:00.000000', NULL, NULL, '2022-11-10 14:49:01.480429', 251, 250, NULL),
	(406, NULL, '', NULL, '', NULL, NULL, NULL, NULL, NULL, NULL, '2022-11-10 14:53:29.907870', 'INSPECT', NULL, '', NULL, NULL, '2022-09-07 00:00:00.000000', NULL, NULL, '2022-11-10 14:53:29.907870', 251, 251, NULL),
	(407, NULL, '', NULL, NULL, NULL, NULL, NULL, NULL, NULL, NULL, '2022-11-10 14:56:30.134992', 'INSPECT', NULL, '', NULL, NULL, '2022-09-09 00:00:00.000000', NULL, NULL, '2022-11-10 14:56:30.134992', 254, 254, NULL),
	(408, NULL, '', NULL, '', NULL, NULL, NULL, NULL, NULL, NULL, '2022-11-11 08:47:32.301629', 'INSPECT', NULL, '', '', NULL, '2022-09-27 00:00:00.000000', NULL, NULL, '2022-11-11 08:47:32.301629', 244, 244, NULL),
	(409, NULL, '', NULL, '2022', NULL, NULL, NULL, NULL, NULL, NULL, '2022-11-11 08:50:35.984790', 'INSPECT', NULL, '', NULL, NULL, '2022-09-25 00:00:00.000000', NULL, NULL, '2022-11-11 08:50:35.984790', 268, 268, NULL),
	(410, NULL, '', NULL, '', NULL, NULL, NULL, NULL, NULL, NULL, '2022-11-11 08:59:12.454644', 'INSPECT', NULL, '', NULL, NULL, '2022-11-11 00:00:00.000000', NULL, NULL, '2022-11-11 08:59:12.454644', 246, 246, NULL),
	(411, NULL, '', NULL, '', NULL, NULL, NULL, NULL, NULL, NULL, '2022-11-11 09:09:49.198111', 'INSPECT', NULL, '', NULL, NULL, '2022-11-27 00:00:00.000000', NULL, NULL, '2022-11-11 09:09:49.198111', 335, 335, NULL),
	(412, NULL, '15', NULL, '15', NULL, NULL, NULL, NULL, NULL, NULL, '2022-11-11 09:14:40.292687', 'INSPECT', NULL, '15', NULL, NULL, '2022-09-30 00:00:00.000000', NULL, NULL, '2022-11-11 09:14:40.292687', 289, 289, NULL),
	(413, NULL, '', NULL, '', NULL, NULL, NULL, NULL, NULL, NULL, '2022-11-11 09:34:06.899347', 'INSPECT', NULL, '', NULL, NULL, '2022-09-30 00:00:00.000000', NULL, NULL, '2022-11-11 09:34:06.899347', 274, 274, NULL),
	(414, NULL, '', NULL, '', NULL, NULL, NULL, NULL, NULL, NULL, '2022-11-11 09:42:40.586904', 'INSPECT', NULL, '', NULL, NULL, '2022-08-25 00:00:00.000000', NULL, NULL, '2022-11-11 09:42:40.586904', 292, 292, NULL),
	(418, NULL, '', NULL, '', NULL, NULL, NULL, NULL, NULL, NULL, '2022-11-11 10:03:21.118934', 'INSPECT', NULL, '', '', NULL, '2022-09-16 00:00:00.000000', NULL, NULL, '2022-11-11 10:03:21.118934', 330, 330, NULL),
	(419, NULL, '', NULL, NULL, NULL, NULL, NULL, NULL, NULL, NULL, '2022-11-11 10:37:34.753219', 'INSPECT', NULL, '', NULL, NULL, '2022-09-30 00:00:00.000000', NULL, NULL, '2022-11-11 10:37:34.753219', 290, 290, NULL),
	(420, NULL, '', NULL, '', NULL, NULL, NULL, NULL, NULL, NULL, '2022-11-11 10:37:40.300269', 'INSPECT', NULL, '', NULL, NULL, '2022-09-30 00:00:00.000000', NULL, NULL, '2022-11-11 10:37:40.300269', 277, 277, NULL),
	(421, NULL, '', NULL, NULL, NULL, NULL, NULL, NULL, NULL, NULL, '2022-11-11 11:22:12.647174', 'INSPECT', NULL, '', '', NULL, '2022-09-20 00:00:00.000000', NULL, NULL, '2022-11-11 11:22:12.647174', 341, 341, NULL),
	(422, NULL, '', NULL, NULL, NULL, NULL, NULL, NULL, NULL, NULL, '2022-11-11 11:28:57.414415', 'INSPECT', NULL, '', '', NULL, '2022-09-22 00:00:00.000000', NULL, NULL, '2022-11-11 11:28:57.414415', 303, 303, NULL),
	(423, NULL, '', NULL, NULL, NULL, NULL, NULL, NULL, NULL, NULL, '2022-11-11 14:16:18.788795', 'INSPECT', NULL, '', '', NULL, '2022-09-15 00:00:00.000000', NULL, NULL, '2022-11-11 14:16:18.788795', 302, 302, NULL),
	(424, NULL, '', NULL, '', NULL, NULL, NULL, NULL, NULL, NULL, '2022-11-11 15:22:43.385850', 'INSPECT', NULL, '', NULL, NULL, '2022-09-18 00:00:00.000000', NULL, NULL, '2022-11-11 15:22:43.385850', 253, 253, NULL),
	(425, NULL, '2022-11', '', '', '', NULL, NULL, NULL, NULL, NULL, '2022-11-11 15:27:49.823190', 'LEARNING', NULL, '', NULL, NULL, NULL, NULL, NULL, '2022-11-11 15:27:49.823190', 323, NULL, NULL),
	(426, NULL, '', NULL, NULL, NULL, NULL, NULL, NULL, NULL, NULL, '2022-11-11 15:35:44.845995', 'INSPECT', NULL, '', '', NULL, '2022-09-20 00:00:00.000000', NULL, NULL, '2022-11-11 15:35:44.845995', 304, 304, NULL),
	(427, NULL, '', NULL, NULL, NULL, NULL, NULL, NULL, NULL, NULL, '2022-11-11 15:54:28.892385', 'INSPECT', NULL, '', '', NULL, '2022-09-15 00:00:00.000000', NULL, NULL, '2022-11-11 15:54:28.892385', 301, 301, NULL),
	(429, NULL, '', NULL, '', NULL, NULL, NULL, NULL, NULL, NULL, '2022-11-11 16:22:21.264350', 'INSPECT', NULL, '', '', NULL, '2022-09-15 00:00:00.000000', NULL, NULL, '2022-11-11 16:22:21.264350', 270, 270, NULL),
	(430, NULL, '', NULL, '', NULL, NULL, NULL, NULL, NULL, NULL, '2022-11-11 16:25:00.804263', 'INSPECT', NULL, '', NULL, NULL, '2022-11-11 00:00:00.000000', NULL, NULL, '2022-11-11 16:25:00.804263', 271, 271, NULL),
	(431, NULL, '', NULL, '2022', NULL, NULL, NULL, NULL, NULL, NULL, '2022-11-11 16:30:44.998202', 'INSPECT', NULL, '2022', NULL, NULL, '2022-09-03 00:00:00.000000', NULL, NULL, '2022-11-11 16:30:44.998202', 252, 252, NULL),
	(432, NULL, '', NULL, '', NULL, NULL, NULL, NULL, NULL, NULL, '2022-11-11 16:35:07.214748', 'INSPECT', NULL, '', NULL, NULL, '2022-11-11 00:00:00.000000', NULL, NULL, '2022-11-11 16:35:07.214748', 269, 269, NULL),
	(433, NULL, '', NULL, '', NULL, NULL, NULL, NULL, NULL, NULL, '2022-11-11 16:37:17.690255', 'INSPECT', NULL, '2022915', '', NULL, '2022-09-15 00:00:00.000000', NULL, NULL, '2022-11-11 16:37:17.690255', 267, 324, NULL),
	(434, NULL, '', '', '', '', '', NULL, NULL, NULL, NULL, '2022-11-13 13:44:38.118458', 'TALKING', NULL, '1\n2\n3', NULL, NULL, '2022-10-14 00:00:00.000000', NULL, NULL, '2022-11-13 13:44:38.118458', 75, 15, NULL),
	(435, NULL, '', NULL, NULL, NULL, NULL, NULL, NULL, NULL, NULL, '2022-11-14 09:30:19.761912', 'INSPECT', NULL, '', NULL, NULL, '2022-09-30 00:00:00.000000', NULL, NULL, '2022-11-14 09:30:19.761912', 276, 276, NULL),
	(436, NULL, '', NULL, NULL, NULL, NULL, NULL, NULL, NULL, NULL, '2022-11-14 09:38:54.734419', 'INSPECT', NULL, '', NULL, NULL, '2022-09-30 00:00:00.000000', NULL, NULL, '2022-11-14 09:38:54.734419', 278, 278, NULL),
	(437, NULL, '', NULL, '', NULL, NULL, NULL, NULL, NULL, NULL, '2022-11-14 10:26:00.880111', 'INSPECT', NULL, '', NULL, NULL, '2022-09-18 00:00:00.000000', NULL, NULL, '2022-11-14 10:26:00.880111', 291, 291, NULL),
	(438, NULL, '', NULL, NULL, NULL, NULL, NULL, NULL, NULL, NULL, '2022-11-14 10:51:33.906046', 'INSPECT', NULL, '', NULL, NULL, '2022-09-09 00:00:00.000000', NULL, NULL, '2022-11-14 10:51:33.906046', 215, 215, NULL),
	(439, NULL, '', NULL, NULL, NULL, NULL, NULL, NULL, NULL, NULL, '2022-11-14 10:54:33.585773', 'INSPECT', NULL, '', NULL, NULL, '2022-09-08 00:00:00.000000', NULL, NULL, '2022-11-14 10:54:33.585773', 318, 318, NULL),
	(440, NULL, '', NULL, '', NULL, NULL, NULL, NULL, NULL, NULL, '2022-11-14 10:57:42.286419', 'INSPECT', NULL, '', NULL, NULL, '2022-11-14 00:00:00.000000', NULL, NULL, '2022-11-14 10:57:42.286419', 272, 272, NULL),
	(441, NULL, '', NULL, NULL, NULL, NULL, NULL, NULL, NULL, NULL, '2022-11-14 11:11:31.523250', 'INSPECT', NULL, '', NULL, NULL, '2022-09-13 00:00:00.000000', NULL, NULL, '2022-11-14 11:11:31.523250', 346, 346, NULL),
	(442, NULL, '', NULL, NULL, NULL, NULL, NULL, NULL, NULL, NULL, '2022-11-14 13:55:47.651621', 'INSPECT', NULL, '', NULL, NULL, '2022-09-09 00:00:00.000000', NULL, NULL, '2022-11-14 13:55:47.651621', 305, 305, NULL),
	(443, NULL, '', NULL, NULL, NULL, NULL, NULL, NULL, NULL, NULL, '2022-11-14 14:03:26.368908', 'INSPECT', NULL, '', '', NULL, '2022-09-22 00:00:00.000000', NULL, NULL, '2022-11-14 14:03:26.368908', 104, 104, NULL),
	(444, NULL, '', NULL, '', NULL, NULL, NULL, NULL, NULL, NULL, '2022-11-14 15:18:56.269196', 'INSPECT', NULL, '', NULL, NULL, '2022-09-30 00:00:00.000000', NULL, NULL, '2022-11-14 15:18:56.269196', 336, 336, NULL),
	(445, NULL, '', NULL, NULL, NULL, NULL, NULL, NULL, NULL, NULL, '2022-11-15 08:19:39.034907', 'INSPECT', NULL, '', NULL, NULL, '2022-09-01 00:00:00.000000', NULL, NULL, '2022-11-15 08:19:39.034907', 317, 317, NULL),
	(446, NULL, '', NULL, '', NULL, NULL, NULL, NULL, NULL, NULL, '2022-11-15 08:29:10.303085', 'INSPECT', NULL, '', '1\n2', NULL, '2022-09-25 00:00:00.000000', NULL, NULL, '2022-11-15 08:29:10.303085', 322, 333, NULL),
	(447, NULL, '', NULL, NULL, NULL, NULL, NULL, NULL, NULL, NULL, '2022-11-15 08:42:02.991657', 'INSPECT', NULL, '\n', NULL, NULL, '2022-09-01 00:00:00.000000', NULL, NULL, '2022-11-15 08:42:02.991657', 207, 207, NULL),
	(448, NULL, '', NULL, NULL, NULL, NULL, NULL, NULL, NULL, NULL, '2022-11-15 09:10:27.791176', 'INSPECT', NULL, '\n', NULL, NULL, '2022-09-01 00:00:00.000000', NULL, NULL, '2022-11-15 09:10:27.791176', 209, 209, NULL),
	(449, NULL, '', NULL, '', NULL, NULL, NULL, NULL, NULL, NULL, '2022-11-15 09:21:10.389865', 'INSPECT', NULL, '', NULL, NULL, '2022-09-23 00:00:00.000000', NULL, NULL, '2022-11-15 09:21:10.389865', 20, 20, NULL),
	(450, NULL, '', NULL, '', NULL, NULL, NULL, NULL, NULL, NULL, '2022-11-15 09:23:29.866189', 'INSPECT', NULL, '', '', NULL, '2022-09-25 00:00:00.000000', NULL, NULL, '2022-11-15 09:23:29.866189', 322, 322, NULL),
	(451, NULL, '', NULL, '', NULL, NULL, NULL, NULL, NULL, NULL, '2022-11-15 10:03:00.561294', 'INSPECT', NULL, '202120222022', NULL, NULL, '2022-07-07 00:00:00.000000', NULL, NULL, '2022-11-15 10:03:00.561294', 311, 4, NULL),
	(452, NULL, '', NULL, '', NULL, NULL, NULL, NULL, NULL, NULL, '2022-11-15 10:29:25.399100', 'INSPECT', NULL, '', NULL, NULL, '2022-11-15 00:00:00.000000', NULL, NULL, '2022-11-15 10:29:25.399100', 311, 311, NULL),
	(453, NULL, '', NULL, '', NULL, NULL, NULL, NULL, NULL, NULL, '2022-11-15 10:31:37.032456', 'INSPECT', NULL, '', NULL, NULL, '2022-11-15 00:00:00.000000', NULL, NULL, '2022-11-15 10:31:37.032456', 311, 143, NULL),
	(454, NULL, '', NULL, '', NULL, NULL, NULL, NULL, NULL, NULL, '2022-11-15 10:32:10.147394', 'INSPECT', NULL, '', NULL, NULL, '2022-11-15 00:00:00.000000', NULL, NULL, '2022-11-15 10:32:10.147394', 311, 145, NULL),
	(455, NULL, '', NULL, '', NULL, NULL, NULL, NULL, NULL, NULL, '2022-11-15 10:39:38.636696', 'INSPECT', NULL, '', NULL, NULL, '2022-11-02 00:00:00.000000', NULL, NULL, '2022-11-15 10:39:38.636696', 313, 5, NULL),
	(456, NULL, '', NULL, '', NULL, NULL, NULL, NULL, NULL, NULL, '2022-11-15 10:44:52.280685', 'INSPECT', NULL, '', '', NULL, '2022-09-25 00:00:00.000000', NULL, NULL, '2022-11-15 10:44:52.280685', 255, 255, NULL),
	(457, NULL, '', NULL, '', NULL, NULL, NULL, NULL, NULL, NULL, '2022-11-15 10:48:12.320639', 'INSPECT', NULL, '', '', NULL, '2022-09-25 00:00:00.000000', NULL, NULL, '2022-11-15 10:48:12.320639', 256, 256, NULL),
	(458, NULL, '', NULL, '', NULL, NULL, NULL, NULL, NULL, NULL, '2022-11-15 10:54:11.771540', 'INSPECT', NULL, '', '123', NULL, '2022-09-25 00:00:00.000000', NULL, NULL, '2022-11-15 10:54:11.771540', 257, 257, NULL),
	(459, NULL, '', NULL, '', NULL, NULL, NULL, NULL, NULL, NULL, '2022-11-15 10:58:38.720212', 'INSPECT', NULL, '', '1234', NULL, '2022-09-25 00:00:00.000000', NULL, NULL, '2022-11-15 10:58:38.720212', 258, 258, NULL),
	(460, NULL, '', NULL, '', NULL, NULL, NULL, NULL, NULL, NULL, '2022-11-15 11:02:19.710255', 'INSPECT', NULL, ' ', '', NULL, '2022-09-25 00:00:00.000000', NULL, NULL, '2022-11-15 11:02:19.710255', 259, 259, NULL),
	(461, NULL, '', NULL, '', NULL, NULL, NULL, NULL, NULL, NULL, '2022-11-15 11:05:53.030679', 'INSPECT', NULL, '', '12', NULL, '2022-09-25 00:00:00.000000', NULL, NULL, '2022-11-15 11:05:53.030679', 260, 260, NULL),
	(462, NULL, '', NULL, '', NULL, NULL, NULL, NULL, NULL, NULL, '2022-11-15 11:08:47.773026', 'INSPECT', NULL, '', NULL, NULL, '2022-09-08 00:00:00.000000', NULL, NULL, '2022-11-15 11:08:47.773026', 310, 14, NULL),
	(463, NULL, '', NULL, NULL, NULL, NULL, NULL, NULL, NULL, NULL, '2022-11-15 13:30:08.273877', 'INSPECT', NULL, '', NULL, NULL, '2022-10-12 00:00:00.000000', NULL, NULL, '2022-11-15 13:30:08.273877', 17, 17, NULL),
	(464, NULL, '', NULL, '', NULL, NULL, NULL, NULL, NULL, NULL, '2022-11-15 14:12:16.100383', 'INSPECT', NULL, '8', '', NULL, '2022-07-21 00:00:00.000000', NULL, NULL, '2022-11-15 14:12:16.100383', 2, 2, NULL),
	(465, NULL, '', NULL, NULL, NULL, NULL, NULL, NULL, NULL, NULL, '2022-11-15 14:37:11.364623', 'INSPECT', NULL, '', NULL, NULL, '2022-08-30 00:00:00.000000', NULL, NULL, '2022-11-15 14:37:11.364623', 3, 3, NULL),
	(466, NULL, '2022-11', '', '', '', NULL, NULL, NULL, NULL, NULL, '2022-11-15 15:08:17.804664', 'LEARNING', NULL, '', NULL, NULL, NULL, NULL, NULL, '2022-11-15 15:08:17.804664', 311, NULL, NULL),
	(467, NULL, '', NULL, '', NULL, NULL, NULL, NULL, NULL, NULL, '2022-11-16 10:55:26.873168', 'INSPECT', NULL, '\n', NULL, NULL, '2022-11-14 00:00:00.000000', NULL, NULL, '2022-11-16 10:55:26.873168', 13, 13, NULL),
	(468, NULL, '2022-10', '', '', '', NULL, NULL, NULL, NULL, NULL, '2022-11-16 13:34:57.486396', 'LEARNING', NULL, '', NULL, NULL, NULL, NULL, NULL, '2022-11-16 13:34:57.486396', 308, NULL, NULL),
	(469, NULL, '2022-11', '', '', '', NULL, NULL, NULL, NULL, NULL, '2022-11-16 13:37:22.446896', 'LEARNING', NULL, '12.', NULL, NULL, NULL, NULL, NULL, '2022-11-16 13:37:22.446896', 308, NULL, NULL),
	(470, NULL, '', NULL, '', NULL, NULL, NULL, NULL, NULL, NULL, '2022-11-17 10:34:37.364579', 'INSPECT', NULL, '', NULL, NULL, '2022-09-23 00:00:00.000000', NULL, NULL, '2022-11-17 10:34:37.364579', 318, 12, NULL),
	(471, NULL, '', NULL, '', NULL, NULL, NULL, NULL, NULL, NULL, '2022-11-21 15:33:15.209446', 'INSPECT', NULL, '', '', NULL, '2022-09-01 00:00:00.000000', NULL, NULL, '2022-11-21 15:33:15.209446', 75, 75, NULL),
	(472, NULL, '', NULL, '', NULL, NULL, NULL, NULL, NULL, NULL, '2022-11-21 15:36:02.049487', 'INSPECT', NULL, '', '', NULL, '2022-10-14 00:00:00.000000', NULL, NULL, '2022-11-21 15:36:02.049487', 75, 75, NULL),
	(473, NULL, '', NULL, '', NULL, NULL, NULL, NULL, NULL, NULL, '2022-11-21 15:38:24.873407', 'INSPECT', NULL, '', '', NULL, '2022-09-16 00:00:00.000000', NULL, NULL, '2022-11-21 15:38:24.873407', 308, 308, NULL),
	(474, NULL, '', NULL, '', NULL, NULL, NULL, NULL, NULL, NULL, '2022-11-21 15:43:14.460267', 'INSPECT', NULL, '', '', NULL, '2022-11-03 00:00:00.000000', NULL, NULL, '2022-11-21 15:43:14.460267', 308, 308, NULL),
	(475, NULL, '', NULL, '', NULL, NULL, NULL, NULL, NULL, NULL, '2022-11-22 14:16:56.782725', 'INSPECT', NULL, '', NULL, NULL, '2022-09-07 00:00:00.000000', NULL, NULL, '2022-11-22 14:16:56.782725', 10, 10, NULL),
	(476, NULL, '', NULL, NULL, NULL, NULL, NULL, NULL, NULL, NULL, '2022-11-23 09:22:15.858823', 'INSPECT', NULL, '\n', NULL, NULL, '2022-09-30 00:00:00.000000', NULL, NULL, '2022-11-23 09:22:15.858823', 307, 307, NULL),
	(477, NULL, '', NULL, NULL, NULL, NULL, NULL, NULL, NULL, NULL, '2022-11-23 09:23:44.819125', 'INSPECT', NULL, '\n', NULL, NULL, '2022-09-30 00:00:00.000000', NULL, NULL, '2022-11-23 09:23:44.819125', 48, 48, NULL),
	(478, NULL, '', NULL, '', NULL, NULL, NULL, NULL, NULL, NULL, '2022-11-23 15:17:46.406661', 'INSPECT', NULL, '', '', NULL, '2022-09-30 00:00:00.000000', NULL, NULL, '2022-11-23 15:17:46.406661', 294, 294, NULL),
	(479, NULL, '', NULL, '	', NULL, NULL, NULL, NULL, NULL, NULL, '2022-11-23 15:22:48.022059', 'INSPECT', NULL, '\n', '12\n', NULL, '2022-09-30 00:00:00.000000', NULL, NULL, '2022-11-23 15:22:48.022059', 294, 298, NULL),
	(480, NULL, '', NULL, NULL, NULL, NULL, NULL, NULL, NULL, NULL, '2022-11-23 15:25:05.579859', 'INSPECT', NULL, '\n', '\n', NULL, '2022-09-30 00:00:00.000000', NULL, NULL, '2022-11-23 15:25:05.579859', 299, 299, NULL),
	(481, NULL, '	', NULL, '	', NULL, NULL, NULL, NULL, NULL, NULL, '2022-11-23 15:27:40.482912', 'INSPECT', NULL, '\n', '\n', NULL, '2022-09-30 00:00:00.000000', NULL, NULL, '2022-11-23 15:27:40.482912', 297, 297, NULL),
	(482, NULL, '', NULL, '', NULL, NULL, NULL, NULL, NULL, NULL, '2022-11-23 16:16:18.534672', 'INSPECT', NULL, '', '', NULL, '2022-09-13 00:00:00.000000', NULL, NULL, '2022-11-23 16:16:18.534672', 265, 262, NULL),
	(483, NULL, '', NULL, '', NULL, NULL, NULL, NULL, NULL, NULL, '2022-11-24 08:42:00.610293', 'INSPECT', NULL, '', NULL, NULL, '2022-09-08 00:00:00.000000', NULL, NULL, '2022-11-24 08:42:00.610293', 323, 263, NULL),
	(484, NULL, '', NULL, '	', NULL, NULL, NULL, NULL, NULL, NULL, '2022-11-24 08:42:24.706899', 'INSPECT', NULL, '\n', '1 2\n', NULL, '2022-09-30 00:00:00.000000', NULL, NULL, '2022-11-24 08:42:24.706899', 329, 340, NULL),
	(485, NULL, '', NULL, '	', NULL, NULL, NULL, NULL, NULL, NULL, '2022-11-24 08:44:33.405834', 'INSPECT', NULL, '\n', '\n', NULL, '2022-09-30 00:00:00.000000', NULL, NULL, '2022-11-24 08:44:33.405834', 329, 329, NULL),
	(486, NULL, '', NULL, '', NULL, NULL, NULL, NULL, NULL, NULL, '2022-11-24 10:33:04.379344', 'INSPECT', NULL, '222U', '', NULL, '2022-09-22 00:00:00.000000', NULL, NULL, '2022-11-24 10:33:04.379344', 323, 334, NULL),
	(487, NULL, '', NULL, '', NULL, NULL, NULL, NULL, NULL, NULL, '2022-11-24 10:42:40.064604', 'INSPECT', NULL, '24', NULL, NULL, '2022-09-27 00:00:00.000000', NULL, NULL, '2022-11-24 10:42:40.064604', 309, 309, NULL),
	(488, NULL, '', NULL, NULL, NULL, NULL, NULL, NULL, NULL, NULL, '2022-11-24 14:10:53.083769', 'INSPECT', NULL, '', NULL, NULL, '2022-09-15 00:00:00.000000', NULL, NULL, '2022-11-24 14:10:53.083769', 266, 266, NULL),
	(489, NULL, '', NULL, '', NULL, NULL, NULL, NULL, NULL, NULL, '2022-11-24 14:52:35.203678', 'INSPECT', NULL, '15 25 35', NULL, NULL, '2022-09-15 00:00:00.000000', NULL, NULL, '2022-11-24 14:52:35.203678', 239, 239, NULL),
	(490, NULL, '', NULL, '', NULL, NULL, NULL, NULL, NULL, NULL, '2022-11-24 14:54:46.188219', 'INSPECT', NULL, '15 25 35', NULL, NULL, '2022-09-15 00:00:00.000000', NULL, NULL, '2022-11-24 14:54:46.188219', 236, 236, NULL),
	(491, NULL, '', NULL, '', NULL, NULL, NULL, NULL, NULL, NULL, '2022-11-24 19:46:37.349029', 'INSPECT', NULL, '', '', NULL, '2022-09-26 00:00:00.000000', NULL, NULL, '2022-11-24 19:46:37.349029', 308, 15, NULL),
	(492, NULL, '', NULL, '', NULL, NULL, NULL, NULL, NULL, NULL, '2022-11-25 08:53:07.504188', 'INSPECT', NULL, '', NULL, NULL, '2022-09-06 00:00:00.000000', NULL, NULL, '2022-11-25 08:53:07.504188', 313, 313, NULL),
	(493, NULL, '', NULL, '', NULL, NULL, NULL, NULL, NULL, NULL, '2022-11-25 08:55:09.295205', 'INSPECT', NULL, '', NULL, NULL, '2022-09-08 00:00:00.000000', NULL, NULL, '2022-11-25 08:55:09.295205', 172, 172, NULL),
	(494, NULL, '', NULL, '', NULL, NULL, NULL, NULL, NULL, NULL, '2022-11-25 09:12:11.096192', 'INSPECT', NULL, '', NULL, NULL, '2022-09-08 00:00:00.000000', NULL, NULL, '2022-11-25 09:12:11.096192', 173, 173, NULL),
	(495, NULL, '', NULL, '', NULL, NULL, NULL, NULL, NULL, NULL, '2022-11-25 15:44:12.458890', 'INSPECT', NULL, '', '', NULL, '2022-09-13 00:00:00.000000', NULL, NULL, '2022-11-25 15:44:12.458890', 266, 261, NULL),
	(496, NULL, '', NULL, '', NULL, NULL, NULL, NULL, NULL, NULL, '2022-11-25 16:21:10.619772', 'INSPECT', NULL, '', '', NULL, '2022-09-22 00:00:00.000000', NULL, NULL, '2022-11-25 16:21:10.619772', 323, 323, NULL),
	(497, NULL, '', NULL, '', NULL, NULL, NULL, NULL, NULL, NULL, '2022-11-25 16:27:09.091768', 'INSPECT', NULL, '', '', NULL, '2022-09-21 00:00:00.000000', NULL, NULL, '2022-11-25 16:27:09.091768', 323, 264, NULL),
	(498, NULL, '', NULL, '', NULL, NULL, NULL, NULL, NULL, NULL, '2022-11-27 14:46:51.265976', 'INSPECT', NULL, '', '', NULL, '2022-09-17 00:00:00.000000', NULL, NULL, '2022-11-27 14:46:51.265976', 265, 265, NULL),
	(499, NULL, '2022-11', '', '', '', NULL, NULL, NULL, NULL, NULL, '2022-11-29 10:25:29.726323', 'LEARNING', NULL, '', NULL, NULL, NULL, NULL, NULL, '2022-11-29 10:25:29.726323', 312, NULL, NULL),
	(500, NULL, '2022-11', '', ' ', '', NULL, NULL, NULL, NULL, NULL, '2022-11-29 11:03:22.011573', 'LEARNING', NULL, '', NULL, NULL, NULL, NULL, NULL, '2022-11-29 11:03:22.011573', 309, NULL, NULL),
	(501, NULL, '2022-11', '315', '', '', NULL, NULL, NULL, NULL, NULL, '2022-11-29 11:07:28.468630', 'LEARNING', NULL, '', NULL, NULL, NULL, NULL, NULL, '2022-11-29 11:07:28.468630', 305, NULL, NULL),
	(502, NULL, '2022-11', '', '', '', NULL, NULL, NULL, NULL, NULL, '2022-11-29 11:15:59.684275', 'LEARNING', NULL, '\n\n\n\n\n\n\n\n\n\n\n', NULL, NULL, NULL, NULL, NULL, '2022-11-29 11:15:59.684275', 330, NULL, NULL),
	(503, NULL, '2022-11', '', '', '', NULL, NULL, NULL, NULL, NULL, '2022-11-29 13:05:41.231730', 'LEARNING', NULL, '', NULL, NULL, NULL, NULL, NULL, '2022-11-29 13:05:41.231730', 343, NULL, NULL),
	(504, NULL, '2022-11', '', ' | ', '', NULL, NULL, NULL, NULL, NULL, '2022-11-29 15:38:23.278132', 'LEARNING', NULL, ' \n\n', NULL, NULL, NULL, NULL, NULL, '2022-11-29 15:38:23.278132', 327, NULL, NULL),
	(505, NULL, '2022-11', '', '', '', NULL, NULL, NULL, NULL, NULL, '2022-11-29 15:49:52.482018', 'LEARNING', NULL, '', NULL, NULL, NULL, NULL, NULL, '2022-11-29 15:49:52.482018', 245, NULL, NULL),
	(506, NULL, '2022-11', '', '', '', NULL, NULL, NULL, NULL, NULL, '2022-11-29 15:52:10.950808', 'LEARNING', NULL, '', NULL, NULL, NULL, NULL, NULL, '2022-11-29 15:52:10.950808', 320, NULL, NULL),
	(507, NULL, '2022-11', '', '', '', NULL, NULL, NULL, NULL, NULL, '2022-11-30 08:27:14.163221', 'LEARNING', NULL, '148482234 548', NULL, NULL, NULL, NULL, NULL, '2022-11-30 08:27:14.163221', 325, NULL, NULL);

INSERT INTO `fr_ordinal_form_multi_department1` (`ordinal_form_id`, `multi_department1_id`) VALUES
	(12, 22);
INSERT INTO `fr_ordinal_form_multi_department1` (`ordinal_form_id`, `multi_department1_id`) VALUES
	(12, 10),
	(12, 7),
	(14, 4),
	(14, 6),
	(347, 16),
	(354, 12),
	(356, 12),
	(357, 12),
	(360, 15),
	(361, 15),
	(362, 15),
	(363, 28),
	(364, 28),
	(365, 21),
	(367, 32),
	(368, 32),
	(369, 32),
	(371, 31),
	(371, 30),
	(371, 29),
	(371, 27),
	(371, 28),
	(371, 26),
	(371, 25),
	(371, 24),
	(371, 23),
	(371, 22),
	(371, 21),
	(373, 10),
	(374, 13),
	(376, 20),
	(377, 21),
	(378, 13),
	(379, 13),
	(380, 13),
	(381, 13),
	(382, 18),
	(385, 27),
	(386, 27),
	(386, 4),
	(387, 27),
	(388, 27),
	(390, 21),
	(391, 26),
	(392, 30),
	(393, 30),
	(394, 30),
	(395, 11),
	(396, 29),
	(397, 21),
	(398, 27),
	(399, 27),
	(400, 27),
	(401, 27),
	(402, 22),
	(403, 22),
	(404, 22),
	(405, 22),
	(406, 22),
	(407, 22),
	(408, 21),
	(409, 25),
	(410, 21),
	(411, 25),
	(412, 29),
	(413, 26),
	(414, 29),
	(418, 31),
	(419, 29),
	(420, 26),
	(421, 31),
	(422, 31),
	(423, 31),
	(424, 22),
	(426, 31),
	(427, 31),
	(429, 25),
	(430, 25),
	(431, 22),
	(432, 25),
	(433, 25),
	(435, 26),
	(436, 26),
	(437, 29),
	(438, 19),
	(439, 19),
	(440, 25),
	(441, 19),
	(442, 6),
	(443, 6),
	(444, 26),
	(445, 18),
	(446, 23),
	(447, 18),
	(448, 18),
	(449, 14),
	(450, 23),
	(451, 12),
	(452, 12),
	(453, 12),
	(454, 12),
	(455, 14),
	(456, 23),
	(457, 23),
	(458, 23),
	(459, 23),
	(460, 23),
	(461, 23),
	(462, 11),
	(463, 11),
	(464, 6),
	(465, 12),
	(467, 5),
	(470, 19),
	(471, 9),
	(472, 9),
	(473, 9),
	(474, 9),
	(475, 14),
	(476, 8),
	(477, 8),
	(478, 30),
	(479, 30),
	(480, 30),
	(481, 30),
	(482, 24),
	(483, 24),
	(484, 30),
	(485, 30),
	(486, 24),
	(487, 31),
	(487, 30),
	(487, 29),
	(487, 28),
	(487, 27),
	(487, 26),
	(487, 25),
	(487, 24),
	(487, 23),
	(487, 22),
	(487, 21),
	(488, 24),
	(489, 20),
	(490, 20),
	(491, 9),
	(492, 14),
	(493, 14),
	(494, 14),
	(495, 24),
	(496, 24),
	(497, 24),
	(498, 24);

INSERT INTO `fr_ordinal_form_multi_user1` (`ordinal_form_id`, `multi_user1_id`) VALUES
	(4, 3);
INSERT INTO `fr_ordinal_form_multi_user1` (`ordinal_form_id`, `multi_user1_id`) VALUES
	(4, 4),
	(4, 5),
	(4, 6),
	(4, 7),
	(4, 8),
	(4, 9),
	(4, 10),
	(4, 11),
	(4, 12),
	(4, 13),
	(4, 14),
	(4, 15),
	(4, 16),
	(4, 17),
	(4, 18),
	(4, 19),
	(4, 20),
	(4, 21),
	(4, 22),
	(4, 23),
	(4, 24),
	(4, 25),
	(4, 26),
	(4, 27),
	(5, 3),
	(5, 4),
	(5, 5),
	(5, 6),
	(5, 7),
	(5, 8),
	(5, 9),
	(5, 10),
	(5, 11),
	(5, 12),
	(5, 13),
	(5, 14),
	(5, 15),
	(5, 16),
	(5, 17),
	(5, 18),
	(5, 19),
	(5, 20),
	(5, 21),
	(5, 22),
	(5, 23),
	(5, 24),
	(5, 25),
	(5, 26),
	(5, 27),
	(6, 3),
	(6, 4),
	(6, 5),
	(6, 6),
	(6, 7),
	(6, 8),
	(6, 9),
	(6, 10),
	(6, 11),
	(6, 12),
	(6, 13),
	(6, 14),
	(6, 15),
	(6, 16),
	(6, 17),
	(6, 18),
	(6, 19),
	(6, 20),
	(6, 21),
	(6, 22),
	(11, 318),
	(13, 1),
	(13, 305),
	(13, 306),
	(13, 307),
	(13, 308),
	(13, 309),
	(13, 310),
	(13, 311),
	(13, 312),
	(13, 313),
	(13, 342),
	(13, 343),
	(13, 315),
	(13, 316),
	(13, 317),
	(13, 318),
	(13, 319),
	(13, 320),
	(13, 321),
	(13, 322),
	(13, 323),
	(13, 324),
	(13, 325),
	(13, 326),
	(13, 327),
	(13, 328),
	(13, 329),
	(13, 330),
	(15, 76),
	(15, 80),
	(15, 82),
	(15, 85),
	(15, 83),
	(15, 89),
	(16, 75),
	(16, 76),
	(16, 77),
	(16, 78),
	(16, 79),
	(16, 80),
	(16, 81),
	(16, 82),
	(16, 83),
	(16, 84),
	(16, 85),
	(16, 86),
	(16, 87),
	(16, 88),
	(16, 89),
	(16, 90),
	(16, 92),
	(16, 93),
	(16, 94),
	(16, 95),
	(16, 96),
	(16, 97),
	(17, 75),
	(17, 76),
	(17, 77),
	(17, 78),
	(17, 79),
	(17, 80),
	(17, 81),
	(17, 82),
	(17, 83),
	(17, 84),
	(17, 85),
	(17, 86),
	(17, 87),
	(17, 88),
	(17, 89),
	(17, 90),
	(17, 92),
	(17, 93),
	(17, 94),
	(17, 95),
	(17, 96),
	(17, 97),
	(22, 2),
	(22, 3),
	(22, 4),
	(22, 5),
	(22, 6),
	(22, 7),
	(22, 8),
	(22, 9),
	(22, 10),
	(22, 11),
	(22, 13),
	(22, 14),
	(22, 15),
	(22, 16),
	(22, 17),
	(22, 18),
	(22, 19),
	(22, 20),
	(22, 21),
	(22, 22),
	(213, 2),
	(213, 3),
	(213, 4),
	(213, 5),
	(213, 6),
	(213, 7),
	(213, 8),
	(213, 9),
	(213, 10),
	(213, 11),
	(213, 12),
	(213, 13),
	(213, 14),
	(213, 15),
	(213, 16),
	(213, 17),
	(213, 18),
	(213, 19),
	(213, 20),
	(213, 21),
	(213, 22),
	(213, 23),
	(213, 25),
	(213, 26),
	(213, 27),
	(213, 28),
	(213, 30),
	(213, 40),
	(213, 48),
	(213, 75),
	(213, 98),
	(213, 116),
	(213, 143),
	(213, 155),
	(213, 172),
	(213, 134),
	(213, 186),
	(213, 202),
	(213, 207),
	(213, 215),
	(213, 236),
	(213, 242),
	(213, 250),
	(213, 255),
	(213, 261),
	(213, 267),
	(213, 273),
	(213, 279),
	(213, 283),
	(213, 288),
	(213, 293),
	(213, 301),
	(224, 75),
	(224, 76),
	(224, 77),
	(224, 78),
	(224, 79),
	(224, 80),
	(224, 81),
	(224, 82),
	(224, 83),
	(224, 84),
	(224, 85),
	(224, 86),
	(224, 87),
	(224, 88),
	(224, 89),
	(224, 90),
	(224, 91),
	(224, 92),
	(224, 93),
	(224, 94),
	(224, 95),
	(224, 96),
	(224, 97),
	(227, 327),
	(227, 338),
	(227, 283),
	(227, 284),
	(227, 285),
	(227, 286),
	(227, 287),
	(228, 327),
	(228, 338),
	(228, 283),
	(228, 284),
	(228, 285),
	(228, 286),
	(228, 287),
	(229, 327),
	(229, 338),
	(229, 283),
	(229, 284),
	(229, 285),
	(229, 286),
	(229, 287),
	(230, 310),
	(230, 116),
	(230, 117),
	(230, 118),
	(230, 120),
	(230, 121),
	(230, 123),
	(230, 124),
	(230, 125),
	(230, 126),
	(230, 127),
	(230, 128),
	(230, 129),
	(230, 130),
	(230, 131),
	(230, 132),
	(232, 186),
	(232, 187),
	(232, 188),
	(232, 191),
	(232, 192),
	(232, 193),
	(232, 194),
	(232, 195),
	(232, 196),
	(232, 197),
	(232, 198),
	(233, 186),
	(233, 187),
	(233, 188),
	(233, 191),
	(233, 192),
	(233, 193),
	(233, 194),
	(233, 195),
	(233, 196),
	(233, 197),
	(233, 198),
	(233, 199),
	(233, 200),
	(233, 201),
	(233, 347),
	(234, 186),
	(234, 187),
	(234, 188),
	(234, 190),
	(234, 191),
	(234, 192),
	(234, 193),
	(234, 194),
	(234, 195),
	(234, 196),
	(234, 197),
	(234, 198),
	(234, 199),
	(234, 200),
	(234, 201),
	(234, 347),
	(235, 186),
	(235, 187),
	(235, 188),
	(235, 191),
	(235, 192),
	(235, 194),
	(235, 195),
	(235, 196),
	(235, 197),
	(235, 198),
	(235, 199),
	(235, 200),
	(235, 201),
	(235, 347),
	(239, 331),
	(239, 242),
	(239, 243),
	(239, 244),
	(239, 245),
	(239, 246),
	(239, 247),
	(239, 248),
	(239, 249),
	(240, 331),
	(240, 242),
	(240, 243),
	(240, 244),
	(240, 245),
	(240, 246),
	(240, 247),
	(240, 248),
	(240, 249),
	(241, 331),
	(241, 242),
	(241, 243),
	(241, 244),
	(241, 245),
	(241, 246),
	(241, 247),
	(241, 248),
	(241, 249),
	(243, 215),
	(243, 218),
	(253, 207),
	(253, 208),
	(253, 209),
	(253, 210),
	(253, 211),
	(253, 212),
	(253, 213),
	(254, 301),
	(254, 302),
	(254, 303),
	(254, 304),
	(255, 207),
	(255, 208),
	(255, 209),
	(255, 210),
	(255, 211),
	(255, 212),
	(255, 213),
	(256, 42),
	(256, 44),
	(256, 45),
	(256, 46),
	(256, 41),
	(256, 40),
	(256, 306),
	(257, 207),
	(257, 208),
	(257, 209),
	(257, 210),
	(257, 211),
	(257, 212),
	(257, 213),
	(258, 30),
	(258, 31),
	(258, 32),
	(258, 33),
	(258, 34),
	(258, 36),
	(258, 37),
	(258, 39),
	(258, 104),
	(259, 30),
	(259, 31),
	(259, 32),
	(259, 33),
	(259, 36),
	(259, 37),
	(259, 39),
	(259, 104),
	(260, 30),
	(260, 31),
	(260, 32),
	(260, 33),
	(260, 34),
	(260, 36),
	(260, 37),
	(260, 39),
	(260, 104),
	(261, 30),
	(261, 31),
	(261, 32),
	(261, 33),
	(261, 36),
	(261, 37),
	(261, 39),
	(261, 104),
	(262, 306),
	(262, 40),
	(262, 41),
	(262, 42),
	(262, 44),
	(262, 45),
	(262, 46),
	(263, 202),
	(264, 202),
	(265, 202),
	(266, 202),
	(267, 202),
	(268, 236),
	(268, 237),
	(268, 238),
	(268, 239),
	(268, 240),
	(269, 30),
	(269, 31),
	(269, 32),
	(269, 33),
	(269, 36),
	(269, 37),
	(269, 39),
	(269, 104),
	(270, 236),
	(270, 237),
	(270, 238),
	(270, 239),
	(270, 240),
	(271, 98),
	(271, 99),
	(271, 100),
	(271, 101),
	(271, 102),
	(271, 105),
	(271, 106),
	(271, 107),
	(271, 108),
	(271, 109),
	(271, 110),
	(271, 111),
	(271, 112),
	(271, 114),
	(271, 115),
	(272, 98),
	(272, 99),
	(272, 100),
	(272, 101),
	(272, 102),
	(272, 105),
	(272, 106),
	(272, 107),
	(272, 108),
	(272, 109),
	(272, 110),
	(272, 111),
	(272, 112),
	(272, 114),
	(272, 115),
	(273, 155),
	(273, 156),
	(273, 158),
	(273, 157),
	(273, 160),
	(273, 161),
	(273, 162),
	(273, 163),
	(273, 164),
	(273, 165),
	(273, 166),
	(273, 167),
	(273, 168),
	(273, 169),
	(273, 170),
	(273, 171),
	(273, 241),
	(274, 98),
	(274, 99),
	(274, 100),
	(274, 101),
	(274, 102),
	(274, 105),
	(274, 106),
	(274, 107),
	(274, 108),
	(274, 109),
	(274, 110),
	(274, 111),
	(274, 112),
	(274, 114),
	(274, 115),
	(275, 155),
	(275, 156),
	(275, 157),
	(275, 158),
	(275, 160),
	(275, 161),
	(275, 162),
	(275, 163),
	(275, 164),
	(275, 165),
	(275, 166),
	(275, 167),
	(275, 168),
	(275, 169),
	(275, 170),
	(275, 171),
	(275, 241),
	(276, 155),
	(276, 156),
	(276, 157),
	(276, 158),
	(276, 160),
	(276, 161),
	(276, 162),
	(276, 163),
	(276, 164),
	(276, 165),
	(276, 166),
	(276, 167),
	(276, 168),
	(276, 169),
	(276, 170),
	(276, 171),
	(276, 241),
	(288, 326),
	(288, 279),
	(288, 281),
	(288, 282),
	(288, 344),
	(288, 345),
	(288, 226),
	(288, 337),
	(289, 326),
	(289, 337),
	(289, 279),
	(289, 281),
	(289, 282),
	(289, 344),
	(289, 345),
	(289, 226),
	(290, 326),
	(290, 337),
	(290, 279),
	(290, 281),
	(290, 282),
	(290, 344),
	(290, 345),
	(290, 226),
	(291, 326),
	(291, 337),
	(291, 279),
	(291, 281),
	(291, 282),
	(291, 344),
	(291, 345),
	(291, 226),
	(294, 48),
	(294, 49),
	(294, 50),
	(295, 48),
	(295, 49),
	(295, 50),
	(296, 50),
	(296, 48),
	(296, 49),
	(297, 172),
	(297, 173),
	(297, 174),
	(297, 176),
	(297, 177),
	(297, 178),
	(297, 179),
	(297, 180),
	(297, 181),
	(297, 182),
	(298, 172),
	(298, 173),
	(298, 174),
	(298, 176),
	(298, 177),
	(298, 178),
	(298, 179),
	(298, 180),
	(298, 181),
	(298, 182),
	(299, 172),
	(299, 173),
	(299, 174),
	(299, 176),
	(299, 178),
	(299, 179),
	(299, 180),
	(299, 181),
	(299, 182),
	(300, 342),
	(300, 134),
	(300, 139),
	(300, 136),
	(300, 137),
	(300, 138),
	(300, 140),
	(300, 141),
	(300, 142),
	(301, 342),
	(301, 134),
	(301, 139),
	(301, 136),
	(301, 137),
	(301, 138),
	(301, 140),
	(301, 141),
	(301, 142),
	(302, 301),
	(302, 302),
	(302, 303),
	(302, 304),
	(243, 216),
	(243, 220),
	(243, 221),
	(243, 222),
	(243, 223),
	(243, 224),
	(243, 225),
	(243, 226),
	(243, 227),
	(243, 228),
	(243, 229),
	(243, 230),
	(243, 231),
	(243, 232),
	(243, 233),
	(243, 234),
	(243, 235),
	(243, 318),
	(243, 346),
	(303, 300),
	(303, 301),
	(303, 302),
	(303, 303),
	(303, 304),
	(304, 342),
	(304, 134),
	(304, 139),
	(304, 136),
	(304, 137),
	(304, 138),
	(304, 140),
	(304, 141),
	(304, 142),
	(244, 215),
	(244, 218),
	(244, 216),
	(244, 220),
	(244, 221),
	(244, 222),
	(244, 223),
	(244, 224),
	(244, 225),
	(244, 226),
	(244, 227),
	(244, 228),
	(244, 229),
	(244, 230),
	(244, 231),
	(244, 232),
	(244, 233),
	(244, 234),
	(244, 235),
	(244, 318),
	(244, 346),
	(245, 215),
	(245, 218),
	(245, 216),
	(245, 220),
	(245, 221),
	(245, 222),
	(245, 223),
	(245, 224),
	(245, 225),
	(245, 226),
	(245, 227),
	(245, 228),
	(245, 229),
	(245, 230),
	(245, 231),
	(245, 232),
	(245, 233),
	(245, 234),
	(245, 235),
	(245, 318),
	(245, 346),
	(305, 267),
	(305, 268),
	(305, 269),
	(305, 270),
	(305, 271),
	(306, 267),
	(306, 268),
	(306, 269),
	(306, 270),
	(306, 271),
	(306, 335),
	(307, 236),
	(307, 237),
	(307, 238),
	(307, 239),
	(307, 240),
	(308, 273),
	(308, 274),
	(308, 275),
	(308, 276),
	(308, 277),
	(308, 278),
	(309, 273),
	(309, 274),
	(309, 275),
	(309, 276),
	(309, 277),
	(309, 278),
	(310, 256),
	(310, 257),
	(310, 258),
	(310, 259),
	(310, 260),
	(310, 255),
	(315, 256),
	(315, 257),
	(315, 258),
	(315, 259),
	(315, 260),
	(315, 255),
	(316, 250),
	(316, 251),
	(316, 252),
	(316, 253),
	(316, 254),
	(317, 143),
	(317, 144),
	(317, 145),
	(317, 146),
	(317, 147),
	(317, 150),
	(317, 151),
	(317, 152),
	(317, 153),
	(318, 250),
	(318, 251),
	(318, 252),
	(318, 253),
	(318, 254),
	(319, 256),
	(319, 257),
	(319, 258),
	(319, 259),
	(319, 260),
	(319, 255),
	(320, 251),
	(320, 250),
	(320, 252),
	(320, 253),
	(320, 254),
	(321, 143),
	(321, 144),
	(321, 145),
	(321, 146),
	(321, 147),
	(321, 150),
	(321, 151),
	(321, 152),
	(321, 153),
	(322, 267),
	(322, 268),
	(322, 269),
	(322, 270),
	(322, 271),
	(323, 143),
	(323, 144),
	(323, 145),
	(323, 146),
	(323, 147),
	(323, 150),
	(323, 151),
	(323, 152),
	(323, 153),
	(324, 273),
	(324, 274),
	(324, 275),
	(324, 276),
	(324, 277),
	(324, 278),
	(328, 293),
	(328, 294),
	(328, 295),
	(328, 296),
	(328, 297),
	(328, 298),
	(328, 299),
	(329, 293),
	(329, 294),
	(329, 295),
	(329, 296),
	(329, 297),
	(329, 298),
	(329, 299),
	(330, 293),
	(330, 294),
	(330, 295),
	(330, 296),
	(330, 297),
	(330, 298),
	(330, 299),
	(331, 310),
	(331, 116),
	(331, 117),
	(331, 118),
	(331, 120),
	(331, 121),
	(331, 123),
	(331, 124),
	(331, 125),
	(331, 126),
	(331, 127),
	(331, 128),
	(331, 129),
	(331, 130),
	(331, 131),
	(331, 132),
	(332, 310),
	(332, 116),
	(332, 117),
	(332, 118),
	(332, 120),
	(332, 121),
	(332, 123),
	(332, 124),
	(332, 125),
	(332, 126),
	(332, 127),
	(332, 128),
	(332, 129),
	(332, 130),
	(332, 131),
	(332, 132),
	(334, 288),
	(334, 289),
	(334, 290),
	(334, 291),
	(334, 292),
	(334, 339),
	(335, 288),
	(335, 289),
	(335, 290),
	(335, 291),
	(335, 292),
	(335, 339),
	(336, 288),
	(336, 289),
	(336, 290),
	(336, 291),
	(336, 292),
	(336, 339),
	(359, 186),
	(359, 187),
	(359, 188),
	(359, 189),
	(359, 190),
	(359, 191),
	(359, 200),
	(359, 201),
	(359, 197),
	(359, 198),
	(359, 193),
	(370, 342),
	(370, 134),
	(370, 139),
	(370, 142),
	(370, 141),
	(370, 140),
	(370, 138),
	(370, 137),
	(370, 136),
	(372, 261),
	(372, 262),
	(372, 263),
	(372, 264),
	(372, 265),
	(372, 266),
	(383, 261),
	(383, 262),
	(383, 263),
	(383, 264),
	(383, 265),
	(383, 266),
	(383, 334),
	(384, 261),
	(384, 262),
	(384, 263),
	(384, 264),
	(384, 265),
	(384, 266),
	(389, 326),
	(389, 279),
	(389, 281),
	(389, 282),
	(389, 344),
	(389, 345),
	(389, 226),
	(425, 261),
	(425, 262),
	(425, 263),
	(425, 264),
	(425, 265),
	(425, 266),
	(466, 143),
	(466, 144),
	(466, 145),
	(466, 146),
	(466, 147),
	(466, 150),
	(466, 151),
	(466, 152),
	(466, 153),
	(468, 75),
	(468, 76),
	(468, 77),
	(468, 78),
	(468, 79),
	(468, 80),
	(468, 81),
	(468, 82),
	(468, 83),
	(468, 84),
	(468, 85),
	(468, 86),
	(468, 87),
	(468, 88),
	(468, 89),
	(468, 90),
	(468, 93),
	(468, 94),
	(468, 96),
	(468, 97),
	(469, 75),
	(469, 76),
	(469, 77),
	(469, 78),
	(469, 79),
	(469, 80),
	(469, 81),
	(469, 82),
	(469, 83),
	(469, 84),
	(469, 85),
	(469, 86),
	(469, 87),
	(469, 88),
	(469, 89),
	(469, 90),
	(469, 93),
	(469, 94),
	(469, 96),
	(469, 97),
	(499, 312),
	(500, 98),
	(500, 99),
	(500, 100),
	(500, 101),
	(500, 102),
	(500, 105),
	(500, 106),
	(500, 107),
	(500, 108),
	(500, 109),
	(500, 110),
	(500, 111),
	(500, 112),
	(500, 114),
	(500, 115),
	(501, 30),
	(501, 31),
	(501, 32),
	(501, 33),
	(501, 36),
	(501, 37),
	(501, 104),
	(502, 330),
	(502, 341),
	(502, 301),
	(502, 302),
	(502, 303),
	(502, 304),
	(503, 186),
	(503, 188),
	(503, 190),
	(503, 191),
	(503, 192),
	(503, 193),
	(503, 195),
	(503, 196),
	(503, 197),
	(503, 198),
	(503, 199),
	(503, 200),
	(503, 201),
	(503, 347),
	(504, 338),
	(504, 283),
	(504, 284),
	(504, 285),
	(504, 286),
	(504, 287),
	(505, 242),
	(505, 243),
	(505, 244),
	(505, 245),
	(505, 246),
	(505, 247),
	(505, 248),
	(505, 249),
	(506, 242),
	(506, 243),
	(506, 244),
	(506, 245),
	(506, 246),
	(506, 247),
	(506, 248),
	(506, 249),
	(507, 325),
	(507, 273),
	(507, 274),
	(507, 275),
	(507, 276),
	(507, 277),
	(507, 278);







INSERT INTO `ta_assessment` (`id`, `code`, `create_date`, `level_one`, `level_two`, `name`, `point`, `standard`, `value`, `value_type`) VALUES
	(1, 'CZ2022-0001', '2022-06-29', '', '', '', 0.50, '100%', '1.05', NULL);
INSERT INTO `ta_assessment` (`id`, `code`, `create_date`, `level_one`, `level_two`, `name`, `point`, `standard`, `value`, `value_type`) VALUES
	(2, 'CZ2022-0002', '2022-06-29', '', '', '', 2.00, '1.40.6100%80%80%/*', '3400', NULL),
	(3, 'CZ2022-0003', '2022-06-29', '', '', '', 0.50, '100%', '40%', NULL),
	(4, 'CZ2022-0004', '2022-06-29', '', '', '', 1.00, '0.70.3100%/*', '30', NULL),
	(5, 'CZ2022-0005', '2022-06-29', '', '', '', 1.00, '100%', '7', NULL),
	(6, 'CZ2022-0006', '2022-06-29', '', '2000200050020%2', '2000200050020%2', 1.00, '100%', '3', NULL),
	(7, 'CZ2022-0007', '2022-06-29', '', '500015000100020%5000220002', '500015000100020%5000220002', 0.80, '100%', '2', NULL),
	(8, 'CZ2022-0008', '2022-06-29', '', '', '', 0.20, '', '0', NULL),
	(9, 'CZ2022-0009', '2022-06-29', '', '', '1050', 0.00, '1', '3', NULL),
	(10, 'CZ2022-0010', '2022-06-29', '', '', '503', 0.00, '1', '1', NULL),
	(11, 'CZ2022-0011', '2022-06-29', '', '', '500', 0.00, '1', '1', NULL),
	(12, 'CZ2022-0012', '2022-06-29', '', '', '', 0.00, '1', '0', NULL),
	(13, 'CZ2022-0013', '2022-06-29', '', '', '', 0.00, '1', '1', NULL),
	(14, 'CZ2022-0014', '2022-06-29', '', '', '', 0.00, '1000.251000.11', NULL, NULL),
	(15, 'CZ2022-0015', '2022-06-29', '', '', '5001.5', 0.00, '', NULL, NULL),
	(16, 'CZ2022-0016', '2022-06-29', '', '', '121', 0.00, '', NULL, NULL),
	(17, 'CZ2022-0017', '2022-06-29', '', '', '500010.5', 0.00, '', NULL, NULL),
	(18, 'CZ2022-0018', '2022-06-29', 'GDP%', 'GDP%', 'GDP%', 3.50, '1.22.1.5[0.7+0.3*-/-] *1.5', '10%', NULL),
	(19, 'CZ2022-0019', '2022-06-29', '', '', '', 0.20, '80%<80%', '24.9', NULL),
	(20, 'CZ2022-0020', '2022-06-29', '', '', '', 0.10, '80%<80%', '0.205', NULL),
	(21, 'CZ2022-0021', '2022-06-29', '', '', '', 0.80, '80%<80%', '14.2', NULL),
	(22, 'CZ2022-0022', '2022-06-29', '', '', '', 0.40, '80%<80%', '6.5', NULL),
	(23, 'CZ2022-0023', '2022-06-29', '', '', '', 1.00, '80%<80%', '5', NULL),
	(24, 'CZ2022-0024', '2022-06-29', '', '', '', 0.30, '80%<80%', '16.99', NULL),
	(25, 'CZ2022-0025', '2022-06-29', '', '', '', 0.30, '80%<80%', '1', NULL),
	(26, 'CZ2022-0026', '2022-06-29', '', '', '', 0.30, '80%<80%', '0.9', NULL),
	(27, 'CZ2022-0027', '2022-06-29', '', '', '', 0.30, '80%<80%', '0.45', NULL),
	(28, 'CZ2022-0028', '2022-06-29', '', '', '', 0.30, '8%0.38%-12%0.212%', NULL, NULL),
	(29, 'CZ2022-0029', '2022-06-29', '', '', '', 0.50, '1.70%2.30%', '3600', NULL),
	(30, 'CZ2022-0030', '2022-06-29', '', '2022', '2022', 1.00, '1.2.5%10%5%-10%30%10%2022', '102533', NULL),
	(31, 'CZ2022-0031', '2022-06-29', '', '', '', 0.50, '90%90%', '3.5', NULL),
	(32, 'CZ2022-0032', '2022-06-29', '', '3.0', '3.0', 0.30, '', '', NULL),
	(33, 'CZ2022-0033', '2022-06-29', '', '', '', 0.30, '100%', '52.8', NULL),
	(34, 'CZ2022-0034', '2022-06-29', '', '', '', 0.30, '100%', '9', NULL),
	(35, 'CZ2022-0035', '2022-06-29', '', '', '', 0.30, '100%', NULL, NULL),
	(36, 'CZ2022-0036', '2022-06-29', '', '', '', 1.00, '', '10GWH', NULL),
	(37, 'CZ2022-0037', '2022-06-29', '', '', '', 0.50, '=0.5*[(-/-*40+60]/100', '1', NULL),
	(38, 'CZ2022-0038', '2022-06-29', '', '', '', 0.50, '', '60(2022', NULL),
	(39, 'CZ2022-0039', '2022-06-29', '', '', '', 4.00, '2.40.81.0.4[0.5+0.5*-/-] *0.42.0.4[0.7+0.3*-/-] *0.40.81.0.40.022.0.4[0.7+0.3*-/-] *0.4', '', NULL),
	(40, 'CZ2022-0040', '2022-06-29', '', '', '', 0.80, '80%<80%', '15%', NULL),
	(41, 'CZ2022-0041', '2022-06-29', '', '', '', 1.00, '0.60.41.0.2[0.5+0.5*-/-] *0.22.0.2[0.7+0.3*-/-] *0.2', '', NULL),
	(42, 'CZ2022-0042', '2022-06-29', '', '', '', 0.50, '80%<80%', '9%', NULL),
	(43, 'CZ2022-0043', '2022-06-29', '', '', '', 0.50, '80%<80%', '11%', NULL),
	(44, 'CZ2022-0044', '2022-06-29', '', '', '', 0.20, '80%<80%', '9%', NULL),
	(45, 'CZ2022-0045', '2022-06-29', '', '', '', 0.50, '0.20.20.180.040.30.30.270.06', NULL, NULL),
	(46, 'CZ2022-0046', '2022-06-29', '', '', '', 0.30, '80%<80%53010.05', '4', NULL),
	(47, 'CZ2022-0047', '2022-06-29', '', '', '', 0.50, '80%<80%53010.05', '3', NULL),
	(48, 'CZ2022-0048', '2022-06-29', '', '5', '5', 0.10, '80%<80%53010.05', '1', NULL),
	(49, 'CZ2022-0049', '2022-06-29', '', '', '', 0.30, '80%<80%', '1', NULL),
	(50, 'CZ2022-0050', '2022-06-29', '', 'JMRH', 'JG', 0.30, '', '1', NULL),
	(51, 'CZ2022-0051', '2022-06-29', '', 'JMRH', '', 0.20, '0.20.01', NULL, NULL),
	(52, 'CZ2022-0052', '2022-06-29', '', '', '', 0.20, '80%<80%', '2', NULL),
	(53, 'CZ2022-0053', '2022-06-29', '', '', '', 0.30, '80%<80%', '3', NULL),
	(54, 'CZ2022-0054', '2022-06-29', '', '', '', 0.30, '80%<80%', '8', NULL),
	(55, 'CZ2022-0055', '2022-06-29', '', '', '', 0.50, '80%<80%', '13', NULL),
	(56, 'CZ2022-0056', '2022-06-29', '', '', '', 0.70, '80%<80%', '320', NULL),
	(57, 'CZ2022-0057', '2022-06-29', '', '20', '20', 0.30, '55%', '55%', NULL),
	(58, 'CZ2022-0058', '2022-06-29', '', '', '', 0.50, '80%<80%', '250', NULL),
	(59, 'CZ2022-0059', '2022-06-29', '', '', '', 0.20, '80%<80%', '35', NULL),
	(60, 'CZ2022-0060', '2022-06-29', '\n', '', '', 0.80, '80%<80%', '4', NULL),
	(61, 'CZ2022-0061', '2022-06-29', '', '', '', 1.00, '', '9.5%', NULL),
	(62, 'CZ2022-0062', '2022-06-29', '', 'GDP', 'GDP', 0.50, '', '1.2', NULL),
	(63, 'CZ2022-0063', '2022-06-29', '', '', '0.30.2', 0.50, '80%<80%', '3', NULL),
	(64, 'CZ2022-0064', '2022-06-29', '', '', '', 1.00, '', '', NULL),
	(65, 'CZ2022-0065', '2022-06-29', '', '', '', 0.50, '', '25%', NULL),
	(66, 'CZ2022-0066', '2022-06-29', '', '0.20.1', '0.20.1', 0.30, '0.20.10.1', '2', NULL),
	(67, 'CZ2022-0067', '2022-06-29', '', '', '', 0.20, '', '', NULL),
	(68, 'CZ2022-0068', '2022-06-29', '', '', '', 0.30, '90%90%', '8%', NULL),
	(69, 'CZ2022-0069', '2022-06-29', '', '', '', 0.80, '90%90%', '8%', NULL),
	(70, 'CZ2022-0070', '2022-06-29', '', '', '', 0.10, '90%90%', '130', NULL),
	(71, 'CZ2022-0071', '2022-06-29', '', '', '', 0.20, '90%90%', '5%', NULL),
	(72, 'CZ2022-0072', '2022-06-29', '', '', '', 0.10, '90%90%', '10%', NULL),
	(73, 'CZ2022-0073', '2022-06-29', '', '', '', 0.30, '90%90%', '2100', NULL),
	(74, 'CZ2022-0074', '2022-06-29', '', '', '', 0.10, '80%<80%', '4', NULL),
	(75, 'CZ2022-0075', '2022-06-29', '', '', '', 0.10, '90%90%', '20%', NULL),
	(76, 'CZ2022-0076', '2022-06-29', '50', '', '', 0.20, '0.080.08=0.08*0.12=0.12*1.00.2', '2', NULL),
	(77, 'CZ2022-0077', '2022-06-29', '50', '', '', 0.20, '0.080.08=0.08*0.12=0.12*1.00.2', '1', NULL),
	(78, 'CZ2022-0078', '2022-06-29', '', '', '', 0.30, '0.2,(0.2*)10.10.3', '2', NULL),
	(79, 'CZ2022-0079', '2022-06-29', '', '', '', 0.30, '0.2,(0.2*)10.10.3', '2', NULL),
	(80, 'CZ2022-0080', '2022-06-29', '', '', '', 0.20, '', '2', NULL),
	(81, 'CZ2022-0081', '2022-06-29', '', '', '', 0.20, '80%<80%', '37', NULL),
	(82, 'CZ2022-0082', '2022-06-29', '', '', '', 0.10, '202110%80%<80%', '10%', NULL),
	(83, 'CZ2022-0083', '2022-06-29', '', '', '', 0.60, '80%<80%', '15', NULL),
	(84, 'CZ2022-0084', '2022-06-29', '', '', '', 0.20, '80%<80%', '2.5%', NULL),
	(85, 'CZ2022-0085', '2022-06-29', '', '', '', 0.40, '0.30.1', '2', NULL),
	(86, 'CZ2022-0086', '2022-06-29', '', '', '', 0.60, '0.450.150.10.05', '1500', NULL),
	(87, 'CZ2022-0087', '2022-06-29', '', '', '1000', 0.60, '', '1', NULL),
	(88, 'CZ2022-0088', '2022-06-29', '', '', '', 0.10, '200', '35', NULL),
	(89, 'CZ2022-0089', '2022-06-29', '', '', '', 0.10, '80%<80%', '30', NULL),
	(90, 'CZ2022-0090', '2022-06-29', '', '', '', 0.30, '80%<80%', '4.4', NULL),
	(91, 'CZ2022-0091', '2022-06-29', '', '', '', 0.10, '0', NULL, NULL),
	(92, 'CZ2022-0092', '2022-06-29', '', '', '', 0.10, '0.10.090.08', NULL, NULL),
	(93, 'CZ2022-0093', '2022-06-29', '', '', '', 0.50, '80%<80%', '10%', NULL),
	(94, 'CZ2022-0094', '2022-06-29', '', '', '', 1.40, '80%<80%', '260', NULL),
	(95, 'CZ2022-0095', '2022-06-29', '', '', '', 0.80, '80%<80%', '120', NULL),
	(96, 'CZ2022-0096', '2022-06-29', '', '', '', 0.80, '100%70%*<70%', '300', NULL),
	(97, 'CZ2022-0097', '2022-06-29', '', '', '', 0.20, '0.20.80.02585%0.025', '95%80%', NULL),
	(98, 'CZ2022-0098', '2022-06-29', '', '', '', 0.60, '0.590%90%10%0.0250.10.190%=/0.1\n0.8', '3.2', NULL),
	(99, 'CZ2022-0099', '2022-06-29', '', '', '', 0.20, '122', '10', NULL),
	(100, 'CZ2022-0100', '2022-06-29', '', '', '', 0.15, '1233', '15', NULL),
	(101, 'CZ2022-0101', '2022-06-29', '', '', '', 0.15, '10.050.110.025', NULL, NULL),
	(102, 'CZ2022-0102', '2022-06-29', '', '', '', 0.40, '90%0.490%', '2', NULL),
	(103, 'CZ2022-0103', '2022-06-29', '', '', '', 0.10, '0.02/0.080.04/0.08\n0.5', NULL, NULL),
	(104, 'CZ2022-0104', '2022-06-29', '', '', '', 1.20, '20%190%90%1%0.010.2\n0.290%=/0.2\n1.2', '8.9', NULL),
	(105, 'CZ2022-0105', '2022-06-29', '', '', '', 1.00, '0.20.20.20.20.20.20.20.20.2', '119', NULL),
	(106, 'CZ2022-0106', '2022-06-29', '', '', '', 6.00, '650%50%2520', '4', NULL),
	(107, 'CZ2022-0107', '2022-06-29', '', '', '', 6.00, '650%50%2520', '5', NULL),
	(108, 'CZ2022-0108', '2022-06-29', '', '', '', 3.00, '3110', '2', NULL),
	(109, 'CZ2022-0109', '2022-06-29', '', '', '', 3.00, '31310', '2', NULL),
	(110, 'CZ2022-0110', '2022-06-29', '', '', '', 3.00, '31105', '4', NULL),
	(111, 'CZ2022-0111', '2022-06-29', '', '', '', 4.00, '490%90%', '550', NULL),
	(112, 'CZ2022-0112', '2022-06-29', '', '', '', 5.00, '532', '880<32>', NULL),
	(113, 'CZ2022-0113', '2022-06-29', '', '', '', 5.00, '510', 'C4<A1B1>', NULL),
	(114, 'CZ2022-0114', '2022-06-29', '', '', '', 5.00, '52', '6', NULL),
	(115, 'CZ2022-0115', '2022-06-29', '', '', '', 0.00, '14161101818C110115', NULL, NULL),
	(116, 'CZ2022-0116', '2022-06-29', '', '', '', 0.00, '10', NULL, NULL),
	(117, 'CZ2022-0117', '2022-06-29', '', '', '', 0.40, '10.020.1', '', NULL),
	(118, 'CZ2022-0118', '2022-06-29', '', '2.0', '2.0', 0.20, '2.010.050.2', NULL, NULL),
	(119, 'CZ2022-0119', '2022-06-29', '', '2.0', '', 0.20, '10.020.2', NULL, NULL),
	(120, 'CZ2022-0120', '2022-06-29', '', '100%100%', '100%', 0.20, '10.040.2', NULL, NULL),
	(121, 'CZ2022-0121', '2022-06-29', '', '100%100%', '1', 0.20, '0.110.1', NULL, NULL),
	(122, 'CZ2022-0122', '2022-06-29', '', '100%100%', '', 0.20, '10.020.2', NULL, NULL),
	(123, 'CZ2022-0123', '2022-06-29', '', '100%100%', '', 0.20, '100%0.050.2', NULL, NULL),
	(124, 'CZ2022-0124', '2022-06-29', '', '', '0.1', 0.20, '0.2', NULL, NULL),
	(125, 'CZ2022-0125', '2022-06-29', '', '', '0.10.2', 0.20, '0.2', NULL, NULL),
	(126, 'CZ2022-0126', '2022-06-29', '', '', '', 0.20, '', NULL, NULL),
	(127, 'CZ2022-0127', '2022-06-29', '', '', '', 0.10, '', NULL, NULL),
	(128, 'CZ2022-0128', '2022-06-29', '', '', '', 0.10, '', NULL, NULL),
	(129, 'CZ2022-0129', '2022-06-29', '', '', '', 0.10, '', NULL, NULL),
	(130, 'CZ2022-0130', '2022-06-29', '', '', '25%', 0.10, '', NULL, NULL),
	(131, 'CZ2022-0131', '2022-06-29', '', '', '100%', 0.08, '100%', '100%', NULL),
	(132, 'CZ2022-0132', '2022-06-29', '', '', '', 0.12, '0.01,', NULL, NULL),
	(133, 'CZ2022-0133', '2022-06-29', '', '', '', 0.20, '100%0.20.02', NULL, NULL),
	(134, 'CZ2022-0134', '2022-06-29', '', '67.6', '67.6', 0.60, '10100%', '6.1', NULL),
	(135, 'CZ2022-0135', '2022-06-29', '', '79', '', 0.20, '202110202212100%', NULL, NULL),
	(136, 'CZ2022-0136', '2022-06-29', '', '79', '', 0.30, '202110202212100%', '8', NULL),
	(137, 'CZ2022-0137', '2022-06-29', '', '', '', 0.40, '9100%', '', NULL),
	(138, 'CZ2022-0138', '2022-06-29', '', '', '', 0.30, '1-30.340.2710.03', NULL, NULL),
	(139, 'CZ2022-0139', '2022-06-29', '', '', '', 0.05, '', NULL, NULL),
	(140, 'CZ2022-0140', '2022-06-29', '', '', '', 0.05, '', NULL, NULL),
	(141, 'CZ2022-0141', '2022-06-29', '', '', '', 0.05, '', NULL, NULL),
	(142, 'CZ2022-0142', '2022-06-29', '', '', '15050', 0.07, '', NULL, NULL),
	(143, 'CZ2022-0143', '2022-06-29', '', '', '', 0.08, '', '7%', NULL),
	(144, 'CZ2022-0144', '2022-06-29', '', '', '', 0.10, '100%100%100%0.01', NULL, NULL),
	(145, 'CZ2022-0145', '2022-06-29', '', '', '', 0.40, '10.410.04100%0.2', NULL, NULL),
	(146, 'CZ2022-0146', '2022-06-29', '', '', '', 0.20, '0.05/0.1/0.20.020.04', NULL, NULL),
	(147, 'CZ2022-0147', '2022-06-29', '', '', '', 0.20, '10.210.02', NULL, NULL),
	(148, 'CZ2022-0148', '2022-06-29', '', '', '', 0.40, '85%75%100%0.01', NULL, NULL),
	(149, 'CZ2022-0149', '2022-06-29', '', '', '', 0.30, '96%98%20220.30.03', NULL, NULL),
	(150, 'CZ2022-0150', '2022-06-29', '', '', 'PM2.5PM10O3', 0.30, '', NULL, NULL),
	(151, 'CZ2022-0151', '2022-06-29', '', '', '', 0.50, '', NULL, NULL),
	(152, 'CZ2022-0152', '2022-06-29', '', '', 'V', 0.20, '', NULL, NULL),
	(153, 'CZ2022-0153', '2022-06-29', '', '', '', 0.10, '', NULL, NULL),
	(154, 'CZ2022-0154', '2022-06-29', '', '', '', 0.25, '', NULL, NULL),
	(155, 'CZ2022-0155', '2022-06-29', '', '', '', 0.25, '', NULL, NULL),
	(156, 'CZ2022-0156', '2022-06-29', '', '', '', 0.20, '', NULL, NULL),
	(157, 'CZ2022-0157', '2022-06-29', '', '', '', 0.10, '', NULL, NULL),
	(158, 'CZ2022-0158', '2022-06-29', '', '', '', 0.10, '', NULL, NULL),
	(159, 'CZ2022-0159', '2022-06-29', '', '', '', 0.10, '', NULL, NULL),
	(160, 'CZ2022-0160', '2022-06-29', '', '', '', 0.70, '', NULL, NULL),
	(161, 'CZ2022-0161', '2022-06-29', '', '', '', 0.20, '', NULL, NULL),
	(162, 'CZ2022-0162', '2022-06-29', '', '', '', 0.20, '', NULL, NULL),
	(163, 'CZ2022-0163', '2022-06-29', '', '', '', 0.30, '', NULL, NULL),
	(164, 'CZ2022-0164', '2022-06-29', '', '', '', 0.05, '', '5', NULL),
	(165, 'CZ2022-0165', '2022-06-29', '', '', '5', 0.25, '', '5', NULL),
	(166, 'CZ2022-0166', '2022-06-29', '', '', '10.05', 0.20, '0.05', NULL, NULL),
	(167, 'CZ2022-0167', '2022-06-29', '', '', '', 0.05, '', NULL, NULL),
	(168, 'CZ2022-0168', '2022-06-29', '', '', '1', 0.05, '', NULL, NULL),
	(169, 'CZ2022-0169', '2022-06-29', '', '', '15%', 0.05, '', NULL, NULL),
	(170, 'CZ2022-0170', '2022-06-29', '', '', '12', 0.05, '', NULL, NULL),
	(171, 'CZ2022-0171', '2022-06-29', '', '', '50%', 0.05, '', NULL, NULL),
	(172, 'CZ2022-0172', '2022-06-29', '', '', '', 0.05, '', NULL, NULL),
	(173, 'CZ2022-0173', '2022-06-29', '', '', '1', 0.10, '', NULL, NULL),
	(174, 'CZ2022-0174', '2022-06-29', '', '', '1', 0.10, '', NULL, NULL),
	(175, 'CZ2022-0175', '2022-06-29', '', '', '', 0.02, '100%', '', NULL),
	(176, 'CZ2022-0176', '2022-06-29', '', '', '', 0.40, '100%', '100', NULL),
	(177, 'CZ2022-0177', '2022-06-29', '', '', '', 0.20, '100%0.1901-30.14-60.097-90.080.02', NULL, NULL),
	(178, 'CZ2022-0178', '2022-06-29', '', '', '12.7', 0.20, '100%', '3.2', NULL),
	(179, 'CZ2022-0179', '2022-06-29', '', '', '178.35000', 0.10, '100%', '21.3478', NULL),
	(180, 'CZ2022-0180', '2022-06-29', '', '', '', 0.20, '100%1-30.24-60.157-90.1104-90.05', NULL, NULL),
	(181, 'CZ2022-0181', '2022-06-29', '', '', '19', 0.10, '100%', '1', NULL),
	(182, 'CZ2022-0182', '2022-06-29', '', '', '5', 0.05, '100%', '1', NULL),
	(183, 'CZ2022-0183', '2022-06-29', '', '', '', 0.15, '100%', '240', NULL),
	(184, 'CZ2022-0184', '2022-06-29', '', '', '', 0.15, '100%', '', NULL),
	(185, 'CZ2022-0185', '2022-06-29', '', '', '', 0.30, '100%1-30.34-60.27-90.10.05', NULL, NULL),
	(186, 'CZ2022-0186', '2022-06-29', '', '', '', 0.15, '100%20221-30.154-60.17-90.050.01', NULL, NULL),
	(187, 'CZ2022-0187', '2022-06-29', '', '', '', 0.20, NULL, NULL, NULL),
	(188, 'CZ2022-0188', '2022-06-29', '', '', '', 0.20, '96%0.03', '96%', NULL),
	(189, 'CZ2022-0189', '2022-06-29', '', '99%65%', '99%65%', 0.20, '99%65%', '99%65%', NULL),
	(190, 'CZ2022-0190', '2022-06-29', '', '', '', 0.10, '100%', '100%', NULL),
	(191, 'CZ2022-0191', '2022-06-29', '', '', '', 0.20, '20%15%', '20%', NULL),
	(192, 'CZ2022-0192', '2022-06-29', '', '', '', 0.30, '300.020.005(0.1)0.10.0250.10.025', NULL, NULL),
	(193, 'CZ2022-0193', '2022-06-29', '', '', '', 0.20, '0.020.10.05', NULL, NULL),
	(194, 'CZ2022-0194', '2022-06-29', '', '', '', 0.30, '10.12', NULL, NULL),
	(195, 'CZ2022-0195', '2022-06-29', '', '', '', 0.20, '0.05-0.10.2', NULL, NULL),
	(196, 'CZ2022-0196', '2022-06-29', '', '', '', 0.30, NULL, NULL, NULL),
	(197, 'CZ2022-0197', '2022-06-29', '', '', '', 0.20, '0.110.0540%0.05', NULL, NULL),
	(198, 'CZ2022-0198', '2022-06-29', '', '', '', 0.30, '100%15%50%100%', NULL, NULL),
	(199, 'CZ2022-0199', '2022-06-29', '', '', '', 0.20, 'AED5AED1.5/1.3925%50%80%100%', NULL, NULL),
	(200, 'CZ2022-0200', '2022-06-29', '', '', '', 0.30, '50%202260%1', NULL, NULL),
	(201, 'CZ2022-0201', '2022-06-29', '', '1', '1', 0.20, '50%', '1', NULL),
	(202, 'CZ2022-0202', '2022-06-29', '', '', '', 0.10, '0.10.025()', '1', NULL),
	(203, 'CZ2022-0203', '2022-06-29', '', '', '', 0.10, '0.10.025()', '4', NULL),
	(204, 'CZ2022-0204', '2022-06-29', '', '411', '411', 0.20, '', '1', NULL),
	(205, 'CZ2022-0205', '2022-06-29', '', '', '', 0.10, '', '1', NULL),
	(206, 'CZ2022-0206', '2022-06-29', '', '', '', 0.40, '202221111', NULL, NULL),
	(207, 'CZ2022-0207', '2022-06-29', '', '10', '10', 0.30, '10', NULL, NULL),
	(208, 'CZ2022-0208', '2022-06-29', '', '', '', 0.20, '', NULL, NULL),
	(209, 'CZ2022-0209', '2022-06-29', '', '', '', 0.20, '', NULL, NULL),
	(210, 'CZ2022-0210', '2022-06-29', '', '3A', '3A', 0.20, '3A', NULL, NULL),
	(211, 'CZ2022-0211', '2022-06-29', '', '601', '601', 0.20, '601', NULL, NULL),
	(212, 'CZ2022-0212', '2022-06-29', '', '100%100%', '100%100%', 0.20, '100%100%', '100%', NULL),
	(213, 'CZ2022-0213', '2022-06-29', '', '', '100%2.04100%100%', 0.30, '100%2.04100%100%', NULL, NULL),
	(214, 'CZ2022-0214', '2022-06-29', '', '', '', 0.10, '60%', '60%', NULL),
	(215, 'CZ2022-0215', '2022-06-29', '', '', '', 0.10, '50%', '50%', NULL),
	(216, 'CZ2022-0216', '2022-06-29', '', '1', '1', 0.10, '1', '1', NULL),
	(217, 'CZ2022-0217', '2022-06-29', '', '', '', 0.10, '1', '1', NULL),
	(218, 'CZ2022-0218', '2022-06-29', '', '50', '50', 0.10, '50', '50', NULL),
	(219, 'CZ2022-0219', '2022-06-29', '', '2', '2', 0.20, '2', NULL, NULL),
	(220, 'CZ2022-0220', '2022-06-29', '', '2', '2', 0.20, '2', NULL, NULL),
	(221, 'CZ2022-0221', '2022-06-29', '', '3', '13', 0.20, '230013', NULL, NULL),
	(222, 'CZ2022-0222', '2022-06-29', '', '1171250%34', '1171250%34', 0.30, '1171250%34', NULL, NULL),
	(223, 'CZ2022-0223', '2022-06-29', '', '64010050', '64010050', 0.20, '64010050', '40', NULL),
	(224, 'CZ2022-0224', '2022-06-29', '', '100%90%', '100%90%', 0.10, '100%90%', NULL, NULL),
	(225, 'CZ2022-0225', '2022-06-29', '', '429[1]1212514121', '429[1]1212514121', 0.30, '429[1]1212514121', NULL, NULL),
	(226, 'CZ2022-0226', '2022-06-29', '', '', '', 0.20, '', NULL, NULL),
	(227, 'CZ2022-0227', '2022-06-29', '', '2110199110%', '2110199110%', 0.20, '2110199110%', NULL, NULL),
	(228, 'CZ2022-0228', '2022-06-29', '', '326912', '326912', 0.20, '326912', NULL, NULL),
	(229, 'CZ2022-0229', '2022-06-29', '', '2022', '2022', 2.50, '2022', NULL, NULL),
	(230, 'CZ2022-0230', '2022-06-29', '', '1-30.24-60.157-90.1', '1-30.24-60.157-90.1', 0.20, '1-30.24-60.157-90.1', NULL, NULL),
	(231, 'CZ2022-0231', '2022-06-29', '', '0.02590.210190.3200.40.40.0550.3100.40.40.20.40.1', '0.02590.210190.3200.40.40.0550.3100.40.40.20.40.1', 0.40, '0.02590.210190.3200.40.40.0550.3100.40.40.20.40.1', NULL, NULL),
	(232, 'CZ2022-0232', '2022-06-29', '', '', '', 0.30, '40.3450%4', NULL, NULL),
	(233, 'CZ2022-0233', '2022-06-29', '', '', '', 0.10, '0.025', NULL, NULL),
	(234, 'CZ2022-0234', '2022-06-29', '', '2022', '2022', 1.20, '2022', NULL, NULL),
	(235, 'CZ2022-0235', '2022-06-29', '', '', '', 0.20, '', NULL, NULL),
	(236, 'CZ2022-0236', '2022-06-29', '', '', '', 0.10, '', NULL, NULL),
	(237, 'CZ2022-0237', '2022-06-29', '', '', '', 0.10, '', NULL, NULL),
	(238, 'CZ2022-0238', '2022-06-29', '', '', '', 0.10, '95%90%', '95%90%', NULL),
	(239, 'CZ2022-0239', '2022-06-29', '', '', '', 0.20, '', NULL, NULL),
	(240, 'CZ2022-0240', '2022-06-29', '', '', '', 0.10, '', NULL, NULL),
	(241, 'CZ2022-0241', '2022-06-29', '', '137(', '137(', 0.10, '137(', NULL, NULL),
	(242, 'CZ2022-0242', '2022-06-29', '', '1121', '1121', 0.10, '1121', '1', NULL),
	(243, 'CZ2022-0243', '2022-06-29', '', '', '', 0.10, '', NULL, NULL),
	(244, 'CZ2022-0244', '2022-06-29', '', '0.2', '0.2', 0.20, '0.2', NULL, NULL),
	(245, 'CZ2022-0245', '2022-06-29', '', '10.05', '10.05', 0.10, '10.05', NULL, NULL),
	(246, 'CZ2022-0246', '2022-06-29', '', '', '', 0.10, '10.0510.02', NULL, NULL),
	(247, 'CZ2022-0247', '2022-06-29', '', '', '', 0.10, '0.05', NULL, NULL),
	(248, 'CZ2022-0248', '2022-06-29', '', '0.20.05', '0.20.05', 0.40, '0.20.05', NULL, NULL),
	(249, 'CZ2022-0249', '2022-06-29', '', '0.2', '0.2', 0.40, '0.2', NULL, NULL),
	(250, 'CZ2022-0250', '2022-06-29', '', '', '', 0.10, '0.10.1', NULL, NULL),
	(251, 'CZ2022-0251', '2022-06-29', '', '0.10.10.1', '0.10.10.1', 0.10, '0.10.10.1', NULL, NULL),
	(252, 'CZ2022-0252', '2022-06-29', '', '', '', 0.50, '2022', NULL, NULL);

INSERT INTO `ta_assessment_external` (`id`, `code`, `create_date`, `level_one`, `level_two`, `name`, `point`, `standard`) VALUES
	(3, 'EZ2022-0003', NULL, '', '', '', -1.00, '0.5 ');
INSERT INTO `ta_assessment_external` (`id`, `code`, `create_date`, `level_one`, `level_two`, `name`, `point`, `standard`) VALUES
	(4, 'EZ2022-0004', NULL, '', '', '', -0.10, '10.1'),
	(5, 'EZ2022-0005', NULL, '', '', '', -0.50, '0.25             '),
	(6, 'EZ2022-0006', NULL, '', '', '', -0.50, '0.1-0.5'),
	(7, 'EZ2022-0007', NULL, '', '', '', -0.25, '0.25');


INSERT INTO `ta_assessment_resp_department` (`assessment_id`, `resp_department_id`) VALUES
	(1, 14);
INSERT INTO `ta_assessment_resp_department` (`assessment_id`, `resp_department_id`) VALUES
	(2, 14),
	(3, 14),
	(4, 9),
	(4, 14),
	(5, 9),
	(5, 14),
	(6, 9),
	(6, 14),
	(7, 9),
	(7, 14),
	(8, 9),
	(8, 14),
	(9, 9),
	(9, 14),
	(10, 9),
	(10, 14),
	(11, 9),
	(11, 14),
	(12, 9),
	(12, 14),
	(13, 9),
	(13, 14),
	(14, 9),
	(14, 14),
	(15, 9),
	(15, 14),
	(16, 9),
	(16, 14),
	(17, 9),
	(17, 14),
	(18, 9),
	(18, 13),
	(19, 9),
	(19, 11),
	(19, 13),
	(19, 14),
	(20, 13),
	(21, 9),
	(21, 14),
	(22, 9),
	(22, 14),
	(23, 9),
	(23, 14),
	(24, 9),
	(24, 13),
	(24, 14),
	(25, 11),
	(26, 11),
	(26, 13),
	(26, 16),
	(26, 17),
	(27, 10),
	(27, 11),
	(28, 9),
	(29, 9),
	(30, 9),
	(31, 9),
	(32, 9),
	(32, 11),
	(32, 14),
	(33, 9),
	(33, 11),
	(33, 13),
	(33, 14),
	(34, 9),
	(34, 14),
	(35, 9),
	(35, 14),
	(36, 9),
	(36, 11),
	(36, 14),
	(36, 20),
	(37, 9),
	(37, 14),
	(38, 9),
	(39, 9),
	(40, 9),
	(41, 9),
	(42, 9),
	(43, 9),
	(44, 9),
	(45, 9),
	(46, 9),
	(47, 9),
	(48, 9),
	(49, 9),
	(50, 9),
	(51, 9),
	(52, 9),
	(53, 9),
	(54, 9),
	(55, 9),
	(56, 9),
	(56, 11),
	(57, 9),
	(57, 11),
	(58, 9),
	(58, 11),
	(59, 9),
	(60, 9),
	(61, 9),
	(62, 9),
	(63, 9),
	(64, 9),
	(65, 9),
	(66, 9),
	(67, 9),
	(68, 9),
	(69, 9),
	(70, 9),
	(71, 9),
	(72, 9),
	(73, 9),
	(74, 9),
	(75, 9),
	(76, 9),
	(77, 9),
	(78, 9),
	(78, 18),
	(79, 9),
	(79, 18),
	(80, 9),
	(80, 18),
	(81, 9),
	(81, 18),
	(82, 15),
	(83, 15),
	(84, 13),
	(85, 13),
	(86, 13),
	(87, 13),
	(88, 13),
	(89, 13),
	(90, 13),
	(91, 13),
	(92, 13),
	(93, 13),
	(94, 20),
	(95, 11),
	(95, 20),
	(96, 9),
	(96, 11),
	(96, 20),
	(97, 9),
	(98, 9),
	(99, 9),
	(100, 9),
	(101, 9),
	(102, 9),
	(103, 9),
	(104, 9),
	(105, 9),
	(105, 13),
	(105, 14),
	(106, 14),
	(107, 14),
	(108, 14),
	(109, 14),
	(110, 9),
	(110, 14),
	(111, 9),
	(111, 14),
	(112, 9),
	(112, 14),
	(113, 9),
	(113, 14),
	(114, 9),
	(114, 14),
	(115, 14),
	(116, 14),
	(117, 10),
	(118, 10),
	(119, 10),
	(120, 14),
	(120, 20),
	(121, 14),
	(121, 20),
	(122, 14),
	(122, 20),
	(123, 14),
	(123, 20),
	(124, 10),
	(124, 14),
	(124, 20),
	(125, 10),
	(125, 14),
	(125, 20),
	(126, 19),
	(127, 19),
	(128, 19),
	(129, 19),
	(130, 19),
	(131, 19),
	(132, 19),
	(133, 19),
	(134, 11),
	(135, 11),
	(136, 11),
	(137, 11),
	(138, 13),
	(139, 13),
	(140, 13),
	(141, 13),
	(142, 13),
	(143, 13),
	(144, 13),
	(145, 19),
	(146, 19),
	(147, 19),
	(148, 11),
	(149, 19),
	(150, 9),
	(150, 11),
	(150, 13),
	(150, 16),
	(150, 17),
	(150, 19),
	(151, 9),
	(151, 11),
	(151, 13),
	(151, 16),
	(151, 17),
	(151, 19),
	(152, 9),
	(152, 11),
	(152, 13),
	(152, 16),
	(152, 17),
	(152, 19),
	(153, 9),
	(153, 11),
	(153, 13),
	(153, 16),
	(153, 17),
	(153, 19),
	(154, 9),
	(154, 11),
	(154, 13),
	(154, 16),
	(154, 17),
	(154, 19),
	(155, 9),
	(155, 11),
	(155, 13),
	(155, 16),
	(155, 17),
	(155, 19),
	(156, 9),
	(156, 11),
	(156, 13),
	(156, 16),
	(156, 17),
	(156, 19),
	(157, 9),
	(157, 11),
	(157, 13),
	(157, 16),
	(157, 17),
	(157, 19),
	(158, 9),
	(158, 11),
	(158, 13),
	(158, 16),
	(158, 17),
	(158, 19),
	(159, 9),
	(159, 11),
	(159, 13),
	(159, 16),
	(159, 17),
	(159, 19),
	(160, 9),
	(160, 11),
	(160, 13),
	(160, 16),
	(160, 17),
	(160, 19),
	(161, 9),
	(161, 11),
	(161, 13),
	(161, 16),
	(161, 17),
	(161, 19),
	(162, 9),
	(162, 11),
	(162, 13),
	(162, 16),
	(162, 17),
	(162, 19),
	(163, 9),
	(163, 11),
	(163, 13),
	(163, 16),
	(163, 17),
	(163, 19),
	(164, 15),
	(165, 15),
	(166, 15),
	(167, 15),
	(168, 15),
	(169, 15),
	(170, 15),
	(171, 15),
	(172, 15),
	(173, 15),
	(174, 15),
	(175, 11),
	(176, 11),
	(177, 11),
	(178, 11),
	(179, 11),
	(179, 13),
	(180, 11),
	(180, 13),
	(181, 11),
	(182, 11),
	(183, 11),
	(184, 9),
	(184, 11),
	(184, 15),
	(184, 19),
	(185, 9),
	(185, 11),
	(185, 15),
	(185, 19),
	(186, 9),
	(186, 11),
	(186, 15),
	(186, 19),
	(187, 9),
	(188, 9),
	(189, 10),
	(190, 10),
	(191, 10),
	(192, 10),
	(193, 10),
	(194, 10),
	(195, 10),
	(196, 10),
	(197, 10),
	(198, 10),
	(199, 10),
	(200, 10),
	(201, 10),
	(202, 15),
	(203, 15),
	(204, 15),
	(205, 15),
	(206, 10),
	(206, 18),
	(207, 10),
	(208, 10),
	(209, 10),
	(210, 10),
	(211, 10),
	(212, 10),
	(213, 10),
	(214, 10),
	(215, 10),
	(216, 10),
	(217, 10),
	(218, 10),
	(219, 10),
	(220, 10),
	(221, 10),
	(222, 10),
	(223, 10),
	(224, 10),
	(225, 15),
	(226, 15),
	(227, 10),
	(228, 18),
	(229, 8),
	(230, 8),
	(231, 8),
	(232, 8),
	(233, 8),
	(234, 9),
	(234, 10),
	(234, 11),
	(234, 13),
	(234, 19),
	(235, 11),
	(236, 11),
	(237, 11),
	(238, 11),
	(239, 9),
	(239, 10),
	(239, 11),
	(239, 13),
	(239, 19),
	(240, 9),
	(240, 10),
	(240, 11),
	(240, 13),
	(240, 19),
	(241, 9),
	(241, 10),
	(241, 11),
	(241, 13),
	(241, 19),
	(242, 9),
	(242, 10),
	(242, 11),
	(242, 13),
	(242, 19),
	(244, 8),
	(244, 9),
	(244, 11),
	(244, 12),
	(245, 8),
	(245, 9),
	(245, 11),
	(245, 12),
	(246, 8),
	(246, 9),
	(246, 11),
	(246, 12),
	(247, 8),
	(247, 9),
	(247, 11),
	(247, 12),
	(248, 8),
	(249, 6),
	(249, 8),
	(250, 19),
	(251, 8),
	(252, 6);

INSERT INTO `ta_assessment_resp_user` (`assessment_id`, `resp_user_id`) VALUES
	(1, 5);
INSERT INTO `ta_assessment_resp_user` (`assessment_id`, `resp_user_id`) VALUES
	(1, 10),
	(1, 18),
	(1, 20),
	(2, 5),
	(2, 10),
	(2, 18),
	(2, 20),
	(3, 5),
	(3, 10),
	(3, 18),
	(3, 20),
	(4, 5),
	(4, 10),
	(4, 15),
	(4, 18),
	(4, 20),
	(5, 5),
	(5, 10),
	(5, 15),
	(5, 18),
	(5, 20),
	(6, 18),
	(6, 22),
	(7, 18),
	(7, 22),
	(8, 18),
	(8, 22),
	(9, 5),
	(9, 10),
	(9, 15),
	(9, 18),
	(9, 20),
	(10, 5),
	(10, 10),
	(10, 15),
	(10, 18),
	(10, 20),
	(11, 5),
	(11, 10),
	(11, 15),
	(11, 18),
	(11, 20),
	(12, 5),
	(12, 10),
	(12, 15),
	(12, 18),
	(12, 20),
	(13, 5),
	(13, 10),
	(13, 15),
	(13, 18),
	(13, 20),
	(14, 5),
	(14, 10),
	(14, 15),
	(14, 18),
	(14, 20),
	(15, 18),
	(15, 22),
	(16, 18),
	(16, 22),
	(17, 18),
	(17, 22),
	(18, 15),
	(18, 18),
	(18, 21),
	(19, 3),
	(19, 5),
	(19, 15),
	(19, 17),
	(19, 18),
	(19, 21),
	(20, 21),
	(21, 5),
	(21, 10),
	(21, 15),
	(21, 18),
	(21, 20),
	(22, 15),
	(23, 18),
	(24, 5),
	(24, 15),
	(24, 18),
	(24, 21),
	(25, 17),
	(26, 6),
	(26, 17),
	(26, 21),
	(27, 16),
	(27, 17),
	(28, 15),
	(29, 15),
	(30, 15),
	(31, 15),
	(32, 5),
	(32, 10),
	(32, 15),
	(32, 17),
	(32, 18),
	(32, 20),
	(33, 10),
	(33, 15),
	(33, 17),
	(33, 18),
	(33, 20),
	(33, 21),
	(34, 5),
	(34, 10),
	(34, 15),
	(34, 18),
	(34, 20),
	(35, 5),
	(35, 10),
	(35, 15),
	(35, 18),
	(35, 20),
	(36, 5),
	(36, 10),
	(36, 15),
	(36, 17),
	(36, 18),
	(36, 19),
	(36, 20),
	(37, 5),
	(37, 10),
	(37, 15),
	(37, 18),
	(37, 20),
	(38, 5),
	(38, 15),
	(38, 18),
	(39, 15),
	(40, 15),
	(41, 15),
	(42, 15),
	(43, 15),
	(44, 15),
	(45, 15),
	(46, 15),
	(47, 15),
	(48, 15),
	(49, 15),
	(50, 15),
	(51, 15),
	(52, 15),
	(53, 15),
	(54, 15),
	(55, 15),
	(56, 15),
	(56, 19),
	(57, 15),
	(57, 19),
	(58, 15),
	(58, 19),
	(59, 15),
	(60, 15),
	(61, 18),
	(61, 22),
	(62, 18),
	(62, 22),
	(63, 18),
	(63, 22),
	(64, 18),
	(64, 22),
	(65, 18),
	(65, 22),
	(66, 18),
	(66, 22),
	(67, 18),
	(67, 22),
	(68, 15),
	(69, 15),
	(70, 15),
	(71, 15),
	(72, 15),
	(73, 15),
	(74, 15),
	(75, 15),
	(76, 15),
	(77, 15),
	(78, 15),
	(79, 15),
	(80, 15),
	(81, 15),
	(82, 9),
	(83, 9),
	(84, 21),
	(85, 21),
	(86, 21),
	(87, 21),
	(88, 21),
	(89, 21),
	(90, 21),
	(91, 21),
	(92, 21),
	(93, 21),
	(94, 17),
	(95, 17),
	(95, 19),
	(96, 15),
	(96, 17),
	(96, 19),
	(97, 15),
	(98, 15),
	(99, 15),
	(100, 15),
	(101, 15),
	(102, 15),
	(103, 15),
	(104, 15),
	(105, 15),
	(105, 18),
	(105, 21),
	(106, 18),
	(107, 18),
	(108, 18),
	(109, 18),
	(110, 15),
	(110, 18),
	(111, 15),
	(111, 18),
	(112, 15),
	(112, 18),
	(113, 15),
	(113, 18),
	(114, 15),
	(114, 18),
	(115, 18),
	(116, 18),
	(117, 16),
	(118, 16),
	(119, 16),
	(120, 5),
	(120, 10),
	(120, 17),
	(120, 18),
	(120, 20),
	(121, 5),
	(121, 10),
	(121, 17),
	(121, 18),
	(121, 20),
	(122, 5),
	(122, 10),
	(122, 17),
	(122, 18),
	(122, 20),
	(123, 5),
	(123, 10),
	(123, 17),
	(123, 18),
	(123, 20),
	(124, 5),
	(124, 10),
	(124, 16),
	(124, 17),
	(124, 18),
	(124, 20),
	(125, 5),
	(125, 10),
	(125, 16),
	(125, 17),
	(125, 18),
	(125, 20),
	(126, 11),
	(127, 11),
	(128, 11),
	(129, 11),
	(130, 11),
	(131, 11),
	(132, 11),
	(133, 11),
	(134, 17),
	(135, 17),
	(136, 17),
	(137, 17),
	(138, 21),
	(139, 21),
	(140, 21),
	(141, 21),
	(142, 21),
	(143, 21),
	(144, 21),
	(145, 12),
	(146, 12),
	(147, 12),
	(148, 19),
	(149, 12),
	(150, 6),
	(150, 11),
	(150, 15),
	(150, 17),
	(150, 21),
	(151, 6),
	(151, 11),
	(151, 15),
	(151, 17),
	(151, 21),
	(152, 6),
	(152, 11),
	(152, 15),
	(152, 17),
	(152, 21),
	(153, 6),
	(153, 11),
	(153, 15),
	(153, 17),
	(153, 21),
	(154, 6),
	(154, 11),
	(154, 15),
	(154, 17),
	(154, 21),
	(155, 6),
	(155, 11),
	(155, 15),
	(155, 17),
	(155, 21),
	(156, 6),
	(156, 11),
	(156, 15),
	(156, 17),
	(156, 21),
	(157, 6),
	(157, 11),
	(157, 15),
	(157, 17),
	(157, 21),
	(158, 6),
	(158, 11),
	(158, 15),
	(158, 17),
	(158, 21),
	(159, 6),
	(159, 11),
	(159, 15),
	(159, 17),
	(159, 21),
	(160, 6),
	(160, 11),
	(160, 15),
	(160, 17),
	(160, 21),
	(161, 6),
	(161, 11),
	(161, 15),
	(161, 17),
	(161, 21),
	(162, 6),
	(162, 11),
	(162, 15),
	(162, 17),
	(162, 21),
	(163, 6),
	(163, 11),
	(163, 15),
	(163, 17),
	(163, 21),
	(164, 9),
	(165, 9),
	(166, 9),
	(167, 9),
	(168, 9),
	(169, 9),
	(170, 9),
	(171, 9),
	(172, 9),
	(173, 9),
	(174, 9),
	(175, 17),
	(176, 19),
	(177, 17),
	(178, 17),
	(179, 17),
	(179, 21),
	(180, 17),
	(180, 21),
	(181, 17),
	(182, 17),
	(183, 17),
	(184, 6),
	(184, 9),
	(184, 11),
	(184, 12),
	(184, 17),
	(185, 6),
	(185, 9),
	(185, 11),
	(185, 12),
	(185, 17),
	(186, 6),
	(186, 9),
	(186, 11),
	(186, 12),
	(186, 17),
	(187, 15),
	(188, 15),
	(189, 16),
	(190, 16),
	(191, 16),
	(192, 16),
	(193, 16),
	(194, 16),
	(195, 16),
	(196, 16),
	(197, 16),
	(198, 16),
	(199, 16),
	(200, 16),
	(201, 16),
	(202, 9),
	(203, 9),
	(204, 9),
	(205, 9),
	(206, 15),
	(206, 16),
	(207, 16),
	(208, 16),
	(209, 16),
	(210, 16),
	(211, 16),
	(212, 16),
	(213, 16),
	(214, 16),
	(215, 16),
	(216, 16),
	(217, 16),
	(218, 16),
	(219, 16),
	(220, 16),
	(221, 16),
	(222, 16),
	(223, 16),
	(224, 12),
	(224, 16),
	(225, 9),
	(226, 9),
	(227, 16),
	(228, 16),
	(229, 6),
	(229, 11),
	(230, 6),
	(230, 11),
	(231, 6),
	(231, 11),
	(232, 6),
	(232, 11),
	(233, 6),
	(233, 11),
	(234, 6),
	(234, 12),
	(234, 15),
	(234, 16),
	(234, 17),
	(234, 21),
	(235, 17),
	(236, 17),
	(237, 17),
	(238, 17),
	(239, 6),
	(239, 12),
	(239, 15),
	(239, 16),
	(239, 17),
	(239, 21),
	(240, 6),
	(240, 12),
	(240, 15),
	(240, 16),
	(240, 17),
	(240, 21),
	(241, 6),
	(241, 12),
	(241, 15),
	(241, 16),
	(241, 17),
	(241, 21),
	(242, 6),
	(242, 12),
	(242, 15),
	(242, 16),
	(242, 17),
	(242, 21),
	(243, 6),
	(244, 6),
	(244, 11),
	(244, 15),
	(244, 17),
	(245, 6),
	(245, 11),
	(245, 15),
	(245, 17),
	(246, 6),
	(246, 11),
	(246, 15),
	(246, 17),
	(247, 6),
	(247, 11),
	(247, 15),
	(247, 17),
	(248, 6),
	(249, 6),
	(250, 6),
	(250, 12),
	(251, 6),
	(251, 11),
	(252, 6);

INSERT INTO `ta_plan` (`id`, `code`, `status`, `update_time`, `assessment_id`, `department_id`, `user_id`) VALUES
	(2, 'JH2022-0001', 'AWAITING_REVIEW', '2022-07-19 15:54:39.081524', 230, 8, 48);

INSERT INTO `ta_plan_detail` (`id`, `end_date`, `name`, `remark`, `start_date`, `value`, `value_type`, `plan_id`, `task_id`, `user_id`) VALUES
	(2, '2022-12-31', '', NULL, '2022-01-01', '', NULL, 2, 2, 321);

INSERT INTO `ta_task` (`id`, `progress`, `remark`, `status`, `update_time`, `value`, `value_type`) VALUES
	(2, 0, NULL, 'NONE_REVIEW', '2022-07-19 15:54:39.081524', NULL, NULL);

INSERT INTO `user` (`id`, `name`, `privilege`, `station`, `user_order`, `department_id`, `parent_id`, `password`, `gender`, `is_deleted`, `phone`) VALUES
	(-999, 'admin', 'ADMIN', '', NULL, -999, NULL, NULL, NULL, NULL, NULL);
INSERT INTO `user` (`id`, `name`, `privilege`, `station`, `user_order`, `department_id`, `parent_id`, `password`, `gender`, `is_deleted`, `phone`) VALUES
	(1, '', 'DEPT', '', NULL, 1, NULL, '123abc', NULL, NULL, NULL),
	(2, '', 'FIRST', '', NULL, 2, NULL, 'zhaoxiaolong123', NULL, NULL, NULL),
	(3, '', 'DOUBLE', '', NULL, 3, NULL, NULL, NULL, NULL, NULL),
	(4, '', 'DOUBLE', '', NULL, 3, NULL, NULL, NULL, NULL, NULL),
	(5, '', 'DOUBLE', ' ()', NULL, 3, NULL, 'hy1415926', NULL, NULL, NULL),
	(6, '', 'DOUBLE', ' ()', NULL, 3, NULL, 'jlm031128', NULL, NULL, NULL),
	(7, '', 'DOUBLE', '', NULL, 3, NULL, '770608aa', NULL, NULL, NULL),
	(8, '', 'DOUBLE', ' ()', NULL, 3, NULL, '860522sxy', NULL, NULL, NULL),
	(9, '', 'DOUBLE', ' ()', NULL, 3, NULL, NULL, NULL, NULL, NULL),
	(10, '', 'DOUBLE', ' ()', NULL, 3, NULL, 'wuxf123456', NULL, NULL, NULL),
	(11, '', 'DOUBLE', ' ()', NULL, 3, NULL, 'zsp134679', NULL, NULL, NULL),
	(12, '', 'DOUBLE', '', NULL, 3, NULL, NULL, NULL, NULL, NULL),
	(13, '', 'DOUBLE', '', NULL, 3, NULL, NULL, NULL, NULL, NULL),
	(14, '', 'DOUBLE', '', NULL, 3, NULL, NULL, NULL, NULL, NULL),
	(15, '', 'DOUBLE', ' ()', NULL, 3, NULL, 'panqh302', NULL, NULL, NULL),
	(16, '', 'DOUBLE', ' ()', NULL, 3, NULL, 'QAZ7895123', NULL, NULL, NULL),
	(17, '', 'DOUBLE', ' ()', NULL, 3, NULL, 'swh639285', NULL, NULL, NULL),
	(18, '', 'DOUBLE', ' ()', NULL, 3, NULL, '092116cherish', NULL, NULL, NULL),
	(19, '', 'DOUBLE', ' ()', NULL, 3, NULL, 'zbq123456', NULL, NULL, NULL),
	(20, '', 'DOUBLE', ' ()', NULL, 3, NULL, 'yf20021111', NULL, NULL, NULL),
	(21, '', 'DOUBLE', ' ()', NULL, 3, NULL, NULL, NULL, NULL, NULL),
	(22, '', 'DOUBLE', ' ()', NULL, 3, NULL, NULL, NULL, NULL, NULL),
	(23, '', 'DOUBLE', ' ()', NULL, 3, NULL, NULL, NULL, NULL, NULL),
	(24, '', 'DOUBLE', ' ()', NULL, 3, NULL, NULL, NULL, NULL, NULL),
	(25, '', 'DOUBLE', ' ()', NULL, 3, NULL, NULL, NULL, NULL, NULL),
	(26, '', 'DOUBLE', ' ()', NULL, 3, NULL, NULL, NULL, NULL, NULL),
	(27, '', 'DOUBLE', ' ()', NULL, 3, NULL, NULL, NULL, NULL, NULL),
	(28, '', 'DEPT_J', '', NULL, 4, NULL, '123abc', NULL, NULL, NULL),
	(29, '', 'DEPT_Z', '', NULL, 5, NULL, '123abc', NULL, NULL, NULL),
	(30, '', 'FIRST', '', NULL, 6, NULL, 'rkb19851003', NULL, NULL, NULL),
	(31, '', 'DOUBLE', '', NULL, 6, NULL, NULL, NULL, NULL, NULL),
	(32, '', NULL, '', NULL, 6, NULL, 'C737589', NULL, NULL, NULL),
	(33, '', NULL, '', NULL, 6, NULL, NULL, NULL, NULL, NULL),
	(34, '', NULL, '', NULL, 6, NULL, NULL, NULL, NULL, NULL),
	(35, '', NULL, 'OA', NULL, 6, NULL, NULL, NULL, NULL, NULL),
	(36, '', NULL, '', NULL, 6, NULL, NULL, NULL, NULL, NULL),
	(37, '', NULL, '', NULL, 6, NULL, 'sting312', NULL, NULL, NULL),
	(38, '', NULL, '', NULL, 6, NULL, NULL, NULL, NULL, NULL),
	(39, '', NULL, '', NULL, 6, NULL, 'Wh199412', NULL, NULL, NULL),
	(40, '', 'FIRST', '', NULL, 7, NULL, NULL, NULL, NULL, NULL),
	(41, '', NULL, '', NULL, 7, NULL, NULL, NULL, NULL, NULL),
	(42, '', NULL, '', NULL, 7, NULL, 'sxm1998', NULL, NULL, NULL),
	(44, '', NULL, '', NULL, 7, NULL, NULL, NULL, NULL, NULL),
	(45, '', NULL, '', NULL, 7, NULL, NULL, NULL, NULL, NULL),
	(46, '', NULL, '', NULL, 7, NULL, NULL, NULL, NULL, NULL),
	(48, '', 'FIRST', '', NULL, 8, NULL, NULL, NULL, NULL, NULL),
	(49, '', 'DOUBLE', '', NULL, 8, NULL, NULL, NULL, NULL, NULL),
	(50, '', 'DOUBLE', '', NULL, 8, NULL, 'bbzz110', NULL, NULL, NULL),
	(51, '', NULL, '', NULL, 8, NULL, NULL, NULL, NULL, NULL),
	(52, '', NULL, '', NULL, 8, NULL, NULL, NULL, NULL, NULL),
	(53, '', NULL, '', NULL, 8, NULL, NULL, NULL, NULL, NULL),
	(54, '', NULL, '', NULL, 8, NULL, NULL, NULL, NULL, NULL),
	(55, '', NULL, '', NULL, 8, NULL, NULL, NULL, NULL, NULL),
	(56, '', NULL, '', NULL, 8, NULL, 'whj938145', NULL, NULL, NULL),
	(57, '', NULL, '12349', NULL, 8, NULL, NULL, NULL, NULL, NULL),
	(58, '', NULL, '', NULL, 8, NULL, NULL, NULL, NULL, NULL),
	(59, '', NULL, '', NULL, 8, NULL, 'qie19920819', NULL, NULL, NULL),
	(60, '', NULL, '', NULL, 8, NULL, NULL, NULL, NULL, NULL),
	(61, '', NULL, '', NULL, 8, NULL, NULL, NULL, NULL, NULL),
	(62, '', NULL, '', NULL, 8, NULL, NULL, NULL, NULL, NULL),
	(63, '', NULL, '', NULL, 8, NULL, NULL, NULL, NULL, NULL),
	(64, '', NULL, '', NULL, 8, NULL, NULL, NULL, NULL, NULL),
	(65, '', NULL, '', NULL, 8, NULL, NULL, NULL, NULL, NULL),
	(66, '', NULL, '', NULL, 8, NULL, NULL, NULL, NULL, NULL),
	(67, '', NULL, '', NULL, 8, NULL, NULL, NULL, NULL, NULL),
	(68, '', NULL, '', NULL, 8, NULL, NULL, NULL, NULL, NULL),
	(69, '', NULL, '', NULL, 8, NULL, NULL, NULL, NULL, NULL),
	(70, '', NULL, '', NULL, 8, NULL, NULL, NULL, NULL, NULL),
	(71, '', NULL, '', NULL, 8, NULL, NULL, NULL, NULL, NULL),
	(72, '', NULL, '', NULL, 8, NULL, 'CHENguowei711228', NULL, NULL, NULL),
	(73, '', NULL, '', NULL, 8, NULL, NULL, NULL, NULL, NULL),
	(74, '', NULL, '', NULL, 8, NULL, NULL, NULL, NULL, NULL),
	(75, '', 'FIRST', '', NULL, 9, NULL, NULL, NULL, NULL, NULL),
	(76, '', 'DOUBLE', '', NULL, 9, NULL, NULL, NULL, NULL, NULL),
	(77, '', 'DOUBLE', '', NULL, 9, NULL, NULL, NULL, NULL, NULL),
	(78, '', 'DOUBLE', '', NULL, 9, NULL, NULL, NULL, NULL, NULL),
	(79, '', NULL, '', NULL, 9, NULL, NULL, NULL, NULL, NULL),
	(80, '', NULL, '', NULL, 9, NULL, 'Sky6786713', NULL, NULL, NULL),
	(81, '', NULL, '()', NULL, 9, NULL, 'qmt886785428', NULL, NULL, NULL),
	(82, '', NULL, '', NULL, 9, NULL, 'a123371182', NULL, NULL, NULL),
	(83, '', NULL, '', NULL, 9, NULL, '9302lovelyt', NULL, NULL, NULL),
	(84, '', NULL, '', NULL, 9, NULL, NULL, NULL, NULL, NULL),
	(85, '', NULL, '', NULL, 9, NULL, 'zqyaijxd1211', NULL, NULL, NULL),
	(86, '', NULL, '', NULL, 9, NULL, NULL, NULL, NULL, NULL),
	(87, '', NULL, '', NULL, 9, NULL, NULL, NULL, NULL, NULL),
	(88, '', NULL, '', NULL, 9, NULL, NULL, NULL, NULL, NULL),
	(89, '', NULL, '', NULL, 9, NULL, NULL, NULL, NULL, NULL),
	(90, '', NULL, '', NULL, 9, NULL, 'wangyu199302', NULL, NULL, NULL),
	(91, '', NULL, '', NULL, 9, NULL, NULL, NULL, NULL, NULL),
	(92, '', NULL, '', NULL, 9, NULL, 'Bb258963', NULL, NULL, NULL),
	(93, '', NULL, '', NULL, 9, NULL, 'shan1020qiong', NULL, NULL, NULL),
	(94, '', NULL, '', NULL, 9, NULL, NULL, NULL, NULL, NULL),
	(95, '', NULL, '', NULL, 9, NULL, 'chenlong0704', NULL, NULL, NULL),
	(96, '', NULL, '', NULL, 9, NULL, NULL, NULL, NULL, NULL),
	(97, '', NULL, '', NULL, 9, NULL, NULL, NULL, NULL, NULL),
	(98, '', 'FIRST', '', NULL, 10, NULL, NULL, NULL, NULL, NULL),
	(99, '', 'DOUBLE', '', NULL, 10, NULL, 'wym970101', NULL, NULL, NULL),
	(100, '', NULL, '', NULL, 10, NULL, NULL, NULL, NULL, NULL),
	(101, '', 'DOUBLE', '', NULL, 10, NULL, 'j123456', NULL, NULL, NULL),
	(102, '', NULL, '', NULL, 10, NULL, NULL, NULL, NULL, NULL),
	(103, '', NULL, '', NULL, 10, NULL, NULL, NULL, NULL, NULL),
	(104, '', 'DOUBLE', '', NULL, 6, NULL, 'fy09061110', NULL, NULL, NULL),
	(105, '', NULL, '', NULL, 10, NULL, NULL, NULL, NULL, NULL),
	(106, '', NULL, '', NULL, 10, NULL, NULL, NULL, NULL, NULL),
	(107, '', NULL, '', NULL, 10, NULL, NULL, NULL, NULL, NULL),
	(108, '', NULL, '', NULL, 10, NULL, 'cw112233', NULL, NULL, NULL),
	(109, '', NULL, '', NULL, 10, NULL, 'Aa123456', NULL, NULL, NULL),
	(110, '', 'DOUBLE', '', NULL, 10, NULL, NULL, NULL, NULL, NULL),
	(111, '', NULL, '', NULL, 10, NULL, 'hjy123456', NULL, NULL, NULL),
	(112, '', NULL, '', NULL, 10, NULL, NULL, NULL, NULL, NULL),
	(113, '', NULL, '', NULL, 10, NULL, NULL, NULL, NULL, NULL),
	(114, '', NULL, '', NULL, 10, NULL, NULL, NULL, NULL, NULL),
	(115, '', NULL, '', NULL, 10, NULL, 'yanjing985', NULL, NULL, NULL),
	(116, '', 'FIRST', '', NULL, 11, NULL, 'Jwb8788Yhq', NULL, NULL, NULL),
	(117, '', 'DOUBLE', '', NULL, 11, NULL, NULL, NULL, NULL, NULL),
	(118, '', 'DOUBLE', '', NULL, 11, NULL, 'swj860102', NULL, NULL, NULL),
	(119, '', NULL, '', NULL, 11, NULL, NULL, NULL, NULL, NULL),
	(120, '', NULL, '', NULL, 11, NULL, NULL, NULL, NULL, NULL),
	(121, '', NULL, '', NULL, 11, NULL, NULL, NULL, NULL, NULL),
	(122, '', NULL, 'G528', NULL, 7, NULL, 'xym836809', NULL, NULL, NULL),
	(123, '', NULL, '', NULL, 11, NULL, 'cjb123456', NULL, NULL, NULL),
	(124, '', NULL, '', NULL, 11, NULL, NULL, NULL, NULL, NULL),
	(125, '', NULL, '', NULL, 11, NULL, '19931001zh', NULL, NULL, NULL),
	(126, '', NULL, '', NULL, 11, NULL, NULL, NULL, NULL, NULL),
	(127, '', NULL, '', NULL, 11, NULL, NULL, NULL, NULL, NULL),
	(128, '', NULL, '', NULL, 11, NULL, 'zyf692661', NULL, NULL, NULL),
	(129, '', NULL, '', NULL, 11, NULL, NULL, NULL, NULL, NULL),
	(130, '', NULL, '', NULL, 11, NULL, 'dy1281922824', NULL, NULL, NULL),
	(131, '', NULL, '', NULL, 11, NULL, NULL, NULL, NULL, NULL),
	(132, '', NULL, '', NULL, 11, NULL, NULL, NULL, NULL, NULL),
	(133, '', NULL, '', NULL, 11, NULL, NULL, NULL, NULL, NULL),
	(134, '', 'FIRST', '', NULL, 32, NULL, 'zbq123456', NULL, NULL, NULL),
	(135, '', NULL, '', NULL, 11, NULL, NULL, NULL, NULL, NULL),
	(136, '', NULL, '', NULL, 11, NULL, 'xb661581', NULL, NULL, NULL),
	(137, '', NULL, '', NULL, 11, NULL, NULL, NULL, NULL, NULL),
	(138, '', NULL, '', NULL, 11, NULL, 'zxq446770230qq', NULL, NULL, NULL),
	(139, '', 'DOUBLE', '', NULL, 32, NULL, 'zbq123456', NULL, NULL, NULL),
	(140, '', NULL, '', NULL, 11, NULL, NULL, NULL, NULL, NULL),
	(141, '', NULL, '', NULL, 11, NULL, NULL, NULL, NULL, NULL),
	(142, '', NULL, '', NULL, 11, NULL, 'qian1020', NULL, NULL, NULL),
	(143, '', 'FIRST', '', NULL, 12, NULL, NULL, NULL, NULL, NULL),
	(144, '', NULL, '', NULL, 12, NULL, NULL, NULL, NULL, NULL),
	(145, '', 'DOUBLE', '', NULL, 12, NULL, 'syj123456', NULL, NULL, NULL),
	(146, '', NULL, ' ', NULL, 12, NULL, NULL, NULL, NULL, NULL),
	(147, '', NULL, '', NULL, 12, NULL, NULL, NULL, NULL, NULL),
	(148, '', NULL, '10', NULL, 11, NULL, NULL, NULL, NULL, NULL),
	(149, '', NULL, '9', NULL, 10, NULL, NULL, NULL, NULL, NULL),
	(150, '', NULL, '', NULL, 12, NULL, NULL, NULL, NULL, NULL),
	(151, '', 'DOUBLE', '', NULL, 12, NULL, NULL, NULL, NULL, NULL),
	(152, '', NULL, '', NULL, 12, NULL, NULL, NULL, NULL, NULL),
	(153, '', NULL, '10', NULL, 12, NULL, NULL, NULL, NULL, NULL),
	(155, '', 'FIRST', '', NULL, 13, NULL, NULL, NULL, NULL, NULL),
	(156, '', 'DOUBLE', '', NULL, 13, NULL, '1', NULL, NULL, NULL),
	(157, '', NULL, '', NULL, 13, NULL, NULL, NULL, NULL, NULL),
	(158, '', 'DOUBLE', '', NULL, 13, NULL, NULL, NULL, NULL, NULL),
	(160, '', NULL, '', NULL, 13, NULL, NULL, NULL, NULL, NULL),
	(161, '', NULL, '', NULL, 13, NULL, NULL, NULL, NULL, NULL),
	(162, '', NULL, '', NULL, 13, NULL, 'Y851303', NULL, NULL, NULL),
	(163, '', NULL, '', NULL, 13, NULL, 'zg123456', NULL, NULL, NULL),
	(164, '', NULL, '', NULL, 13, NULL, 'xk561783', NULL, NULL, NULL),
	(165, '', 'DOUBLE', '', NULL, 13, NULL, NULL, NULL, NULL, NULL),
	(166, '', NULL, '', NULL, 13, NULL, NULL, NULL, NULL, NULL),
	(167, '', NULL, '', NULL, 13, NULL, NULL, NULL, NULL, NULL),
	(168, '', NULL, '', NULL, 13, NULL, NULL, NULL, NULL, NULL),
	(169, '', NULL, '', NULL, 13, NULL, 'yxf061230', NULL, NULL, NULL),
	(170, '', NULL, '', NULL, 13, NULL, NULL, NULL, NULL, NULL),
	(171, '', NULL, '', NULL, 13, NULL, NULL, NULL, NULL, NULL),
	(172, '', 'FIRST', '', NULL, 14, NULL, NULL, NULL, NULL, NULL),
	(173, '', 'DOUBLE', '', NULL, 14, NULL, NULL, NULL, NULL, NULL),
	(174, '', 'DOUBLE', '', NULL, 14, NULL, 'czh191126', NULL, NULL, NULL),
	(175, '', NULL, '', NULL, 14, NULL, NULL, NULL, NULL, NULL),
	(176, '', 'DOUBLE', '', NULL, 14, NULL, 'zwz820616', NULL, NULL, NULL),
	(177, '', NULL, '', NULL, 14, NULL, NULL, NULL, NULL, NULL),
	(178, '', NULL, '', NULL, 14, NULL, NULL, NULL, NULL, NULL),
	(179, '', NULL, '', NULL, 14, NULL, '930805ABCd', NULL, NULL, NULL),
	(180, '', NULL, '', NULL, 14, NULL, 'zst19970309', NULL, NULL, NULL),
	(181, '', NULL, '', NULL, 14, NULL, NULL, NULL, NULL, NULL),
	(182, '', NULL, '', NULL, 14, NULL, 'dan9719', NULL, NULL, NULL),
	(183, '', NULL, '', NULL, 14, NULL, 'ruirui0119zhuo', NULL, NULL, NULL),
	(184, '', NULL, '', NULL, 14, NULL, NULL, NULL, NULL, NULL),
	(185, '', NULL, '', NULL, 14, NULL, NULL, NULL, NULL, NULL),
	(186, '', 'FIRST', '', NULL, 15, NULL, '1984114516shen', NULL, NULL, NULL),
	(187, '', 'DOUBLE', '', NULL, 15, NULL, NULL, NULL, NULL, NULL),
	(188, '', NULL, '', NULL, 15, NULL, 'Syy19930908', NULL, NULL, NULL),
	(189, '', NULL, '', NULL, 15, NULL, NULL, NULL, NULL, NULL),
	(190, '', NULL, '', NULL, 15, NULL, NULL, NULL, NULL, NULL),
	(191, '', NULL, '', NULL, 15, NULL, NULL, NULL, NULL, NULL),
	(192, '', NULL, '', NULL, 15, NULL, NULL, NULL, NULL, NULL),
	(193, '', NULL, '', NULL, 15, NULL, NULL, NULL, NULL, NULL),
	(194, '', NULL, '', NULL, 15, NULL, NULL, NULL, NULL, NULL),
	(195, '', NULL, '', NULL, 15, NULL, NULL, NULL, NULL, NULL),
	(196, '', NULL, '', NULL, 15, NULL, NULL, NULL, NULL, NULL),
	(197, '', NULL, '', NULL, 15, NULL, NULL, NULL, NULL, NULL),
	(198, '', NULL, '', NULL, 15, NULL, NULL, NULL, NULL, NULL),
	(199, '', NULL, '', NULL, 15, NULL, '1114924648cn', NULL, NULL, NULL),
	(200, '', NULL, '', NULL, 15, NULL, NULL, NULL, NULL, NULL),
	(201, '', NULL, '', NULL, 15, NULL, NULL, NULL, NULL, NULL),
	(202, '', 'FIRST', '', NULL, 16, NULL, 'li6811630', NULL, NULL, NULL),
	(203, '', 'FIRST', '', NULL, 17, NULL, 'abc123456', NULL, NULL, NULL),
	(204, '', NULL, '', NULL, 17, NULL, NULL, NULL, NULL, NULL),
	(205, '', NULL, '', NULL, 17, NULL, '86336123sun', NULL, NULL, NULL),
	(206, '', NULL, '', NULL, 17, NULL, 'xuxiao115006', NULL, NULL, NULL),
	(207, '', 'FIRST', '', NULL, 18, NULL, 'xjg123456', NULL, NULL, NULL),
	(208, '', 'DOUBLE', '', NULL, 18, NULL, 'zzl123456', NULL, NULL, NULL),
	(209, '', 'DOUBLE', '', NULL, 18, NULL, 'zj86513902', NULL, NULL, NULL),
	(210, '', NULL, '', NULL, 18, NULL, NULL, NULL, NULL, NULL),
	(211, '', NULL, '', NULL, 18, NULL, NULL, NULL, NULL, NULL),
	(212, '', NULL, '', NULL, 18, NULL, 'Zyw86778160', NULL, NULL, NULL),
	(213, '', NULL, '', NULL, 18, NULL, NULL, NULL, NULL, NULL),
	(214, '', NULL, '', NULL, 18, NULL, NULL, NULL, NULL, NULL),
	(215, '', 'FIRST', '', NULL, 19, NULL, 'qianxuefei216', NULL, NULL, NULL),
	(216, '', NULL, '', NULL, 19, NULL, 'cch19940404', NULL, NULL, NULL),
	(217, '', NULL, '', NULL, 19, NULL, NULL, NULL, NULL, NULL),
	(218, '', NULL, '', NULL, 19, NULL, NULL, NULL, NULL, NULL),
	(219, '', NULL, '', NULL, 19, NULL, NULL, NULL, NULL, NULL),
	(220, '', NULL, '', NULL, 19, NULL, 'shuning636699', NULL, NULL, NULL),
	(221, '', NULL, '', NULL, 19, NULL, 'xhp680806', NULL, NULL, NULL),
	(222, '', NULL, '', NULL, 19, NULL, 'shen1124', NULL, NULL, NULL),
	(223, '', NULL, '', NULL, 19, NULL, NULL, NULL, NULL, NULL),
	(224, '', NULL, '', NULL, 19, NULL, '123456glt', NULL, NULL, NULL),
	(225, '', NULL, '', NULL, 19, NULL, NULL, NULL, NULL, NULL),
	(226, '', 'DOUBLE', '', NULL, 27, NULL, NULL, NULL, NULL, NULL),
	(227, '', NULL, '', NULL, 19, NULL, '2012123jj', NULL, NULL, NULL),
	(228, '', NULL, '', NULL, 19, NULL, NULL, NULL, NULL, NULL),
	(229, '', NULL, '', NULL, 19, NULL, NULL, NULL, NULL, NULL),
	(230, '', NULL, '', NULL, 19, NULL, NULL, NULL, NULL, NULL),
	(231, '', NULL, '', NULL, 19, NULL, NULL, NULL, NULL, NULL),
	(232, '', NULL, '', NULL, 19, NULL, NULL, NULL, NULL, NULL),
	(233, '', NULL, '', NULL, 19, NULL, NULL, NULL, NULL, NULL),
	(234, '', NULL, '', NULL, 19, NULL, '126991Zz', NULL, NULL, NULL),
	(235, '', NULL, '', NULL, 19, NULL, 'zxjcy1614', NULL, NULL, NULL),
	(236, '', 'FIRST', '', NULL, 20, NULL, NULL, NULL, NULL, NULL),
	(237, '', NULL, '', NULL, 20, NULL, 'Dgs880523', NULL, NULL, NULL),
	(238, '', NULL, '', NULL, 20, NULL, NULL, NULL, NULL, NULL),
	(239, '', 'DOUBLE', '', NULL, 20, NULL, NULL, NULL, NULL, NULL),
	(240, '', NULL, '', NULL, 20, NULL, NULL, NULL, NULL, NULL),
	(241, '', 'NORMAL', '', NULL, 13, NULL, 'bbsq123456', NULL, NULL, NULL),
	(242, '', 'FIRST', '', NULL, 21, NULL, NULL, NULL, NULL, NULL),
	(243, '', 'DOUBLE', '', NULL, 21, NULL, NULL, NULL, NULL, NULL),
	(244, '', 'DOUBLE', '', NULL, 21, NULL, 'qin358751', NULL, NULL, NULL),
	(245, '', 'DOUBLE', '', NULL, 21, NULL, 'hyeg112007', NULL, NULL, NULL),
	(246, '', 'DOUBLE', '', NULL, 21, NULL, 'Gjh1994', NULL, NULL, NULL),
	(247, '', 'DOUBLE', '', NULL, 21, NULL, 'a123456', NULL, NULL, NULL),
	(248, '', 'DOUBLE', '', NULL, 21, NULL, NULL, NULL, NULL, NULL),
	(249, '', 'DOUBLE', '', NULL, 21, NULL, NULL, NULL, NULL, NULL),
	(250, '', 'FIRST', '', NULL, 22, NULL, 'blc220701', NULL, NULL, NULL),
	(251, '', 'DOUBLE', '', NULL, 22, NULL, 'blc220701', NULL, NULL, NULL),
	(252, '', 'DOUBLE', '', NULL, 22, NULL, NULL, NULL, NULL, NULL),
	(253, '', 'DOUBLE', '', NULL, 22, NULL, 'j710100', NULL, NULL, NULL),
	(254, '', 'DOUBLE', '', NULL, 22, NULL, 'fld19920316', NULL, NULL, NULL),
	(255, '', 'FIRST', '', NULL, 23, NULL, 'ct123456', NULL, NULL, NULL),
	(256, '', 'DOUBLE', '', NULL, 23, NULL, 'hdywd13511281982', NULL, NULL, NULL),
	(257, '', 'DOUBLE', '', NULL, 23, NULL, 'danche511792', NULL, NULL, NULL),
	(258, '', 'DOUBLE', '', NULL, 23, NULL, 'ab123456', NULL, NULL, NULL),
	(259, '', 'DOUBLE', '', NULL, 23, NULL, NULL, NULL, NULL, NULL),
	(260, '', 'DOUBLE', '', NULL, 23, NULL, 'twl73057', NULL, NULL, NULL),
	(261, '', 'FIRST', '', NULL, 24, NULL, NULL, NULL, NULL, NULL),
	(262, '', 'DOUBLE', '', NULL, 24, NULL, '1', NULL, NULL, NULL),
	(263, '', 'DOUBLE', '', NULL, 24, NULL, NULL, NULL, NULL, NULL),
	(264, '', 'DOUBLE', '', NULL, 24, NULL, NULL, NULL, NULL, NULL),
	(265, '', 'DOUBLE', '', NULL, 24, NULL, NULL, NULL, NULL, NULL),
	(266, '', 'DOUBLE', '', NULL, 24, NULL, NULL, NULL, NULL, NULL),
	(267, '', 'FIRST', '', NULL, 25, NULL, NULL, NULL, NULL, NULL),
	(268, '', 'DOUBLE', '', NULL, 25, NULL, NULL, NULL, NULL, NULL),
	(269, '', 'DOUBLE', '', NULL, 25, NULL, NULL, NULL, NULL, NULL),
	(270, '', 'DOUBLE', '', NULL, 25, NULL, '123456xqy', NULL, NULL, NULL),
	(271, '', 'DOUBLE', '', NULL, 25, NULL, 'jiangchao622', NULL, NULL, NULL),
	(272, '', 'DOUBLE', '', NULL, 25, NULL, NULL, NULL, NULL, NULL),
	(273, '', 'FIRST', '', NULL, 26, NULL, 'qyp11262626', NULL, NULL, NULL),
	(274, '', 'DOUBLE', '', NULL, 26, NULL, 'Xu123456', NULL, NULL, NULL),
	(275, '', 'DOUBLE', '', NULL, 26, NULL, 'llj280808', NULL, NULL, NULL),
	(276, '', 'DOUBLE', '', NULL, 26, NULL, 'swf123456', NULL, NULL, NULL),
	(277, '', 'DOUBLE', '', NULL, 26, NULL, 'wjc123456', NULL, NULL, NULL),
	(278, '', 'DOUBLE', '', NULL, 26, NULL, 'XSC123xsc', NULL, NULL, NULL),
	(279, '', 'FIRST', '', NULL, 27, NULL, NULL, NULL, NULL, NULL),
	(280, '', 'DOUBLE', '', NULL, 27, NULL, NULL, NULL, NULL, NULL),
	(281, '', 'DOUBLE', '', NULL, 27, NULL, NULL, NULL, NULL, NULL),
	(282, '', 'DOUBLE', '', NULL, 27, NULL, NULL, NULL, NULL, NULL),
	(283, '', 'FIRST', '', NULL, 28, NULL, 'tbc123456', NULL, NULL, NULL),
	(284, '', 'DOUBLE', '', NULL, 28, NULL, 'tbc123456', NULL, NULL, NULL),
	(285, '', 'DOUBLE', '', NULL, 28, NULL, 'tbc123456', NULL, NULL, NULL),
	(286, '', 'DOUBLE', '', NULL, 28, NULL, 'tbc123456', NULL, NULL, NULL),
	(287, '', 'DOUBLE', '', NULL, 28, NULL, 'tbc123456', NULL, NULL, NULL),
	(288, '', 'FIRST', '', NULL, 29, NULL, NULL, NULL, NULL, NULL),
	(289, '', 'DOUBLE', '', NULL, 29, NULL, NULL, NULL, NULL, NULL),
	(290, '', 'DOUBLE', '', NULL, 29, NULL, 'luwei1025', NULL, NULL, NULL),
	(291, '', 'DOUBLE', '', NULL, 29, NULL, NULL, NULL, NULL, NULL),
	(292, '', 'DOUBLE', '', NULL, 29, NULL, 'ddt6780850', NULL, NULL, NULL),
	(293, '', 'FIRST', '', NULL, 30, NULL, NULL, NULL, NULL, NULL),
	(294, '', 'DOUBLE', '', NULL, 30, NULL, NULL, NULL, NULL, NULL),
	(295, '', 'DOUBLE', '', NULL, 30, NULL, NULL, NULL, NULL, NULL),
	(296, '', 'DOUBLE', '', NULL, 30, NULL, NULL, NULL, NULL, NULL),
	(297, '', 'DOUBLE', '', NULL, 30, NULL, 'tonyli0508', NULL, NULL, NULL),
	(298, '', 'DOUBLE', '', NULL, 30, NULL, NULL, NULL, NULL, NULL),
	(299, '', 'DOUBLE', '', NULL, 30, NULL, 'zheng125', NULL, NULL, NULL),
	(300, '', 'DOUBLE', '', NULL, 31, NULL, NULL, NULL, NULL, NULL),
	(301, '', 'FIRST', '', NULL, 31, NULL, '123456abc', NULL, NULL, NULL),
	(302, '', 'DOUBLE', '', NULL, 31, NULL, 'wmh19890308', NULL, NULL, NULL),
	(303, '', 'DOUBLE', '', NULL, 31, NULL, 'wt467997', NULL, NULL, NULL),
	(304, '', 'DOUBLE', '', NULL, 31, NULL, 'qyf11212', NULL, NULL, NULL),
	(305, '', 'DEPT', '', 10, 6, 5, 'dzb123', NULL, NULL, NULL),
	(306, '', 'DEPT', '', 10, 7, 5, NULL, NULL, NULL, NULL),
	(307, '', 'DEPT', '', 10, 8, 6, NULL, NULL, NULL, NULL),
	(308, '', 'DEPT', '', 10, 9, 15, NULL, NULL, NULL, NULL),
	(309, '', 'DEPT', '', 10, 10, 16, NULL, NULL, NULL, NULL),
	(310, '', 'DEPT', '', 10, 11, 17, 'Jwb8788Yhq', NULL, NULL, NULL),
	(311, '', 'DEPT', '', 10, 12, 3, NULL, NULL, NULL, NULL),
	(312, '', 'DEPT', '', 10, 13, 21, NULL, NULL, NULL, NULL),
	(313, '', 'DEPT', '', 10, 14, 5, 'zs123456', NULL, NULL, NULL),
	(315, '', 'DEPT', '', 10, 16, 6, 'li6811630', NULL, NULL, NULL),
	(316, '', 'DEPT', '', 10, 17, 6, 'abc123456', NULL, NULL, NULL),
	(317, '', 'DEPT', '', 10, 18, 15, 'scjg86778159', NULL, NULL, NULL),
	(318, '', 'DEPT', '', 10, 19, 6, 'qianxuefei216', NULL, NULL, NULL),
	(319, '', 'DEPT', '', 10, 20, 17, NULL, NULL, NULL, NULL),
	(320, '', 'DEPT', '', 10, 21, 1, NULL, NULL, NULL, NULL),
	(321, '', 'DEPT', '', 10, 22, 1, 'blc220701', NULL, NULL, NULL),
	(322, '', 'DEPT', '', 10, 23, 1, NULL, NULL, NULL, NULL),
	(323, '', 'DEPT', '', 10, 24, 1, NULL, NULL, NULL, NULL),
	(324, '', 'DEPT', '', 10, 25, 1, 'nongfeng1', NULL, NULL, NULL),
	(325, '', 'DEPT', '', 10, 26, 1, 'Xu123456', NULL, NULL, NULL),
	(326, '', 'DEPT', '', 10, 27, 1, NULL, NULL, NULL, NULL),
	(327, '', 'DEPT', '', 10, 28, 1, 'tbc123456', NULL, NULL, NULL),
	(328, '', 'DEPT', '', 10, 29, 1, NULL, NULL, NULL, NULL),
	(329, '', 'DEPT', '', 10, 30, 1, NULL, NULL, NULL, NULL),
	(330, '', 'DEPT', '', 10, 31, 1, 'dsc123', NULL, NULL, NULL),
	(331, '', 'DEPT_J', '', 9, 21, NULL, NULL, NULL, NULL, NULL),
	(332, '', 'DEPT_J', '', 9, 22, NULL, 'blc220701', NULL, NULL, NULL),
	(333, '', 'DEPT_J', '', 9, 23, NULL, NULL, NULL, NULL, NULL),
	(334, '', 'DEPT_J', '', 9, 24, NULL, NULL, NULL, NULL, NULL),
	(335, '', 'DEPT_J', '', 9, 25, NULL, NULL, NULL, NULL, NULL),
	(336, '', 'DEPT_J', '', 9, 26, NULL, 'xu123456', NULL, NULL, NULL),
	(337, '', 'DEPT_J', '', 9, 27, NULL, NULL, NULL, NULL, NULL),
	(338, '', 'DEPT_J', '', 9, 28, NULL, 'tbc123456', NULL, NULL, NULL),
	(339, '', 'DEPT_J', '', 9, 29, NULL, NULL, NULL, NULL, NULL),
	(340, '', 'DEPT_J', '', 9, 30, NULL, NULL, NULL, NULL, NULL),
	(341, '', 'DEPT_J', '', 9, 31, NULL, NULL, NULL, NULL, NULL),
	(342, '', 'DEPT', '', 10, 32, 19, 'zbq123456', NULL, NULL, NULL),
	(343, '', 'DEPT', '', 10, 15, 9, '1984114516shen', NULL, NULL, NULL),
	(344, '', 'DOUBLE', '', NULL, 27, NULL, NULL, NULL, NULL, NULL),
	(345, '', 'DOUBLE', '', NULL, 27, NULL, NULL, NULL, NULL, NULL),
	(346, '', 'DOUBLE', '', NULL, 19, NULL, 'sjh630087', '', NULL, NULL),
	(347, '', NULL, '', NULL, 15, NULL, NULL, NULL, NULL, NULL),
	(348, '', NULL, NULL, NULL, 11, NULL, NULL, NULL, NULL, NULL);

UPDATE user SET password = '1' WHERE password IS NOT NULL;

SET TIME_ZONE=IFNULL(@OLD_TIME_ZONE, 'system');
SET SQL_MODE=IFNULL(@OLD_SQL_MODE, '');
SET FOREIGN_KEY_CHECKS=IFNULL(@OLD_FOREIGN_KEY_CHECKS, 1);
SET CHARACTER_SET_CLIENT=@OLD_CHARACTER_SET_CLIENT;
SET SQL_NOTES=IFNULL(@OLD_SQL_NOTES, 1);
